ISO-10303-21;
HEADER;
/* Generated by software containing ST-Developer
 * from STEP Tools, Inc. (www.steptools.com) 
 */
/* OPTION: using custom renumber hook */

FILE_DESCRIPTION(
/* description */ ('STEP AP242 Edition 2',
'CAx-IF Rec.Pracs.---Representation and Presentation of Product Manufa
cturing Information (PMI)---4.0---2014-10-13',
'CAx-IF Rec.Pracs.---3D Tessellated Geometry---0.4---2014-09-14','2;1',
'CAx-IF Rec.Pracs.---User Defined Attributes---1.5---2016-08-15'),
/* implementation_level */ '2;1');

FILE_NAME(
/* name */ '60 teeth pulley',
/* time_stamp */ '2026-05-03T07:57:25Z',
/* author */ (''),
/* organization */ (''),
/* preprocessor_version */ 'ST-DEVELOPER v20',
/* originating_system */ 'ONSHAPE BY PTC INC, 1.214',
/* authorisation */ '  ');

FILE_SCHEMA (('AP242_MANAGED_MODEL_BASED_3D_ENGINEERING_MIM_LF { 1 0 10303 442 3 1 4 }'));
ENDSEC;

DATA;
#10=SHAPE_REPRESENTATION_RELATIONSHIP('','',#6968,#11);
#11=ADVANCED_BREP_SHAPE_REPRESENTATION('',(#6966),#16179);
#12=CONICAL_SURFACE('',#7708,3.5,0.78539816339745);
#13=PLANE('',#7690);
#14=PLANE('',#7696);
#15=PLANE('',#7700);
#16=PLANE('',#7701);
#17=PLANE('',#7703);
#18=B_SPLINE_CURVE_WITH_KNOTS('',3,(#10098,#10099,#10100,#10101,#10102,
#10103,#10104,#10105,#10106,#10107,#10108,#10109,#10110,#10111,#10112,#10113),
 .UNSPECIFIED.,.F.,.F.,(4,1,1,1,1,1,1,1,1,1,1,1,1,4),(0.287567690654621,
0.33123596501205,0.377316190222385,0.425358145980392,0.475284810909443,
0.527027580733164,0.580524838488049,0.63572084328634,0.692564851802697,
0.751010413334937,0.811014796687413,0.872538518781192,0.935544952889889,
0.991573825801253),.UNSPECIFIED.);
#19=B_SPLINE_CURVE_WITH_KNOTS('',3,(#10117,#10118,#10119,#10120,#10121,
#10122,#10123,#10124,#10125,#10126,#10127,#10128,#10129,#10130,#10131,#10132),
 .UNSPECIFIED.,.F.,.F.,(4,1,1,1,1,1,1,1,1,1,1,1,1,4),(0.287567690654621,
0.33123596501205,0.377316190222385,0.425358145980392,0.475284810909443,
0.527027580733164,0.580524838488049,0.63572084328634,0.692564851802697,
0.751010413334937,0.811014796687413,0.872538518781192,0.935544952889889,
0.991573825801253),.UNSPECIFIED.);
#20=B_SPLINE_CURVE_WITH_KNOTS('',3,(#10153,#10154,#10155,#10156,#10157,
#10158,#10159,#10160,#10161,#10162,#10163,#10164,#10165,#10166,#10167,#10168),
 .UNSPECIFIED.,.F.,.F.,(4,1,1,1,1,1,1,1,1,1,1,1,1,4),(0.287567690654621,
0.33123596501205,0.377316190222385,0.425358145980392,0.475284810909443,
0.527027580733164,0.580524838488049,0.63572084328634,0.692564851802697,
0.751010413334937,0.811014796687413,0.872538518781192,0.935544952889889,
0.991573825801253),.UNSPECIFIED.);
#21=B_SPLINE_CURVE_WITH_KNOTS('',3,(#10169,#10170,#10171,#10172,#10173,
#10174,#10175,#10176,#10177,#10178,#10179,#10180,#10181,#10182,#10183,#10184),
 .UNSPECIFIED.,.F.,.F.,(4,1,1,1,1,1,1,1,1,1,1,1,1,4),(0.287567690654621,
0.33123596501205,0.377316190222385,0.425358145980392,0.475284810909443,
0.527027580733164,0.580524838488049,0.63572084328634,0.692564851802697,
0.751010413334937,0.811014796687413,0.872538518781192,0.935544952889889,
0.991573825801253),.UNSPECIFIED.);
#22=B_SPLINE_CURVE_WITH_KNOTS('',3,(#10199,#10200,#10201,#10202,#10203,
#10204,#10205,#10206,#10207,#10208,#10209,#10210,#10211,#10212,#10213,#10214),
 .UNSPECIFIED.,.F.,.F.,(4,1,1,1,1,1,1,1,1,1,1,1,1,4),(0.287567690654621,
0.33123596501205,0.377316190222385,0.425358145980392,0.475284810909443,
0.527027580733164,0.580524838488049,0.63572084328634,0.692564851802697,
0.751010413334937,0.811014796687413,0.872538518781192,0.935544952889889,
0.991573825801253),.UNSPECIFIED.);
#23=B_SPLINE_CURVE_WITH_KNOTS('',3,(#10218,#10219,#10220,#10221,#10222,
#10223,#10224,#10225,#10226,#10227,#10228,#10229,#10230,#10231,#10232,#10233),
 .UNSPECIFIED.,.F.,.F.,(4,1,1,1,1,1,1,1,1,1,1,1,1,4),(0.287567690654621,
0.33123596501205,0.377316190222385,0.425358145980392,0.475284810909443,
0.527027580733164,0.580524838488049,0.63572084328634,0.692564851802697,
0.751010413334937,0.811014796687413,0.872538518781192,0.935544952889889,
0.991573825801253),.UNSPECIFIED.);
#24=B_SPLINE_CURVE_WITH_KNOTS('',3,(#10254,#10255,#10256,#10257,#10258,
#10259,#10260,#10261,#10262,#10263,#10264,#10265,#10266,#10267,#10268,#10269),
 .UNSPECIFIED.,.F.,.F.,(4,1,1,1,1,1,1,1,1,1,1,1,1,4),(0.287567690654621,
0.33123596501205,0.377316190222385,0.425358145980392,0.475284810909443,
0.527027580733164,0.580524838488049,0.63572084328634,0.692564851802697,
0.751010413334937,0.811014796687413,0.872538518781192,0.935544952889889,
0.991573825801253),.UNSPECIFIED.);
#25=B_SPLINE_CURVE_WITH_KNOTS('',3,(#10270,#10271,#10272,#10273,#10274,
#10275,#10276,#10277,#10278,#10279,#10280,#10281,#10282,#10283,#10284,#10285),
 .UNSPECIFIED.,.F.,.F.,(4,1,1,1,1,1,1,1,1,1,1,1,1,4),(0.287567690654621,
0.33123596501205,0.377316190222385,0.425358145980392,0.475284810909443,
0.527027580733164,0.580524838488049,0.63572084328634,0.692564851802697,
0.751010413334937,0.811014796687413,0.872538518781192,0.935544952889889,
0.991573825801253),.UNSPECIFIED.);
#26=B_SPLINE_CURVE_WITH_KNOTS('',3,(#10300,#10301,#10302,#10303,#10304,
#10305,#10306,#10307,#10308,#10309,#10310,#10311,#10312,#10313,#10314,#10315),
 .UNSPECIFIED.,.F.,.F.,(4,1,1,1,1,1,1,1,1,1,1,1,1,4),(0.287567690654621,
0.33123596501205,0.377316190222385,0.425358145980392,0.475284810909443,
0.527027580733164,0.580524838488049,0.63572084328634,0.692564851802697,
0.751010413334937,0.811014796687413,0.872538518781192,0.935544952889889,
0.991573825801253),.UNSPECIFIED.);
#27=B_SPLINE_CURVE_WITH_KNOTS('',3,(#10319,#10320,#10321,#10322,#10323,
#10324,#10325,#10326,#10327,#10328,#10329,#10330,#10331,#10332,#10333,#10334),
 .UNSPECIFIED.,.F.,.F.,(4,1,1,1,1,1,1,1,1,1,1,1,1,4),(0.287567690654621,
0.33123596501205,0.377316190222385,0.425358145980392,0.475284810909443,
0.527027580733164,0.580524838488049,0.63572084328634,0.692564851802697,
0.751010413334937,0.811014796687413,0.872538518781192,0.935544952889889,
0.991573825801253),.UNSPECIFIED.);
#28=B_SPLINE_CURVE_WITH_KNOTS('',3,(#10355,#10356,#10357,#10358,#10359,
#10360,#10361,#10362,#10363,#10364,#10365,#10366,#10367,#10368,#10369,#10370),
 .UNSPECIFIED.,.F.,.F.,(4,1,1,1,1,1,1,1,1,1,1,1,1,4),(0.287567690654621,
0.33123596501205,0.377316190222385,0.425358145980392,0.475284810909443,
0.527027580733164,0.580524838488049,0.63572084328634,0.692564851802697,
0.751010413334937,0.811014796687413,0.872538518781192,0.935544952889889,
0.991573825801253),.UNSPECIFIED.);
#29=B_SPLINE_CURVE_WITH_KNOTS('',3,(#10371,#10372,#10373,#10374,#10375,
#10376,#10377,#10378,#10379,#10380,#10381,#10382,#10383,#10384,#10385,#10386),
 .UNSPECIFIED.,.F.,.F.,(4,1,1,1,1,1,1,1,1,1,1,1,1,4),(0.287567690654621,
0.33123596501205,0.377316190222385,0.425358145980392,0.475284810909443,
0.527027580733164,0.580524838488049,0.63572084328634,0.692564851802697,
0.751010413334937,0.811014796687413,0.872538518781192,0.935544952889889,
0.991573825801253),.UNSPECIFIED.);
#30=B_SPLINE_CURVE_WITH_KNOTS('',3,(#10401,#10402,#10403,#10404,#10405,
#10406,#10407,#10408,#10409,#10410,#10411,#10412,#10413,#10414,#10415,#10416),
 .UNSPECIFIED.,.F.,.F.,(4,1,1,1,1,1,1,1,1,1,1,1,1,4),(0.287567690654621,
0.33123596501205,0.377316190222385,0.425358145980392,0.475284810909443,
0.527027580733164,0.580524838488049,0.63572084328634,0.692564851802697,
0.751010413334937,0.811014796687413,0.872538518781192,0.935544952889889,
0.991573825801253),.UNSPECIFIED.);
#31=B_SPLINE_CURVE_WITH_KNOTS('',3,(#10420,#10421,#10422,#10423,#10424,
#10425,#10426,#10427,#10428,#10429,#10430,#10431,#10432,#10433,#10434,#10435),
 .UNSPECIFIED.,.F.,.F.,(4,1,1,1,1,1,1,1,1,1,1,1,1,4),(0.287567690654621,
0.33123596501205,0.377316190222385,0.425358145980392,0.475284810909443,
0.527027580733164,0.580524838488049,0.63572084328634,0.692564851802697,
0.751010413334937,0.811014796687413,0.872538518781192,0.935544952889889,
0.991573825801253),.UNSPECIFIED.);
#32=B_SPLINE_CURVE_WITH_KNOTS('',3,(#10456,#10457,#10458,#10459,#10460,
#10461,#10462,#10463,#10464,#10465,#10466,#10467,#10468,#10469,#10470,#10471),
 .UNSPECIFIED.,.F.,.F.,(4,1,1,1,1,1,1,1,1,1,1,1,1,4),(0.287567690654621,
0.33123596501205,0.377316190222385,0.425358145980392,0.475284810909443,
0.527027580733164,0.580524838488049,0.63572084328634,0.692564851802697,
0.751010413334937,0.811014796687413,0.872538518781192,0.935544952889889,
0.991573825801253),.UNSPECIFIED.);
#33=B_SPLINE_CURVE_WITH_KNOTS('',3,(#10472,#10473,#10474,#10475,#10476,
#10477,#10478,#10479,#10480,#10481,#10482,#10483,#10484,#10485,#10486,#10487),
 .UNSPECIFIED.,.F.,.F.,(4,1,1,1,1,1,1,1,1,1,1,1,1,4),(0.287567690654621,
0.33123596501205,0.377316190222385,0.425358145980392,0.475284810909443,
0.527027580733164,0.580524838488049,0.63572084328634,0.692564851802697,
0.751010413334937,0.811014796687413,0.872538518781192,0.935544952889889,
0.991573825801253),.UNSPECIFIED.);
#34=B_SPLINE_CURVE_WITH_KNOTS('',3,(#10502,#10503,#10504,#10505,#10506,
#10507,#10508,#10509,#10510,#10511,#10512,#10513,#10514,#10515,#10516,#10517),
 .UNSPECIFIED.,.F.,.F.,(4,1,1,1,1,1,1,1,1,1,1,1,1,4),(0.287567690654621,
0.33123596501205,0.377316190222385,0.425358145980392,0.475284810909443,
0.527027580733164,0.580524838488049,0.63572084328634,0.692564851802697,
0.751010413334937,0.811014796687413,0.872538518781192,0.935544952889889,
0.991573825801253),.UNSPECIFIED.);
#35=B_SPLINE_CURVE_WITH_KNOTS('',3,(#10521,#10522,#10523,#10524,#10525,
#10526,#10527,#10528,#10529,#10530,#10531,#10532,#10533,#10534,#10535,#10536),
 .UNSPECIFIED.,.F.,.F.,(4,1,1,1,1,1,1,1,1,1,1,1,1,4),(0.287567690654621,
0.33123596501205,0.377316190222385,0.425358145980392,0.475284810909443,
0.527027580733164,0.580524838488049,0.63572084328634,0.692564851802697,
0.751010413334937,0.811014796687413,0.872538518781192,0.935544952889889,
0.991573825801253),.UNSPECIFIED.);
#36=B_SPLINE_CURVE_WITH_KNOTS('',3,(#10557,#10558,#10559,#10560,#10561,
#10562,#10563,#10564,#10565,#10566,#10567,#10568,#10569,#10570,#10571,#10572),
 .UNSPECIFIED.,.F.,.F.,(4,1,1,1,1,1,1,1,1,1,1,1,1,4),(0.287567690654621,
0.33123596501205,0.377316190222385,0.425358145980392,0.475284810909443,
0.527027580733164,0.580524838488049,0.63572084328634,0.692564851802697,
0.751010413334937,0.811014796687413,0.872538518781192,0.935544952889889,
0.991573825801253),.UNSPECIFIED.);
#37=B_SPLINE_CURVE_WITH_KNOTS('',3,(#10573,#10574,#10575,#10576,#10577,
#10578,#10579,#10580,#10581,#10582,#10583,#10584,#10585,#10586,#10587,#10588),
 .UNSPECIFIED.,.F.,.F.,(4,1,1,1,1,1,1,1,1,1,1,1,1,4),(0.287567690654621,
0.33123596501205,0.377316190222385,0.425358145980392,0.475284810909443,
0.527027580733164,0.580524838488049,0.63572084328634,0.692564851802697,
0.751010413334937,0.811014796687413,0.872538518781192,0.935544952889889,
0.991573825801253),.UNSPECIFIED.);
#38=B_SPLINE_CURVE_WITH_KNOTS('',3,(#10603,#10604,#10605,#10606,#10607,
#10608,#10609,#10610,#10611,#10612,#10613,#10614,#10615,#10616,#10617,#10618),
 .UNSPECIFIED.,.F.,.F.,(4,1,1,1,1,1,1,1,1,1,1,1,1,4),(0.287567690654621,
0.33123596501205,0.377316190222385,0.425358145980392,0.475284810909443,
0.527027580733164,0.580524838488049,0.63572084328634,0.692564851802697,
0.751010413334937,0.811014796687413,0.872538518781192,0.935544952889889,
0.991573825801253),.UNSPECIFIED.);
#39=B_SPLINE_CURVE_WITH_KNOTS('',3,(#10622,#10623,#10624,#10625,#10626,
#10627,#10628,#10629,#10630,#10631,#10632,#10633,#10634,#10635,#10636,#10637),
 .UNSPECIFIED.,.F.,.F.,(4,1,1,1,1,1,1,1,1,1,1,1,1,4),(0.287567690654621,
0.33123596501205,0.377316190222385,0.425358145980392,0.475284810909443,
0.527027580733164,0.580524838488049,0.63572084328634,0.692564851802697,
0.751010413334937,0.811014796687413,0.872538518781192,0.935544952889889,
0.991573825801253),.UNSPECIFIED.);
#40=B_SPLINE_CURVE_WITH_KNOTS('',3,(#10658,#10659,#10660,#10661,#10662,
#10663,#10664,#10665,#10666,#10667,#10668,#10669,#10670,#10671,#10672,#10673),
 .UNSPECIFIED.,.F.,.F.,(4,1,1,1,1,1,1,1,1,1,1,1,1,4),(0.287567690654621,
0.33123596501205,0.377316190222385,0.425358145980392,0.475284810909443,
0.527027580733164,0.580524838488049,0.63572084328634,0.692564851802697,
0.751010413334937,0.811014796687413,0.872538518781192,0.935544952889889,
0.991573825801253),.UNSPECIFIED.);
#41=B_SPLINE_CURVE_WITH_KNOTS('',3,(#10674,#10675,#10676,#10677,#10678,
#10679,#10680,#10681,#10682,#10683,#10684,#10685,#10686,#10687,#10688,#10689),
 .UNSPECIFIED.,.F.,.F.,(4,1,1,1,1,1,1,1,1,1,1,1,1,4),(0.287567690654621,
0.33123596501205,0.377316190222385,0.425358145980392,0.475284810909443,
0.527027580733164,0.580524838488049,0.63572084328634,0.692564851802697,
0.751010413334937,0.811014796687413,0.872538518781192,0.935544952889889,
0.991573825801253),.UNSPECIFIED.);
#42=B_SPLINE_CURVE_WITH_KNOTS('',3,(#10704,#10705,#10706,#10707,#10708,
#10709,#10710,#10711,#10712,#10713,#10714,#10715,#10716,#10717,#10718,#10719),
 .UNSPECIFIED.,.F.,.F.,(4,1,1,1,1,1,1,1,1,1,1,1,1,4),(0.287567690654621,
0.33123596501205,0.377316190222385,0.425358145980392,0.475284810909443,
0.527027580733164,0.580524838488049,0.63572084328634,0.692564851802697,
0.751010413334937,0.811014796687413,0.872538518781192,0.935544952889889,
0.991573825801253),.UNSPECIFIED.);
#43=B_SPLINE_CURVE_WITH_KNOTS('',3,(#10723,#10724,#10725,#10726,#10727,
#10728,#10729,#10730,#10731,#10732,#10733,#10734,#10735,#10736,#10737,#10738),
 .UNSPECIFIED.,.F.,.F.,(4,1,1,1,1,1,1,1,1,1,1,1,1,4),(0.287567690654621,
0.33123596501205,0.377316190222385,0.425358145980392,0.475284810909443,
0.527027580733164,0.580524838488049,0.63572084328634,0.692564851802697,
0.751010413334937,0.811014796687413,0.872538518781192,0.935544952889889,
0.991573825801253),.UNSPECIFIED.);
#44=B_SPLINE_CURVE_WITH_KNOTS('',3,(#10759,#10760,#10761,#10762,#10763,
#10764,#10765,#10766,#10767,#10768,#10769,#10770,#10771,#10772,#10773,#10774),
 .UNSPECIFIED.,.F.,.F.,(4,1,1,1,1,1,1,1,1,1,1,1,1,4),(0.287567690654621,
0.33123596501205,0.377316190222385,0.425358145980392,0.475284810909443,
0.527027580733164,0.580524838488049,0.63572084328634,0.692564851802697,
0.751010413334937,0.811014796687413,0.872538518781192,0.935544952889889,
0.991573825801253),.UNSPECIFIED.);
#45=B_SPLINE_CURVE_WITH_KNOTS('',3,(#10775,#10776,#10777,#10778,#10779,
#10780,#10781,#10782,#10783,#10784,#10785,#10786,#10787,#10788,#10789,#10790),
 .UNSPECIFIED.,.F.,.F.,(4,1,1,1,1,1,1,1,1,1,1,1,1,4),(0.287567690654621,
0.33123596501205,0.377316190222385,0.425358145980392,0.475284810909443,
0.527027580733164,0.580524838488049,0.63572084328634,0.692564851802697,
0.751010413334937,0.811014796687413,0.872538518781192,0.935544952889889,
0.991573825801253),.UNSPECIFIED.);
#46=B_SPLINE_CURVE_WITH_KNOTS('',3,(#10805,#10806,#10807,#10808,#10809,
#10810,#10811,#10812,#10813,#10814,#10815,#10816,#10817,#10818,#10819,#10820),
 .UNSPECIFIED.,.F.,.F.,(4,1,1,1,1,1,1,1,1,1,1,1,1,4),(0.287567690654621,
0.33123596501205,0.377316190222385,0.425358145980392,0.475284810909443,
0.527027580733164,0.580524838488049,0.63572084328634,0.692564851802697,
0.751010413334937,0.811014796687413,0.872538518781192,0.935544952889889,
0.991573825801253),.UNSPECIFIED.);
#47=B_SPLINE_CURVE_WITH_KNOTS('',3,(#10824,#10825,#10826,#10827,#10828,
#10829,#10830,#10831,#10832,#10833,#10834,#10835,#10836,#10837,#10838,#10839),
 .UNSPECIFIED.,.F.,.F.,(4,1,1,1,1,1,1,1,1,1,1,1,1,4),(0.287567690654621,
0.33123596501205,0.377316190222385,0.425358145980392,0.475284810909443,
0.527027580733164,0.580524838488049,0.63572084328634,0.692564851802697,
0.751010413334937,0.811014796687413,0.872538518781192,0.935544952889889,
0.991573825801253),.UNSPECIFIED.);
#48=B_SPLINE_CURVE_WITH_KNOTS('',3,(#10860,#10861,#10862,#10863,#10864,
#10865,#10866,#10867,#10868,#10869,#10870,#10871,#10872,#10873,#10874,#10875),
 .UNSPECIFIED.,.F.,.F.,(4,1,1,1,1,1,1,1,1,1,1,1,1,4),(0.287567690654621,
0.33123596501205,0.377316190222385,0.425358145980392,0.475284810909443,
0.527027580733164,0.580524838488049,0.63572084328634,0.692564851802697,
0.751010413334937,0.811014796687413,0.872538518781192,0.935544952889889,
0.991573825801253),.UNSPECIFIED.);
#49=B_SPLINE_CURVE_WITH_KNOTS('',3,(#10876,#10877,#10878,#10879,#10880,
#10881,#10882,#10883,#10884,#10885,#10886,#10887,#10888,#10889,#10890,#10891),
 .UNSPECIFIED.,.F.,.F.,(4,1,1,1,1,1,1,1,1,1,1,1,1,4),(0.287567690654621,
0.33123596501205,0.377316190222385,0.425358145980392,0.475284810909443,
0.527027580733164,0.580524838488049,0.63572084328634,0.692564851802697,
0.751010413334937,0.811014796687413,0.872538518781192,0.935544952889889,
0.991573825801253),.UNSPECIFIED.);
#50=B_SPLINE_CURVE_WITH_KNOTS('',3,(#10906,#10907,#10908,#10909,#10910,
#10911,#10912,#10913,#10914,#10915,#10916,#10917,#10918,#10919,#10920,#10921),
 .UNSPECIFIED.,.F.,.F.,(4,1,1,1,1,1,1,1,1,1,1,1,1,4),(0.287567690654621,
0.33123596501205,0.377316190222385,0.425358145980392,0.475284810909443,
0.527027580733164,0.580524838488049,0.63572084328634,0.692564851802697,
0.751010413334937,0.811014796687413,0.872538518781192,0.935544952889889,
0.991573825801253),.UNSPECIFIED.);
#51=B_SPLINE_CURVE_WITH_KNOTS('',3,(#10925,#10926,#10927,#10928,#10929,
#10930,#10931,#10932,#10933,#10934,#10935,#10936,#10937,#10938,#10939,#10940),
 .UNSPECIFIED.,.F.,.F.,(4,1,1,1,1,1,1,1,1,1,1,1,1,4),(0.287567690654621,
0.33123596501205,0.377316190222385,0.425358145980392,0.475284810909443,
0.527027580733164,0.580524838488049,0.63572084328634,0.692564851802697,
0.751010413334937,0.811014796687413,0.872538518781192,0.935544952889889,
0.991573825801253),.UNSPECIFIED.);
#52=B_SPLINE_CURVE_WITH_KNOTS('',3,(#10961,#10962,#10963,#10964,#10965,
#10966,#10967,#10968,#10969,#10970,#10971,#10972,#10973,#10974,#10975,#10976),
 .UNSPECIFIED.,.F.,.F.,(4,1,1,1,1,1,1,1,1,1,1,1,1,4),(0.287567690654621,
0.33123596501205,0.377316190222385,0.425358145980392,0.475284810909443,
0.527027580733164,0.580524838488049,0.63572084328634,0.692564851802697,
0.751010413334937,0.811014796687413,0.872538518781192,0.935544952889889,
0.991573825801253),.UNSPECIFIED.);
#53=B_SPLINE_CURVE_WITH_KNOTS('',3,(#10977,#10978,#10979,#10980,#10981,
#10982,#10983,#10984,#10985,#10986,#10987,#10988,#10989,#10990,#10991,#10992),
 .UNSPECIFIED.,.F.,.F.,(4,1,1,1,1,1,1,1,1,1,1,1,1,4),(0.287567690654621,
0.33123596501205,0.377316190222385,0.425358145980392,0.475284810909443,
0.527027580733164,0.580524838488049,0.63572084328634,0.692564851802697,
0.751010413334937,0.811014796687413,0.872538518781192,0.935544952889889,
0.991573825801253),.UNSPECIFIED.);
#54=B_SPLINE_CURVE_WITH_KNOTS('',3,(#11007,#11008,#11009,#11010,#11011,
#11012,#11013,#11014,#11015,#11016,#11017,#11018,#11019,#11020,#11021,#11022),
 .UNSPECIFIED.,.F.,.F.,(4,1,1,1,1,1,1,1,1,1,1,1,1,4),(0.287567690654621,
0.33123596501205,0.377316190222385,0.425358145980392,0.475284810909443,
0.527027580733164,0.580524838488049,0.63572084328634,0.692564851802697,
0.751010413334937,0.811014796687413,0.872538518781192,0.935544952889889,
0.991573825801253),.UNSPECIFIED.);
#55=B_SPLINE_CURVE_WITH_KNOTS('',3,(#11026,#11027,#11028,#11029,#11030,
#11031,#11032,#11033,#11034,#11035,#11036,#11037,#11038,#11039,#11040,#11041),
 .UNSPECIFIED.,.F.,.F.,(4,1,1,1,1,1,1,1,1,1,1,1,1,4),(0.287567690654621,
0.33123596501205,0.377316190222385,0.425358145980392,0.475284810909443,
0.527027580733164,0.580524838488049,0.63572084328634,0.692564851802697,
0.751010413334937,0.811014796687413,0.872538518781192,0.935544952889889,
0.991573825801253),.UNSPECIFIED.);
#56=B_SPLINE_CURVE_WITH_KNOTS('',3,(#11062,#11063,#11064,#11065,#11066,
#11067,#11068,#11069,#11070,#11071,#11072,#11073,#11074,#11075,#11076,#11077),
 .UNSPECIFIED.,.F.,.F.,(4,1,1,1,1,1,1,1,1,1,1,1,1,4),(0.287567690654621,
0.33123596501205,0.377316190222385,0.425358145980392,0.475284810909443,
0.527027580733164,0.580524838488049,0.63572084328634,0.692564851802697,
0.751010413334937,0.811014796687413,0.872538518781192,0.935544952889889,
0.991573825801253),.UNSPECIFIED.);
#57=B_SPLINE_CURVE_WITH_KNOTS('',3,(#11078,#11079,#11080,#11081,#11082,
#11083,#11084,#11085,#11086,#11087,#11088,#11089,#11090,#11091,#11092,#11093),
 .UNSPECIFIED.,.F.,.F.,(4,1,1,1,1,1,1,1,1,1,1,1,1,4),(0.287567690654621,
0.33123596501205,0.377316190222385,0.425358145980392,0.475284810909443,
0.527027580733164,0.580524838488049,0.63572084328634,0.692564851802697,
0.751010413334937,0.811014796687413,0.872538518781192,0.935544952889889,
0.991573825801253),.UNSPECIFIED.);
#58=B_SPLINE_CURVE_WITH_KNOTS('',3,(#11108,#11109,#11110,#11111,#11112,
#11113,#11114,#11115,#11116,#11117,#11118,#11119,#11120,#11121,#11122,#11123),
 .UNSPECIFIED.,.F.,.F.,(4,1,1,1,1,1,1,1,1,1,1,1,1,4),(0.287567690654621,
0.33123596501205,0.377316190222385,0.425358145980392,0.475284810909443,
0.527027580733164,0.580524838488049,0.63572084328634,0.692564851802697,
0.751010413334937,0.811014796687413,0.872538518781192,0.935544952889889,
0.991573825801253),.UNSPECIFIED.);
#59=B_SPLINE_CURVE_WITH_KNOTS('',3,(#11127,#11128,#11129,#11130,#11131,
#11132,#11133,#11134,#11135,#11136,#11137,#11138,#11139,#11140,#11141,#11142),
 .UNSPECIFIED.,.F.,.F.,(4,1,1,1,1,1,1,1,1,1,1,1,1,4),(0.287567690654621,
0.33123596501205,0.377316190222385,0.425358145980392,0.475284810909443,
0.527027580733164,0.580524838488049,0.63572084328634,0.692564851802697,
0.751010413334937,0.811014796687413,0.872538518781192,0.935544952889889,
0.991573825801253),.UNSPECIFIED.);
#60=B_SPLINE_CURVE_WITH_KNOTS('',3,(#11163,#11164,#11165,#11166,#11167,
#11168,#11169,#11170,#11171,#11172,#11173,#11174,#11175,#11176,#11177,#11178),
 .UNSPECIFIED.,.F.,.F.,(4,1,1,1,1,1,1,1,1,1,1,1,1,4),(0.287567690654621,
0.33123596501205,0.377316190222385,0.425358145980392,0.475284810909443,
0.527027580733164,0.580524838488049,0.63572084328634,0.692564851802697,
0.751010413334937,0.811014796687413,0.872538518781192,0.935544952889889,
0.991573825801253),.UNSPECIFIED.);
#61=B_SPLINE_CURVE_WITH_KNOTS('',3,(#11179,#11180,#11181,#11182,#11183,
#11184,#11185,#11186,#11187,#11188,#11189,#11190,#11191,#11192,#11193,#11194),
 .UNSPECIFIED.,.F.,.F.,(4,1,1,1,1,1,1,1,1,1,1,1,1,4),(0.287567690654621,
0.33123596501205,0.377316190222385,0.425358145980392,0.475284810909443,
0.527027580733164,0.580524838488049,0.63572084328634,0.692564851802697,
0.751010413334937,0.811014796687413,0.872538518781192,0.935544952889889,
0.991573825801253),.UNSPECIFIED.);
#62=B_SPLINE_CURVE_WITH_KNOTS('',3,(#11209,#11210,#11211,#11212,#11213,
#11214,#11215,#11216,#11217,#11218,#11219,#11220,#11221,#11222,#11223,#11224),
 .UNSPECIFIED.,.F.,.F.,(4,1,1,1,1,1,1,1,1,1,1,1,1,4),(0.287567690654621,
0.33123596501205,0.377316190222385,0.425358145980392,0.475284810909443,
0.527027580733164,0.580524838488049,0.63572084328634,0.692564851802697,
0.751010413334937,0.811014796687413,0.872538518781192,0.935544952889889,
0.991573825801253),.UNSPECIFIED.);
#63=B_SPLINE_CURVE_WITH_KNOTS('',3,(#11228,#11229,#11230,#11231,#11232,
#11233,#11234,#11235,#11236,#11237,#11238,#11239,#11240,#11241,#11242,#11243),
 .UNSPECIFIED.,.F.,.F.,(4,1,1,1,1,1,1,1,1,1,1,1,1,4),(0.287567690654621,
0.33123596501205,0.377316190222385,0.425358145980392,0.475284810909443,
0.527027580733164,0.580524838488049,0.63572084328634,0.692564851802697,
0.751010413334937,0.811014796687413,0.872538518781192,0.935544952889889,
0.991573825801253),.UNSPECIFIED.);
#64=B_SPLINE_CURVE_WITH_KNOTS('',3,(#11264,#11265,#11266,#11267,#11268,
#11269,#11270,#11271,#11272,#11273,#11274,#11275,#11276,#11277,#11278,#11279),
 .UNSPECIFIED.,.F.,.F.,(4,1,1,1,1,1,1,1,1,1,1,1,1,4),(0.287567690654621,
0.33123596501205,0.377316190222385,0.425358145980392,0.475284810909443,
0.527027580733164,0.580524838488049,0.63572084328634,0.692564851802697,
0.751010413334937,0.811014796687413,0.872538518781192,0.935544952889889,
0.991573825801253),.UNSPECIFIED.);
#65=B_SPLINE_CURVE_WITH_KNOTS('',3,(#11280,#11281,#11282,#11283,#11284,
#11285,#11286,#11287,#11288,#11289,#11290,#11291,#11292,#11293,#11294,#11295),
 .UNSPECIFIED.,.F.,.F.,(4,1,1,1,1,1,1,1,1,1,1,1,1,4),(0.287567690654621,
0.33123596501205,0.377316190222385,0.425358145980392,0.475284810909443,
0.527027580733164,0.580524838488049,0.63572084328634,0.692564851802697,
0.751010413334937,0.811014796687413,0.872538518781192,0.935544952889889,
0.991573825801253),.UNSPECIFIED.);
#66=B_SPLINE_CURVE_WITH_KNOTS('',3,(#11310,#11311,#11312,#11313,#11314,
#11315,#11316,#11317,#11318,#11319,#11320,#11321,#11322,#11323,#11324,#11325),
 .UNSPECIFIED.,.F.,.F.,(4,1,1,1,1,1,1,1,1,1,1,1,1,4),(0.287567690654621,
0.33123596501205,0.377316190222385,0.425358145980392,0.475284810909443,
0.527027580733164,0.580524838488049,0.63572084328634,0.692564851802697,
0.751010413334937,0.811014796687413,0.872538518781192,0.935544952889889,
0.991573825801253),.UNSPECIFIED.);
#67=B_SPLINE_CURVE_WITH_KNOTS('',3,(#11329,#11330,#11331,#11332,#11333,
#11334,#11335,#11336,#11337,#11338,#11339,#11340,#11341,#11342,#11343,#11344),
 .UNSPECIFIED.,.F.,.F.,(4,1,1,1,1,1,1,1,1,1,1,1,1,4),(0.287567690654621,
0.33123596501205,0.377316190222385,0.425358145980392,0.475284810909443,
0.527027580733164,0.580524838488049,0.63572084328634,0.692564851802697,
0.751010413334937,0.811014796687413,0.872538518781192,0.935544952889889,
0.991573825801253),.UNSPECIFIED.);
#68=B_SPLINE_CURVE_WITH_KNOTS('',3,(#11365,#11366,#11367,#11368,#11369,
#11370,#11371,#11372,#11373,#11374,#11375,#11376,#11377,#11378,#11379,#11380),
 .UNSPECIFIED.,.F.,.F.,(4,1,1,1,1,1,1,1,1,1,1,1,1,4),(0.287567690654621,
0.33123596501205,0.377316190222385,0.425358145980392,0.475284810909443,
0.527027580733164,0.580524838488049,0.63572084328634,0.692564851802697,
0.751010413334937,0.811014796687413,0.872538518781192,0.935544952889889,
0.991573825801253),.UNSPECIFIED.);
#69=B_SPLINE_CURVE_WITH_KNOTS('',3,(#11381,#11382,#11383,#11384,#11385,
#11386,#11387,#11388,#11389,#11390,#11391,#11392,#11393,#11394,#11395,#11396),
 .UNSPECIFIED.,.F.,.F.,(4,1,1,1,1,1,1,1,1,1,1,1,1,4),(0.287567690654621,
0.33123596501205,0.377316190222385,0.425358145980392,0.475284810909443,
0.527027580733164,0.580524838488049,0.63572084328634,0.692564851802697,
0.751010413334937,0.811014796687413,0.872538518781192,0.935544952889889,
0.991573825801253),.UNSPECIFIED.);
#70=B_SPLINE_CURVE_WITH_KNOTS('',3,(#11411,#11412,#11413,#11414,#11415,
#11416,#11417,#11418,#11419,#11420,#11421,#11422,#11423,#11424,#11425,#11426),
 .UNSPECIFIED.,.F.,.F.,(4,1,1,1,1,1,1,1,1,1,1,1,1,4),(0.287567690654621,
0.33123596501205,0.377316190222385,0.425358145980392,0.475284810909443,
0.527027580733164,0.580524838488049,0.63572084328634,0.692564851802697,
0.751010413334937,0.811014796687413,0.872538518781192,0.935544952889889,
0.991573825801253),.UNSPECIFIED.);
#71=B_SPLINE_CURVE_WITH_KNOTS('',3,(#11430,#11431,#11432,#11433,#11434,
#11435,#11436,#11437,#11438,#11439,#11440,#11441,#11442,#11443,#11444,#11445),
 .UNSPECIFIED.,.F.,.F.,(4,1,1,1,1,1,1,1,1,1,1,1,1,4),(0.287567690654621,
0.33123596501205,0.377316190222385,0.425358145980392,0.475284810909443,
0.527027580733164,0.580524838488049,0.63572084328634,0.692564851802697,
0.751010413334937,0.811014796687413,0.872538518781192,0.935544952889889,
0.991573825801253),.UNSPECIFIED.);
#72=B_SPLINE_CURVE_WITH_KNOTS('',3,(#11466,#11467,#11468,#11469,#11470,
#11471,#11472,#11473,#11474,#11475,#11476,#11477,#11478,#11479,#11480,#11481),
 .UNSPECIFIED.,.F.,.F.,(4,1,1,1,1,1,1,1,1,1,1,1,1,4),(0.287567690654621,
0.33123596501205,0.377316190222385,0.425358145980392,0.475284810909443,
0.527027580733164,0.580524838488049,0.63572084328634,0.692564851802697,
0.751010413334937,0.811014796687413,0.872538518781192,0.935544952889889,
0.991573825801253),.UNSPECIFIED.);
#73=B_SPLINE_CURVE_WITH_KNOTS('',3,(#11482,#11483,#11484,#11485,#11486,
#11487,#11488,#11489,#11490,#11491,#11492,#11493,#11494,#11495,#11496,#11497),
 .UNSPECIFIED.,.F.,.F.,(4,1,1,1,1,1,1,1,1,1,1,1,1,4),(0.287567690654621,
0.33123596501205,0.377316190222385,0.425358145980392,0.475284810909443,
0.527027580733164,0.580524838488049,0.63572084328634,0.692564851802697,
0.751010413334937,0.811014796687413,0.872538518781192,0.935544952889889,
0.991573825801253),.UNSPECIFIED.);
#74=B_SPLINE_CURVE_WITH_KNOTS('',3,(#11512,#11513,#11514,#11515,#11516,
#11517,#11518,#11519,#11520,#11521,#11522,#11523,#11524,#11525,#11526,#11527),
 .UNSPECIFIED.,.F.,.F.,(4,1,1,1,1,1,1,1,1,1,1,1,1,4),(0.287567690654621,
0.33123596501205,0.377316190222385,0.425358145980392,0.475284810909443,
0.527027580733164,0.580524838488049,0.63572084328634,0.692564851802697,
0.751010413334937,0.811014796687413,0.872538518781192,0.935544952889889,
0.991573825801253),.UNSPECIFIED.);
#75=B_SPLINE_CURVE_WITH_KNOTS('',3,(#11531,#11532,#11533,#11534,#11535,
#11536,#11537,#11538,#11539,#11540,#11541,#11542,#11543,#11544,#11545,#11546),
 .UNSPECIFIED.,.F.,.F.,(4,1,1,1,1,1,1,1,1,1,1,1,1,4),(0.287567690654621,
0.33123596501205,0.377316190222385,0.425358145980392,0.475284810909443,
0.527027580733164,0.580524838488049,0.63572084328634,0.692564851802697,
0.751010413334937,0.811014796687413,0.872538518781192,0.935544952889889,
0.991573825801253),.UNSPECIFIED.);
#76=B_SPLINE_CURVE_WITH_KNOTS('',3,(#11567,#11568,#11569,#11570,#11571,
#11572,#11573,#11574,#11575,#11576,#11577,#11578,#11579,#11580,#11581,#11582),
 .UNSPECIFIED.,.F.,.F.,(4,1,1,1,1,1,1,1,1,1,1,1,1,4),(0.287567690654621,
0.33123596501205,0.377316190222385,0.425358145980392,0.475284810909443,
0.527027580733164,0.580524838488049,0.63572084328634,0.692564851802697,
0.751010413334937,0.811014796687413,0.872538518781192,0.935544952889889,
0.991573825801253),.UNSPECIFIED.);
#77=B_SPLINE_CURVE_WITH_KNOTS('',3,(#11583,#11584,#11585,#11586,#11587,
#11588,#11589,#11590,#11591,#11592,#11593,#11594,#11595,#11596,#11597,#11598),
 .UNSPECIFIED.,.F.,.F.,(4,1,1,1,1,1,1,1,1,1,1,1,1,4),(0.287567690654621,
0.33123596501205,0.377316190222385,0.425358145980392,0.475284810909443,
0.527027580733164,0.580524838488049,0.63572084328634,0.692564851802697,
0.751010413334937,0.811014796687413,0.872538518781192,0.935544952889889,
0.991573825801253),.UNSPECIFIED.);
#78=B_SPLINE_CURVE_WITH_KNOTS('',3,(#11613,#11614,#11615,#11616,#11617,
#11618,#11619,#11620,#11621,#11622,#11623,#11624,#11625,#11626,#11627,#11628),
 .UNSPECIFIED.,.F.,.F.,(4,1,1,1,1,1,1,1,1,1,1,1,1,4),(0.287567690654621,
0.33123596501205,0.377316190222385,0.425358145980392,0.475284810909443,
0.527027580733164,0.580524838488049,0.63572084328634,0.692564851802697,
0.751010413334937,0.811014796687413,0.872538518781192,0.935544952889889,
0.991573825801253),.UNSPECIFIED.);
#79=B_SPLINE_CURVE_WITH_KNOTS('',3,(#11632,#11633,#11634,#11635,#11636,
#11637,#11638,#11639,#11640,#11641,#11642,#11643,#11644,#11645,#11646,#11647),
 .UNSPECIFIED.,.F.,.F.,(4,1,1,1,1,1,1,1,1,1,1,1,1,4),(0.287567690654621,
0.33123596501205,0.377316190222385,0.425358145980392,0.475284810909443,
0.527027580733164,0.580524838488049,0.63572084328634,0.692564851802697,
0.751010413334937,0.811014796687413,0.872538518781192,0.935544952889889,
0.991573825801253),.UNSPECIFIED.);
#80=B_SPLINE_CURVE_WITH_KNOTS('',3,(#11668,#11669,#11670,#11671,#11672,
#11673,#11674,#11675,#11676,#11677,#11678,#11679,#11680,#11681,#11682,#11683),
 .UNSPECIFIED.,.F.,.F.,(4,1,1,1,1,1,1,1,1,1,1,1,1,4),(0.287567690654621,
0.33123596501205,0.377316190222385,0.425358145980392,0.475284810909443,
0.527027580733164,0.580524838488049,0.63572084328634,0.692564851802697,
0.751010413334937,0.811014796687413,0.872538518781192,0.935544952889889,
0.991573825801253),.UNSPECIFIED.);
#81=B_SPLINE_CURVE_WITH_KNOTS('',3,(#11684,#11685,#11686,#11687,#11688,
#11689,#11690,#11691,#11692,#11693,#11694,#11695,#11696,#11697,#11698,#11699),
 .UNSPECIFIED.,.F.,.F.,(4,1,1,1,1,1,1,1,1,1,1,1,1,4),(0.287567690654621,
0.33123596501205,0.377316190222385,0.425358145980392,0.475284810909443,
0.527027580733164,0.580524838488049,0.63572084328634,0.692564851802697,
0.751010413334937,0.811014796687413,0.872538518781192,0.935544952889889,
0.991573825801253),.UNSPECIFIED.);
#82=B_SPLINE_CURVE_WITH_KNOTS('',3,(#11714,#11715,#11716,#11717,#11718,
#11719,#11720,#11721,#11722,#11723,#11724,#11725,#11726,#11727,#11728,#11729),
 .UNSPECIFIED.,.F.,.F.,(4,1,1,1,1,1,1,1,1,1,1,1,1,4),(0.287567690654621,
0.33123596501205,0.377316190222385,0.425358145980392,0.475284810909443,
0.527027580733164,0.580524838488049,0.63572084328634,0.692564851802697,
0.751010413334937,0.811014796687413,0.872538518781192,0.935544952889889,
0.991573825801253),.UNSPECIFIED.);
#83=B_SPLINE_CURVE_WITH_KNOTS('',3,(#11733,#11734,#11735,#11736,#11737,
#11738,#11739,#11740,#11741,#11742,#11743,#11744,#11745,#11746,#11747,#11748),
 .UNSPECIFIED.,.F.,.F.,(4,1,1,1,1,1,1,1,1,1,1,1,1,4),(0.287567690654621,
0.33123596501205,0.377316190222385,0.425358145980392,0.475284810909443,
0.527027580733164,0.580524838488049,0.63572084328634,0.692564851802697,
0.751010413334937,0.811014796687413,0.872538518781192,0.935544952889889,
0.991573825801253),.UNSPECIFIED.);
#84=B_SPLINE_CURVE_WITH_KNOTS('',3,(#11769,#11770,#11771,#11772,#11773,
#11774,#11775,#11776,#11777,#11778,#11779,#11780,#11781,#11782,#11783,#11784),
 .UNSPECIFIED.,.F.,.F.,(4,1,1,1,1,1,1,1,1,1,1,1,1,4),(0.287567690654621,
0.33123596501205,0.377316190222385,0.425358145980392,0.475284810909443,
0.527027580733164,0.580524838488049,0.63572084328634,0.692564851802697,
0.751010413334937,0.811014796687413,0.872538518781192,0.935544952889889,
0.991573825801253),.UNSPECIFIED.);
#85=B_SPLINE_CURVE_WITH_KNOTS('',3,(#11785,#11786,#11787,#11788,#11789,
#11790,#11791,#11792,#11793,#11794,#11795,#11796,#11797,#11798,#11799,#11800),
 .UNSPECIFIED.,.F.,.F.,(4,1,1,1,1,1,1,1,1,1,1,1,1,4),(0.287567690654621,
0.33123596501205,0.377316190222385,0.425358145980392,0.475284810909443,
0.527027580733164,0.580524838488049,0.63572084328634,0.692564851802697,
0.751010413334937,0.811014796687413,0.872538518781192,0.935544952889889,
0.991573825801253),.UNSPECIFIED.);
#86=B_SPLINE_CURVE_WITH_KNOTS('',3,(#11815,#11816,#11817,#11818,#11819,
#11820,#11821,#11822,#11823,#11824,#11825,#11826,#11827,#11828,#11829,#11830),
 .UNSPECIFIED.,.F.,.F.,(4,1,1,1,1,1,1,1,1,1,1,1,1,4),(0.287567690654621,
0.33123596501205,0.377316190222385,0.425358145980392,0.475284810909443,
0.527027580733164,0.580524838488049,0.63572084328634,0.692564851802697,
0.751010413334937,0.811014796687413,0.872538518781192,0.935544952889889,
0.991573825801253),.UNSPECIFIED.);
#87=B_SPLINE_CURVE_WITH_KNOTS('',3,(#11834,#11835,#11836,#11837,#11838,
#11839,#11840,#11841,#11842,#11843,#11844,#11845,#11846,#11847,#11848,#11849),
 .UNSPECIFIED.,.F.,.F.,(4,1,1,1,1,1,1,1,1,1,1,1,1,4),(0.287567690654621,
0.33123596501205,0.377316190222385,0.425358145980392,0.475284810909443,
0.527027580733164,0.580524838488049,0.63572084328634,0.692564851802697,
0.751010413334937,0.811014796687413,0.872538518781192,0.935544952889889,
0.991573825801253),.UNSPECIFIED.);
#88=B_SPLINE_CURVE_WITH_KNOTS('',3,(#11870,#11871,#11872,#11873,#11874,
#11875,#11876,#11877,#11878,#11879,#11880,#11881,#11882,#11883,#11884,#11885),
 .UNSPECIFIED.,.F.,.F.,(4,1,1,1,1,1,1,1,1,1,1,1,1,4),(0.287567690654621,
0.33123596501205,0.377316190222385,0.425358145980392,0.475284810909443,
0.527027580733164,0.580524838488049,0.63572084328634,0.692564851802697,
0.751010413334937,0.811014796687413,0.872538518781192,0.935544952889889,
0.991573825801253),.UNSPECIFIED.);
#89=B_SPLINE_CURVE_WITH_KNOTS('',3,(#11886,#11887,#11888,#11889,#11890,
#11891,#11892,#11893,#11894,#11895,#11896,#11897,#11898,#11899,#11900,#11901),
 .UNSPECIFIED.,.F.,.F.,(4,1,1,1,1,1,1,1,1,1,1,1,1,4),(0.287567690654621,
0.33123596501205,0.377316190222385,0.425358145980392,0.475284810909443,
0.527027580733164,0.580524838488049,0.63572084328634,0.692564851802697,
0.751010413334937,0.811014796687413,0.872538518781192,0.935544952889889,
0.991573825801253),.UNSPECIFIED.);
#90=B_SPLINE_CURVE_WITH_KNOTS('',3,(#11916,#11917,#11918,#11919,#11920,
#11921,#11922,#11923,#11924,#11925,#11926,#11927,#11928,#11929,#11930,#11931),
 .UNSPECIFIED.,.F.,.F.,(4,1,1,1,1,1,1,1,1,1,1,1,1,4),(0.287567690654621,
0.33123596501205,0.377316190222385,0.425358145980392,0.475284810909443,
0.527027580733164,0.580524838488049,0.63572084328634,0.692564851802697,
0.751010413334937,0.811014796687413,0.872538518781192,0.935544952889889,
0.991573825801253),.UNSPECIFIED.);
#91=B_SPLINE_CURVE_WITH_KNOTS('',3,(#11935,#11936,#11937,#11938,#11939,
#11940,#11941,#11942,#11943,#11944,#11945,#11946,#11947,#11948,#11949,#11950),
 .UNSPECIFIED.,.F.,.F.,(4,1,1,1,1,1,1,1,1,1,1,1,1,4),(0.287567690654621,
0.33123596501205,0.377316190222385,0.425358145980392,0.475284810909443,
0.527027580733164,0.580524838488049,0.63572084328634,0.692564851802697,
0.751010413334937,0.811014796687413,0.872538518781192,0.935544952889889,
0.991573825801253),.UNSPECIFIED.);
#92=B_SPLINE_CURVE_WITH_KNOTS('',3,(#11971,#11972,#11973,#11974,#11975,
#11976,#11977,#11978,#11979,#11980,#11981,#11982,#11983,#11984,#11985,#11986),
 .UNSPECIFIED.,.F.,.F.,(4,1,1,1,1,1,1,1,1,1,1,1,1,4),(0.287567690654621,
0.33123596501205,0.377316190222385,0.425358145980392,0.475284810909443,
0.527027580733164,0.580524838488049,0.63572084328634,0.692564851802697,
0.751010413334937,0.811014796687413,0.872538518781192,0.935544952889889,
0.991573825801253),.UNSPECIFIED.);
#93=B_SPLINE_CURVE_WITH_KNOTS('',3,(#11987,#11988,#11989,#11990,#11991,
#11992,#11993,#11994,#11995,#11996,#11997,#11998,#11999,#12000,#12001,#12002),
 .UNSPECIFIED.,.F.,.F.,(4,1,1,1,1,1,1,1,1,1,1,1,1,4),(0.287567690654621,
0.33123596501205,0.377316190222385,0.425358145980392,0.475284810909443,
0.527027580733164,0.580524838488049,0.63572084328634,0.692564851802697,
0.751010413334937,0.811014796687413,0.872538518781192,0.935544952889889,
0.991573825801253),.UNSPECIFIED.);
#94=B_SPLINE_CURVE_WITH_KNOTS('',3,(#12017,#12018,#12019,#12020,#12021,
#12022,#12023,#12024,#12025,#12026,#12027,#12028,#12029,#12030,#12031,#12032),
 .UNSPECIFIED.,.F.,.F.,(4,1,1,1,1,1,1,1,1,1,1,1,1,4),(0.287567690654621,
0.33123596501205,0.377316190222385,0.425358145980392,0.475284810909443,
0.527027580733164,0.580524838488049,0.63572084328634,0.692564851802697,
0.751010413334937,0.811014796687413,0.872538518781192,0.935544952889889,
0.991573825801253),.UNSPECIFIED.);
#95=B_SPLINE_CURVE_WITH_KNOTS('',3,(#12036,#12037,#12038,#12039,#12040,
#12041,#12042,#12043,#12044,#12045,#12046,#12047,#12048,#12049,#12050,#12051),
 .UNSPECIFIED.,.F.,.F.,(4,1,1,1,1,1,1,1,1,1,1,1,1,4),(0.287567690654621,
0.33123596501205,0.377316190222385,0.425358145980392,0.475284810909443,
0.527027580733164,0.580524838488049,0.63572084328634,0.692564851802697,
0.751010413334937,0.811014796687413,0.872538518781192,0.935544952889889,
0.991573825801253),.UNSPECIFIED.);
#96=B_SPLINE_CURVE_WITH_KNOTS('',3,(#12072,#12073,#12074,#12075,#12076,
#12077,#12078,#12079,#12080,#12081,#12082,#12083,#12084,#12085,#12086,#12087),
 .UNSPECIFIED.,.F.,.F.,(4,1,1,1,1,1,1,1,1,1,1,1,1,4),(0.287567690654621,
0.33123596501205,0.377316190222385,0.425358145980392,0.475284810909443,
0.527027580733164,0.580524838488049,0.63572084328634,0.692564851802697,
0.751010413334937,0.811014796687413,0.872538518781192,0.935544952889889,
0.991573825801253),.UNSPECIFIED.);
#97=B_SPLINE_CURVE_WITH_KNOTS('',3,(#12088,#12089,#12090,#12091,#12092,
#12093,#12094,#12095,#12096,#12097,#12098,#12099,#12100,#12101,#12102,#12103),
 .UNSPECIFIED.,.F.,.F.,(4,1,1,1,1,1,1,1,1,1,1,1,1,4),(0.287567690654621,
0.33123596501205,0.377316190222385,0.425358145980392,0.475284810909443,
0.527027580733164,0.580524838488049,0.63572084328634,0.692564851802697,
0.751010413334937,0.811014796687413,0.872538518781192,0.935544952889889,
0.991573825801253),.UNSPECIFIED.);
#98=B_SPLINE_CURVE_WITH_KNOTS('',3,(#12118,#12119,#12120,#12121,#12122,
#12123,#12124,#12125,#12126,#12127,#12128,#12129,#12130,#12131,#12132,#12133),
 .UNSPECIFIED.,.F.,.F.,(4,1,1,1,1,1,1,1,1,1,1,1,1,4),(0.287567690654621,
0.33123596501205,0.377316190222385,0.425358145980392,0.475284810909443,
0.527027580733164,0.580524838488049,0.63572084328634,0.692564851802697,
0.751010413334937,0.811014796687413,0.872538518781192,0.935544952889889,
0.991573825801253),.UNSPECIFIED.);
#99=B_SPLINE_CURVE_WITH_KNOTS('',3,(#12137,#12138,#12139,#12140,#12141,
#12142,#12143,#12144,#12145,#12146,#12147,#12148,#12149,#12150,#12151,#12152),
 .UNSPECIFIED.,.F.,.F.,(4,1,1,1,1,1,1,1,1,1,1,1,1,4),(0.287567690654621,
0.33123596501205,0.377316190222385,0.425358145980392,0.475284810909443,
0.527027580733164,0.580524838488049,0.63572084328634,0.692564851802697,
0.751010413334937,0.811014796687413,0.872538518781192,0.935544952889889,
0.991573825801253),.UNSPECIFIED.);
#100=B_SPLINE_CURVE_WITH_KNOTS('',3,(#12173,#12174,#12175,#12176,#12177,
#12178,#12179,#12180,#12181,#12182,#12183,#12184,#12185,#12186,#12187,#12188),
 .UNSPECIFIED.,.F.,.F.,(4,1,1,1,1,1,1,1,1,1,1,1,1,4),(0.287567690654621,
0.33123596501205,0.377316190222385,0.425358145980392,0.475284810909443,
0.527027580733164,0.580524838488049,0.63572084328634,0.692564851802697,
0.751010413334937,0.811014796687413,0.872538518781192,0.935544952889889,
0.991573825801253),.UNSPECIFIED.);
#101=B_SPLINE_CURVE_WITH_KNOTS('',3,(#12189,#12190,#12191,#12192,#12193,
#12194,#12195,#12196,#12197,#12198,#12199,#12200,#12201,#12202,#12203,#12204),
 .UNSPECIFIED.,.F.,.F.,(4,1,1,1,1,1,1,1,1,1,1,1,1,4),(0.287567690654621,
0.33123596501205,0.377316190222385,0.425358145980392,0.475284810909443,
0.527027580733164,0.580524838488049,0.63572084328634,0.692564851802697,
0.751010413334937,0.811014796687413,0.872538518781192,0.935544952889889,
0.991573825801253),.UNSPECIFIED.);
#102=B_SPLINE_CURVE_WITH_KNOTS('',3,(#12219,#12220,#12221,#12222,#12223,
#12224,#12225,#12226,#12227,#12228,#12229,#12230,#12231,#12232,#12233,#12234),
 .UNSPECIFIED.,.F.,.F.,(4,1,1,1,1,1,1,1,1,1,1,1,1,4),(0.287567690654621,
0.33123596501205,0.377316190222385,0.425358145980392,0.475284810909443,
0.527027580733164,0.580524838488049,0.63572084328634,0.692564851802697,
0.751010413334937,0.811014796687413,0.872538518781192,0.935544952889889,
0.991573825801253),.UNSPECIFIED.);
#103=B_SPLINE_CURVE_WITH_KNOTS('',3,(#12238,#12239,#12240,#12241,#12242,
#12243,#12244,#12245,#12246,#12247,#12248,#12249,#12250,#12251,#12252,#12253),
 .UNSPECIFIED.,.F.,.F.,(4,1,1,1,1,1,1,1,1,1,1,1,1,4),(0.287567690654621,
0.33123596501205,0.377316190222385,0.425358145980392,0.475284810909443,
0.527027580733164,0.580524838488049,0.63572084328634,0.692564851802697,
0.751010413334937,0.811014796687413,0.872538518781192,0.935544952889889,
0.991573825801253),.UNSPECIFIED.);
#104=B_SPLINE_CURVE_WITH_KNOTS('',3,(#12274,#12275,#12276,#12277,#12278,
#12279,#12280,#12281,#12282,#12283,#12284,#12285,#12286,#12287,#12288,#12289),
 .UNSPECIFIED.,.F.,.F.,(4,1,1,1,1,1,1,1,1,1,1,1,1,4),(0.287567690654621,
0.33123596501205,0.377316190222385,0.425358145980392,0.475284810909443,
0.527027580733164,0.580524838488049,0.63572084328634,0.692564851802697,
0.751010413334937,0.811014796687413,0.872538518781192,0.935544952889889,
0.991573825801253),.UNSPECIFIED.);
#105=B_SPLINE_CURVE_WITH_KNOTS('',3,(#12290,#12291,#12292,#12293,#12294,
#12295,#12296,#12297,#12298,#12299,#12300,#12301,#12302,#12303,#12304,#12305),
 .UNSPECIFIED.,.F.,.F.,(4,1,1,1,1,1,1,1,1,1,1,1,1,4),(0.287567690654621,
0.33123596501205,0.377316190222385,0.425358145980392,0.475284810909443,
0.527027580733164,0.580524838488049,0.63572084328634,0.692564851802697,
0.751010413334937,0.811014796687413,0.872538518781192,0.935544952889889,
0.991573825801253),.UNSPECIFIED.);
#106=B_SPLINE_CURVE_WITH_KNOTS('',3,(#12320,#12321,#12322,#12323,#12324,
#12325,#12326,#12327,#12328,#12329,#12330,#12331,#12332,#12333,#12334,#12335),
 .UNSPECIFIED.,.F.,.F.,(4,1,1,1,1,1,1,1,1,1,1,1,1,4),(0.287567690654621,
0.33123596501205,0.377316190222385,0.425358145980392,0.475284810909443,
0.527027580733164,0.580524838488049,0.63572084328634,0.692564851802697,
0.751010413334937,0.811014796687413,0.872538518781192,0.935544952889889,
0.991573825801253),.UNSPECIFIED.);
#107=B_SPLINE_CURVE_WITH_KNOTS('',3,(#12339,#12340,#12341,#12342,#12343,
#12344,#12345,#12346,#12347,#12348,#12349,#12350,#12351,#12352,#12353,#12354),
 .UNSPECIFIED.,.F.,.F.,(4,1,1,1,1,1,1,1,1,1,1,1,1,4),(0.287567690654621,
0.33123596501205,0.377316190222385,0.425358145980392,0.475284810909443,
0.527027580733164,0.580524838488049,0.63572084328634,0.692564851802697,
0.751010413334937,0.811014796687413,0.872538518781192,0.935544952889889,
0.991573825801253),.UNSPECIFIED.);
#108=B_SPLINE_CURVE_WITH_KNOTS('',3,(#12375,#12376,#12377,#12378,#12379,
#12380,#12381,#12382,#12383,#12384,#12385,#12386,#12387,#12388,#12389,#12390),
 .UNSPECIFIED.,.F.,.F.,(4,1,1,1,1,1,1,1,1,1,1,1,1,4),(0.287567690654621,
0.33123596501205,0.377316190222385,0.425358145980392,0.475284810909443,
0.527027580733164,0.580524838488049,0.63572084328634,0.692564851802697,
0.751010413334937,0.811014796687413,0.872538518781192,0.935544952889889,
0.991573825801253),.UNSPECIFIED.);
#109=B_SPLINE_CURVE_WITH_KNOTS('',3,(#12391,#12392,#12393,#12394,#12395,
#12396,#12397,#12398,#12399,#12400,#12401,#12402,#12403,#12404,#12405,#12406),
 .UNSPECIFIED.,.F.,.F.,(4,1,1,1,1,1,1,1,1,1,1,1,1,4),(0.287567690654621,
0.33123596501205,0.377316190222385,0.425358145980392,0.475284810909443,
0.527027580733164,0.580524838488049,0.63572084328634,0.692564851802697,
0.751010413334937,0.811014796687413,0.872538518781192,0.935544952889889,
0.991573825801253),.UNSPECIFIED.);
#110=B_SPLINE_CURVE_WITH_KNOTS('',3,(#12421,#12422,#12423,#12424,#12425,
#12426,#12427,#12428,#12429,#12430,#12431,#12432,#12433,#12434,#12435,#12436),
 .UNSPECIFIED.,.F.,.F.,(4,1,1,1,1,1,1,1,1,1,1,1,1,4),(0.287567690654621,
0.33123596501205,0.377316190222385,0.425358145980392,0.475284810909443,
0.527027580733164,0.580524838488049,0.63572084328634,0.692564851802697,
0.751010413334937,0.811014796687413,0.872538518781192,0.935544952889889,
0.991573825801253),.UNSPECIFIED.);
#111=B_SPLINE_CURVE_WITH_KNOTS('',3,(#12440,#12441,#12442,#12443,#12444,
#12445,#12446,#12447,#12448,#12449,#12450,#12451,#12452,#12453,#12454,#12455),
 .UNSPECIFIED.,.F.,.F.,(4,1,1,1,1,1,1,1,1,1,1,1,1,4),(0.287567690654621,
0.33123596501205,0.377316190222385,0.425358145980392,0.475284810909443,
0.527027580733164,0.580524838488049,0.63572084328634,0.692564851802697,
0.751010413334937,0.811014796687413,0.872538518781192,0.935544952889889,
0.991573825801253),.UNSPECIFIED.);
#112=B_SPLINE_CURVE_WITH_KNOTS('',3,(#12476,#12477,#12478,#12479,#12480,
#12481,#12482,#12483,#12484,#12485,#12486,#12487,#12488,#12489,#12490,#12491),
 .UNSPECIFIED.,.F.,.F.,(4,1,1,1,1,1,1,1,1,1,1,1,1,4),(0.287567690654621,
0.33123596501205,0.377316190222385,0.425358145980392,0.475284810909443,
0.527027580733164,0.580524838488049,0.63572084328634,0.692564851802697,
0.751010413334937,0.811014796687413,0.872538518781192,0.935544952889889,
0.991573825801253),.UNSPECIFIED.);
#113=B_SPLINE_CURVE_WITH_KNOTS('',3,(#12492,#12493,#12494,#12495,#12496,
#12497,#12498,#12499,#12500,#12501,#12502,#12503,#12504,#12505,#12506,#12507),
 .UNSPECIFIED.,.F.,.F.,(4,1,1,1,1,1,1,1,1,1,1,1,1,4),(0.287567690654621,
0.33123596501205,0.377316190222385,0.425358145980392,0.475284810909443,
0.527027580733164,0.580524838488049,0.63572084328634,0.692564851802697,
0.751010413334937,0.811014796687413,0.872538518781192,0.935544952889889,
0.991573825801253),.UNSPECIFIED.);
#114=B_SPLINE_CURVE_WITH_KNOTS('',3,(#12522,#12523,#12524,#12525,#12526,
#12527,#12528,#12529,#12530,#12531,#12532,#12533,#12534,#12535,#12536,#12537),
 .UNSPECIFIED.,.F.,.F.,(4,1,1,1,1,1,1,1,1,1,1,1,1,4),(0.287567690654621,
0.33123596501205,0.377316190222385,0.425358145980392,0.475284810909443,
0.527027580733164,0.580524838488049,0.63572084328634,0.692564851802697,
0.751010413334937,0.811014796687413,0.872538518781192,0.935544952889889,
0.991573825801253),.UNSPECIFIED.);
#115=B_SPLINE_CURVE_WITH_KNOTS('',3,(#12541,#12542,#12543,#12544,#12545,
#12546,#12547,#12548,#12549,#12550,#12551,#12552,#12553,#12554,#12555,#12556),
 .UNSPECIFIED.,.F.,.F.,(4,1,1,1,1,1,1,1,1,1,1,1,1,4),(0.287567690654621,
0.33123596501205,0.377316190222385,0.425358145980392,0.475284810909443,
0.527027580733164,0.580524838488049,0.63572084328634,0.692564851802697,
0.751010413334937,0.811014796687413,0.872538518781192,0.935544952889889,
0.991573825801253),.UNSPECIFIED.);
#116=B_SPLINE_CURVE_WITH_KNOTS('',3,(#12577,#12578,#12579,#12580,#12581,
#12582,#12583,#12584,#12585,#12586,#12587,#12588,#12589,#12590,#12591,#12592),
 .UNSPECIFIED.,.F.,.F.,(4,1,1,1,1,1,1,1,1,1,1,1,1,4),(0.287567690654621,
0.33123596501205,0.377316190222385,0.425358145980392,0.475284810909443,
0.527027580733164,0.580524838488049,0.63572084328634,0.692564851802697,
0.751010413334937,0.811014796687413,0.872538518781192,0.935544952889889,
0.991573825801253),.UNSPECIFIED.);
#117=B_SPLINE_CURVE_WITH_KNOTS('',3,(#12593,#12594,#12595,#12596,#12597,
#12598,#12599,#12600,#12601,#12602,#12603,#12604,#12605,#12606,#12607,#12608),
 .UNSPECIFIED.,.F.,.F.,(4,1,1,1,1,1,1,1,1,1,1,1,1,4),(0.287567690654621,
0.33123596501205,0.377316190222385,0.425358145980392,0.475284810909443,
0.527027580733164,0.580524838488049,0.63572084328634,0.692564851802697,
0.751010413334937,0.811014796687413,0.872538518781192,0.935544952889889,
0.991573825801253),.UNSPECIFIED.);
#118=B_SPLINE_CURVE_WITH_KNOTS('',3,(#12623,#12624,#12625,#12626,#12627,
#12628,#12629,#12630,#12631,#12632,#12633,#12634,#12635,#12636,#12637,#12638),
 .UNSPECIFIED.,.F.,.F.,(4,1,1,1,1,1,1,1,1,1,1,1,1,4),(0.287567690654621,
0.33123596501205,0.377316190222385,0.425358145980392,0.475284810909443,
0.527027580733164,0.580524838488049,0.63572084328634,0.692564851802697,
0.751010413334937,0.811014796687413,0.872538518781192,0.935544952889889,
0.991573825801253),.UNSPECIFIED.);
#119=B_SPLINE_CURVE_WITH_KNOTS('',3,(#12642,#12643,#12644,#12645,#12646,
#12647,#12648,#12649,#12650,#12651,#12652,#12653,#12654,#12655,#12656,#12657),
 .UNSPECIFIED.,.F.,.F.,(4,1,1,1,1,1,1,1,1,1,1,1,1,4),(0.287567690654621,
0.33123596501205,0.377316190222385,0.425358145980392,0.475284810909443,
0.527027580733164,0.580524838488049,0.63572084328634,0.692564851802697,
0.751010413334937,0.811014796687413,0.872538518781192,0.935544952889889,
0.991573825801253),.UNSPECIFIED.);
#120=B_SPLINE_CURVE_WITH_KNOTS('',3,(#12678,#12679,#12680,#12681,#12682,
#12683,#12684,#12685,#12686,#12687,#12688,#12689,#12690,#12691,#12692,#12693),
 .UNSPECIFIED.,.F.,.F.,(4,1,1,1,1,1,1,1,1,1,1,1,1,4),(0.287567690654621,
0.33123596501205,0.377316190222385,0.425358145980392,0.475284810909443,
0.527027580733164,0.580524838488049,0.63572084328634,0.692564851802697,
0.751010413334937,0.811014796687413,0.872538518781192,0.935544952889889,
0.991573825801253),.UNSPECIFIED.);
#121=B_SPLINE_CURVE_WITH_KNOTS('',3,(#12694,#12695,#12696,#12697,#12698,
#12699,#12700,#12701,#12702,#12703,#12704,#12705,#12706,#12707,#12708,#12709),
 .UNSPECIFIED.,.F.,.F.,(4,1,1,1,1,1,1,1,1,1,1,1,1,4),(0.287567690654621,
0.33123596501205,0.377316190222385,0.425358145980392,0.475284810909443,
0.527027580733164,0.580524838488049,0.63572084328634,0.692564851802697,
0.751010413334937,0.811014796687413,0.872538518781192,0.935544952889889,
0.991573825801253),.UNSPECIFIED.);
#122=B_SPLINE_CURVE_WITH_KNOTS('',3,(#12724,#12725,#12726,#12727,#12728,
#12729,#12730,#12731,#12732,#12733,#12734,#12735,#12736,#12737,#12738,#12739),
 .UNSPECIFIED.,.F.,.F.,(4,1,1,1,1,1,1,1,1,1,1,1,1,4),(0.287567690654621,
0.33123596501205,0.377316190222385,0.425358145980392,0.475284810909443,
0.527027580733164,0.580524838488049,0.63572084328634,0.692564851802697,
0.751010413334937,0.811014796687413,0.872538518781192,0.935544952889889,
0.991573825801253),.UNSPECIFIED.);
#123=B_SPLINE_CURVE_WITH_KNOTS('',3,(#12743,#12744,#12745,#12746,#12747,
#12748,#12749,#12750,#12751,#12752,#12753,#12754,#12755,#12756,#12757,#12758),
 .UNSPECIFIED.,.F.,.F.,(4,1,1,1,1,1,1,1,1,1,1,1,1,4),(0.287567690654621,
0.33123596501205,0.377316190222385,0.425358145980392,0.475284810909443,
0.527027580733164,0.580524838488049,0.63572084328634,0.692564851802697,
0.751010413334937,0.811014796687413,0.872538518781192,0.935544952889889,
0.991573825801253),.UNSPECIFIED.);
#124=B_SPLINE_CURVE_WITH_KNOTS('',3,(#12779,#12780,#12781,#12782,#12783,
#12784,#12785,#12786,#12787,#12788,#12789,#12790,#12791,#12792,#12793,#12794),
 .UNSPECIFIED.,.F.,.F.,(4,1,1,1,1,1,1,1,1,1,1,1,1,4),(0.287567690654621,
0.33123596501205,0.377316190222385,0.425358145980392,0.475284810909443,
0.527027580733164,0.580524838488049,0.63572084328634,0.692564851802697,
0.751010413334937,0.811014796687413,0.872538518781192,0.935544952889889,
0.991573825801253),.UNSPECIFIED.);
#125=B_SPLINE_CURVE_WITH_KNOTS('',3,(#12795,#12796,#12797,#12798,#12799,
#12800,#12801,#12802,#12803,#12804,#12805,#12806,#12807,#12808,#12809,#12810),
 .UNSPECIFIED.,.F.,.F.,(4,1,1,1,1,1,1,1,1,1,1,1,1,4),(0.287567690654621,
0.33123596501205,0.377316190222385,0.425358145980392,0.475284810909443,
0.527027580733164,0.580524838488049,0.63572084328634,0.692564851802697,
0.751010413334937,0.811014796687413,0.872538518781192,0.935544952889889,
0.991573825801253),.UNSPECIFIED.);
#126=B_SPLINE_CURVE_WITH_KNOTS('',3,(#12825,#12826,#12827,#12828,#12829,
#12830,#12831,#12832,#12833,#12834,#12835,#12836,#12837,#12838,#12839,#12840),
 .UNSPECIFIED.,.F.,.F.,(4,1,1,1,1,1,1,1,1,1,1,1,1,4),(0.287567690654621,
0.33123596501205,0.377316190222385,0.425358145980392,0.475284810909443,
0.527027580733164,0.580524838488049,0.63572084328634,0.692564851802697,
0.751010413334937,0.811014796687413,0.872538518781192,0.935544952889889,
0.991573825801253),.UNSPECIFIED.);
#127=B_SPLINE_CURVE_WITH_KNOTS('',3,(#12844,#12845,#12846,#12847,#12848,
#12849,#12850,#12851,#12852,#12853,#12854,#12855,#12856,#12857,#12858,#12859),
 .UNSPECIFIED.,.F.,.F.,(4,1,1,1,1,1,1,1,1,1,1,1,1,4),(0.287567690654621,
0.33123596501205,0.377316190222385,0.425358145980392,0.475284810909443,
0.527027580733164,0.580524838488049,0.63572084328634,0.692564851802697,
0.751010413334937,0.811014796687413,0.872538518781192,0.935544952889889,
0.991573825801253),.UNSPECIFIED.);
#128=B_SPLINE_CURVE_WITH_KNOTS('',3,(#12880,#12881,#12882,#12883,#12884,
#12885,#12886,#12887,#12888,#12889,#12890,#12891,#12892,#12893,#12894,#12895),
 .UNSPECIFIED.,.F.,.F.,(4,1,1,1,1,1,1,1,1,1,1,1,1,4),(0.287567690654621,
0.33123596501205,0.377316190222385,0.425358145980392,0.475284810909443,
0.527027580733164,0.580524838488049,0.63572084328634,0.692564851802697,
0.751010413334937,0.811014796687413,0.872538518781192,0.935544952889889,
0.991573825801253),.UNSPECIFIED.);
#129=B_SPLINE_CURVE_WITH_KNOTS('',3,(#12896,#12897,#12898,#12899,#12900,
#12901,#12902,#12903,#12904,#12905,#12906,#12907,#12908,#12909,#12910,#12911),
 .UNSPECIFIED.,.F.,.F.,(4,1,1,1,1,1,1,1,1,1,1,1,1,4),(0.287567690654621,
0.33123596501205,0.377316190222385,0.425358145980392,0.475284810909443,
0.527027580733164,0.580524838488049,0.63572084328634,0.692564851802697,
0.751010413334937,0.811014796687413,0.872538518781192,0.935544952889889,
0.991573825801253),.UNSPECIFIED.);
#130=B_SPLINE_CURVE_WITH_KNOTS('',3,(#12926,#12927,#12928,#12929,#12930,
#12931,#12932,#12933,#12934,#12935,#12936,#12937,#12938,#12939,#12940,#12941),
 .UNSPECIFIED.,.F.,.F.,(4,1,1,1,1,1,1,1,1,1,1,1,1,4),(0.287567690654621,
0.33123596501205,0.377316190222385,0.425358145980392,0.475284810909443,
0.527027580733164,0.580524838488049,0.63572084328634,0.692564851802697,
0.751010413334937,0.811014796687413,0.872538518781192,0.935544952889889,
0.991573825801253),.UNSPECIFIED.);
#131=B_SPLINE_CURVE_WITH_KNOTS('',3,(#12945,#12946,#12947,#12948,#12949,
#12950,#12951,#12952,#12953,#12954,#12955,#12956,#12957,#12958,#12959,#12960),
 .UNSPECIFIED.,.F.,.F.,(4,1,1,1,1,1,1,1,1,1,1,1,1,4),(0.287567690654621,
0.33123596501205,0.377316190222385,0.425358145980392,0.475284810909443,
0.527027580733164,0.580524838488049,0.63572084328634,0.692564851802697,
0.751010413334937,0.811014796687413,0.872538518781192,0.935544952889889,
0.991573825801253),.UNSPECIFIED.);
#132=B_SPLINE_CURVE_WITH_KNOTS('',3,(#12981,#12982,#12983,#12984,#12985,
#12986,#12987,#12988,#12989,#12990,#12991,#12992,#12993,#12994,#12995,#12996),
 .UNSPECIFIED.,.F.,.F.,(4,1,1,1,1,1,1,1,1,1,1,1,1,4),(0.287567690654621,
0.33123596501205,0.377316190222385,0.425358145980392,0.475284810909443,
0.527027580733164,0.580524838488049,0.63572084328634,0.692564851802697,
0.751010413334937,0.811014796687413,0.872538518781192,0.935544952889889,
0.991573825801253),.UNSPECIFIED.);
#133=B_SPLINE_CURVE_WITH_KNOTS('',3,(#12997,#12998,#12999,#13000,#13001,
#13002,#13003,#13004,#13005,#13006,#13007,#13008,#13009,#13010,#13011,#13012),
 .UNSPECIFIED.,.F.,.F.,(4,1,1,1,1,1,1,1,1,1,1,1,1,4),(0.287567690654621,
0.33123596501205,0.377316190222385,0.425358145980392,0.475284810909443,
0.527027580733164,0.580524838488049,0.63572084328634,0.692564851802697,
0.751010413334937,0.811014796687413,0.872538518781192,0.935544952889889,
0.991573825801253),.UNSPECIFIED.);
#134=B_SPLINE_CURVE_WITH_KNOTS('',3,(#13027,#13028,#13029,#13030,#13031,
#13032,#13033,#13034,#13035,#13036,#13037,#13038,#13039,#13040,#13041,#13042),
 .UNSPECIFIED.,.F.,.F.,(4,1,1,1,1,1,1,1,1,1,1,1,1,4),(0.287567690654621,
0.33123596501205,0.377316190222385,0.425358145980392,0.475284810909443,
0.527027580733164,0.580524838488049,0.63572084328634,0.692564851802697,
0.751010413334937,0.811014796687413,0.872538518781192,0.935544952889889,
0.991573825801253),.UNSPECIFIED.);
#135=B_SPLINE_CURVE_WITH_KNOTS('',3,(#13046,#13047,#13048,#13049,#13050,
#13051,#13052,#13053,#13054,#13055,#13056,#13057,#13058,#13059,#13060,#13061),
 .UNSPECIFIED.,.F.,.F.,(4,1,1,1,1,1,1,1,1,1,1,1,1,4),(0.287567690654621,
0.33123596501205,0.377316190222385,0.425358145980392,0.475284810909443,
0.527027580733164,0.580524838488049,0.63572084328634,0.692564851802697,
0.751010413334937,0.811014796687413,0.872538518781192,0.935544952889889,
0.991573825801253),.UNSPECIFIED.);
#136=B_SPLINE_CURVE_WITH_KNOTS('',3,(#13082,#13083,#13084,#13085,#13086,
#13087,#13088,#13089,#13090,#13091,#13092,#13093,#13094,#13095,#13096,#13097),
 .UNSPECIFIED.,.F.,.F.,(4,1,1,1,1,1,1,1,1,1,1,1,1,4),(0.287567690654621,
0.33123596501205,0.377316190222385,0.425358145980392,0.475284810909443,
0.527027580733164,0.580524838488049,0.63572084328634,0.692564851802697,
0.751010413334937,0.811014796687413,0.872538518781192,0.935544952889889,
0.991573825801253),.UNSPECIFIED.);
#137=B_SPLINE_CURVE_WITH_KNOTS('',3,(#13098,#13099,#13100,#13101,#13102,
#13103,#13104,#13105,#13106,#13107,#13108,#13109,#13110,#13111,#13112,#13113),
 .UNSPECIFIED.,.F.,.F.,(4,1,1,1,1,1,1,1,1,1,1,1,1,4),(0.287567690654621,
0.33123596501205,0.377316190222385,0.425358145980392,0.475284810909443,
0.527027580733164,0.580524838488049,0.63572084328634,0.692564851802697,
0.751010413334937,0.811014796687413,0.872538518781192,0.935544952889889,
0.991573825801253),.UNSPECIFIED.);
#138=B_SPLINE_CURVE_WITH_KNOTS('',3,(#13128,#13129,#13130,#13131,#13132,
#13133,#13134,#13135,#13136,#13137,#13138,#13139,#13140,#13141,#13142,#13143),
 .UNSPECIFIED.,.F.,.F.,(4,1,1,1,1,1,1,1,1,1,1,1,1,4),(0.287567690654621,
0.33123596501205,0.377316190222385,0.425358145980392,0.475284810909443,
0.527027580733164,0.580524838488049,0.63572084328634,0.692564851802697,
0.751010413334937,0.811014796687413,0.872538518781192,0.935544952889889,
0.991573825801253),.UNSPECIFIED.);
#139=B_SPLINE_CURVE_WITH_KNOTS('',3,(#13147,#13148,#13149,#13150,#13151,
#13152,#13153,#13154,#13155,#13156,#13157,#13158,#13159,#13160,#13161,#13162),
 .UNSPECIFIED.,.F.,.F.,(4,1,1,1,1,1,1,1,1,1,1,1,1,4),(0.287567690654621,
0.33123596501205,0.377316190222385,0.425358145980392,0.475284810909443,
0.527027580733164,0.580524838488049,0.63572084328634,0.692564851802697,
0.751010413334937,0.811014796687413,0.872538518781192,0.935544952889889,
0.991573825801253),.UNSPECIFIED.);
#140=B_SPLINE_CURVE_WITH_KNOTS('',3,(#13183,#13184,#13185,#13186,#13187,
#13188,#13189,#13190,#13191,#13192,#13193,#13194,#13195,#13196,#13197,#13198),
 .UNSPECIFIED.,.F.,.F.,(4,1,1,1,1,1,1,1,1,1,1,1,1,4),(0.287567690654621,
0.33123596501205,0.377316190222385,0.425358145980392,0.475284810909443,
0.527027580733164,0.580524838488049,0.63572084328634,0.692564851802697,
0.751010413334937,0.811014796687413,0.872538518781192,0.935544952889889,
0.991573825801253),.UNSPECIFIED.);
#141=B_SPLINE_CURVE_WITH_KNOTS('',3,(#13199,#13200,#13201,#13202,#13203,
#13204,#13205,#13206,#13207,#13208,#13209,#13210,#13211,#13212,#13213,#13214),
 .UNSPECIFIED.,.F.,.F.,(4,1,1,1,1,1,1,1,1,1,1,1,1,4),(0.287567690654621,
0.33123596501205,0.377316190222385,0.425358145980392,0.475284810909443,
0.527027580733164,0.580524838488049,0.63572084328634,0.692564851802697,
0.751010413334937,0.811014796687413,0.872538518781192,0.935544952889889,
0.991573825801253),.UNSPECIFIED.);
#142=B_SPLINE_CURVE_WITH_KNOTS('',3,(#13229,#13230,#13231,#13232,#13233,
#13234,#13235,#13236,#13237,#13238,#13239,#13240,#13241,#13242,#13243,#13244),
 .UNSPECIFIED.,.F.,.F.,(4,1,1,1,1,1,1,1,1,1,1,1,1,4),(0.287567690654621,
0.33123596501205,0.377316190222385,0.425358145980392,0.475284810909443,
0.527027580733164,0.580524838488049,0.63572084328634,0.692564851802697,
0.751010413334937,0.811014796687413,0.872538518781192,0.935544952889889,
0.991573825801253),.UNSPECIFIED.);
#143=B_SPLINE_CURVE_WITH_KNOTS('',3,(#13248,#13249,#13250,#13251,#13252,
#13253,#13254,#13255,#13256,#13257,#13258,#13259,#13260,#13261,#13262,#13263),
 .UNSPECIFIED.,.F.,.F.,(4,1,1,1,1,1,1,1,1,1,1,1,1,4),(0.287567690654621,
0.33123596501205,0.377316190222385,0.425358145980392,0.475284810909443,
0.527027580733164,0.580524838488049,0.63572084328634,0.692564851802697,
0.751010413334937,0.811014796687413,0.872538518781192,0.935544952889889,
0.991573825801253),.UNSPECIFIED.);
#144=B_SPLINE_CURVE_WITH_KNOTS('',3,(#13284,#13285,#13286,#13287,#13288,
#13289,#13290,#13291,#13292,#13293,#13294,#13295,#13296,#13297,#13298,#13299),
 .UNSPECIFIED.,.F.,.F.,(4,1,1,1,1,1,1,1,1,1,1,1,1,4),(0.287567690654621,
0.33123596501205,0.377316190222385,0.425358145980392,0.475284810909443,
0.527027580733164,0.580524838488049,0.63572084328634,0.692564851802697,
0.751010413334937,0.811014796687413,0.872538518781192,0.935544952889889,
0.991573825801253),.UNSPECIFIED.);
#145=B_SPLINE_CURVE_WITH_KNOTS('',3,(#13300,#13301,#13302,#13303,#13304,
#13305,#13306,#13307,#13308,#13309,#13310,#13311,#13312,#13313,#13314,#13315),
 .UNSPECIFIED.,.F.,.F.,(4,1,1,1,1,1,1,1,1,1,1,1,1,4),(0.287567690654621,
0.33123596501205,0.377316190222385,0.425358145980392,0.475284810909443,
0.527027580733164,0.580524838488049,0.63572084328634,0.692564851802697,
0.751010413334937,0.811014796687413,0.872538518781192,0.935544952889889,
0.991573825801253),.UNSPECIFIED.);
#146=B_SPLINE_CURVE_WITH_KNOTS('',3,(#13330,#13331,#13332,#13333,#13334,
#13335,#13336,#13337,#13338,#13339,#13340,#13341,#13342,#13343,#13344,#13345),
 .UNSPECIFIED.,.F.,.F.,(4,1,1,1,1,1,1,1,1,1,1,1,1,4),(0.287567690654621,
0.33123596501205,0.377316190222385,0.425358145980392,0.475284810909443,
0.527027580733164,0.580524838488049,0.63572084328634,0.692564851802697,
0.751010413334937,0.811014796687413,0.872538518781192,0.935544952889889,
0.991573825801253),.UNSPECIFIED.);
#147=B_SPLINE_CURVE_WITH_KNOTS('',3,(#13349,#13350,#13351,#13352,#13353,
#13354,#13355,#13356,#13357,#13358,#13359,#13360,#13361,#13362,#13363,#13364),
 .UNSPECIFIED.,.F.,.F.,(4,1,1,1,1,1,1,1,1,1,1,1,1,4),(0.287567690654621,
0.33123596501205,0.377316190222385,0.425358145980392,0.475284810909443,
0.527027580733164,0.580524838488049,0.63572084328634,0.692564851802697,
0.751010413334937,0.811014796687413,0.872538518781192,0.935544952889889,
0.991573825801253),.UNSPECIFIED.);
#148=B_SPLINE_CURVE_WITH_KNOTS('',3,(#13385,#13386,#13387,#13388,#13389,
#13390,#13391,#13392,#13393,#13394,#13395,#13396,#13397,#13398,#13399,#13400),
 .UNSPECIFIED.,.F.,.F.,(4,1,1,1,1,1,1,1,1,1,1,1,1,4),(0.287567690654621,
0.33123596501205,0.377316190222385,0.425358145980392,0.475284810909443,
0.527027580733164,0.580524838488049,0.63572084328634,0.692564851802697,
0.751010413334937,0.811014796687413,0.872538518781192,0.935544952889889,
0.991573825801253),.UNSPECIFIED.);
#149=B_SPLINE_CURVE_WITH_KNOTS('',3,(#13401,#13402,#13403,#13404,#13405,
#13406,#13407,#13408,#13409,#13410,#13411,#13412,#13413,#13414,#13415,#13416),
 .UNSPECIFIED.,.F.,.F.,(4,1,1,1,1,1,1,1,1,1,1,1,1,4),(0.287567690654621,
0.33123596501205,0.377316190222385,0.425358145980392,0.475284810909443,
0.527027580733164,0.580524838488049,0.63572084328634,0.692564851802697,
0.751010413334937,0.811014796687413,0.872538518781192,0.935544952889889,
0.991573825801253),.UNSPECIFIED.);
#150=B_SPLINE_CURVE_WITH_KNOTS('',3,(#13431,#13432,#13433,#13434,#13435,
#13436,#13437,#13438,#13439,#13440,#13441,#13442,#13443,#13444,#13445,#13446),
 .UNSPECIFIED.,.F.,.F.,(4,1,1,1,1,1,1,1,1,1,1,1,1,4),(0.287567690654621,
0.33123596501205,0.377316190222385,0.425358145980392,0.475284810909443,
0.527027580733164,0.580524838488049,0.63572084328634,0.692564851802697,
0.751010413334937,0.811014796687413,0.872538518781192,0.935544952889889,
0.991573825801253),.UNSPECIFIED.);
#151=B_SPLINE_CURVE_WITH_KNOTS('',3,(#13450,#13451,#13452,#13453,#13454,
#13455,#13456,#13457,#13458,#13459,#13460,#13461,#13462,#13463,#13464,#13465),
 .UNSPECIFIED.,.F.,.F.,(4,1,1,1,1,1,1,1,1,1,1,1,1,4),(0.287567690654621,
0.33123596501205,0.377316190222385,0.425358145980392,0.475284810909443,
0.527027580733164,0.580524838488049,0.63572084328634,0.692564851802697,
0.751010413334937,0.811014796687413,0.872538518781192,0.935544952889889,
0.991573825801253),.UNSPECIFIED.);
#152=B_SPLINE_CURVE_WITH_KNOTS('',3,(#13486,#13487,#13488,#13489,#13490,
#13491,#13492,#13493,#13494,#13495,#13496,#13497,#13498,#13499,#13500,#13501),
 .UNSPECIFIED.,.F.,.F.,(4,1,1,1,1,1,1,1,1,1,1,1,1,4),(0.287567690654621,
0.33123596501205,0.377316190222385,0.425358145980392,0.475284810909443,
0.527027580733164,0.580524838488049,0.63572084328634,0.692564851802697,
0.751010413334937,0.811014796687413,0.872538518781192,0.935544952889889,
0.991573825801253),.UNSPECIFIED.);
#153=B_SPLINE_CURVE_WITH_KNOTS('',3,(#13502,#13503,#13504,#13505,#13506,
#13507,#13508,#13509,#13510,#13511,#13512,#13513,#13514,#13515,#13516,#13517),
 .UNSPECIFIED.,.F.,.F.,(4,1,1,1,1,1,1,1,1,1,1,1,1,4),(0.287567690654621,
0.33123596501205,0.377316190222385,0.425358145980392,0.475284810909443,
0.527027580733164,0.580524838488049,0.63572084328634,0.692564851802697,
0.751010413334937,0.811014796687413,0.872538518781192,0.935544952889889,
0.991573825801253),.UNSPECIFIED.);
#154=B_SPLINE_CURVE_WITH_KNOTS('',3,(#13532,#13533,#13534,#13535,#13536,
#13537,#13538,#13539,#13540,#13541,#13542,#13543,#13544,#13545,#13546,#13547),
 .UNSPECIFIED.,.F.,.F.,(4,1,1,1,1,1,1,1,1,1,1,1,1,4),(0.287567690654621,
0.33123596501205,0.377316190222385,0.425358145980392,0.475284810909443,
0.527027580733164,0.580524838488049,0.63572084328634,0.692564851802697,
0.751010413334937,0.811014796687413,0.872538518781192,0.935544952889889,
0.991573825801253),.UNSPECIFIED.);
#155=B_SPLINE_CURVE_WITH_KNOTS('',3,(#13551,#13552,#13553,#13554,#13555,
#13556,#13557,#13558,#13559,#13560,#13561,#13562,#13563,#13564,#13565,#13566),
 .UNSPECIFIED.,.F.,.F.,(4,1,1,1,1,1,1,1,1,1,1,1,1,4),(0.287567690654621,
0.33123596501205,0.377316190222385,0.425358145980392,0.475284810909443,
0.527027580733164,0.580524838488049,0.63572084328634,0.692564851802697,
0.751010413334937,0.811014796687413,0.872538518781192,0.935544952889889,
0.991573825801253),.UNSPECIFIED.);
#156=B_SPLINE_CURVE_WITH_KNOTS('',3,(#13587,#13588,#13589,#13590,#13591,
#13592,#13593,#13594,#13595,#13596,#13597,#13598,#13599,#13600,#13601,#13602),
 .UNSPECIFIED.,.F.,.F.,(4,1,1,1,1,1,1,1,1,1,1,1,1,4),(0.287567690654621,
0.33123596501205,0.377316190222385,0.425358145980392,0.475284810909443,
0.527027580733164,0.580524838488049,0.63572084328634,0.692564851802697,
0.751010413334937,0.811014796687413,0.872538518781192,0.935544952889889,
0.991573825801253),.UNSPECIFIED.);
#157=B_SPLINE_CURVE_WITH_KNOTS('',3,(#13603,#13604,#13605,#13606,#13607,
#13608,#13609,#13610,#13611,#13612,#13613,#13614,#13615,#13616,#13617,#13618),
 .UNSPECIFIED.,.F.,.F.,(4,1,1,1,1,1,1,1,1,1,1,1,1,4),(0.287567690654621,
0.33123596501205,0.377316190222385,0.425358145980392,0.475284810909443,
0.527027580733164,0.580524838488049,0.63572084328634,0.692564851802697,
0.751010413334937,0.811014796687413,0.872538518781192,0.935544952889889,
0.991573825801253),.UNSPECIFIED.);
#158=B_SPLINE_CURVE_WITH_KNOTS('',3,(#13633,#13634,#13635,#13636,#13637,
#13638,#13639,#13640,#13641,#13642,#13643,#13644,#13645,#13646,#13647,#13648),
 .UNSPECIFIED.,.F.,.F.,(4,1,1,1,1,1,1,1,1,1,1,1,1,4),(0.287567690654621,
0.33123596501205,0.377316190222385,0.425358145980392,0.475284810909443,
0.527027580733164,0.580524838488049,0.63572084328634,0.692564851802697,
0.751010413334937,0.811014796687413,0.872538518781192,0.935544952889889,
0.991573825801253),.UNSPECIFIED.);
#159=B_SPLINE_CURVE_WITH_KNOTS('',3,(#13652,#13653,#13654,#13655,#13656,
#13657,#13658,#13659,#13660,#13661,#13662,#13663,#13664,#13665,#13666,#13667),
 .UNSPECIFIED.,.F.,.F.,(4,1,1,1,1,1,1,1,1,1,1,1,1,4),(0.287567690654621,
0.33123596501205,0.377316190222385,0.425358145980392,0.475284810909443,
0.527027580733164,0.580524838488049,0.63572084328634,0.692564851802697,
0.751010413334937,0.811014796687413,0.872538518781192,0.935544952889889,
0.991573825801253),.UNSPECIFIED.);
#160=B_SPLINE_CURVE_WITH_KNOTS('',3,(#13688,#13689,#13690,#13691,#13692,
#13693,#13694,#13695,#13696,#13697,#13698,#13699,#13700,#13701,#13702,#13703),
 .UNSPECIFIED.,.F.,.F.,(4,1,1,1,1,1,1,1,1,1,1,1,1,4),(0.287567690654621,
0.33123596501205,0.377316190222385,0.425358145980392,0.475284810909443,
0.527027580733164,0.580524838488049,0.63572084328634,0.692564851802697,
0.751010413334937,0.811014796687413,0.872538518781192,0.935544952889889,
0.991573825801253),.UNSPECIFIED.);
#161=B_SPLINE_CURVE_WITH_KNOTS('',3,(#13704,#13705,#13706,#13707,#13708,
#13709,#13710,#13711,#13712,#13713,#13714,#13715,#13716,#13717,#13718,#13719),
 .UNSPECIFIED.,.F.,.F.,(4,1,1,1,1,1,1,1,1,1,1,1,1,4),(0.287567690654621,
0.33123596501205,0.377316190222385,0.425358145980392,0.475284810909443,
0.527027580733164,0.580524838488049,0.63572084328634,0.692564851802697,
0.751010413334937,0.811014796687413,0.872538518781192,0.935544952889889,
0.991573825801253),.UNSPECIFIED.);
#162=B_SPLINE_CURVE_WITH_KNOTS('',3,(#13734,#13735,#13736,#13737,#13738,
#13739,#13740,#13741,#13742,#13743,#13744,#13745,#13746,#13747,#13748,#13749),
 .UNSPECIFIED.,.F.,.F.,(4,1,1,1,1,1,1,1,1,1,1,1,1,4),(0.287567690654621,
0.33123596501205,0.377316190222385,0.425358145980392,0.475284810909443,
0.527027580733164,0.580524838488049,0.63572084328634,0.692564851802697,
0.751010413334937,0.811014796687413,0.872538518781192,0.935544952889889,
0.991573825801253),.UNSPECIFIED.);
#163=B_SPLINE_CURVE_WITH_KNOTS('',3,(#13753,#13754,#13755,#13756,#13757,
#13758,#13759,#13760,#13761,#13762,#13763,#13764,#13765,#13766,#13767,#13768),
 .UNSPECIFIED.,.F.,.F.,(4,1,1,1,1,1,1,1,1,1,1,1,1,4),(0.287567690654621,
0.33123596501205,0.377316190222385,0.425358145980392,0.475284810909443,
0.527027580733164,0.580524838488049,0.63572084328634,0.692564851802697,
0.751010413334937,0.811014796687413,0.872538518781192,0.935544952889889,
0.991573825801253),.UNSPECIFIED.);
#164=B_SPLINE_CURVE_WITH_KNOTS('',3,(#13789,#13790,#13791,#13792,#13793,
#13794,#13795,#13796,#13797,#13798,#13799,#13800,#13801,#13802,#13803,#13804),
 .UNSPECIFIED.,.F.,.F.,(4,1,1,1,1,1,1,1,1,1,1,1,1,4),(0.287567690654621,
0.33123596501205,0.377316190222385,0.425358145980392,0.475284810909443,
0.527027580733164,0.580524838488049,0.63572084328634,0.692564851802697,
0.751010413334937,0.811014796687413,0.872538518781192,0.935544952889889,
0.991573825801253),.UNSPECIFIED.);
#165=B_SPLINE_CURVE_WITH_KNOTS('',3,(#13805,#13806,#13807,#13808,#13809,
#13810,#13811,#13812,#13813,#13814,#13815,#13816,#13817,#13818,#13819,#13820),
 .UNSPECIFIED.,.F.,.F.,(4,1,1,1,1,1,1,1,1,1,1,1,1,4),(0.287567690654621,
0.33123596501205,0.377316190222385,0.425358145980392,0.475284810909443,
0.527027580733164,0.580524838488049,0.63572084328634,0.692564851802697,
0.751010413334937,0.811014796687413,0.872538518781192,0.935544952889889,
0.991573825801253),.UNSPECIFIED.);
#166=B_SPLINE_CURVE_WITH_KNOTS('',3,(#13835,#13836,#13837,#13838,#13839,
#13840,#13841,#13842,#13843,#13844,#13845,#13846,#13847,#13848,#13849,#13850),
 .UNSPECIFIED.,.F.,.F.,(4,1,1,1,1,1,1,1,1,1,1,1,1,4),(0.287567690654621,
0.33123596501205,0.377316190222385,0.425358145980392,0.475284810909443,
0.527027580733164,0.580524838488049,0.63572084328634,0.692564851802697,
0.751010413334937,0.811014796687413,0.872538518781192,0.935544952889889,
0.991573825801253),.UNSPECIFIED.);
#167=B_SPLINE_CURVE_WITH_KNOTS('',3,(#13854,#13855,#13856,#13857,#13858,
#13859,#13860,#13861,#13862,#13863,#13864,#13865,#13866,#13867,#13868,#13869),
 .UNSPECIFIED.,.F.,.F.,(4,1,1,1,1,1,1,1,1,1,1,1,1,4),(0.287567690654621,
0.33123596501205,0.377316190222385,0.425358145980392,0.475284810909443,
0.527027580733164,0.580524838488049,0.63572084328634,0.692564851802697,
0.751010413334937,0.811014796687413,0.872538518781192,0.935544952889889,
0.991573825801253),.UNSPECIFIED.);
#168=B_SPLINE_CURVE_WITH_KNOTS('',3,(#13890,#13891,#13892,#13893,#13894,
#13895,#13896,#13897,#13898,#13899,#13900,#13901,#13902,#13903,#13904,#13905),
 .UNSPECIFIED.,.F.,.F.,(4,1,1,1,1,1,1,1,1,1,1,1,1,4),(0.287567690654621,
0.33123596501205,0.377316190222385,0.425358145980392,0.475284810909443,
0.527027580733164,0.580524838488049,0.63572084328634,0.692564851802697,
0.751010413334937,0.811014796687413,0.872538518781192,0.935544952889889,
0.991573825801253),.UNSPECIFIED.);
#169=B_SPLINE_CURVE_WITH_KNOTS('',3,(#13906,#13907,#13908,#13909,#13910,
#13911,#13912,#13913,#13914,#13915,#13916,#13917,#13918,#13919,#13920,#13921),
 .UNSPECIFIED.,.F.,.F.,(4,1,1,1,1,1,1,1,1,1,1,1,1,4),(0.287567690654621,
0.33123596501205,0.377316190222385,0.425358145980392,0.475284810909443,
0.527027580733164,0.580524838488049,0.63572084328634,0.692564851802697,
0.751010413334937,0.811014796687413,0.872538518781192,0.935544952889889,
0.991573825801253),.UNSPECIFIED.);
#170=B_SPLINE_CURVE_WITH_KNOTS('',3,(#13936,#13937,#13938,#13939,#13940,
#13941,#13942,#13943,#13944,#13945,#13946,#13947,#13948,#13949,#13950,#13951),
 .UNSPECIFIED.,.F.,.F.,(4,1,1,1,1,1,1,1,1,1,1,1,1,4),(0.287567690654621,
0.33123596501205,0.377316190222385,0.425358145980392,0.475284810909443,
0.527027580733164,0.580524838488049,0.63572084328634,0.692564851802697,
0.751010413334937,0.811014796687413,0.872538518781192,0.935544952889889,
0.991573825801253),.UNSPECIFIED.);
#171=B_SPLINE_CURVE_WITH_KNOTS('',3,(#13955,#13956,#13957,#13958,#13959,
#13960,#13961,#13962,#13963,#13964,#13965,#13966,#13967,#13968,#13969,#13970),
 .UNSPECIFIED.,.F.,.F.,(4,1,1,1,1,1,1,1,1,1,1,1,1,4),(0.287567690654621,
0.33123596501205,0.377316190222385,0.425358145980392,0.475284810909443,
0.527027580733164,0.580524838488049,0.63572084328634,0.692564851802697,
0.751010413334937,0.811014796687413,0.872538518781192,0.935544952889889,
0.991573825801253),.UNSPECIFIED.);
#172=B_SPLINE_CURVE_WITH_KNOTS('',3,(#13991,#13992,#13993,#13994,#13995,
#13996,#13997,#13998,#13999,#14000,#14001,#14002,#14003,#14004,#14005,#14006),
 .UNSPECIFIED.,.F.,.F.,(4,1,1,1,1,1,1,1,1,1,1,1,1,4),(0.287567690654621,
0.33123596501205,0.377316190222385,0.425358145980392,0.475284810909443,
0.527027580733164,0.580524838488049,0.63572084328634,0.692564851802697,
0.751010413334937,0.811014796687413,0.872538518781192,0.935544952889889,
0.991573825801253),.UNSPECIFIED.);
#173=B_SPLINE_CURVE_WITH_KNOTS('',3,(#14007,#14008,#14009,#14010,#14011,
#14012,#14013,#14014,#14015,#14016,#14017,#14018,#14019,#14020,#14021,#14022),
 .UNSPECIFIED.,.F.,.F.,(4,1,1,1,1,1,1,1,1,1,1,1,1,4),(0.287567690654621,
0.33123596501205,0.377316190222385,0.425358145980392,0.475284810909443,
0.527027580733164,0.580524838488049,0.63572084328634,0.692564851802697,
0.751010413334937,0.811014796687413,0.872538518781192,0.935544952889889,
0.991573825801253),.UNSPECIFIED.);
#174=B_SPLINE_CURVE_WITH_KNOTS('',3,(#14037,#14038,#14039,#14040,#14041,
#14042,#14043,#14044,#14045,#14046,#14047,#14048,#14049,#14050,#14051,#14052),
 .UNSPECIFIED.,.F.,.F.,(4,1,1,1,1,1,1,1,1,1,1,1,1,4),(0.287567690654621,
0.33123596501205,0.377316190222385,0.425358145980392,0.475284810909443,
0.527027580733164,0.580524838488049,0.63572084328634,0.692564851802697,
0.751010413334937,0.811014796687413,0.872538518781192,0.935544952889889,
0.991573825801253),.UNSPECIFIED.);
#175=B_SPLINE_CURVE_WITH_KNOTS('',3,(#14056,#14057,#14058,#14059,#14060,
#14061,#14062,#14063,#14064,#14065,#14066,#14067,#14068,#14069,#14070,#14071),
 .UNSPECIFIED.,.F.,.F.,(4,1,1,1,1,1,1,1,1,1,1,1,1,4),(0.287567690654621,
0.33123596501205,0.377316190222385,0.425358145980392,0.475284810909443,
0.527027580733164,0.580524838488049,0.63572084328634,0.692564851802697,
0.751010413334937,0.811014796687413,0.872538518781192,0.935544952889889,
0.991573825801253),.UNSPECIFIED.);
#176=B_SPLINE_CURVE_WITH_KNOTS('',3,(#14092,#14093,#14094,#14095,#14096,
#14097,#14098,#14099,#14100,#14101,#14102,#14103,#14104,#14105,#14106,#14107),
 .UNSPECIFIED.,.F.,.F.,(4,1,1,1,1,1,1,1,1,1,1,1,1,4),(0.287567690654621,
0.33123596501205,0.377316190222385,0.425358145980392,0.475284810909443,
0.527027580733164,0.580524838488049,0.63572084328634,0.692564851802697,
0.751010413334937,0.811014796687413,0.872538518781192,0.935544952889889,
0.991573825801253),.UNSPECIFIED.);
#177=B_SPLINE_CURVE_WITH_KNOTS('',3,(#14108,#14109,#14110,#14111,#14112,
#14113,#14114,#14115,#14116,#14117,#14118,#14119,#14120,#14121,#14122,#14123),
 .UNSPECIFIED.,.F.,.F.,(4,1,1,1,1,1,1,1,1,1,1,1,1,4),(0.287567690654621,
0.33123596501205,0.377316190222385,0.425358145980392,0.475284810909443,
0.527027580733164,0.580524838488049,0.63572084328634,0.692564851802697,
0.751010413334937,0.811014796687413,0.872538518781192,0.935544952889889,
0.991573825801253),.UNSPECIFIED.);
#178=B_SPLINE_CURVE_WITH_KNOTS('',3,(#14138,#14139,#14140,#14141,#14142,
#14143,#14144,#14145,#14146,#14147,#14148,#14149,#14150,#14151,#14152,#14153),
 .UNSPECIFIED.,.F.,.F.,(4,1,1,1,1,1,1,1,1,1,1,1,1,4),(0.287567690654621,
0.33123596501205,0.377316190222385,0.425358145980392,0.475284810909443,
0.527027580733164,0.580524838488049,0.63572084328634,0.692564851802697,
0.751010413334937,0.811014796687413,0.872538518781192,0.935544952889889,
0.991573825801253),.UNSPECIFIED.);
#179=B_SPLINE_CURVE_WITH_KNOTS('',3,(#14157,#14158,#14159,#14160,#14161,
#14162,#14163,#14164,#14165,#14166,#14167,#14168,#14169,#14170,#14171,#14172),
 .UNSPECIFIED.,.F.,.F.,(4,1,1,1,1,1,1,1,1,1,1,1,1,4),(0.287567690654621,
0.33123596501205,0.377316190222385,0.425358145980392,0.475284810909443,
0.527027580733164,0.580524838488049,0.63572084328634,0.692564851802697,
0.751010413334937,0.811014796687413,0.872538518781192,0.935544952889889,
0.991573825801253),.UNSPECIFIED.);
#180=B_SPLINE_CURVE_WITH_KNOTS('',3,(#14193,#14194,#14195,#14196,#14197,
#14198,#14199,#14200,#14201,#14202,#14203,#14204,#14205,#14206,#14207,#14208),
 .UNSPECIFIED.,.F.,.F.,(4,1,1,1,1,1,1,1,1,1,1,1,1,4),(0.287567690654621,
0.33123596501205,0.377316190222385,0.425358145980392,0.475284810909443,
0.527027580733164,0.580524838488049,0.63572084328634,0.692564851802697,
0.751010413334937,0.811014796687413,0.872538518781192,0.935544952889889,
0.991573825801253),.UNSPECIFIED.);
#181=B_SPLINE_CURVE_WITH_KNOTS('',3,(#14209,#14210,#14211,#14212,#14213,
#14214,#14215,#14216,#14217,#14218,#14219,#14220,#14221,#14222,#14223,#14224),
 .UNSPECIFIED.,.F.,.F.,(4,1,1,1,1,1,1,1,1,1,1,1,1,4),(0.287567690654621,
0.33123596501205,0.377316190222385,0.425358145980392,0.475284810909443,
0.527027580733164,0.580524838488049,0.63572084328634,0.692564851802697,
0.751010413334937,0.811014796687413,0.872538518781192,0.935544952889889,
0.991573825801253),.UNSPECIFIED.);
#182=B_SPLINE_CURVE_WITH_KNOTS('',3,(#14239,#14240,#14241,#14242,#14243,
#14244,#14245,#14246,#14247,#14248,#14249,#14250,#14251,#14252,#14253,#14254),
 .UNSPECIFIED.,.F.,.F.,(4,1,1,1,1,1,1,1,1,1,1,1,1,4),(0.287567690654621,
0.33123596501205,0.377316190222385,0.425358145980392,0.475284810909443,
0.527027580733164,0.580524838488049,0.63572084328634,0.692564851802697,
0.751010413334937,0.811014796687413,0.872538518781192,0.935544952889889,
0.991573825801253),.UNSPECIFIED.);
#183=B_SPLINE_CURVE_WITH_KNOTS('',3,(#14258,#14259,#14260,#14261,#14262,
#14263,#14264,#14265,#14266,#14267,#14268,#14269,#14270,#14271,#14272,#14273),
 .UNSPECIFIED.,.F.,.F.,(4,1,1,1,1,1,1,1,1,1,1,1,1,4),(0.287567690654621,
0.33123596501205,0.377316190222385,0.425358145980392,0.475284810909443,
0.527027580733164,0.580524838488049,0.63572084328634,0.692564851802697,
0.751010413334937,0.811014796687413,0.872538518781192,0.935544952889889,
0.991573825801253),.UNSPECIFIED.);
#184=B_SPLINE_CURVE_WITH_KNOTS('',3,(#14294,#14295,#14296,#14297,#14298,
#14299,#14300,#14301,#14302,#14303,#14304,#14305,#14306,#14307,#14308,#14309),
 .UNSPECIFIED.,.F.,.F.,(4,1,1,1,1,1,1,1,1,1,1,1,1,4),(0.287567690654621,
0.33123596501205,0.377316190222385,0.425358145980392,0.475284810909443,
0.527027580733164,0.580524838488049,0.63572084328634,0.692564851802697,
0.751010413334937,0.811014796687413,0.872538518781192,0.935544952889889,
0.991573825801253),.UNSPECIFIED.);
#185=B_SPLINE_CURVE_WITH_KNOTS('',3,(#14310,#14311,#14312,#14313,#14314,
#14315,#14316,#14317,#14318,#14319,#14320,#14321,#14322,#14323,#14324,#14325),
 .UNSPECIFIED.,.F.,.F.,(4,1,1,1,1,1,1,1,1,1,1,1,1,4),(0.287567690654621,
0.33123596501205,0.377316190222385,0.425358145980392,0.475284810909443,
0.527027580733164,0.580524838488049,0.63572084328634,0.692564851802697,
0.751010413334937,0.811014796687413,0.872538518781192,0.935544952889889,
0.991573825801253),.UNSPECIFIED.);
#186=B_SPLINE_CURVE_WITH_KNOTS('',3,(#14340,#14341,#14342,#14343,#14344,
#14345,#14346,#14347,#14348,#14349,#14350,#14351,#14352,#14353,#14354,#14355),
 .UNSPECIFIED.,.F.,.F.,(4,1,1,1,1,1,1,1,1,1,1,1,1,4),(0.287567690654621,
0.33123596501205,0.377316190222385,0.425358145980392,0.475284810909443,
0.527027580733164,0.580524838488049,0.63572084328634,0.692564851802697,
0.751010413334937,0.811014796687413,0.872538518781192,0.935544952889889,
0.991573825801253),.UNSPECIFIED.);
#187=B_SPLINE_CURVE_WITH_KNOTS('',3,(#14359,#14360,#14361,#14362,#14363,
#14364,#14365,#14366,#14367,#14368,#14369,#14370,#14371,#14372,#14373,#14374),
 .UNSPECIFIED.,.F.,.F.,(4,1,1,1,1,1,1,1,1,1,1,1,1,4),(0.287567690654621,
0.33123596501205,0.377316190222385,0.425358145980392,0.475284810909443,
0.527027580733164,0.580524838488049,0.63572084328634,0.692564851802697,
0.751010413334937,0.811014796687413,0.872538518781192,0.935544952889889,
0.991573825801253),.UNSPECIFIED.);
#188=B_SPLINE_CURVE_WITH_KNOTS('',3,(#14395,#14396,#14397,#14398,#14399,
#14400,#14401,#14402,#14403,#14404,#14405,#14406,#14407,#14408,#14409,#14410),
 .UNSPECIFIED.,.F.,.F.,(4,1,1,1,1,1,1,1,1,1,1,1,1,4),(0.287567690654621,
0.33123596501205,0.377316190222385,0.425358145980392,0.475284810909443,
0.527027580733164,0.580524838488049,0.63572084328634,0.692564851802697,
0.751010413334937,0.811014796687413,0.872538518781192,0.935544952889889,
0.991573825801253),.UNSPECIFIED.);
#189=B_SPLINE_CURVE_WITH_KNOTS('',3,(#14411,#14412,#14413,#14414,#14415,
#14416,#14417,#14418,#14419,#14420,#14421,#14422,#14423,#14424,#14425,#14426),
 .UNSPECIFIED.,.F.,.F.,(4,1,1,1,1,1,1,1,1,1,1,1,1,4),(0.287567690654621,
0.33123596501205,0.377316190222385,0.425358145980392,0.475284810909443,
0.527027580733164,0.580524838488049,0.63572084328634,0.692564851802697,
0.751010413334937,0.811014796687413,0.872538518781192,0.935544952889889,
0.991573825801253),.UNSPECIFIED.);
#190=B_SPLINE_CURVE_WITH_KNOTS('',3,(#14441,#14442,#14443,#14444,#14445,
#14446,#14447,#14448,#14449,#14450,#14451,#14452,#14453,#14454,#14455,#14456),
 .UNSPECIFIED.,.F.,.F.,(4,1,1,1,1,1,1,1,1,1,1,1,1,4),(0.287567690654621,
0.33123596501205,0.377316190222385,0.425358145980392,0.475284810909443,
0.527027580733164,0.580524838488049,0.63572084328634,0.692564851802697,
0.751010413334937,0.811014796687413,0.872538518781192,0.935544952889889,
0.991573825801253),.UNSPECIFIED.);
#191=B_SPLINE_CURVE_WITH_KNOTS('',3,(#14460,#14461,#14462,#14463,#14464,
#14465,#14466,#14467,#14468,#14469,#14470,#14471,#14472,#14473,#14474,#14475),
 .UNSPECIFIED.,.F.,.F.,(4,1,1,1,1,1,1,1,1,1,1,1,1,4),(0.287567690654621,
0.33123596501205,0.377316190222385,0.425358145980392,0.475284810909443,
0.527027580733164,0.580524838488049,0.63572084328634,0.692564851802697,
0.751010413334937,0.811014796687413,0.872538518781192,0.935544952889889,
0.991573825801253),.UNSPECIFIED.);
#192=B_SPLINE_CURVE_WITH_KNOTS('',3,(#14496,#14497,#14498,#14499,#14500,
#14501,#14502,#14503,#14504,#14505,#14506,#14507,#14508,#14509,#14510,#14511),
 .UNSPECIFIED.,.F.,.F.,(4,1,1,1,1,1,1,1,1,1,1,1,1,4),(0.287567690654621,
0.33123596501205,0.377316190222385,0.425358145980392,0.475284810909443,
0.527027580733164,0.580524838488049,0.63572084328634,0.692564851802697,
0.751010413334937,0.811014796687413,0.872538518781192,0.935544952889889,
0.991573825801253),.UNSPECIFIED.);
#193=B_SPLINE_CURVE_WITH_KNOTS('',3,(#14512,#14513,#14514,#14515,#14516,
#14517,#14518,#14519,#14520,#14521,#14522,#14523,#14524,#14525,#14526,#14527),
 .UNSPECIFIED.,.F.,.F.,(4,1,1,1,1,1,1,1,1,1,1,1,1,4),(0.287567690654621,
0.33123596501205,0.377316190222385,0.425358145980392,0.475284810909443,
0.527027580733164,0.580524838488049,0.63572084328634,0.692564851802697,
0.751010413334937,0.811014796687413,0.872538518781192,0.935544952889889,
0.991573825801253),.UNSPECIFIED.);
#194=B_SPLINE_CURVE_WITH_KNOTS('',3,(#14542,#14543,#14544,#14545,#14546,
#14547,#14548,#14549,#14550,#14551,#14552,#14553,#14554,#14555,#14556,#14557),
 .UNSPECIFIED.,.F.,.F.,(4,1,1,1,1,1,1,1,1,1,1,1,1,4),(0.287567690654621,
0.33123596501205,0.377316190222385,0.425358145980392,0.475284810909443,
0.527027580733164,0.580524838488049,0.63572084328634,0.692564851802697,
0.751010413334937,0.811014796687413,0.872538518781192,0.935544952889889,
0.991573825801253),.UNSPECIFIED.);
#195=B_SPLINE_CURVE_WITH_KNOTS('',3,(#14561,#14562,#14563,#14564,#14565,
#14566,#14567,#14568,#14569,#14570,#14571,#14572,#14573,#14574,#14575,#14576),
 .UNSPECIFIED.,.F.,.F.,(4,1,1,1,1,1,1,1,1,1,1,1,1,4),(0.287567690654621,
0.33123596501205,0.377316190222385,0.425358145980392,0.475284810909443,
0.527027580733164,0.580524838488049,0.63572084328634,0.692564851802697,
0.751010413334937,0.811014796687413,0.872538518781192,0.935544952889889,
0.991573825801253),.UNSPECIFIED.);
#196=B_SPLINE_CURVE_WITH_KNOTS('',3,(#14597,#14598,#14599,#14600,#14601,
#14602,#14603,#14604,#14605,#14606,#14607,#14608,#14609,#14610,#14611,#14612),
 .UNSPECIFIED.,.F.,.F.,(4,1,1,1,1,1,1,1,1,1,1,1,1,4),(0.287567690654621,
0.33123596501205,0.377316190222385,0.425358145980392,0.475284810909443,
0.527027580733164,0.580524838488049,0.63572084328634,0.692564851802697,
0.751010413334937,0.811014796687413,0.872538518781192,0.935544952889889,
0.991573825801253),.UNSPECIFIED.);
#197=B_SPLINE_CURVE_WITH_KNOTS('',3,(#14613,#14614,#14615,#14616,#14617,
#14618,#14619,#14620,#14621,#14622,#14623,#14624,#14625,#14626,#14627,#14628),
 .UNSPECIFIED.,.F.,.F.,(4,1,1,1,1,1,1,1,1,1,1,1,1,4),(0.287567690654621,
0.33123596501205,0.377316190222385,0.425358145980392,0.475284810909443,
0.527027580733164,0.580524838488049,0.63572084328634,0.692564851802697,
0.751010413334937,0.811014796687413,0.872538518781192,0.935544952889889,
0.991573825801253),.UNSPECIFIED.);
#198=B_SPLINE_CURVE_WITH_KNOTS('',3,(#14643,#14644,#14645,#14646,#14647,
#14648,#14649,#14650,#14651,#14652,#14653,#14654,#14655,#14656,#14657,#14658),
 .UNSPECIFIED.,.F.,.F.,(4,1,1,1,1,1,1,1,1,1,1,1,1,4),(0.287567690654621,
0.33123596501205,0.377316190222385,0.425358145980392,0.475284810909443,
0.527027580733164,0.580524838488049,0.63572084328634,0.692564851802697,
0.751010413334937,0.811014796687413,0.872538518781192,0.935544952889889,
0.991573825801253),.UNSPECIFIED.);
#199=B_SPLINE_CURVE_WITH_KNOTS('',3,(#14662,#14663,#14664,#14665,#14666,
#14667,#14668,#14669,#14670,#14671,#14672,#14673,#14674,#14675,#14676,#14677),
 .UNSPECIFIED.,.F.,.F.,(4,1,1,1,1,1,1,1,1,1,1,1,1,4),(0.287567690654621,
0.33123596501205,0.377316190222385,0.425358145980392,0.475284810909443,
0.527027580733164,0.580524838488049,0.63572084328634,0.692564851802697,
0.751010413334937,0.811014796687413,0.872538518781192,0.935544952889889,
0.991573825801253),.UNSPECIFIED.);
#200=B_SPLINE_CURVE_WITH_KNOTS('',3,(#14698,#14699,#14700,#14701,#14702,
#14703,#14704,#14705,#14706,#14707,#14708,#14709,#14710,#14711,#14712,#14713),
 .UNSPECIFIED.,.F.,.F.,(4,1,1,1,1,1,1,1,1,1,1,1,1,4),(0.287567690654621,
0.33123596501205,0.377316190222385,0.425358145980392,0.475284810909443,
0.527027580733164,0.580524838488049,0.63572084328634,0.692564851802697,
0.751010413334937,0.811014796687413,0.872538518781192,0.935544952889889,
0.991573825801253),.UNSPECIFIED.);
#201=B_SPLINE_CURVE_WITH_KNOTS('',3,(#14714,#14715,#14716,#14717,#14718,
#14719,#14720,#14721,#14722,#14723,#14724,#14725,#14726,#14727,#14728,#14729),
 .UNSPECIFIED.,.F.,.F.,(4,1,1,1,1,1,1,1,1,1,1,1,1,4),(0.287567690654621,
0.33123596501205,0.377316190222385,0.425358145980392,0.475284810909443,
0.527027580733164,0.580524838488049,0.63572084328634,0.692564851802697,
0.751010413334937,0.811014796687413,0.872538518781192,0.935544952889889,
0.991573825801253),.UNSPECIFIED.);
#202=B_SPLINE_CURVE_WITH_KNOTS('',3,(#14744,#14745,#14746,#14747,#14748,
#14749,#14750,#14751,#14752,#14753,#14754,#14755,#14756,#14757,#14758,#14759),
 .UNSPECIFIED.,.F.,.F.,(4,1,1,1,1,1,1,1,1,1,1,1,1,4),(0.287567690654621,
0.33123596501205,0.377316190222385,0.425358145980392,0.475284810909443,
0.527027580733164,0.580524838488049,0.63572084328634,0.692564851802697,
0.751010413334937,0.811014796687413,0.872538518781192,0.935544952889889,
0.991573825801253),.UNSPECIFIED.);
#203=B_SPLINE_CURVE_WITH_KNOTS('',3,(#14763,#14764,#14765,#14766,#14767,
#14768,#14769,#14770,#14771,#14772,#14773,#14774,#14775,#14776,#14777,#14778),
 .UNSPECIFIED.,.F.,.F.,(4,1,1,1,1,1,1,1,1,1,1,1,1,4),(0.287567690654621,
0.33123596501205,0.377316190222385,0.425358145980392,0.475284810909443,
0.527027580733164,0.580524838488049,0.63572084328634,0.692564851802697,
0.751010413334937,0.811014796687413,0.872538518781192,0.935544952889889,
0.991573825801253),.UNSPECIFIED.);
#204=B_SPLINE_CURVE_WITH_KNOTS('',3,(#14799,#14800,#14801,#14802,#14803,
#14804,#14805,#14806,#14807,#14808,#14809,#14810,#14811,#14812,#14813,#14814),
 .UNSPECIFIED.,.F.,.F.,(4,1,1,1,1,1,1,1,1,1,1,1,1,4),(0.287567690654621,
0.33123596501205,0.377316190222385,0.425358145980392,0.475284810909443,
0.527027580733164,0.580524838488049,0.63572084328634,0.692564851802697,
0.751010413334937,0.811014796687413,0.872538518781192,0.935544952889889,
0.991573825801253),.UNSPECIFIED.);
#205=B_SPLINE_CURVE_WITH_KNOTS('',3,(#14815,#14816,#14817,#14818,#14819,
#14820,#14821,#14822,#14823,#14824,#14825,#14826,#14827,#14828,#14829,#14830),
 .UNSPECIFIED.,.F.,.F.,(4,1,1,1,1,1,1,1,1,1,1,1,1,4),(0.287567690654621,
0.33123596501205,0.377316190222385,0.425358145980392,0.475284810909443,
0.527027580733164,0.580524838488049,0.63572084328634,0.692564851802697,
0.751010413334937,0.811014796687413,0.872538518781192,0.935544952889889,
0.991573825801253),.UNSPECIFIED.);
#206=B_SPLINE_CURVE_WITH_KNOTS('',3,(#14845,#14846,#14847,#14848,#14849,
#14850,#14851,#14852,#14853,#14854,#14855,#14856,#14857,#14858,#14859,#14860),
 .UNSPECIFIED.,.F.,.F.,(4,1,1,1,1,1,1,1,1,1,1,1,1,4),(0.287567690654621,
0.33123596501205,0.377316190222385,0.425358145980392,0.475284810909443,
0.527027580733164,0.580524838488049,0.63572084328634,0.692564851802697,
0.751010413334937,0.811014796687413,0.872538518781192,0.935544952889889,
0.991573825801253),.UNSPECIFIED.);
#207=B_SPLINE_CURVE_WITH_KNOTS('',3,(#14864,#14865,#14866,#14867,#14868,
#14869,#14870,#14871,#14872,#14873,#14874,#14875,#14876,#14877,#14878,#14879),
 .UNSPECIFIED.,.F.,.F.,(4,1,1,1,1,1,1,1,1,1,1,1,1,4),(0.287567690654621,
0.33123596501205,0.377316190222385,0.425358145980392,0.475284810909443,
0.527027580733164,0.580524838488049,0.63572084328634,0.692564851802697,
0.751010413334937,0.811014796687413,0.872538518781192,0.935544952889889,
0.991573825801253),.UNSPECIFIED.);
#208=B_SPLINE_CURVE_WITH_KNOTS('',3,(#14900,#14901,#14902,#14903,#14904,
#14905,#14906,#14907,#14908,#14909,#14910,#14911,#14912,#14913,#14914,#14915),
 .UNSPECIFIED.,.F.,.F.,(4,1,1,1,1,1,1,1,1,1,1,1,1,4),(0.287567690654621,
0.33123596501205,0.377316190222385,0.425358145980392,0.475284810909443,
0.527027580733164,0.580524838488049,0.63572084328634,0.692564851802697,
0.751010413334937,0.811014796687413,0.872538518781192,0.935544952889889,
0.991573825801253),.UNSPECIFIED.);
#209=B_SPLINE_CURVE_WITH_KNOTS('',3,(#14916,#14917,#14918,#14919,#14920,
#14921,#14922,#14923,#14924,#14925,#14926,#14927,#14928,#14929,#14930,#14931),
 .UNSPECIFIED.,.F.,.F.,(4,1,1,1,1,1,1,1,1,1,1,1,1,4),(0.287567690654621,
0.33123596501205,0.377316190222385,0.425358145980392,0.475284810909443,
0.527027580733164,0.580524838488049,0.63572084328634,0.692564851802697,
0.751010413334937,0.811014796687413,0.872538518781192,0.935544952889889,
0.991573825801253),.UNSPECIFIED.);
#210=B_SPLINE_CURVE_WITH_KNOTS('',3,(#14946,#14947,#14948,#14949,#14950,
#14951,#14952,#14953,#14954,#14955,#14956,#14957,#14958,#14959,#14960,#14961),
 .UNSPECIFIED.,.F.,.F.,(4,1,1,1,1,1,1,1,1,1,1,1,1,4),(0.287567690654621,
0.33123596501205,0.377316190222385,0.425358145980392,0.475284810909443,
0.527027580733164,0.580524838488049,0.63572084328634,0.692564851802697,
0.751010413334937,0.811014796687413,0.872538518781192,0.935544952889889,
0.991573825801253),.UNSPECIFIED.);
#211=B_SPLINE_CURVE_WITH_KNOTS('',3,(#14965,#14966,#14967,#14968,#14969,
#14970,#14971,#14972,#14973,#14974,#14975,#14976,#14977,#14978,#14979,#14980),
 .UNSPECIFIED.,.F.,.F.,(4,1,1,1,1,1,1,1,1,1,1,1,1,4),(0.287567690654621,
0.33123596501205,0.377316190222385,0.425358145980392,0.475284810909443,
0.527027580733164,0.580524838488049,0.63572084328634,0.692564851802697,
0.751010413334937,0.811014796687413,0.872538518781192,0.935544952889889,
0.991573825801253),.UNSPECIFIED.);
#212=B_SPLINE_CURVE_WITH_KNOTS('',3,(#15001,#15002,#15003,#15004,#15005,
#15006,#15007,#15008,#15009,#15010,#15011,#15012,#15013,#15014,#15015,#15016),
 .UNSPECIFIED.,.F.,.F.,(4,1,1,1,1,1,1,1,1,1,1,1,1,4),(0.287567690654621,
0.33123596501205,0.377316190222385,0.425358145980392,0.475284810909443,
0.527027580733164,0.580524838488049,0.63572084328634,0.692564851802697,
0.751010413334937,0.811014796687413,0.872538518781192,0.935544952889889,
0.991573825801253),.UNSPECIFIED.);
#213=B_SPLINE_CURVE_WITH_KNOTS('',3,(#15017,#15018,#15019,#15020,#15021,
#15022,#15023,#15024,#15025,#15026,#15027,#15028,#15029,#15030,#15031,#15032),
 .UNSPECIFIED.,.F.,.F.,(4,1,1,1,1,1,1,1,1,1,1,1,1,4),(0.287567690654621,
0.33123596501205,0.377316190222385,0.425358145980392,0.475284810909443,
0.527027580733164,0.580524838488049,0.63572084328634,0.692564851802697,
0.751010413334937,0.811014796687413,0.872538518781192,0.935544952889889,
0.991573825801253),.UNSPECIFIED.);
#214=B_SPLINE_CURVE_WITH_KNOTS('',3,(#15047,#15048,#15049,#15050,#15051,
#15052,#15053,#15054,#15055,#15056,#15057,#15058,#15059,#15060,#15061,#15062),
 .UNSPECIFIED.,.F.,.F.,(4,1,1,1,1,1,1,1,1,1,1,1,1,4),(0.287567690654621,
0.33123596501205,0.377316190222385,0.425358145980392,0.475284810909443,
0.527027580733164,0.580524838488049,0.63572084328634,0.692564851802697,
0.751010413334937,0.811014796687413,0.872538518781192,0.935544952889889,
0.991573825801253),.UNSPECIFIED.);
#215=B_SPLINE_CURVE_WITH_KNOTS('',3,(#15066,#15067,#15068,#15069,#15070,
#15071,#15072,#15073,#15074,#15075,#15076,#15077,#15078,#15079,#15080,#15081),
 .UNSPECIFIED.,.F.,.F.,(4,1,1,1,1,1,1,1,1,1,1,1,1,4),(0.287567690654621,
0.33123596501205,0.377316190222385,0.425358145980392,0.475284810909443,
0.527027580733164,0.580524838488049,0.63572084328634,0.692564851802697,
0.751010413334937,0.811014796687413,0.872538518781192,0.935544952889889,
0.991573825801253),.UNSPECIFIED.);
#216=B_SPLINE_CURVE_WITH_KNOTS('',3,(#15102,#15103,#15104,#15105,#15106,
#15107,#15108,#15109,#15110,#15111,#15112,#15113,#15114,#15115,#15116,#15117),
 .UNSPECIFIED.,.F.,.F.,(4,1,1,1,1,1,1,1,1,1,1,1,1,4),(0.287567690654621,
0.33123596501205,0.377316190222385,0.425358145980392,0.475284810909443,
0.527027580733164,0.580524838488049,0.63572084328634,0.692564851802697,
0.751010413334937,0.811014796687413,0.872538518781192,0.935544952889889,
0.991573825801253),.UNSPECIFIED.);
#217=B_SPLINE_CURVE_WITH_KNOTS('',3,(#15118,#15119,#15120,#15121,#15122,
#15123,#15124,#15125,#15126,#15127,#15128,#15129,#15130,#15131,#15132,#15133),
 .UNSPECIFIED.,.F.,.F.,(4,1,1,1,1,1,1,1,1,1,1,1,1,4),(0.287567690654621,
0.33123596501205,0.377316190222385,0.425358145980392,0.475284810909443,
0.527027580733164,0.580524838488049,0.63572084328634,0.692564851802697,
0.751010413334937,0.811014796687413,0.872538518781192,0.935544952889889,
0.991573825801253),.UNSPECIFIED.);
#218=B_SPLINE_CURVE_WITH_KNOTS('',3,(#15148,#15149,#15150,#15151,#15152,
#15153,#15154,#15155,#15156,#15157,#15158,#15159,#15160,#15161,#15162,#15163),
 .UNSPECIFIED.,.F.,.F.,(4,1,1,1,1,1,1,1,1,1,1,1,1,4),(0.287567690654621,
0.33123596501205,0.377316190222385,0.425358145980392,0.475284810909443,
0.527027580733164,0.580524838488049,0.63572084328634,0.692564851802697,
0.751010413334937,0.811014796687413,0.872538518781192,0.935544952889889,
0.991573825801253),.UNSPECIFIED.);
#219=B_SPLINE_CURVE_WITH_KNOTS('',3,(#15167,#15168,#15169,#15170,#15171,
#15172,#15173,#15174,#15175,#15176,#15177,#15178,#15179,#15180,#15181,#15182),
 .UNSPECIFIED.,.F.,.F.,(4,1,1,1,1,1,1,1,1,1,1,1,1,4),(0.287567690654621,
0.33123596501205,0.377316190222385,0.425358145980392,0.475284810909443,
0.527027580733164,0.580524838488049,0.63572084328634,0.692564851802697,
0.751010413334937,0.811014796687413,0.872538518781192,0.935544952889889,
0.991573825801253),.UNSPECIFIED.);
#220=B_SPLINE_CURVE_WITH_KNOTS('',3,(#15203,#15204,#15205,#15206,#15207,
#15208,#15209,#15210,#15211,#15212,#15213,#15214,#15215,#15216,#15217,#15218),
 .UNSPECIFIED.,.F.,.F.,(4,1,1,1,1,1,1,1,1,1,1,1,1,4),(0.287567690654621,
0.33123596501205,0.377316190222385,0.425358145980392,0.475284810909443,
0.527027580733164,0.580524838488049,0.63572084328634,0.692564851802697,
0.751010413334937,0.811014796687413,0.872538518781192,0.935544952889889,
0.991573825801253),.UNSPECIFIED.);
#221=B_SPLINE_CURVE_WITH_KNOTS('',3,(#15219,#15220,#15221,#15222,#15223,
#15224,#15225,#15226,#15227,#15228,#15229,#15230,#15231,#15232,#15233,#15234),
 .UNSPECIFIED.,.F.,.F.,(4,1,1,1,1,1,1,1,1,1,1,1,1,4),(0.287567690654621,
0.33123596501205,0.377316190222385,0.425358145980392,0.475284810909443,
0.527027580733164,0.580524838488049,0.63572084328634,0.692564851802697,
0.751010413334937,0.811014796687413,0.872538518781192,0.935544952889889,
0.991573825801253),.UNSPECIFIED.);
#222=B_SPLINE_CURVE_WITH_KNOTS('',3,(#15249,#15250,#15251,#15252,#15253,
#15254,#15255,#15256,#15257,#15258,#15259,#15260,#15261,#15262,#15263,#15264),
 .UNSPECIFIED.,.F.,.F.,(4,1,1,1,1,1,1,1,1,1,1,1,1,4),(0.287567690654621,
0.33123596501205,0.377316190222385,0.425358145980392,0.475284810909443,
0.527027580733164,0.580524838488049,0.63572084328634,0.692564851802697,
0.751010413334937,0.811014796687413,0.872538518781192,0.935544952889889,
0.991573825801253),.UNSPECIFIED.);
#223=B_SPLINE_CURVE_WITH_KNOTS('',3,(#15268,#15269,#15270,#15271,#15272,
#15273,#15274,#15275,#15276,#15277,#15278,#15279,#15280,#15281,#15282,#15283),
 .UNSPECIFIED.,.F.,.F.,(4,1,1,1,1,1,1,1,1,1,1,1,1,4),(0.287567690654621,
0.33123596501205,0.377316190222385,0.425358145980392,0.475284810909443,
0.527027580733164,0.580524838488049,0.63572084328634,0.692564851802697,
0.751010413334937,0.811014796687413,0.872538518781192,0.935544952889889,
0.991573825801253),.UNSPECIFIED.);
#224=B_SPLINE_CURVE_WITH_KNOTS('',3,(#15304,#15305,#15306,#15307,#15308,
#15309,#15310,#15311,#15312,#15313,#15314,#15315,#15316,#15317,#15318,#15319),
 .UNSPECIFIED.,.F.,.F.,(4,1,1,1,1,1,1,1,1,1,1,1,1,4),(0.287567690654621,
0.33123596501205,0.377316190222385,0.425358145980392,0.475284810909443,
0.527027580733164,0.580524838488049,0.63572084328634,0.692564851802697,
0.751010413334937,0.811014796687413,0.872538518781192,0.935544952889889,
0.991573825801253),.UNSPECIFIED.);
#225=B_SPLINE_CURVE_WITH_KNOTS('',3,(#15320,#15321,#15322,#15323,#15324,
#15325,#15326,#15327,#15328,#15329,#15330,#15331,#15332,#15333,#15334,#15335),
 .UNSPECIFIED.,.F.,.F.,(4,1,1,1,1,1,1,1,1,1,1,1,1,4),(0.287567690654621,
0.33123596501205,0.377316190222385,0.425358145980392,0.475284810909443,
0.527027580733164,0.580524838488049,0.63572084328634,0.692564851802697,
0.751010413334937,0.811014796687413,0.872538518781192,0.935544952889889,
0.991573825801253),.UNSPECIFIED.);
#226=B_SPLINE_CURVE_WITH_KNOTS('',3,(#15350,#15351,#15352,#15353,#15354,
#15355,#15356,#15357,#15358,#15359,#15360,#15361,#15362,#15363,#15364,#15365),
 .UNSPECIFIED.,.F.,.F.,(4,1,1,1,1,1,1,1,1,1,1,1,1,4),(0.287567690654621,
0.33123596501205,0.377316190222385,0.425358145980392,0.475284810909443,
0.527027580733164,0.580524838488049,0.63572084328634,0.692564851802697,
0.751010413334937,0.811014796687413,0.872538518781192,0.935544952889889,
0.991573825801253),.UNSPECIFIED.);
#227=B_SPLINE_CURVE_WITH_KNOTS('',3,(#15369,#15370,#15371,#15372,#15373,
#15374,#15375,#15376,#15377,#15378,#15379,#15380,#15381,#15382,#15383,#15384),
 .UNSPECIFIED.,.F.,.F.,(4,1,1,1,1,1,1,1,1,1,1,1,1,4),(0.287567690654621,
0.33123596501205,0.377316190222385,0.425358145980392,0.475284810909443,
0.527027580733164,0.580524838488049,0.63572084328634,0.692564851802697,
0.751010413334937,0.811014796687413,0.872538518781192,0.935544952889889,
0.991573825801253),.UNSPECIFIED.);
#228=B_SPLINE_CURVE_WITH_KNOTS('',3,(#15405,#15406,#15407,#15408,#15409,
#15410,#15411,#15412,#15413,#15414,#15415,#15416,#15417,#15418,#15419,#15420),
 .UNSPECIFIED.,.F.,.F.,(4,1,1,1,1,1,1,1,1,1,1,1,1,4),(0.287567690654621,
0.33123596501205,0.377316190222385,0.425358145980392,0.475284810909443,
0.527027580733164,0.580524838488049,0.63572084328634,0.692564851802697,
0.751010413334937,0.811014796687413,0.872538518781192,0.935544952889889,
0.991573825801253),.UNSPECIFIED.);
#229=B_SPLINE_CURVE_WITH_KNOTS('',3,(#15421,#15422,#15423,#15424,#15425,
#15426,#15427,#15428,#15429,#15430,#15431,#15432,#15433,#15434,#15435,#15436),
 .UNSPECIFIED.,.F.,.F.,(4,1,1,1,1,1,1,1,1,1,1,1,1,4),(0.287567690654621,
0.33123596501205,0.377316190222385,0.425358145980392,0.475284810909443,
0.527027580733164,0.580524838488049,0.63572084328634,0.692564851802697,
0.751010413334937,0.811014796687413,0.872538518781192,0.935544952889889,
0.991573825801253),.UNSPECIFIED.);
#230=B_SPLINE_CURVE_WITH_KNOTS('',3,(#15451,#15452,#15453,#15454,#15455,
#15456,#15457,#15458,#15459,#15460,#15461,#15462,#15463,#15464,#15465,#15466),
 .UNSPECIFIED.,.F.,.F.,(4,1,1,1,1,1,1,1,1,1,1,1,1,4),(0.287567690654621,
0.33123596501205,0.377316190222385,0.425358145980392,0.475284810909443,
0.527027580733164,0.580524838488049,0.63572084328634,0.692564851802697,
0.751010413334937,0.811014796687413,0.872538518781192,0.935544952889889,
0.991573825801253),.UNSPECIFIED.);
#231=B_SPLINE_CURVE_WITH_KNOTS('',3,(#15470,#15471,#15472,#15473,#15474,
#15475,#15476,#15477,#15478,#15479,#15480,#15481,#15482,#15483,#15484,#15485),
 .UNSPECIFIED.,.F.,.F.,(4,1,1,1,1,1,1,1,1,1,1,1,1,4),(0.287567690654621,
0.33123596501205,0.377316190222385,0.425358145980392,0.475284810909443,
0.527027580733164,0.580524838488049,0.63572084328634,0.692564851802697,
0.751010413334937,0.811014796687413,0.872538518781192,0.935544952889889,
0.991573825801253),.UNSPECIFIED.);
#232=B_SPLINE_CURVE_WITH_KNOTS('',3,(#15506,#15507,#15508,#15509,#15510,
#15511,#15512,#15513,#15514,#15515,#15516,#15517,#15518,#15519,#15520,#15521),
 .UNSPECIFIED.,.F.,.F.,(4,1,1,1,1,1,1,1,1,1,1,1,1,4),(0.287567690654621,
0.33123596501205,0.377316190222385,0.425358145980392,0.475284810909443,
0.527027580733164,0.580524838488049,0.63572084328634,0.692564851802697,
0.751010413334937,0.811014796687413,0.872538518781192,0.935544952889889,
0.991573825801253),.UNSPECIFIED.);
#233=B_SPLINE_CURVE_WITH_KNOTS('',3,(#15522,#15523,#15524,#15525,#15526,
#15527,#15528,#15529,#15530,#15531,#15532,#15533,#15534,#15535,#15536,#15537),
 .UNSPECIFIED.,.F.,.F.,(4,1,1,1,1,1,1,1,1,1,1,1,1,4),(0.287567690654621,
0.33123596501205,0.377316190222385,0.425358145980392,0.475284810909443,
0.527027580733164,0.580524838488049,0.63572084328634,0.692564851802697,
0.751010413334937,0.811014796687413,0.872538518781192,0.935544952889889,
0.991573825801253),.UNSPECIFIED.);
#234=B_SPLINE_CURVE_WITH_KNOTS('',3,(#15552,#15553,#15554,#15555,#15556,
#15557,#15558,#15559,#15560,#15561,#15562,#15563,#15564,#15565,#15566,#15567),
 .UNSPECIFIED.,.F.,.F.,(4,1,1,1,1,1,1,1,1,1,1,1,1,4),(0.287567690654621,
0.33123596501205,0.377316190222385,0.425358145980392,0.475284810909443,
0.527027580733164,0.580524838488049,0.63572084328634,0.692564851802697,
0.751010413334937,0.811014796687413,0.872538518781192,0.935544952889889,
0.991573825801253),.UNSPECIFIED.);
#235=B_SPLINE_CURVE_WITH_KNOTS('',3,(#15571,#15572,#15573,#15574,#15575,
#15576,#15577,#15578,#15579,#15580,#15581,#15582,#15583,#15584,#15585,#15586),
 .UNSPECIFIED.,.F.,.F.,(4,1,1,1,1,1,1,1,1,1,1,1,1,4),(0.287567690654621,
0.33123596501205,0.377316190222385,0.425358145980392,0.475284810909443,
0.527027580733164,0.580524838488049,0.63572084328634,0.692564851802697,
0.751010413334937,0.811014796687413,0.872538518781192,0.935544952889889,
0.991573825801253),.UNSPECIFIED.);
#236=B_SPLINE_CURVE_WITH_KNOTS('',3,(#15607,#15608,#15609,#15610,#15611,
#15612,#15613,#15614,#15615,#15616,#15617,#15618,#15619,#15620,#15621,#15622),
 .UNSPECIFIED.,.F.,.F.,(4,1,1,1,1,1,1,1,1,1,1,1,1,4),(0.287567690654621,
0.33123596501205,0.377316190222385,0.425358145980392,0.475284810909443,
0.527027580733164,0.580524838488049,0.63572084328634,0.692564851802697,
0.751010413334937,0.811014796687413,0.872538518781192,0.935544952889889,
0.991573825801253),.UNSPECIFIED.);
#237=B_SPLINE_CURVE_WITH_KNOTS('',3,(#15623,#15624,#15625,#15626,#15627,
#15628,#15629,#15630,#15631,#15632,#15633,#15634,#15635,#15636,#15637,#15638),
 .UNSPECIFIED.,.F.,.F.,(4,1,1,1,1,1,1,1,1,1,1,1,1,4),(0.287567690654621,
0.33123596501205,0.377316190222385,0.425358145980392,0.475284810909443,
0.527027580733164,0.580524838488049,0.63572084328634,0.692564851802697,
0.751010413334937,0.811014796687413,0.872538518781192,0.935544952889889,
0.991573825801253),.UNSPECIFIED.);
#238=B_SPLINE_CURVE_WITH_KNOTS('',3,(#15653,#15654,#15655,#15656,#15657,
#15658,#15659,#15660,#15661,#15662,#15663,#15664,#15665,#15666,#15667,#15668),
 .UNSPECIFIED.,.F.,.F.,(4,1,1,1,1,1,1,1,1,1,1,1,1,4),(0.287567690654621,
0.33123596501205,0.377316190222385,0.425358145980392,0.475284810909443,
0.527027580733164,0.580524838488049,0.63572084328634,0.692564851802697,
0.751010413334937,0.811014796687413,0.872538518781192,0.935544952889889,
0.991573825801253),.UNSPECIFIED.);
#239=B_SPLINE_CURVE_WITH_KNOTS('',3,(#15672,#15673,#15674,#15675,#15676,
#15677,#15678,#15679,#15680,#15681,#15682,#15683,#15684,#15685,#15686,#15687),
 .UNSPECIFIED.,.F.,.F.,(4,1,1,1,1,1,1,1,1,1,1,1,1,4),(0.287567690654621,
0.33123596501205,0.377316190222385,0.425358145980392,0.475284810909443,
0.527027580733164,0.580524838488049,0.63572084328634,0.692564851802697,
0.751010413334937,0.811014796687413,0.872538518781192,0.935544952889889,
0.991573825801253),.UNSPECIFIED.);
#240=B_SPLINE_CURVE_WITH_KNOTS('',3,(#15708,#15709,#15710,#15711,#15712,
#15713,#15714,#15715,#15716,#15717,#15718,#15719,#15720,#15721,#15722,#15723),
 .UNSPECIFIED.,.F.,.F.,(4,1,1,1,1,1,1,1,1,1,1,1,1,4),(0.287567690654621,
0.33123596501205,0.377316190222385,0.425358145980392,0.475284810909443,
0.527027580733164,0.580524838488049,0.63572084328634,0.692564851802697,
0.751010413334937,0.811014796687413,0.872538518781192,0.935544952889889,
0.991573825801253),.UNSPECIFIED.);
#241=B_SPLINE_CURVE_WITH_KNOTS('',3,(#15724,#15725,#15726,#15727,#15728,
#15729,#15730,#15731,#15732,#15733,#15734,#15735,#15736,#15737,#15738,#15739),
 .UNSPECIFIED.,.F.,.F.,(4,1,1,1,1,1,1,1,1,1,1,1,1,4),(0.287567690654621,
0.33123596501205,0.377316190222385,0.425358145980392,0.475284810909443,
0.527027580733164,0.580524838488049,0.63572084328634,0.692564851802697,
0.751010413334937,0.811014796687413,0.872538518781192,0.935544952889889,
0.991573825801253),.UNSPECIFIED.);
#242=B_SPLINE_CURVE_WITH_KNOTS('',3,(#15754,#15755,#15756,#15757,#15758,
#15759,#15760,#15761,#15762,#15763,#15764,#15765,#15766,#15767,#15768,#15769),
 .UNSPECIFIED.,.F.,.F.,(4,1,1,1,1,1,1,1,1,1,1,1,1,4),(0.287567690654621,
0.33123596501205,0.377316190222385,0.425358145980392,0.475284810909443,
0.527027580733164,0.580524838488049,0.63572084328634,0.692564851802697,
0.751010413334937,0.811014796687413,0.872538518781192,0.935544952889889,
0.991573825801253),.UNSPECIFIED.);
#243=B_SPLINE_CURVE_WITH_KNOTS('',3,(#15773,#15774,#15775,#15776,#15777,
#15778,#15779,#15780,#15781,#15782,#15783,#15784,#15785,#15786,#15787,#15788),
 .UNSPECIFIED.,.F.,.F.,(4,1,1,1,1,1,1,1,1,1,1,1,1,4),(0.287567690654621,
0.33123596501205,0.377316190222385,0.425358145980392,0.475284810909443,
0.527027580733164,0.580524838488049,0.63572084328634,0.692564851802697,
0.751010413334937,0.811014796687413,0.872538518781192,0.935544952889889,
0.991573825801253),.UNSPECIFIED.);
#244=B_SPLINE_CURVE_WITH_KNOTS('',3,(#15809,#15810,#15811,#15812,#15813,
#15814,#15815,#15816,#15817,#15818,#15819,#15820,#15821,#15822,#15823,#15824),
 .UNSPECIFIED.,.F.,.F.,(4,1,1,1,1,1,1,1,1,1,1,1,1,4),(0.287567690654621,
0.33123596501205,0.377316190222385,0.425358145980392,0.475284810909443,
0.527027580733164,0.580524838488049,0.63572084328634,0.692564851802697,
0.751010413334937,0.811014796687413,0.872538518781192,0.935544952889889,
0.991573825801253),.UNSPECIFIED.);
#245=B_SPLINE_CURVE_WITH_KNOTS('',3,(#15825,#15826,#15827,#15828,#15829,
#15830,#15831,#15832,#15833,#15834,#15835,#15836,#15837,#15838,#15839,#15840),
 .UNSPECIFIED.,.F.,.F.,(4,1,1,1,1,1,1,1,1,1,1,1,1,4),(0.287567690654621,
0.33123596501205,0.377316190222385,0.425358145980392,0.475284810909443,
0.527027580733164,0.580524838488049,0.63572084328634,0.692564851802697,
0.751010413334937,0.811014796687413,0.872538518781192,0.935544952889889,
0.991573825801253),.UNSPECIFIED.);
#246=B_SPLINE_CURVE_WITH_KNOTS('',3,(#15855,#15856,#15857,#15858,#15859,
#15860,#15861,#15862,#15863,#15864,#15865,#15866,#15867,#15868,#15869,#15870),
 .UNSPECIFIED.,.F.,.F.,(4,1,1,1,1,1,1,1,1,1,1,1,1,4),(0.287567690654621,
0.33123596501205,0.377316190222385,0.425358145980392,0.475284810909443,
0.527027580733164,0.580524838488049,0.63572084328634,0.692564851802697,
0.751010413334937,0.811014796687413,0.872538518781192,0.935544952889889,
0.991573825801253),.UNSPECIFIED.);
#247=B_SPLINE_CURVE_WITH_KNOTS('',3,(#15874,#15875,#15876,#15877,#15878,
#15879,#15880,#15881,#15882,#15883,#15884,#15885,#15886,#15887,#15888,#15889),
 .UNSPECIFIED.,.F.,.F.,(4,1,1,1,1,1,1,1,1,1,1,1,1,4),(0.287567690654621,
0.33123596501205,0.377316190222385,0.425358145980392,0.475284810909443,
0.527027580733164,0.580524838488049,0.63572084328634,0.692564851802697,
0.751010413334937,0.811014796687413,0.872538518781192,0.935544952889889,
0.991573825801253),.UNSPECIFIED.);
#248=B_SPLINE_CURVE_WITH_KNOTS('',3,(#15910,#15911,#15912,#15913,#15914,
#15915,#15916,#15917,#15918,#15919,#15920,#15921,#15922,#15923,#15924,#15925),
 .UNSPECIFIED.,.F.,.F.,(4,1,1,1,1,1,1,1,1,1,1,1,1,4),(0.287567690654621,
0.33123596501205,0.377316190222385,0.425358145980392,0.475284810909443,
0.527027580733164,0.580524838488049,0.63572084328634,0.692564851802697,
0.751010413334937,0.811014796687413,0.872538518781192,0.935544952889889,
0.991573825801253),.UNSPECIFIED.);
#249=B_SPLINE_CURVE_WITH_KNOTS('',3,(#15926,#15927,#15928,#15929,#15930,
#15931,#15932,#15933,#15934,#15935,#15936,#15937,#15938,#15939,#15940,#15941),
 .UNSPECIFIED.,.F.,.F.,(4,1,1,1,1,1,1,1,1,1,1,1,1,4),(0.287567690654621,
0.33123596501205,0.377316190222385,0.425358145980392,0.475284810909443,
0.527027580733164,0.580524838488049,0.63572084328634,0.692564851802697,
0.751010413334937,0.811014796687413,0.872538518781192,0.935544952889889,
0.991573825801253),.UNSPECIFIED.);
#250=B_SPLINE_CURVE_WITH_KNOTS('',3,(#15956,#15957,#15958,#15959,#15960,
#15961,#15962,#15963,#15964,#15965,#15966,#15967,#15968,#15969,#15970,#15971),
 .UNSPECIFIED.,.F.,.F.,(4,1,1,1,1,1,1,1,1,1,1,1,1,4),(0.287567690654621,
0.33123596501205,0.377316190222385,0.425358145980392,0.475284810909443,
0.527027580733164,0.580524838488049,0.63572084328634,0.692564851802697,
0.751010413334937,0.811014796687413,0.872538518781192,0.935544952889889,
0.991573825801253),.UNSPECIFIED.);
#251=B_SPLINE_CURVE_WITH_KNOTS('',3,(#15975,#15976,#15977,#15978,#15979,
#15980,#15981,#15982,#15983,#15984,#15985,#15986,#15987,#15988,#15989,#15990),
 .UNSPECIFIED.,.F.,.F.,(4,1,1,1,1,1,1,1,1,1,1,1,1,4),(0.287567690654621,
0.33123596501205,0.377316190222385,0.425358145980392,0.475284810909443,
0.527027580733164,0.580524838488049,0.63572084328634,0.692564851802697,
0.751010413334937,0.811014796687413,0.872538518781192,0.935544952889889,
0.991573825801253),.UNSPECIFIED.);
#252=B_SPLINE_CURVE_WITH_KNOTS('',3,(#16011,#16012,#16013,#16014,#16015,
#16016,#16017,#16018,#16019,#16020,#16021,#16022,#16023,#16024,#16025,#16026),
 .UNSPECIFIED.,.F.,.F.,(4,1,1,1,1,1,1,1,1,1,1,1,1,4),(0.287567690654621,
0.33123596501205,0.377316190222385,0.425358145980392,0.475284810909443,
0.527027580733164,0.580524838488049,0.63572084328634,0.692564851802697,
0.751010413334937,0.811014796687413,0.872538518781192,0.935544952889889,
0.991573825801253),.UNSPECIFIED.);
#253=B_SPLINE_CURVE_WITH_KNOTS('',3,(#16027,#16028,#16029,#16030,#16031,
#16032,#16033,#16034,#16035,#16036,#16037,#16038,#16039,#16040,#16041,#16042),
 .UNSPECIFIED.,.F.,.F.,(4,1,1,1,1,1,1,1,1,1,1,1,1,4),(0.287567690654621,
0.33123596501205,0.377316190222385,0.425358145980392,0.475284810909443,
0.527027580733164,0.580524838488049,0.63572084328634,0.692564851802697,
0.751010413334937,0.811014796687413,0.872538518781192,0.935544952889889,
0.991573825801253),.UNSPECIFIED.);
#254=B_SPLINE_CURVE_WITH_KNOTS('',3,(#16057,#16058,#16059,#16060,#16061,
#16062,#16063,#16064,#16065,#16066,#16067,#16068,#16069,#16070,#16071,#16072),
 .UNSPECIFIED.,.F.,.F.,(4,1,1,1,1,1,1,1,1,1,1,1,1,4),(0.287567690654621,
0.33123596501205,0.377316190222385,0.425358145980392,0.475284810909443,
0.527027580733164,0.580524838488049,0.63572084328634,0.692564851802697,
0.751010413334937,0.811014796687413,0.872538518781192,0.935544952889889,
0.991573825801253),.UNSPECIFIED.);
#255=B_SPLINE_CURVE_WITH_KNOTS('',3,(#16076,#16077,#16078,#16079,#16080,
#16081,#16082,#16083,#16084,#16085,#16086,#16087,#16088,#16089,#16090,#16091),
 .UNSPECIFIED.,.F.,.F.,(4,1,1,1,1,1,1,1,1,1,1,1,1,4),(0.287567690654621,
0.33123596501205,0.377316190222385,0.425358145980392,0.475284810909443,
0.527027580733164,0.580524838488049,0.63572084328634,0.692564851802697,
0.751010413334937,0.811014796687413,0.872538518781192,0.935544952889889,
0.991573825801253),.UNSPECIFIED.);
#256=B_SPLINE_CURVE_WITH_KNOTS('',3,(#16112,#16113,#16114,#16115,#16116,
#16117,#16118,#16119,#16120,#16121,#16122,#16123,#16124,#16125,#16126,#16127),
 .UNSPECIFIED.,.F.,.F.,(4,1,1,1,1,1,1,1,1,1,1,1,1,4),(0.287567690654621,
0.33123596501205,0.377316190222385,0.425358145980392,0.475284810909443,
0.527027580733164,0.580524838488049,0.63572084328634,0.692564851802697,
0.751010413334937,0.811014796687413,0.872538518781192,0.935544952889889,
0.991573825801253),.UNSPECIFIED.);
#257=B_SPLINE_CURVE_WITH_KNOTS('',3,(#16128,#16129,#16130,#16131,#16132,
#16133,#16134,#16135,#16136,#16137,#16138,#16139,#16140,#16141,#16142,#16143),
 .UNSPECIFIED.,.F.,.F.,(4,1,1,1,1,1,1,1,1,1,1,1,1,4),(0.287567690654621,
0.33123596501205,0.377316190222385,0.425358145980392,0.475284810909443,
0.527027580733164,0.580524838488049,0.63572084328634,0.692564851802697,
0.751010413334937,0.811014796687413,0.872538518781192,0.935544952889889,
0.991573825801253),.UNSPECIFIED.);
#258=B_SPLINE_SURFACE_WITH_KNOTS('',3,1,((#10090,#10091),(#10092,#10093),
(#10094,#10095),(#10096,#10097)),.SURF_OF_LINEAR_EXTRUSION.,.F.,.F.,.F.,
(4,4),(2,2),(0.38348583698537,0.991573825801253),(0.,1.),
 .PIECEWISE_BEZIER_KNOTS.);
#259=B_SPLINE_SURFACE_WITH_KNOTS('',3,1,((#10142,#10143),(#10144,#10145),
(#10146,#10147),(#10148,#10149)),.SURF_OF_LINEAR_EXTRUSION.,.F.,.F.,.F.,
(4,4),(2,2),(0.383485836985309,0.991573825801253),(0.,1.),
 .PIECEWISE_BEZIER_KNOTS.);
#260=B_SPLINE_SURFACE_WITH_KNOTS('',3,1,((#10191,#10192),(#10193,#10194),
(#10195,#10196),(#10197,#10198)),.SURF_OF_LINEAR_EXTRUSION.,.F.,.F.,.F.,
(4,4),(2,2),(0.383485836985368,0.991573825801253),(0.,1.),
 .PIECEWISE_BEZIER_KNOTS.);
#261=B_SPLINE_SURFACE_WITH_KNOTS('',3,1,((#10243,#10244),(#10245,#10246),
(#10247,#10248),(#10249,#10250)),.SURF_OF_LINEAR_EXTRUSION.,.F.,.F.,.F.,
(4,4),(2,2),(0.383485836985314,0.991573825801253),(0.,1.),
 .PIECEWISE_BEZIER_KNOTS.);
#262=B_SPLINE_SURFACE_WITH_KNOTS('',3,1,((#10292,#10293),(#10294,#10295),
(#10296,#10297),(#10298,#10299)),.SURF_OF_LINEAR_EXTRUSION.,.F.,.F.,.F.,
(4,4),(2,2),(0.383485836985363,0.991573825801253),(0.,1.),
 .PIECEWISE_BEZIER_KNOTS.);
#263=B_SPLINE_SURFACE_WITH_KNOTS('',3,1,((#10344,#10345),(#10346,#10347),
(#10348,#10349),(#10350,#10351)),.SURF_OF_LINEAR_EXTRUSION.,.F.,.F.,.F.,
(4,4),(2,2),(0.383485836985304,0.991573825801253),(0.,1.),
 .PIECEWISE_BEZIER_KNOTS.);
#264=B_SPLINE_SURFACE_WITH_KNOTS('',3,1,((#10393,#10394),(#10395,#10396),
(#10397,#10398),(#10399,#10400)),.SURF_OF_LINEAR_EXTRUSION.,.F.,.F.,.F.,
(4,4),(2,2),(0.383485836985365,0.991573825801253),(0.,1.),
 .PIECEWISE_BEZIER_KNOTS.);
#265=B_SPLINE_SURFACE_WITH_KNOTS('',3,1,((#10445,#10446),(#10447,#10448),
(#10449,#10450),(#10451,#10452)),.SURF_OF_LINEAR_EXTRUSION.,.F.,.F.,.F.,
(4,4),(2,2),(0.383485836985305,0.991573825801253),(0.,1.),
 .PIECEWISE_BEZIER_KNOTS.);
#266=B_SPLINE_SURFACE_WITH_KNOTS('',3,1,((#10494,#10495),(#10496,#10497),
(#10498,#10499),(#10500,#10501)),.SURF_OF_LINEAR_EXTRUSION.,.F.,.F.,.F.,
(4,4),(2,2),(0.383485836985365,0.991573825801253),(0.,1.),
 .PIECEWISE_BEZIER_KNOTS.);
#267=B_SPLINE_SURFACE_WITH_KNOTS('',3,1,((#10546,#10547),(#10548,#10549),
(#10550,#10551),(#10552,#10553)),.SURF_OF_LINEAR_EXTRUSION.,.F.,.F.,.F.,
(4,4),(2,2),(0.3834858369853,0.991573825801253),(0.,1.),
 .PIECEWISE_BEZIER_KNOTS.);
#268=B_SPLINE_SURFACE_WITH_KNOTS('',3,1,((#10595,#10596),(#10597,#10598),
(#10599,#10600),(#10601,#10602)),.SURF_OF_LINEAR_EXTRUSION.,.F.,.F.,.F.,
(4,4),(2,2),(0.383485836985369,0.991573825801253),(0.,1.),
 .PIECEWISE_BEZIER_KNOTS.);
#269=B_SPLINE_SURFACE_WITH_KNOTS('',3,1,((#10647,#10648),(#10649,#10650),
(#10651,#10652),(#10653,#10654)),.SURF_OF_LINEAR_EXTRUSION.,.F.,.F.,.F.,
(4,4),(2,2),(0.383485836985304,0.991573825801253),(0.,1.),
 .PIECEWISE_BEZIER_KNOTS.);
#270=B_SPLINE_SURFACE_WITH_KNOTS('',3,1,((#10696,#10697),(#10698,#10699),
(#10700,#10701),(#10702,#10703)),.SURF_OF_LINEAR_EXTRUSION.,.F.,.F.,.F.,
(4,4),(2,2),(0.383485836985369,0.991573825801253),(0.,1.),
 .PIECEWISE_BEZIER_KNOTS.);
#271=B_SPLINE_SURFACE_WITH_KNOTS('',3,1,((#10748,#10749),(#10750,#10751),
(#10752,#10753),(#10754,#10755)),.SURF_OF_LINEAR_EXTRUSION.,.F.,.F.,.F.,
(4,4),(2,2),(0.38348583698531,0.991573825801253),(0.,1.),
 .PIECEWISE_BEZIER_KNOTS.);
#272=B_SPLINE_SURFACE_WITH_KNOTS('',3,1,((#10797,#10798),(#10799,#10800),
(#10801,#10802),(#10803,#10804)),.SURF_OF_LINEAR_EXTRUSION.,.F.,.F.,.F.,
(4,4),(2,2),(0.383485836985362,0.991573825801253),(0.,1.),
 .PIECEWISE_BEZIER_KNOTS.);
#273=B_SPLINE_SURFACE_WITH_KNOTS('',3,1,((#10849,#10850),(#10851,#10852),
(#10853,#10854),(#10855,#10856)),.SURF_OF_LINEAR_EXTRUSION.,.F.,.F.,.F.,
(4,4),(2,2),(0.383485836985306,0.991573825801253),(0.,1.),
 .PIECEWISE_BEZIER_KNOTS.);
#274=B_SPLINE_SURFACE_WITH_KNOTS('',3,1,((#10898,#10899),(#10900,#10901),
(#10902,#10903),(#10904,#10905)),.SURF_OF_LINEAR_EXTRUSION.,.F.,.F.,.F.,
(4,4),(2,2),(0.383485836985374,0.991573825801253),(0.,1.),
 .PIECEWISE_BEZIER_KNOTS.);
#275=B_SPLINE_SURFACE_WITH_KNOTS('',3,1,((#10950,#10951),(#10952,#10953),
(#10954,#10955),(#10956,#10957)),.SURF_OF_LINEAR_EXTRUSION.,.F.,.F.,.F.,
(4,4),(2,2),(0.383485836985313,0.991573825801253),(0.,1.),
 .PIECEWISE_BEZIER_KNOTS.);
#276=B_SPLINE_SURFACE_WITH_KNOTS('',3,1,((#10999,#11000),(#11001,#11002),
(#11003,#11004),(#11005,#11006)),.SURF_OF_LINEAR_EXTRUSION.,.F.,.F.,.F.,
(4,4),(2,2),(0.383485836985368,0.991573825801253),(0.,1.),
 .PIECEWISE_BEZIER_KNOTS.);
#277=B_SPLINE_SURFACE_WITH_KNOTS('',3,1,((#11051,#11052),(#11053,#11054),
(#11055,#11056),(#11057,#11058)),.SURF_OF_LINEAR_EXTRUSION.,.F.,.F.,.F.,
(4,4),(2,2),(0.383485836985299,0.991573825801253),(0.,1.),
 .PIECEWISE_BEZIER_KNOTS.);
#278=B_SPLINE_SURFACE_WITH_KNOTS('',3,1,((#11100,#11101),(#11102,#11103),
(#11104,#11105),(#11106,#11107)),.SURF_OF_LINEAR_EXTRUSION.,.F.,.F.,.F.,
(4,4),(2,2),(0.383485836985369,0.991573825801253),(0.,1.),
 .PIECEWISE_BEZIER_KNOTS.);
#279=B_SPLINE_SURFACE_WITH_KNOTS('',3,1,((#11152,#11153),(#11154,#11155),
(#11156,#11157),(#11158,#11159)),.SURF_OF_LINEAR_EXTRUSION.,.F.,.F.,.F.,
(4,4),(2,2),(0.383485836985296,0.991573825801253),(0.,1.),
 .PIECEWISE_BEZIER_KNOTS.);
#280=B_SPLINE_SURFACE_WITH_KNOTS('',3,1,((#11201,#11202),(#11203,#11204),
(#11205,#11206),(#11207,#11208)),.SURF_OF_LINEAR_EXTRUSION.,.F.,.F.,.F.,
(4,4),(2,2),(0.383485836985368,0.991573825801253),(0.,1.),
 .PIECEWISE_BEZIER_KNOTS.);
#281=B_SPLINE_SURFACE_WITH_KNOTS('',3,1,((#11253,#11254),(#11255,#11256),
(#11257,#11258),(#11259,#11260)),.SURF_OF_LINEAR_EXTRUSION.,.F.,.F.,.F.,
(4,4),(2,2),(0.383485836985306,0.991573825801253),(0.,1.),
 .PIECEWISE_BEZIER_KNOTS.);
#282=B_SPLINE_SURFACE_WITH_KNOTS('',3,1,((#11302,#11303),(#11304,#11305),
(#11306,#11307),(#11308,#11309)),.SURF_OF_LINEAR_EXTRUSION.,.F.,.F.,.F.,
(4,4),(2,2),(0.38348583698537,0.991573825801253),(0.,1.),
 .PIECEWISE_BEZIER_KNOTS.);
#283=B_SPLINE_SURFACE_WITH_KNOTS('',3,1,((#11354,#11355),(#11356,#11357),
(#11358,#11359),(#11360,#11361)),.SURF_OF_LINEAR_EXTRUSION.,.F.,.F.,.F.,
(4,4),(2,2),(0.383485836985305,0.991573825801253),(0.,1.),
 .PIECEWISE_BEZIER_KNOTS.);
#284=B_SPLINE_SURFACE_WITH_KNOTS('',3,1,((#11403,#11404),(#11405,#11406),
(#11407,#11408),(#11409,#11410)),.SURF_OF_LINEAR_EXTRUSION.,.F.,.F.,.F.,
(4,4),(2,2),(0.38348583698537,0.991573825801253),(0.,1.),
 .PIECEWISE_BEZIER_KNOTS.);
#285=B_SPLINE_SURFACE_WITH_KNOTS('',3,1,((#11455,#11456),(#11457,#11458),
(#11459,#11460),(#11461,#11462)),.SURF_OF_LINEAR_EXTRUSION.,.F.,.F.,.F.,
(4,4),(2,2),(0.383485836985304,0.991573825801253),(0.,1.),
 .PIECEWISE_BEZIER_KNOTS.);
#286=B_SPLINE_SURFACE_WITH_KNOTS('',3,1,((#11504,#11505),(#11506,#11507),
(#11508,#11509),(#11510,#11511)),.SURF_OF_LINEAR_EXTRUSION.,.F.,.F.,.F.,
(4,4),(2,2),(0.38348583698537,0.991573825801253),(0.,1.),
 .PIECEWISE_BEZIER_KNOTS.);
#287=B_SPLINE_SURFACE_WITH_KNOTS('',3,1,((#11556,#11557),(#11558,#11559),
(#11560,#11561),(#11562,#11563)),.SURF_OF_LINEAR_EXTRUSION.,.F.,.F.,.F.,
(4,4),(2,2),(0.383485836985308,0.991573825801253),(0.,1.),
 .PIECEWISE_BEZIER_KNOTS.);
#288=B_SPLINE_SURFACE_WITH_KNOTS('',3,1,((#11605,#11606),(#11607,#11608),
(#11609,#11610),(#11611,#11612)),.SURF_OF_LINEAR_EXTRUSION.,.F.,.F.,.F.,
(4,4),(2,2),(0.38348583698537,0.991573825801253),(0.,1.),
 .PIECEWISE_BEZIER_KNOTS.);
#289=B_SPLINE_SURFACE_WITH_KNOTS('',3,1,((#11657,#11658),(#11659,#11660),
(#11661,#11662),(#11663,#11664)),.SURF_OF_LINEAR_EXTRUSION.,.F.,.F.,.F.,
(4,4),(2,2),(0.383485836985309,0.991573825801253),(0.,1.),
 .PIECEWISE_BEZIER_KNOTS.);
#290=B_SPLINE_SURFACE_WITH_KNOTS('',3,1,((#11706,#11707),(#11708,#11709),
(#11710,#11711),(#11712,#11713)),.SURF_OF_LINEAR_EXTRUSION.,.F.,.F.,.F.,
(4,4),(2,2),(0.383485836985367,0.991573825801253),(0.,1.),
 .PIECEWISE_BEZIER_KNOTS.);
#291=B_SPLINE_SURFACE_WITH_KNOTS('',3,1,((#11758,#11759),(#11760,#11761),
(#11762,#11763),(#11764,#11765)),.SURF_OF_LINEAR_EXTRUSION.,.F.,.F.,.F.,
(4,4),(2,2),(0.383485836985307,0.991573825801253),(0.,1.),
 .PIECEWISE_BEZIER_KNOTS.);
#292=B_SPLINE_SURFACE_WITH_KNOTS('',3,1,((#11807,#11808),(#11809,#11810),
(#11811,#11812),(#11813,#11814)),.SURF_OF_LINEAR_EXTRUSION.,.F.,.F.,.F.,
(4,4),(2,2),(0.383485836985363,0.991573825801253),(0.,1.),
 .PIECEWISE_BEZIER_KNOTS.);
#293=B_SPLINE_SURFACE_WITH_KNOTS('',3,1,((#11859,#11860),(#11861,#11862),
(#11863,#11864),(#11865,#11866)),.SURF_OF_LINEAR_EXTRUSION.,.F.,.F.,.F.,
(4,4),(2,2),(0.383485836985304,0.991573825801253),(0.,1.),
 .PIECEWISE_BEZIER_KNOTS.);
#294=B_SPLINE_SURFACE_WITH_KNOTS('',3,1,((#11908,#11909),(#11910,#11911),
(#11912,#11913),(#11914,#11915)),.SURF_OF_LINEAR_EXTRUSION.,.F.,.F.,.F.,
(4,4),(2,2),(0.383485836985364,0.991573825801253),(0.,1.),
 .PIECEWISE_BEZIER_KNOTS.);
#295=B_SPLINE_SURFACE_WITH_KNOTS('',3,1,((#11960,#11961),(#11962,#11963),
(#11964,#11965),(#11966,#11967)),.SURF_OF_LINEAR_EXTRUSION.,.F.,.F.,.F.,
(4,4),(2,2),(0.383485836985305,0.991573825801253),(0.,1.),
 .PIECEWISE_BEZIER_KNOTS.);
#296=B_SPLINE_SURFACE_WITH_KNOTS('',3,1,((#12009,#12010),(#12011,#12012),
(#12013,#12014),(#12015,#12016)),.SURF_OF_LINEAR_EXTRUSION.,.F.,.F.,.F.,
(4,4),(2,2),(0.383485836985368,0.991573825801253),(0.,1.),
 .PIECEWISE_BEZIER_KNOTS.);
#297=B_SPLINE_SURFACE_WITH_KNOTS('',3,1,((#12061,#12062),(#12063,#12064),
(#12065,#12066),(#12067,#12068)),.SURF_OF_LINEAR_EXTRUSION.,.F.,.F.,.F.,
(4,4),(2,2),(0.383485836985306,0.991573825801253),(0.,1.),
 .PIECEWISE_BEZIER_KNOTS.);
#298=B_SPLINE_SURFACE_WITH_KNOTS('',3,1,((#12110,#12111),(#12112,#12113),
(#12114,#12115),(#12116,#12117)),.SURF_OF_LINEAR_EXTRUSION.,.F.,.F.,.F.,
(4,4),(2,2),(0.383485836985372,0.991573825801253),(0.,1.),
 .PIECEWISE_BEZIER_KNOTS.);
#299=B_SPLINE_SURFACE_WITH_KNOTS('',3,1,((#12162,#12163),(#12164,#12165),
(#12166,#12167),(#12168,#12169)),.SURF_OF_LINEAR_EXTRUSION.,.F.,.F.,.F.,
(4,4),(2,2),(0.383485836985305,0.991573825801253),(0.,1.),
 .PIECEWISE_BEZIER_KNOTS.);
#300=B_SPLINE_SURFACE_WITH_KNOTS('',3,1,((#12211,#12212),(#12213,#12214),
(#12215,#12216),(#12217,#12218)),.SURF_OF_LINEAR_EXTRUSION.,.F.,.F.,.F.,
(4,4),(2,2),(0.383485836985373,0.991573825801253),(0.,1.),
 .PIECEWISE_BEZIER_KNOTS.);
#301=B_SPLINE_SURFACE_WITH_KNOTS('',3,1,((#12263,#12264),(#12265,#12266),
(#12267,#12268),(#12269,#12270)),.SURF_OF_LINEAR_EXTRUSION.,.F.,.F.,.F.,
(4,4),(2,2),(0.383485836985307,0.991573825801253),(0.,1.),
 .PIECEWISE_BEZIER_KNOTS.);
#302=B_SPLINE_SURFACE_WITH_KNOTS('',3,1,((#12312,#12313),(#12314,#12315),
(#12316,#12317),(#12318,#12319)),.SURF_OF_LINEAR_EXTRUSION.,.F.,.F.,.F.,
(4,4),(2,2),(0.383485836985369,0.991573825801253),(0.,1.),
 .PIECEWISE_BEZIER_KNOTS.);
#303=B_SPLINE_SURFACE_WITH_KNOTS('',3,1,((#12364,#12365),(#12366,#12367),
(#12368,#12369),(#12370,#12371)),.SURF_OF_LINEAR_EXTRUSION.,.F.,.F.,.F.,
(4,4),(2,2),(0.383485836985304,0.991573825801253),(0.,1.),
 .PIECEWISE_BEZIER_KNOTS.);
#304=B_SPLINE_SURFACE_WITH_KNOTS('',3,1,((#12413,#12414),(#12415,#12416),
(#12417,#12418),(#12419,#12420)),.SURF_OF_LINEAR_EXTRUSION.,.F.,.F.,.F.,
(4,4),(2,2),(0.383485836985362,0.991573825801253),(0.,1.),
 .PIECEWISE_BEZIER_KNOTS.);
#305=B_SPLINE_SURFACE_WITH_KNOTS('',3,1,((#12465,#12466),(#12467,#12468),
(#12469,#12470),(#12471,#12472)),.SURF_OF_LINEAR_EXTRUSION.,.F.,.F.,.F.,
(4,4),(2,2),(0.383485836985306,0.991573825801253),(0.,1.),
 .PIECEWISE_BEZIER_KNOTS.);
#306=B_SPLINE_SURFACE_WITH_KNOTS('',3,1,((#12514,#12515),(#12516,#12517),
(#12518,#12519),(#12520,#12521)),.SURF_OF_LINEAR_EXTRUSION.,.F.,.F.,.F.,
(4,4),(2,2),(0.383485836985369,0.991573825801253),(0.,1.),
 .PIECEWISE_BEZIER_KNOTS.);
#307=B_SPLINE_SURFACE_WITH_KNOTS('',3,1,((#12566,#12567),(#12568,#12569),
(#12570,#12571),(#12572,#12573)),.SURF_OF_LINEAR_EXTRUSION.,.F.,.F.,.F.,
(4,4),(2,2),(0.383485836985296,0.991573825801253),(0.,1.),
 .PIECEWISE_BEZIER_KNOTS.);
#308=B_SPLINE_SURFACE_WITH_KNOTS('',3,1,((#12615,#12616),(#12617,#12618),
(#12619,#12620),(#12621,#12622)),.SURF_OF_LINEAR_EXTRUSION.,.F.,.F.,.F.,
(4,4),(2,2),(0.383485836985375,0.991573825801253),(0.,1.),
 .PIECEWISE_BEZIER_KNOTS.);
#309=B_SPLINE_SURFACE_WITH_KNOTS('',3,1,((#12667,#12668),(#12669,#12670),
(#12671,#12672),(#12673,#12674)),.SURF_OF_LINEAR_EXTRUSION.,.F.,.F.,.F.,
(4,4),(2,2),(0.383485836985313,0.991573825801253),(0.,1.),
 .PIECEWISE_BEZIER_KNOTS.);
#310=B_SPLINE_SURFACE_WITH_KNOTS('',3,1,((#12716,#12717),(#12718,#12719),
(#12720,#12721),(#12722,#12723)),.SURF_OF_LINEAR_EXTRUSION.,.F.,.F.,.F.,
(4,4),(2,2),(0.383485836985367,0.991573825801253),(0.,1.),
 .PIECEWISE_BEZIER_KNOTS.);
#311=B_SPLINE_SURFACE_WITH_KNOTS('',3,1,((#12768,#12769),(#12770,#12771),
(#12772,#12773),(#12774,#12775)),.SURF_OF_LINEAR_EXTRUSION.,.F.,.F.,.F.,
(4,4),(2,2),(0.383485836985299,0.991573825801253),(0.,1.),
 .PIECEWISE_BEZIER_KNOTS.);
#312=B_SPLINE_SURFACE_WITH_KNOTS('',3,1,((#12817,#12818),(#12819,#12820),
(#12821,#12822),(#12823,#12824)),.SURF_OF_LINEAR_EXTRUSION.,.F.,.F.,.F.,
(4,4),(2,2),(0.383485836985368,0.991573825801253),(0.,1.),
 .PIECEWISE_BEZIER_KNOTS.);
#313=B_SPLINE_SURFACE_WITH_KNOTS('',3,1,((#12869,#12870),(#12871,#12872),
(#12873,#12874),(#12875,#12876)),.SURF_OF_LINEAR_EXTRUSION.,.F.,.F.,.F.,
(4,4),(2,2),(0.383485836985299,0.991573825801253),(0.,1.),
 .PIECEWISE_BEZIER_KNOTS.);
#314=B_SPLINE_SURFACE_WITH_KNOTS('',3,1,((#12918,#12919),(#12920,#12921),
(#12922,#12923),(#12924,#12925)),.SURF_OF_LINEAR_EXTRUSION.,.F.,.F.,.F.,
(4,4),(2,2),(0.38348583698537,0.991573825801253),(0.,1.),
 .PIECEWISE_BEZIER_KNOTS.);
#315=B_SPLINE_SURFACE_WITH_KNOTS('',3,1,((#12970,#12971),(#12972,#12973),
(#12974,#12975),(#12976,#12977)),.SURF_OF_LINEAR_EXTRUSION.,.F.,.F.,.F.,
(4,4),(2,2),(0.383485836985304,0.991573825801253),(0.,1.),
 .PIECEWISE_BEZIER_KNOTS.);
#316=B_SPLINE_SURFACE_WITH_KNOTS('',3,1,((#13019,#13020),(#13021,#13022),
(#13023,#13024),(#13025,#13026)),.SURF_OF_LINEAR_EXTRUSION.,.F.,.F.,.F.,
(4,4),(2,2),(0.383485836985377,0.991573825801253),(0.,1.),
 .PIECEWISE_BEZIER_KNOTS.);
#317=B_SPLINE_SURFACE_WITH_KNOTS('',3,1,((#13071,#13072),(#13073,#13074),
(#13075,#13076),(#13077,#13078)),.SURF_OF_LINEAR_EXTRUSION.,.F.,.F.,.F.,
(4,4),(2,2),(0.383485836985308,0.991573825801253),(0.,1.),
 .PIECEWISE_BEZIER_KNOTS.);
#318=B_SPLINE_SURFACE_WITH_KNOTS('',3,1,((#13120,#13121),(#13122,#13123),
(#13124,#13125),(#13126,#13127)),.SURF_OF_LINEAR_EXTRUSION.,.F.,.F.,.F.,
(4,4),(2,2),(0.38348583698537,0.991573825801253),(0.,1.),
 .PIECEWISE_BEZIER_KNOTS.);
#319=B_SPLINE_SURFACE_WITH_KNOTS('',3,1,((#13172,#13173),(#13174,#13175),
(#13176,#13177),(#13178,#13179)),.SURF_OF_LINEAR_EXTRUSION.,.F.,.F.,.F.,
(4,4),(2,2),(0.383485836985309,0.991573825801253),(0.,1.),
 .PIECEWISE_BEZIER_KNOTS.);
#320=B_SPLINE_SURFACE_WITH_KNOTS('',3,1,((#13221,#13222),(#13223,#13224),
(#13225,#13226),(#13227,#13228)),.SURF_OF_LINEAR_EXTRUSION.,.F.,.F.,.F.,
(4,4),(2,2),(0.383485836985367,0.991573825801253),(0.,1.),
 .PIECEWISE_BEZIER_KNOTS.);
#321=B_SPLINE_SURFACE_WITH_KNOTS('',3,1,((#13273,#13274),(#13275,#13276),
(#13277,#13278),(#13279,#13280)),.SURF_OF_LINEAR_EXTRUSION.,.F.,.F.,.F.,
(4,4),(2,2),(0.383485836985314,0.991573825801253),(0.,1.),
 .PIECEWISE_BEZIER_KNOTS.);
#322=B_SPLINE_SURFACE_WITH_KNOTS('',3,1,((#13322,#13323),(#13324,#13325),
(#13326,#13327),(#13328,#13329)),.SURF_OF_LINEAR_EXTRUSION.,.F.,.F.,.F.,
(4,4),(2,2),(0.383485836985363,0.991573825801253),(0.,1.),
 .PIECEWISE_BEZIER_KNOTS.);
#323=B_SPLINE_SURFACE_WITH_KNOTS('',3,1,((#13374,#13375),(#13376,#13377),
(#13378,#13379),(#13380,#13381)),.SURF_OF_LINEAR_EXTRUSION.,.F.,.F.,.F.,
(4,4),(2,2),(0.383485836985316,0.991573825801253),(0.,1.),
 .PIECEWISE_BEZIER_KNOTS.);
#324=B_SPLINE_SURFACE_WITH_KNOTS('',3,1,((#13423,#13424),(#13425,#13426),
(#13427,#13428),(#13429,#13430)),.SURF_OF_LINEAR_EXTRUSION.,.F.,.F.,.F.,
(4,4),(2,2),(0.383485836985365,0.991573825801253),(0.,1.),
 .PIECEWISE_BEZIER_KNOTS.);
#325=B_SPLINE_SURFACE_WITH_KNOTS('',3,1,((#13475,#13476),(#13477,#13478),
(#13479,#13480),(#13481,#13482)),.SURF_OF_LINEAR_EXTRUSION.,.F.,.F.,.F.,
(4,4),(2,2),(0.383485836985305,0.991573825801253),(0.,1.),
 .PIECEWISE_BEZIER_KNOTS.);
#326=B_SPLINE_SURFACE_WITH_KNOTS('',3,1,((#13524,#13525),(#13526,#13527),
(#13528,#13529),(#13530,#13531)),.SURF_OF_LINEAR_EXTRUSION.,.F.,.F.,.F.,
(4,4),(2,2),(0.383485836985369,0.991573825801253),(0.,1.),
 .PIECEWISE_BEZIER_KNOTS.);
#327=B_SPLINE_SURFACE_WITH_KNOTS('',3,1,((#13576,#13577),(#13578,#13579),
(#13580,#13581),(#13582,#13583)),.SURF_OF_LINEAR_EXTRUSION.,.F.,.F.,.F.,
(4,4),(2,2),(0.383485836985312,0.991573825801253),(0.,1.),
 .PIECEWISE_BEZIER_KNOTS.);
#328=B_SPLINE_SURFACE_WITH_KNOTS('',3,1,((#13625,#13626),(#13627,#13628),
(#13629,#13630),(#13631,#13632)),.SURF_OF_LINEAR_EXTRUSION.,.F.,.F.,.F.,
(4,4),(2,2),(0.383485836985376,0.991573825801253),(0.,1.),
 .PIECEWISE_BEZIER_KNOTS.);
#329=B_SPLINE_SURFACE_WITH_KNOTS('',3,1,((#13677,#13678),(#13679,#13680),
(#13681,#13682),(#13683,#13684)),.SURF_OF_LINEAR_EXTRUSION.,.F.,.F.,.F.,
(4,4),(2,2),(0.383485836985311,0.991573825801253),(0.,1.),
 .PIECEWISE_BEZIER_KNOTS.);
#330=B_SPLINE_SURFACE_WITH_KNOTS('',3,1,((#13726,#13727),(#13728,#13729),
(#13730,#13731),(#13732,#13733)),.SURF_OF_LINEAR_EXTRUSION.,.F.,.F.,.F.,
(4,4),(2,2),(0.383485836985367,0.991573825801253),(0.,1.),
 .PIECEWISE_BEZIER_KNOTS.);
#331=B_SPLINE_SURFACE_WITH_KNOTS('',3,1,((#13778,#13779),(#13780,#13781),
(#13782,#13783),(#13784,#13785)),.SURF_OF_LINEAR_EXTRUSION.,.F.,.F.,.F.,
(4,4),(2,2),(0.383485836985299,0.991573825801253),(0.,1.),
 .PIECEWISE_BEZIER_KNOTS.);
#332=B_SPLINE_SURFACE_WITH_KNOTS('',3,1,((#13827,#13828),(#13829,#13830),
(#13831,#13832),(#13833,#13834)),.SURF_OF_LINEAR_EXTRUSION.,.F.,.F.,.F.,
(4,4),(2,2),(0.383485836985361,0.991573825801253),(0.,1.),
 .PIECEWISE_BEZIER_KNOTS.);
#333=B_SPLINE_SURFACE_WITH_KNOTS('',3,1,((#13879,#13880),(#13881,#13882),
(#13883,#13884),(#13885,#13886)),.SURF_OF_LINEAR_EXTRUSION.,.F.,.F.,.F.,
(4,4),(2,2),(0.383485836985306,0.991573825801253),(0.,1.),
 .PIECEWISE_BEZIER_KNOTS.);
#334=B_SPLINE_SURFACE_WITH_KNOTS('',3,1,((#13928,#13929),(#13930,#13931),
(#13932,#13933),(#13934,#13935)),.SURF_OF_LINEAR_EXTRUSION.,.F.,.F.,.F.,
(4,4),(2,2),(0.383485836985375,0.991573825801253),(0.,1.),
 .PIECEWISE_BEZIER_KNOTS.);
#335=B_SPLINE_SURFACE_WITH_KNOTS('',3,1,((#13980,#13981),(#13982,#13983),
(#13984,#13985),(#13986,#13987)),.SURF_OF_LINEAR_EXTRUSION.,.F.,.F.,.F.,
(4,4),(2,2),(0.383485836985313,0.991573825801253),(0.,1.),
 .PIECEWISE_BEZIER_KNOTS.);
#336=B_SPLINE_SURFACE_WITH_KNOTS('',3,1,((#14029,#14030),(#14031,#14032),
(#14033,#14034),(#14035,#14036)),.SURF_OF_LINEAR_EXTRUSION.,.F.,.F.,.F.,
(4,4),(2,2),(0.383485836985368,0.991573825801253),(0.,1.),
 .PIECEWISE_BEZIER_KNOTS.);
#337=B_SPLINE_SURFACE_WITH_KNOTS('',3,1,((#14081,#14082),(#14083,#14084),
(#14085,#14086),(#14087,#14088)),.SURF_OF_LINEAR_EXTRUSION.,.F.,.F.,.F.,
(4,4),(2,2),(0.383485836985302,0.991573825801253),(0.,1.),
 .PIECEWISE_BEZIER_KNOTS.);
#338=B_SPLINE_SURFACE_WITH_KNOTS('',3,1,((#14130,#14131),(#14132,#14133),
(#14134,#14135),(#14136,#14137)),.SURF_OF_LINEAR_EXTRUSION.,.F.,.F.,.F.,
(4,4),(2,2),(0.383485836985372,0.991573825801253),(0.,1.),
 .PIECEWISE_BEZIER_KNOTS.);
#339=B_SPLINE_SURFACE_WITH_KNOTS('',3,1,((#14182,#14183),(#14184,#14185),
(#14186,#14187),(#14188,#14189)),.SURF_OF_LINEAR_EXTRUSION.,.F.,.F.,.F.,
(4,4),(2,2),(0.383485836985304,0.991573825801253),(0.,1.),
 .PIECEWISE_BEZIER_KNOTS.);
#340=B_SPLINE_SURFACE_WITH_KNOTS('',3,1,((#14231,#14232),(#14233,#14234),
(#14235,#14236),(#14237,#14238)),.SURF_OF_LINEAR_EXTRUSION.,.F.,.F.,.F.,
(4,4),(2,2),(0.383485836985373,0.991573825801253),(0.,1.),
 .PIECEWISE_BEZIER_KNOTS.);
#341=B_SPLINE_SURFACE_WITH_KNOTS('',3,1,((#14283,#14284),(#14285,#14286),
(#14287,#14288),(#14289,#14290)),.SURF_OF_LINEAR_EXTRUSION.,.F.,.F.,.F.,
(4,4),(2,2),(0.383485836985309,0.991573825801253),(0.,1.),
 .PIECEWISE_BEZIER_KNOTS.);
#342=B_SPLINE_SURFACE_WITH_KNOTS('',3,1,((#14332,#14333),(#14334,#14335),
(#14336,#14337),(#14338,#14339)),.SURF_OF_LINEAR_EXTRUSION.,.F.,.F.,.F.,
(4,4),(2,2),(0.383485836985372,0.991573825801253),(0.,1.),
 .PIECEWISE_BEZIER_KNOTS.);
#343=B_SPLINE_SURFACE_WITH_KNOTS('',3,1,((#14384,#14385),(#14386,#14387),
(#14388,#14389),(#14390,#14391)),.SURF_OF_LINEAR_EXTRUSION.,.F.,.F.,.F.,
(4,4),(2,2),(0.383485836985305,0.991573825801253),(0.,1.),
 .PIECEWISE_BEZIER_KNOTS.);
#344=B_SPLINE_SURFACE_WITH_KNOTS('',3,1,((#14433,#14434),(#14435,#14436),
(#14437,#14438),(#14439,#14440)),.SURF_OF_LINEAR_EXTRUSION.,.F.,.F.,.F.,
(4,4),(2,2),(0.38348583698537,0.991573825801253),(0.,1.),
 .PIECEWISE_BEZIER_KNOTS.);
#345=B_SPLINE_SURFACE_WITH_KNOTS('',3,1,((#14485,#14486),(#14487,#14488),
(#14489,#14490),(#14491,#14492)),.SURF_OF_LINEAR_EXTRUSION.,.F.,.F.,.F.,
(4,4),(2,2),(0.383485836985304,0.991573825801253),(0.,1.),
 .PIECEWISE_BEZIER_KNOTS.);
#346=B_SPLINE_SURFACE_WITH_KNOTS('',3,1,((#14534,#14535),(#14536,#14537),
(#14538,#14539),(#14540,#14541)),.SURF_OF_LINEAR_EXTRUSION.,.F.,.F.,.F.,
(4,4),(2,2),(0.383485836985377,0.991573825801253),(0.,1.),
 .PIECEWISE_BEZIER_KNOTS.);
#347=B_SPLINE_SURFACE_WITH_KNOTS('',3,1,((#14586,#14587),(#14588,#14589),
(#14590,#14591),(#14592,#14593)),.SURF_OF_LINEAR_EXTRUSION.,.F.,.F.,.F.,
(4,4),(2,2),(0.383485836985308,0.991573825801253),(0.,1.),
 .PIECEWISE_BEZIER_KNOTS.);
#348=B_SPLINE_SURFACE_WITH_KNOTS('',3,1,((#14635,#14636),(#14637,#14638),
(#14639,#14640),(#14641,#14642)),.SURF_OF_LINEAR_EXTRUSION.,.F.,.F.,.F.,
(4,4),(2,2),(0.38348583698537,0.991573825801253),(0.,1.),
 .PIECEWISE_BEZIER_KNOTS.);
#349=B_SPLINE_SURFACE_WITH_KNOTS('',3,1,((#14687,#14688),(#14689,#14690),
(#14691,#14692),(#14693,#14694)),.SURF_OF_LINEAR_EXTRUSION.,.F.,.F.,.F.,
(4,4),(2,2),(0.383485836985304,0.991573825801253),(0.,1.),
 .PIECEWISE_BEZIER_KNOTS.);
#350=B_SPLINE_SURFACE_WITH_KNOTS('',3,1,((#14736,#14737),(#14738,#14739),
(#14740,#14741),(#14742,#14743)),.SURF_OF_LINEAR_EXTRUSION.,.F.,.F.,.F.,
(4,4),(2,2),(0.383485836985372,0.991573825801253),(0.,1.),
 .PIECEWISE_BEZIER_KNOTS.);
#351=B_SPLINE_SURFACE_WITH_KNOTS('',3,1,((#14788,#14789),(#14790,#14791),
(#14792,#14793),(#14794,#14795)),.SURF_OF_LINEAR_EXTRUSION.,.F.,.F.,.F.,
(4,4),(2,2),(0.383485836985305,0.991573825801253),(0.,1.),
 .PIECEWISE_BEZIER_KNOTS.);
#352=B_SPLINE_SURFACE_WITH_KNOTS('',3,1,((#14837,#14838),(#14839,#14840),
(#14841,#14842),(#14843,#14844)),.SURF_OF_LINEAR_EXTRUSION.,.F.,.F.,.F.,
(4,4),(2,2),(0.383485836985373,0.991573825801253),(0.,1.),
 .PIECEWISE_BEZIER_KNOTS.);
#353=B_SPLINE_SURFACE_WITH_KNOTS('',3,1,((#14889,#14890),(#14891,#14892),
(#14893,#14894),(#14895,#14896)),.SURF_OF_LINEAR_EXTRUSION.,.F.,.F.,.F.,
(4,4),(2,2),(0.383485836985309,0.991573825801253),(0.,1.),
 .PIECEWISE_BEZIER_KNOTS.);
#354=B_SPLINE_SURFACE_WITH_KNOTS('',3,1,((#14938,#14939),(#14940,#14941),
(#14942,#14943),(#14944,#14945)),.SURF_OF_LINEAR_EXTRUSION.,.F.,.F.,.F.,
(4,4),(2,2),(0.383485836985367,0.991573825801253),(0.,1.),
 .PIECEWISE_BEZIER_KNOTS.);
#355=B_SPLINE_SURFACE_WITH_KNOTS('',3,1,((#14990,#14991),(#14992,#14993),
(#14994,#14995),(#14996,#14997)),.SURF_OF_LINEAR_EXTRUSION.,.F.,.F.,.F.,
(4,4),(2,2),(0.383485836985299,0.991573825801253),(0.,1.),
 .PIECEWISE_BEZIER_KNOTS.);
#356=B_SPLINE_SURFACE_WITH_KNOTS('',3,1,((#15039,#15040),(#15041,#15042),
(#15043,#15044),(#15045,#15046)),.SURF_OF_LINEAR_EXTRUSION.,.F.,.F.,.F.,
(4,4),(2,2),(0.383485836985368,0.991573825801253),(0.,1.),
 .PIECEWISE_BEZIER_KNOTS.);
#357=B_SPLINE_SURFACE_WITH_KNOTS('',3,1,((#15091,#15092),(#15093,#15094),
(#15095,#15096),(#15097,#15098)),.SURF_OF_LINEAR_EXTRUSION.,.F.,.F.,.F.,
(4,4),(2,2),(0.383485836985299,0.991573825801253),(0.,1.),
 .PIECEWISE_BEZIER_KNOTS.);
#358=B_SPLINE_SURFACE_WITH_KNOTS('',3,1,((#15140,#15141),(#15142,#15143),
(#15144,#15145),(#15146,#15147)),.SURF_OF_LINEAR_EXTRUSION.,.F.,.F.,.F.,
(4,4),(2,2),(0.383485836985366,0.991573825801253),(0.,1.),
 .PIECEWISE_BEZIER_KNOTS.);
#359=B_SPLINE_SURFACE_WITH_KNOTS('',3,1,((#15192,#15193),(#15194,#15195),
(#15196,#15197),(#15198,#15199)),.SURF_OF_LINEAR_EXTRUSION.,.F.,.F.,.F.,
(4,4),(2,2),(0.383485836985306,0.991573825801253),(0.,1.),
 .PIECEWISE_BEZIER_KNOTS.);
#360=B_SPLINE_SURFACE_WITH_KNOTS('',3,1,((#15241,#15242),(#15243,#15244),
(#15245,#15246),(#15247,#15248)),.SURF_OF_LINEAR_EXTRUSION.,.F.,.F.,.F.,
(4,4),(2,2),(0.38348583698537,0.991573825801253),(0.,1.),
 .PIECEWISE_BEZIER_KNOTS.);
#361=B_SPLINE_SURFACE_WITH_KNOTS('',3,1,((#15293,#15294),(#15295,#15296),
(#15297,#15298),(#15299,#15300)),.SURF_OF_LINEAR_EXTRUSION.,.F.,.F.,.F.,
(4,4),(2,2),(0.383485836985304,0.991573825801253),(0.,1.),
 .PIECEWISE_BEZIER_KNOTS.);
#362=B_SPLINE_SURFACE_WITH_KNOTS('',3,1,((#15342,#15343),(#15344,#15345),
(#15346,#15347),(#15348,#15349)),.SURF_OF_LINEAR_EXTRUSION.,.F.,.F.,.F.,
(4,4),(2,2),(0.383485836985369,0.991573825801253),(0.,1.),
 .PIECEWISE_BEZIER_KNOTS.);
#363=B_SPLINE_SURFACE_WITH_KNOTS('',3,1,((#15394,#15395),(#15396,#15397),
(#15398,#15399),(#15400,#15401)),.SURF_OF_LINEAR_EXTRUSION.,.F.,.F.,.F.,
(4,4),(2,2),(0.383485836985308,0.991573825801253),(0.,1.),
 .PIECEWISE_BEZIER_KNOTS.);
#364=B_SPLINE_SURFACE_WITH_KNOTS('',3,1,((#15443,#15444),(#15445,#15446),
(#15447,#15448),(#15449,#15450)),.SURF_OF_LINEAR_EXTRUSION.,.F.,.F.,.F.,
(4,4),(2,2),(0.383485836985364,0.991573825801253),(0.,1.),
 .PIECEWISE_BEZIER_KNOTS.);
#365=B_SPLINE_SURFACE_WITH_KNOTS('',3,1,((#15495,#15496),(#15497,#15498),
(#15499,#15500),(#15501,#15502)),.SURF_OF_LINEAR_EXTRUSION.,.F.,.F.,.F.,
(4,4),(2,2),(0.383485836985302,0.991573825801253),(0.,1.),
 .PIECEWISE_BEZIER_KNOTS.);
#366=B_SPLINE_SURFACE_WITH_KNOTS('',3,1,((#15544,#15545),(#15546,#15547),
(#15548,#15549),(#15550,#15551)),.SURF_OF_LINEAR_EXTRUSION.,.F.,.F.,.F.,
(4,4),(2,2),(0.383485836985369,0.991573825801253),(0.,1.),
 .PIECEWISE_BEZIER_KNOTS.);
#367=B_SPLINE_SURFACE_WITH_KNOTS('',3,1,((#15596,#15597),(#15598,#15599),
(#15600,#15601),(#15602,#15603)),.SURF_OF_LINEAR_EXTRUSION.,.F.,.F.,.F.,
(4,4),(2,2),(0.383485836985306,0.991573825801253),(0.,1.),
 .PIECEWISE_BEZIER_KNOTS.);
#368=B_SPLINE_SURFACE_WITH_KNOTS('',3,1,((#15645,#15646),(#15647,#15648),
(#15649,#15650),(#15651,#15652)),.SURF_OF_LINEAR_EXTRUSION.,.F.,.F.,.F.,
(4,4),(2,2),(0.383485836985365,0.991573825801253),(0.,1.),
 .PIECEWISE_BEZIER_KNOTS.);
#369=B_SPLINE_SURFACE_WITH_KNOTS('',3,1,((#15697,#15698),(#15699,#15700),
(#15701,#15702),(#15703,#15704)),.SURF_OF_LINEAR_EXTRUSION.,.F.,.F.,.F.,
(4,4),(2,2),(0.383485836985305,0.991573825801253),(0.,1.),
 .PIECEWISE_BEZIER_KNOTS.);
#370=B_SPLINE_SURFACE_WITH_KNOTS('',3,1,((#15746,#15747),(#15748,#15749),
(#15750,#15751),(#15752,#15753)),.SURF_OF_LINEAR_EXTRUSION.,.F.,.F.,.F.,
(4,4),(2,2),(0.383485836985363,0.991573825801253),(0.,1.),
 .PIECEWISE_BEZIER_KNOTS.);
#371=B_SPLINE_SURFACE_WITH_KNOTS('',3,1,((#15798,#15799),(#15800,#15801),
(#15802,#15803),(#15804,#15805)),.SURF_OF_LINEAR_EXTRUSION.,.F.,.F.,.F.,
(4,4),(2,2),(0.383485836985315,0.991573825801253),(0.,1.),
 .PIECEWISE_BEZIER_KNOTS.);
#372=B_SPLINE_SURFACE_WITH_KNOTS('',3,1,((#15847,#15848),(#15849,#15850),
(#15851,#15852),(#15853,#15854)),.SURF_OF_LINEAR_EXTRUSION.,.F.,.F.,.F.,
(4,4),(2,2),(0.383485836985367,0.991573825801253),(0.,1.),
 .PIECEWISE_BEZIER_KNOTS.);
#373=B_SPLINE_SURFACE_WITH_KNOTS('',3,1,((#15899,#15900),(#15901,#15902),
(#15903,#15904),(#15905,#15906)),.SURF_OF_LINEAR_EXTRUSION.,.F.,.F.,.F.,
(4,4),(2,2),(0.383485836985314,0.991573825801253),(0.,1.),
 .PIECEWISE_BEZIER_KNOTS.);
#374=B_SPLINE_SURFACE_WITH_KNOTS('',3,1,((#15948,#15949),(#15950,#15951),
(#15952,#15953),(#15954,#15955)),.SURF_OF_LINEAR_EXTRUSION.,.F.,.F.,.F.,
(4,4),(2,2),(0.38348583698537,0.991573825801253),(0.,1.),
 .PIECEWISE_BEZIER_KNOTS.);
#375=B_SPLINE_SURFACE_WITH_KNOTS('',3,1,((#16000,#16001),(#16002,#16003),
(#16004,#16005),(#16006,#16007)),.SURF_OF_LINEAR_EXTRUSION.,.F.,.F.,.F.,
(4,4),(2,2),(0.383485836985309,0.991573825801253),(0.,1.),
 .PIECEWISE_BEZIER_KNOTS.);
#376=B_SPLINE_SURFACE_WITH_KNOTS('',3,1,((#16049,#16050),(#16051,#16052),
(#16053,#16054),(#16055,#16056)),.SURF_OF_LINEAR_EXTRUSION.,.F.,.F.,.F.,
(4,4),(2,2),(0.383485836985377,0.991573825801253),(0.,1.),
 .PIECEWISE_BEZIER_KNOTS.);
#377=B_SPLINE_SURFACE_WITH_KNOTS('',3,1,((#16101,#16102),(#16103,#16104),
(#16105,#16106),(#16107,#16108)),.SURF_OF_LINEAR_EXTRUSION.,.F.,.F.,.F.,
(4,4),(2,2),(0.383485836985308,0.991573825801253),(0.,1.),
 .PIECEWISE_BEZIER_KNOTS.);
#378=LINE('',#9554,#738);
#379=LINE('',#9558,#739);
#380=LINE('',#9563,#740);
#381=LINE('',#9567,#741);
#382=LINE('',#9572,#742);
#383=LINE('',#9576,#743);
#384=LINE('',#9581,#744);
#385=LINE('',#9585,#745);
#386=LINE('',#9590,#746);
#387=LINE('',#9594,#747);
#388=LINE('',#9599,#748);
#389=LINE('',#9603,#749);
#390=LINE('',#9608,#750);
#391=LINE('',#9612,#751);
#392=LINE('',#9617,#752);
#393=LINE('',#9621,#753);
#394=LINE('',#9626,#754);
#395=LINE('',#9630,#755);
#396=LINE('',#9635,#756);
#397=LINE('',#9639,#757);
#398=LINE('',#9644,#758);
#399=LINE('',#9648,#759);
#400=LINE('',#9653,#760);
#401=LINE('',#9657,#761);
#402=LINE('',#9662,#762);
#403=LINE('',#9666,#763);
#404=LINE('',#9671,#764);
#405=LINE('',#9675,#765);
#406=LINE('',#9680,#766);
#407=LINE('',#9684,#767);
#408=LINE('',#9689,#768);
#409=LINE('',#9693,#769);
#410=LINE('',#9698,#770);
#411=LINE('',#9702,#771);
#412=LINE('',#9707,#772);
#413=LINE('',#9711,#773);
#414=LINE('',#9716,#774);
#415=LINE('',#9720,#775);
#416=LINE('',#9725,#776);
#417=LINE('',#9729,#777);
#418=LINE('',#9734,#778);
#419=LINE('',#9738,#779);
#420=LINE('',#9743,#780);
#421=LINE('',#9747,#781);
#422=LINE('',#9752,#782);
#423=LINE('',#9756,#783);
#424=LINE('',#9761,#784);
#425=LINE('',#9765,#785);
#426=LINE('',#9770,#786);
#427=LINE('',#9774,#787);
#428=LINE('',#9779,#788);
#429=LINE('',#9783,#789);
#430=LINE('',#9788,#790);
#431=LINE('',#9792,#791);
#432=LINE('',#9797,#792);
#433=LINE('',#9801,#793);
#434=LINE('',#9806,#794);
#435=LINE('',#9810,#795);
#436=LINE('',#9815,#796);
#437=LINE('',#9819,#797);
#438=LINE('',#9824,#798);
#439=LINE('',#9828,#799);
#440=LINE('',#9833,#800);
#441=LINE('',#9837,#801);
#442=LINE('',#9842,#802);
#443=LINE('',#9846,#803);
#444=LINE('',#9851,#804);
#445=LINE('',#9855,#805);
#446=LINE('',#9860,#806);
#447=LINE('',#9864,#807);
#448=LINE('',#9869,#808);
#449=LINE('',#9873,#809);
#450=LINE('',#9878,#810);
#451=LINE('',#9882,#811);
#452=LINE('',#9887,#812);
#453=LINE('',#9891,#813);
#454=LINE('',#9896,#814);
#455=LINE('',#9900,#815);
#456=LINE('',#9905,#816);
#457=LINE('',#9909,#817);
#458=LINE('',#9914,#818);
#459=LINE('',#9918,#819);
#460=LINE('',#9923,#820);
#461=LINE('',#9927,#821);
#462=LINE('',#9932,#822);
#463=LINE('',#9936,#823);
#464=LINE('',#9941,#824);
#465=LINE('',#9945,#825);
#466=LINE('',#9950,#826);
#467=LINE('',#9954,#827);
#468=LINE('',#9959,#828);
#469=LINE('',#9963,#829);
#470=LINE('',#9968,#830);
#471=LINE('',#9972,#831);
#472=LINE('',#9977,#832);
#473=LINE('',#9981,#833);
#474=LINE('',#9986,#834);
#475=LINE('',#9990,#835);
#476=LINE('',#9995,#836);
#477=LINE('',#9999,#837);
#478=LINE('',#10004,#838);
#479=LINE('',#10008,#839);
#480=LINE('',#10013,#840);
#481=LINE('',#10017,#841);
#482=LINE('',#10022,#842);
#483=LINE('',#10026,#843);
#484=LINE('',#10031,#844);
#485=LINE('',#10035,#845);
#486=LINE('',#10040,#846);
#487=LINE('',#10044,#847);
#488=LINE('',#10049,#848);
#489=LINE('',#10053,#849);
#490=LINE('',#10058,#850);
#491=LINE('',#10062,#851);
#492=LINE('',#10067,#852);
#493=LINE('',#10071,#853);
#494=LINE('',#10076,#854);
#495=LINE('',#10080,#855);
#496=LINE('',#10085,#856);
#497=LINE('',#10089,#857);
#498=LINE('',#10115,#858);
#499=LINE('',#10137,#859);
#500=LINE('',#10141,#860);
#501=LINE('',#10150,#861);
#502=LINE('',#10216,#862);
#503=LINE('',#10238,#863);
#504=LINE('',#10242,#864);
#505=LINE('',#10251,#865);
#506=LINE('',#10317,#866);
#507=LINE('',#10339,#867);
#508=LINE('',#10343,#868);
#509=LINE('',#10352,#869);
#510=LINE('',#10418,#870);
#511=LINE('',#10440,#871);
#512=LINE('',#10444,#872);
#513=LINE('',#10453,#873);
#514=LINE('',#10519,#874);
#515=LINE('',#10541,#875);
#516=LINE('',#10545,#876);
#517=LINE('',#10554,#877);
#518=LINE('',#10620,#878);
#519=LINE('',#10642,#879);
#520=LINE('',#10646,#880);
#521=LINE('',#10655,#881);
#522=LINE('',#10721,#882);
#523=LINE('',#10743,#883);
#524=LINE('',#10747,#884);
#525=LINE('',#10756,#885);
#526=LINE('',#10822,#886);
#527=LINE('',#10844,#887);
#528=LINE('',#10848,#888);
#529=LINE('',#10857,#889);
#530=LINE('',#10923,#890);
#531=LINE('',#10945,#891);
#532=LINE('',#10949,#892);
#533=LINE('',#10958,#893);
#534=LINE('',#11024,#894);
#535=LINE('',#11046,#895);
#536=LINE('',#11050,#896);
#537=LINE('',#11059,#897);
#538=LINE('',#11125,#898);
#539=LINE('',#11147,#899);
#540=LINE('',#11151,#900);
#541=LINE('',#11160,#901);
#542=LINE('',#11226,#902);
#543=LINE('',#11248,#903);
#544=LINE('',#11252,#904);
#545=LINE('',#11261,#905);
#546=LINE('',#11327,#906);
#547=LINE('',#11349,#907);
#548=LINE('',#11353,#908);
#549=LINE('',#11362,#909);
#550=LINE('',#11428,#910);
#551=LINE('',#11450,#911);
#552=LINE('',#11454,#912);
#553=LINE('',#11463,#913);
#554=LINE('',#11529,#914);
#555=LINE('',#11551,#915);
#556=LINE('',#11555,#916);
#557=LINE('',#11564,#917);
#558=LINE('',#11630,#918);
#559=LINE('',#11652,#919);
#560=LINE('',#11656,#920);
#561=LINE('',#11665,#921);
#562=LINE('',#11731,#922);
#563=LINE('',#11753,#923);
#564=LINE('',#11757,#924);
#565=LINE('',#11766,#925);
#566=LINE('',#11832,#926);
#567=LINE('',#11854,#927);
#568=LINE('',#11858,#928);
#569=LINE('',#11867,#929);
#570=LINE('',#11933,#930);
#571=LINE('',#11955,#931);
#572=LINE('',#11959,#932);
#573=LINE('',#11968,#933);
#574=LINE('',#12034,#934);
#575=LINE('',#12056,#935);
#576=LINE('',#12060,#936);
#577=LINE('',#12069,#937);
#578=LINE('',#12135,#938);
#579=LINE('',#12157,#939);
#580=LINE('',#12161,#940);
#581=LINE('',#12170,#941);
#582=LINE('',#12236,#942);
#583=LINE('',#12258,#943);
#584=LINE('',#12262,#944);
#585=LINE('',#12271,#945);
#586=LINE('',#12337,#946);
#587=LINE('',#12359,#947);
#588=LINE('',#12363,#948);
#589=LINE('',#12372,#949);
#590=LINE('',#12438,#950);
#591=LINE('',#12460,#951);
#592=LINE('',#12464,#952);
#593=LINE('',#12473,#953);
#594=LINE('',#12539,#954);
#595=LINE('',#12561,#955);
#596=LINE('',#12565,#956);
#597=LINE('',#12574,#957);
#598=LINE('',#12640,#958);
#599=LINE('',#12662,#959);
#600=LINE('',#12666,#960);
#601=LINE('',#12675,#961);
#602=LINE('',#12741,#962);
#603=LINE('',#12763,#963);
#604=LINE('',#12767,#964);
#605=LINE('',#12776,#965);
#606=LINE('',#12842,#966);
#607=LINE('',#12864,#967);
#608=LINE('',#12868,#968);
#609=LINE('',#12877,#969);
#610=LINE('',#12943,#970);
#611=LINE('',#12965,#971);
#612=LINE('',#12969,#972);
#613=LINE('',#12978,#973);
#614=LINE('',#13044,#974);
#615=LINE('',#13066,#975);
#616=LINE('',#13070,#976);
#617=LINE('',#13079,#977);
#618=LINE('',#13145,#978);
#619=LINE('',#13167,#979);
#620=LINE('',#13171,#980);
#621=LINE('',#13180,#981);
#622=LINE('',#13246,#982);
#623=LINE('',#13268,#983);
#624=LINE('',#13272,#984);
#625=LINE('',#13281,#985);
#626=LINE('',#13347,#986);
#627=LINE('',#13369,#987);
#628=LINE('',#13373,#988);
#629=LINE('',#13382,#989);
#630=LINE('',#13448,#990);
#631=LINE('',#13470,#991);
#632=LINE('',#13474,#992);
#633=LINE('',#13483,#993);
#634=LINE('',#13549,#994);
#635=LINE('',#13571,#995);
#636=LINE('',#13575,#996);
#637=LINE('',#13584,#997);
#638=LINE('',#13650,#998);
#639=LINE('',#13672,#999);
#640=LINE('',#13676,#1000);
#641=LINE('',#13685,#1001);
#642=LINE('',#13751,#1002);
#643=LINE('',#13773,#1003);
#644=LINE('',#13777,#1004);
#645=LINE('',#13786,#1005);
#646=LINE('',#13852,#1006);
#647=LINE('',#13874,#1007);
#648=LINE('',#13878,#1008);
#649=LINE('',#13887,#1009);
#650=LINE('',#13953,#1010);
#651=LINE('',#13975,#1011);
#652=LINE('',#13979,#1012);
#653=LINE('',#13988,#1013);
#654=LINE('',#14054,#1014);
#655=LINE('',#14076,#1015);
#656=LINE('',#14080,#1016);
#657=LINE('',#14089,#1017);
#658=LINE('',#14155,#1018);
#659=LINE('',#14177,#1019);
#660=LINE('',#14181,#1020);
#661=LINE('',#14190,#1021);
#662=LINE('',#14256,#1022);
#663=LINE('',#14278,#1023);
#664=LINE('',#14282,#1024);
#665=LINE('',#14291,#1025);
#666=LINE('',#14357,#1026);
#667=LINE('',#14379,#1027);
#668=LINE('',#14383,#1028);
#669=LINE('',#14392,#1029);
#670=LINE('',#14458,#1030);
#671=LINE('',#14480,#1031);
#672=LINE('',#14484,#1032);
#673=LINE('',#14493,#1033);
#674=LINE('',#14559,#1034);
#675=LINE('',#14581,#1035);
#676=LINE('',#14585,#1036);
#677=LINE('',#14594,#1037);
#678=LINE('',#14660,#1038);
#679=LINE('',#14682,#1039);
#680=LINE('',#14686,#1040);
#681=LINE('',#14695,#1041);
#682=LINE('',#14761,#1042);
#683=LINE('',#14783,#1043);
#684=LINE('',#14787,#1044);
#685=LINE('',#14796,#1045);
#686=LINE('',#14862,#1046);
#687=LINE('',#14884,#1047);
#688=LINE('',#14888,#1048);
#689=LINE('',#14897,#1049);
#690=LINE('',#14963,#1050);
#691=LINE('',#14985,#1051);
#692=LINE('',#14989,#1052);
#693=LINE('',#14998,#1053);
#694=LINE('',#15064,#1054);
#695=LINE('',#15086,#1055);
#696=LINE('',#15090,#1056);
#697=LINE('',#15099,#1057);
#698=LINE('',#15165,#1058);
#699=LINE('',#15187,#1059);
#700=LINE('',#15191,#1060);
#701=LINE('',#15200,#1061);
#702=LINE('',#15266,#1062);
#703=LINE('',#15288,#1063);
#704=LINE('',#15292,#1064);
#705=LINE('',#15301,#1065);
#706=LINE('',#15367,#1066);
#707=LINE('',#15389,#1067);
#708=LINE('',#15393,#1068);
#709=LINE('',#15402,#1069);
#710=LINE('',#15468,#1070);
#711=LINE('',#15490,#1071);
#712=LINE('',#15494,#1072);
#713=LINE('',#15503,#1073);
#714=LINE('',#15569,#1074);
#715=LINE('',#15591,#1075);
#716=LINE('',#15595,#1076);
#717=LINE('',#15604,#1077);
#718=LINE('',#15670,#1078);
#719=LINE('',#15692,#1079);
#720=LINE('',#15696,#1080);
#721=LINE('',#15705,#1081);
#722=LINE('',#15771,#1082);
#723=LINE('',#15793,#1083);
#724=LINE('',#15797,#1084);
#725=LINE('',#15806,#1085);
#726=LINE('',#15872,#1086);
#727=LINE('',#15894,#1087);
#728=LINE('',#15898,#1088);
#729=LINE('',#15907,#1089);
#730=LINE('',#15973,#1090);
#731=LINE('',#15995,#1091);
#732=LINE('',#15999,#1092);
#733=LINE('',#16008,#1093);
#734=LINE('',#16074,#1094);
#735=LINE('',#16096,#1095);
#736=LINE('',#16100,#1096);
#737=LINE('',#16109,#1097);
#738=VECTOR('',#7715,100.);
#739=VECTOR('',#7718,100.);
#740=VECTOR('',#7723,100.);
#741=VECTOR('',#7726,100.);
#742=VECTOR('',#7731,100.);
#743=VECTOR('',#7734,100.);
#744=VECTOR('',#7739,100.);
#745=VECTOR('',#7742,100.);
#746=VECTOR('',#7747,100.);
#747=VECTOR('',#7750,100.);
#748=VECTOR('',#7755,100.);
#749=VECTOR('',#7758,100.);
#750=VECTOR('',#7763,100.);
#751=VECTOR('',#7766,100.);
#752=VECTOR('',#7771,100.);
#753=VECTOR('',#7774,100.);
#754=VECTOR('',#7779,100.);
#755=VECTOR('',#7782,100.);
#756=VECTOR('',#7787,100.);
#757=VECTOR('',#7790,100.);
#758=VECTOR('',#7795,100.);
#759=VECTOR('',#7798,100.);
#760=VECTOR('',#7803,100.);
#761=VECTOR('',#7806,100.);
#762=VECTOR('',#7811,100.);
#763=VECTOR('',#7814,100.);
#764=VECTOR('',#7819,100.);
#765=VECTOR('',#7822,100.);
#766=VECTOR('',#7827,100.);
#767=VECTOR('',#7830,100.);
#768=VECTOR('',#7835,100.);
#769=VECTOR('',#7838,100.);
#770=VECTOR('',#7843,100.);
#771=VECTOR('',#7846,100.);
#772=VECTOR('',#7851,100.);
#773=VECTOR('',#7854,100.);
#774=VECTOR('',#7859,100.);
#775=VECTOR('',#7862,100.);
#776=VECTOR('',#7867,100.);
#777=VECTOR('',#7870,100.);
#778=VECTOR('',#7875,100.);
#779=VECTOR('',#7878,100.);
#780=VECTOR('',#7883,100.);
#781=VECTOR('',#7886,100.);
#782=VECTOR('',#7891,100.);
#783=VECTOR('',#7894,100.);
#784=VECTOR('',#7899,100.);
#785=VECTOR('',#7902,100.);
#786=VECTOR('',#7907,100.);
#787=VECTOR('',#7910,100.);
#788=VECTOR('',#7915,100.);
#789=VECTOR('',#7918,100.);
#790=VECTOR('',#7923,100.);
#791=VECTOR('',#7926,100.);
#792=VECTOR('',#7931,100.);
#793=VECTOR('',#7934,100.);
#794=VECTOR('',#7939,100.);
#795=VECTOR('',#7942,100.);
#796=VECTOR('',#7947,100.);
#797=VECTOR('',#7950,100.);
#798=VECTOR('',#7955,100.);
#799=VECTOR('',#7958,100.);
#800=VECTOR('',#7963,100.);
#801=VECTOR('',#7966,100.);
#802=VECTOR('',#7971,100.);
#803=VECTOR('',#7974,100.);
#804=VECTOR('',#7979,100.);
#805=VECTOR('',#7982,100.);
#806=VECTOR('',#7987,100.);
#807=VECTOR('',#7990,100.);
#808=VECTOR('',#7995,100.);
#809=VECTOR('',#7998,100.);
#810=VECTOR('',#8003,100.);
#811=VECTOR('',#8006,100.);
#812=VECTOR('',#8011,100.);
#813=VECTOR('',#8014,100.);
#814=VECTOR('',#8019,100.);
#815=VECTOR('',#8022,100.);
#816=VECTOR('',#8027,100.);
#817=VECTOR('',#8030,100.);
#818=VECTOR('',#8035,100.);
#819=VECTOR('',#8038,100.);
#820=VECTOR('',#8043,100.);
#821=VECTOR('',#8046,100.);
#822=VECTOR('',#8051,100.);
#823=VECTOR('',#8054,100.);
#824=VECTOR('',#8059,100.);
#825=VECTOR('',#8062,100.);
#826=VECTOR('',#8067,100.);
#827=VECTOR('',#8070,100.);
#828=VECTOR('',#8075,100.);
#829=VECTOR('',#8078,100.);
#830=VECTOR('',#8083,100.);
#831=VECTOR('',#8086,100.);
#832=VECTOR('',#8091,100.);
#833=VECTOR('',#8094,100.);
#834=VECTOR('',#8099,100.);
#835=VECTOR('',#8102,100.);
#836=VECTOR('',#8107,100.);
#837=VECTOR('',#8110,100.);
#838=VECTOR('',#8115,100.);
#839=VECTOR('',#8118,100.);
#840=VECTOR('',#8123,100.);
#841=VECTOR('',#8126,100.);
#842=VECTOR('',#8131,100.);
#843=VECTOR('',#8134,100.);
#844=VECTOR('',#8139,100.);
#845=VECTOR('',#8142,100.);
#846=VECTOR('',#8147,100.);
#847=VECTOR('',#8150,100.);
#848=VECTOR('',#8155,100.);
#849=VECTOR('',#8158,100.);
#850=VECTOR('',#8163,100.);
#851=VECTOR('',#8166,100.);
#852=VECTOR('',#8171,100.);
#853=VECTOR('',#8174,100.);
#854=VECTOR('',#8179,100.);
#855=VECTOR('',#8182,100.);
#856=VECTOR('',#8187,100.);
#857=VECTOR('',#8190,100.);
#858=VECTOR('',#8191,100.);
#859=VECTOR('',#8196,100.);
#860=VECTOR('',#8199,100.);
#861=VECTOR('',#8200,100.);
#862=VECTOR('',#8213,100.);
#863=VECTOR('',#8218,100.);
#864=VECTOR('',#8221,100.);
#865=VECTOR('',#8222,100.);
#866=VECTOR('',#8235,100.);
#867=VECTOR('',#8240,100.);
#868=VECTOR('',#8243,100.);
#869=VECTOR('',#8244,100.);
#870=VECTOR('',#8257,100.);
#871=VECTOR('',#8262,100.);
#872=VECTOR('',#8265,100.);
#873=VECTOR('',#8266,100.);
#874=VECTOR('',#8279,100.);
#875=VECTOR('',#8284,100.);
#876=VECTOR('',#8287,100.);
#877=VECTOR('',#8288,100.);
#878=VECTOR('',#8301,100.);
#879=VECTOR('',#8306,100.);
#880=VECTOR('',#8309,100.);
#881=VECTOR('',#8310,100.);
#882=VECTOR('',#8323,100.);
#883=VECTOR('',#8328,100.);
#884=VECTOR('',#8331,100.);
#885=VECTOR('',#8332,100.);
#886=VECTOR('',#8345,100.);
#887=VECTOR('',#8350,100.);
#888=VECTOR('',#8353,100.);
#889=VECTOR('',#8354,100.);
#890=VECTOR('',#8367,100.);
#891=VECTOR('',#8372,100.);
#892=VECTOR('',#8375,100.);
#893=VECTOR('',#8376,100.);
#894=VECTOR('',#8389,100.);
#895=VECTOR('',#8394,100.);
#896=VECTOR('',#8397,100.);
#897=VECTOR('',#8398,100.);
#898=VECTOR('',#8411,100.);
#899=VECTOR('',#8416,100.);
#900=VECTOR('',#8419,100.);
#901=VECTOR('',#8420,100.);
#902=VECTOR('',#8433,100.);
#903=VECTOR('',#8438,100.);
#904=VECTOR('',#8441,100.);
#905=VECTOR('',#8442,100.);
#906=VECTOR('',#8455,100.);
#907=VECTOR('',#8460,100.);
#908=VECTOR('',#8463,100.);
#909=VECTOR('',#8464,100.);
#910=VECTOR('',#8477,100.);
#911=VECTOR('',#8482,100.);
#912=VECTOR('',#8485,100.);
#913=VECTOR('',#8486,100.);
#914=VECTOR('',#8499,100.);
#915=VECTOR('',#8504,100.);
#916=VECTOR('',#8507,100.);
#917=VECTOR('',#8508,100.);
#918=VECTOR('',#8521,100.);
#919=VECTOR('',#8526,100.);
#920=VECTOR('',#8529,100.);
#921=VECTOR('',#8530,100.);
#922=VECTOR('',#8543,100.);
#923=VECTOR('',#8548,100.);
#924=VECTOR('',#8551,100.);
#925=VECTOR('',#8552,100.);
#926=VECTOR('',#8565,100.);
#927=VECTOR('',#8570,100.);
#928=VECTOR('',#8573,100.);
#929=VECTOR('',#8574,100.);
#930=VECTOR('',#8587,100.);
#931=VECTOR('',#8592,100.);
#932=VECTOR('',#8595,100.);
#933=VECTOR('',#8596,100.);
#934=VECTOR('',#8609,100.);
#935=VECTOR('',#8614,100.);
#936=VECTOR('',#8617,100.);
#937=VECTOR('',#8618,100.);
#938=VECTOR('',#8631,100.);
#939=VECTOR('',#8636,100.);
#940=VECTOR('',#8639,100.);
#941=VECTOR('',#8640,100.);
#942=VECTOR('',#8653,100.);
#943=VECTOR('',#8658,100.);
#944=VECTOR('',#8661,100.);
#945=VECTOR('',#8662,100.);
#946=VECTOR('',#8675,100.);
#947=VECTOR('',#8680,100.);
#948=VECTOR('',#8683,100.);
#949=VECTOR('',#8684,100.);
#950=VECTOR('',#8697,100.);
#951=VECTOR('',#8702,100.);
#952=VECTOR('',#8705,100.);
#953=VECTOR('',#8706,100.);
#954=VECTOR('',#8719,100.);
#955=VECTOR('',#8724,100.);
#956=VECTOR('',#8727,100.);
#957=VECTOR('',#8728,100.);
#958=VECTOR('',#8741,100.);
#959=VECTOR('',#8746,100.);
#960=VECTOR('',#8749,100.);
#961=VECTOR('',#8750,100.);
#962=VECTOR('',#8763,100.);
#963=VECTOR('',#8768,100.);
#964=VECTOR('',#8771,100.);
#965=VECTOR('',#8772,100.);
#966=VECTOR('',#8785,100.);
#967=VECTOR('',#8790,100.);
#968=VECTOR('',#8793,100.);
#969=VECTOR('',#8794,100.);
#970=VECTOR('',#8807,100.);
#971=VECTOR('',#8812,100.);
#972=VECTOR('',#8815,100.);
#973=VECTOR('',#8816,100.);
#974=VECTOR('',#8829,100.);
#975=VECTOR('',#8834,100.);
#976=VECTOR('',#8837,100.);
#977=VECTOR('',#8838,100.);
#978=VECTOR('',#8851,100.);
#979=VECTOR('',#8856,100.);
#980=VECTOR('',#8859,100.);
#981=VECTOR('',#8860,100.);
#982=VECTOR('',#8873,100.);
#983=VECTOR('',#8878,100.);
#984=VECTOR('',#8881,100.);
#985=VECTOR('',#8882,100.);
#986=VECTOR('',#8895,100.);
#987=VECTOR('',#8900,100.);
#988=VECTOR('',#8903,100.);
#989=VECTOR('',#8904,100.);
#990=VECTOR('',#8917,100.);
#991=VECTOR('',#8922,100.);
#992=VECTOR('',#8925,100.);
#993=VECTOR('',#8926,100.);
#994=VECTOR('',#8939,100.);
#995=VECTOR('',#8944,100.);
#996=VECTOR('',#8947,100.);
#997=VECTOR('',#8948,100.);
#998=VECTOR('',#8961,100.);
#999=VECTOR('',#8966,100.);
#1000=VECTOR('',#8969,100.);
#1001=VECTOR('',#8970,100.);
#1002=VECTOR('',#8983,100.);
#1003=VECTOR('',#8988,100.);
#1004=VECTOR('',#8991,100.);
#1005=VECTOR('',#8992,100.);
#1006=VECTOR('',#9005,100.);
#1007=VECTOR('',#9010,100.);
#1008=VECTOR('',#9013,100.);
#1009=VECTOR('',#9014,100.);
#1010=VECTOR('',#9027,100.);
#1011=VECTOR('',#9032,100.);
#1012=VECTOR('',#9035,100.);
#1013=VECTOR('',#9036,100.);
#1014=VECTOR('',#9049,100.);
#1015=VECTOR('',#9054,100.);
#1016=VECTOR('',#9057,100.);
#1017=VECTOR('',#9058,100.);
#1018=VECTOR('',#9071,100.);
#1019=VECTOR('',#9076,100.);
#1020=VECTOR('',#9079,100.);
#1021=VECTOR('',#9080,100.);
#1022=VECTOR('',#9093,100.);
#1023=VECTOR('',#9098,100.);
#1024=VECTOR('',#9101,100.);
#1025=VECTOR('',#9102,100.);
#1026=VECTOR('',#9115,100.);
#1027=VECTOR('',#9120,100.);
#1028=VECTOR('',#9123,100.);
#1029=VECTOR('',#9124,100.);
#1030=VECTOR('',#9137,100.);
#1031=VECTOR('',#9142,100.);
#1032=VECTOR('',#9145,100.);
#1033=VECTOR('',#9146,100.);
#1034=VECTOR('',#9159,100.);
#1035=VECTOR('',#9164,100.);
#1036=VECTOR('',#9167,100.);
#1037=VECTOR('',#9168,100.);
#1038=VECTOR('',#9181,100.);
#1039=VECTOR('',#9186,100.);
#1040=VECTOR('',#9189,100.);
#1041=VECTOR('',#9190,100.);
#1042=VECTOR('',#9203,100.);
#1043=VECTOR('',#9208,100.);
#1044=VECTOR('',#9211,100.);
#1045=VECTOR('',#9212,100.);
#1046=VECTOR('',#9225,100.);
#1047=VECTOR('',#9230,100.);
#1048=VECTOR('',#9233,100.);
#1049=VECTOR('',#9234,100.);
#1050=VECTOR('',#9247,100.);
#1051=VECTOR('',#9252,100.);
#1052=VECTOR('',#9255,100.);
#1053=VECTOR('',#9256,100.);
#1054=VECTOR('',#9269,100.);
#1055=VECTOR('',#9274,100.);
#1056=VECTOR('',#9277,100.);
#1057=VECTOR('',#9278,100.);
#1058=VECTOR('',#9291,100.);
#1059=VECTOR('',#9296,100.);
#1060=VECTOR('',#9299,100.);
#1061=VECTOR('',#9300,100.);
#1062=VECTOR('',#9313,100.);
#1063=VECTOR('',#9318,100.);
#1064=VECTOR('',#9321,100.);
#1065=VECTOR('',#9322,100.);
#1066=VECTOR('',#9335,100.);
#1067=VECTOR('',#9340,100.);
#1068=VECTOR('',#9343,100.);
#1069=VECTOR('',#9344,100.);
#1070=VECTOR('',#9357,100.);
#1071=VECTOR('',#9362,100.);
#1072=VECTOR('',#9365,100.);
#1073=VECTOR('',#9366,100.);
#1074=VECTOR('',#9379,100.);
#1075=VECTOR('',#9384,100.);
#1076=VECTOR('',#9387,100.);
#1077=VECTOR('',#9388,100.);
#1078=VECTOR('',#9401,100.);
#1079=VECTOR('',#9406,100.);
#1080=VECTOR('',#9409,100.);
#1081=VECTOR('',#9410,100.);
#1082=VECTOR('',#9423,100.);
#1083=VECTOR('',#9428,100.);
#1084=VECTOR('',#9431,100.);
#1085=VECTOR('',#9432,100.);
#1086=VECTOR('',#9445,100.);
#1087=VECTOR('',#9450,100.);
#1088=VECTOR('',#9453,100.);
#1089=VECTOR('',#9454,100.);
#1090=VECTOR('',#9467,100.);
#1091=VECTOR('',#9472,100.);
#1092=VECTOR('',#9475,100.);
#1093=VECTOR('',#9476,100.);
#1094=VECTOR('',#9489,100.);
#1095=VECTOR('',#9494,100.);
#1096=VECTOR('',#9497,100.);
#1097=VECTOR('',#9498,100.);
#1098=ORIENTED_EDGE('',*,*,#3276,.F.);
#1099=ORIENTED_EDGE('',*,*,#3277,.T.);
#1100=ORIENTED_EDGE('',*,*,#3278,.T.);
#1101=ORIENTED_EDGE('',*,*,#3279,.F.);
#1102=ORIENTED_EDGE('',*,*,#3280,.F.);
#1103=ORIENTED_EDGE('',*,*,#3281,.T.);
#1104=ORIENTED_EDGE('',*,*,#3282,.T.);
#1105=ORIENTED_EDGE('',*,*,#3283,.F.);
#1106=ORIENTED_EDGE('',*,*,#3284,.F.);
#1107=ORIENTED_EDGE('',*,*,#3285,.T.);
#1108=ORIENTED_EDGE('',*,*,#3286,.T.);
#1109=ORIENTED_EDGE('',*,*,#3287,.F.);
#1110=ORIENTED_EDGE('',*,*,#3288,.F.);
#1111=ORIENTED_EDGE('',*,*,#3289,.T.);
#1112=ORIENTED_EDGE('',*,*,#3290,.T.);
#1113=ORIENTED_EDGE('',*,*,#3291,.F.);
#1114=ORIENTED_EDGE('',*,*,#3292,.F.);
#1115=ORIENTED_EDGE('',*,*,#3293,.T.);
#1116=ORIENTED_EDGE('',*,*,#3294,.T.);
#1117=ORIENTED_EDGE('',*,*,#3295,.F.);
#1118=ORIENTED_EDGE('',*,*,#3296,.F.);
#1119=ORIENTED_EDGE('',*,*,#3297,.T.);
#1120=ORIENTED_EDGE('',*,*,#3298,.T.);
#1121=ORIENTED_EDGE('',*,*,#3299,.F.);
#1122=ORIENTED_EDGE('',*,*,#3300,.F.);
#1123=ORIENTED_EDGE('',*,*,#3301,.T.);
#1124=ORIENTED_EDGE('',*,*,#3302,.T.);
#1125=ORIENTED_EDGE('',*,*,#3303,.F.);
#1126=ORIENTED_EDGE('',*,*,#3304,.F.);
#1127=ORIENTED_EDGE('',*,*,#3305,.T.);
#1128=ORIENTED_EDGE('',*,*,#3306,.T.);
#1129=ORIENTED_EDGE('',*,*,#3307,.F.);
#1130=ORIENTED_EDGE('',*,*,#3308,.F.);
#1131=ORIENTED_EDGE('',*,*,#3309,.T.);
#1132=ORIENTED_EDGE('',*,*,#3310,.T.);
#1133=ORIENTED_EDGE('',*,*,#3311,.F.);
#1134=ORIENTED_EDGE('',*,*,#3312,.F.);
#1135=ORIENTED_EDGE('',*,*,#3313,.T.);
#1136=ORIENTED_EDGE('',*,*,#3314,.T.);
#1137=ORIENTED_EDGE('',*,*,#3315,.F.);
#1138=ORIENTED_EDGE('',*,*,#3316,.F.);
#1139=ORIENTED_EDGE('',*,*,#3317,.T.);
#1140=ORIENTED_EDGE('',*,*,#3318,.T.);
#1141=ORIENTED_EDGE('',*,*,#3319,.F.);
#1142=ORIENTED_EDGE('',*,*,#3320,.F.);
#1143=ORIENTED_EDGE('',*,*,#3321,.T.);
#1144=ORIENTED_EDGE('',*,*,#3322,.T.);
#1145=ORIENTED_EDGE('',*,*,#3323,.F.);
#1146=ORIENTED_EDGE('',*,*,#3324,.F.);
#1147=ORIENTED_EDGE('',*,*,#3325,.T.);
#1148=ORIENTED_EDGE('',*,*,#3326,.T.);
#1149=ORIENTED_EDGE('',*,*,#3327,.F.);
#1150=ORIENTED_EDGE('',*,*,#3328,.F.);
#1151=ORIENTED_EDGE('',*,*,#3329,.T.);
#1152=ORIENTED_EDGE('',*,*,#3330,.T.);
#1153=ORIENTED_EDGE('',*,*,#3331,.F.);
#1154=ORIENTED_EDGE('',*,*,#3332,.F.);
#1155=ORIENTED_EDGE('',*,*,#3333,.T.);
#1156=ORIENTED_EDGE('',*,*,#3334,.T.);
#1157=ORIENTED_EDGE('',*,*,#3335,.F.);
#1158=ORIENTED_EDGE('',*,*,#3336,.F.);
#1159=ORIENTED_EDGE('',*,*,#3337,.T.);
#1160=ORIENTED_EDGE('',*,*,#3338,.T.);
#1161=ORIENTED_EDGE('',*,*,#3339,.F.);
#1162=ORIENTED_EDGE('',*,*,#3340,.F.);
#1163=ORIENTED_EDGE('',*,*,#3341,.T.);
#1164=ORIENTED_EDGE('',*,*,#3342,.T.);
#1165=ORIENTED_EDGE('',*,*,#3343,.F.);
#1166=ORIENTED_EDGE('',*,*,#3344,.F.);
#1167=ORIENTED_EDGE('',*,*,#3345,.T.);
#1168=ORIENTED_EDGE('',*,*,#3346,.T.);
#1169=ORIENTED_EDGE('',*,*,#3347,.F.);
#1170=ORIENTED_EDGE('',*,*,#3348,.F.);
#1171=ORIENTED_EDGE('',*,*,#3349,.T.);
#1172=ORIENTED_EDGE('',*,*,#3350,.T.);
#1173=ORIENTED_EDGE('',*,*,#3351,.F.);
#1174=ORIENTED_EDGE('',*,*,#3352,.F.);
#1175=ORIENTED_EDGE('',*,*,#3353,.T.);
#1176=ORIENTED_EDGE('',*,*,#3354,.T.);
#1177=ORIENTED_EDGE('',*,*,#3355,.F.);
#1178=ORIENTED_EDGE('',*,*,#3356,.F.);
#1179=ORIENTED_EDGE('',*,*,#3357,.T.);
#1180=ORIENTED_EDGE('',*,*,#3358,.T.);
#1181=ORIENTED_EDGE('',*,*,#3359,.F.);
#1182=ORIENTED_EDGE('',*,*,#3360,.F.);
#1183=ORIENTED_EDGE('',*,*,#3361,.T.);
#1184=ORIENTED_EDGE('',*,*,#3362,.T.);
#1185=ORIENTED_EDGE('',*,*,#3363,.F.);
#1186=ORIENTED_EDGE('',*,*,#3364,.F.);
#1187=ORIENTED_EDGE('',*,*,#3365,.T.);
#1188=ORIENTED_EDGE('',*,*,#3366,.T.);
#1189=ORIENTED_EDGE('',*,*,#3367,.F.);
#1190=ORIENTED_EDGE('',*,*,#3368,.F.);
#1191=ORIENTED_EDGE('',*,*,#3369,.T.);
#1192=ORIENTED_EDGE('',*,*,#3370,.T.);
#1193=ORIENTED_EDGE('',*,*,#3371,.F.);
#1194=ORIENTED_EDGE('',*,*,#3372,.F.);
#1195=ORIENTED_EDGE('',*,*,#3373,.T.);
#1196=ORIENTED_EDGE('',*,*,#3374,.T.);
#1197=ORIENTED_EDGE('',*,*,#3375,.F.);
#1198=ORIENTED_EDGE('',*,*,#3376,.F.);
#1199=ORIENTED_EDGE('',*,*,#3377,.T.);
#1200=ORIENTED_EDGE('',*,*,#3378,.T.);
#1201=ORIENTED_EDGE('',*,*,#3379,.F.);
#1202=ORIENTED_EDGE('',*,*,#3380,.F.);
#1203=ORIENTED_EDGE('',*,*,#3381,.T.);
#1204=ORIENTED_EDGE('',*,*,#3382,.T.);
#1205=ORIENTED_EDGE('',*,*,#3383,.F.);
#1206=ORIENTED_EDGE('',*,*,#3384,.F.);
#1207=ORIENTED_EDGE('',*,*,#3385,.T.);
#1208=ORIENTED_EDGE('',*,*,#3386,.T.);
#1209=ORIENTED_EDGE('',*,*,#3387,.F.);
#1210=ORIENTED_EDGE('',*,*,#3388,.F.);
#1211=ORIENTED_EDGE('',*,*,#3389,.T.);
#1212=ORIENTED_EDGE('',*,*,#3390,.T.);
#1213=ORIENTED_EDGE('',*,*,#3391,.F.);
#1214=ORIENTED_EDGE('',*,*,#3392,.F.);
#1215=ORIENTED_EDGE('',*,*,#3393,.T.);
#1216=ORIENTED_EDGE('',*,*,#3394,.T.);
#1217=ORIENTED_EDGE('',*,*,#3395,.F.);
#1218=ORIENTED_EDGE('',*,*,#3396,.F.);
#1219=ORIENTED_EDGE('',*,*,#3397,.T.);
#1220=ORIENTED_EDGE('',*,*,#3398,.T.);
#1221=ORIENTED_EDGE('',*,*,#3399,.F.);
#1222=ORIENTED_EDGE('',*,*,#3400,.F.);
#1223=ORIENTED_EDGE('',*,*,#3401,.T.);
#1224=ORIENTED_EDGE('',*,*,#3402,.T.);
#1225=ORIENTED_EDGE('',*,*,#3403,.F.);
#1226=ORIENTED_EDGE('',*,*,#3404,.F.);
#1227=ORIENTED_EDGE('',*,*,#3405,.T.);
#1228=ORIENTED_EDGE('',*,*,#3406,.T.);
#1229=ORIENTED_EDGE('',*,*,#3407,.F.);
#1230=ORIENTED_EDGE('',*,*,#3408,.F.);
#1231=ORIENTED_EDGE('',*,*,#3409,.T.);
#1232=ORIENTED_EDGE('',*,*,#3410,.T.);
#1233=ORIENTED_EDGE('',*,*,#3411,.F.);
#1234=ORIENTED_EDGE('',*,*,#3412,.F.);
#1235=ORIENTED_EDGE('',*,*,#3413,.T.);
#1236=ORIENTED_EDGE('',*,*,#3414,.T.);
#1237=ORIENTED_EDGE('',*,*,#3415,.F.);
#1238=ORIENTED_EDGE('',*,*,#3416,.F.);
#1239=ORIENTED_EDGE('',*,*,#3417,.T.);
#1240=ORIENTED_EDGE('',*,*,#3418,.T.);
#1241=ORIENTED_EDGE('',*,*,#3419,.F.);
#1242=ORIENTED_EDGE('',*,*,#3420,.F.);
#1243=ORIENTED_EDGE('',*,*,#3421,.T.);
#1244=ORIENTED_EDGE('',*,*,#3422,.T.);
#1245=ORIENTED_EDGE('',*,*,#3423,.F.);
#1246=ORIENTED_EDGE('',*,*,#3424,.F.);
#1247=ORIENTED_EDGE('',*,*,#3425,.T.);
#1248=ORIENTED_EDGE('',*,*,#3426,.T.);
#1249=ORIENTED_EDGE('',*,*,#3427,.F.);
#1250=ORIENTED_EDGE('',*,*,#3428,.F.);
#1251=ORIENTED_EDGE('',*,*,#3429,.T.);
#1252=ORIENTED_EDGE('',*,*,#3430,.T.);
#1253=ORIENTED_EDGE('',*,*,#3431,.F.);
#1254=ORIENTED_EDGE('',*,*,#3432,.F.);
#1255=ORIENTED_EDGE('',*,*,#3433,.T.);
#1256=ORIENTED_EDGE('',*,*,#3434,.T.);
#1257=ORIENTED_EDGE('',*,*,#3435,.F.);
#1258=ORIENTED_EDGE('',*,*,#3436,.F.);
#1259=ORIENTED_EDGE('',*,*,#3437,.T.);
#1260=ORIENTED_EDGE('',*,*,#3438,.T.);
#1261=ORIENTED_EDGE('',*,*,#3439,.F.);
#1262=ORIENTED_EDGE('',*,*,#3440,.F.);
#1263=ORIENTED_EDGE('',*,*,#3441,.T.);
#1264=ORIENTED_EDGE('',*,*,#3442,.T.);
#1265=ORIENTED_EDGE('',*,*,#3443,.F.);
#1266=ORIENTED_EDGE('',*,*,#3444,.F.);
#1267=ORIENTED_EDGE('',*,*,#3445,.T.);
#1268=ORIENTED_EDGE('',*,*,#3446,.T.);
#1269=ORIENTED_EDGE('',*,*,#3447,.F.);
#1270=ORIENTED_EDGE('',*,*,#3448,.F.);
#1271=ORIENTED_EDGE('',*,*,#3449,.T.);
#1272=ORIENTED_EDGE('',*,*,#3450,.T.);
#1273=ORIENTED_EDGE('',*,*,#3451,.F.);
#1274=ORIENTED_EDGE('',*,*,#3452,.F.);
#1275=ORIENTED_EDGE('',*,*,#3453,.T.);
#1276=ORIENTED_EDGE('',*,*,#3454,.T.);
#1277=ORIENTED_EDGE('',*,*,#3455,.F.);
#1278=ORIENTED_EDGE('',*,*,#3456,.F.);
#1279=ORIENTED_EDGE('',*,*,#3457,.T.);
#1280=ORIENTED_EDGE('',*,*,#3458,.T.);
#1281=ORIENTED_EDGE('',*,*,#3459,.F.);
#1282=ORIENTED_EDGE('',*,*,#3460,.F.);
#1283=ORIENTED_EDGE('',*,*,#3461,.T.);
#1284=ORIENTED_EDGE('',*,*,#3462,.T.);
#1285=ORIENTED_EDGE('',*,*,#3463,.F.);
#1286=ORIENTED_EDGE('',*,*,#3464,.F.);
#1287=ORIENTED_EDGE('',*,*,#3465,.T.);
#1288=ORIENTED_EDGE('',*,*,#3466,.T.);
#1289=ORIENTED_EDGE('',*,*,#3467,.F.);
#1290=ORIENTED_EDGE('',*,*,#3468,.F.);
#1291=ORIENTED_EDGE('',*,*,#3469,.T.);
#1292=ORIENTED_EDGE('',*,*,#3470,.T.);
#1293=ORIENTED_EDGE('',*,*,#3471,.F.);
#1294=ORIENTED_EDGE('',*,*,#3472,.F.);
#1295=ORIENTED_EDGE('',*,*,#3473,.T.);
#1296=ORIENTED_EDGE('',*,*,#3474,.T.);
#1297=ORIENTED_EDGE('',*,*,#3475,.F.);
#1298=ORIENTED_EDGE('',*,*,#3476,.F.);
#1299=ORIENTED_EDGE('',*,*,#3477,.T.);
#1300=ORIENTED_EDGE('',*,*,#3478,.T.);
#1301=ORIENTED_EDGE('',*,*,#3479,.F.);
#1302=ORIENTED_EDGE('',*,*,#3480,.F.);
#1303=ORIENTED_EDGE('',*,*,#3481,.T.);
#1304=ORIENTED_EDGE('',*,*,#3482,.T.);
#1305=ORIENTED_EDGE('',*,*,#3483,.F.);
#1306=ORIENTED_EDGE('',*,*,#3484,.F.);
#1307=ORIENTED_EDGE('',*,*,#3485,.T.);
#1308=ORIENTED_EDGE('',*,*,#3486,.T.);
#1309=ORIENTED_EDGE('',*,*,#3487,.F.);
#1310=ORIENTED_EDGE('',*,*,#3488,.F.);
#1311=ORIENTED_EDGE('',*,*,#3489,.T.);
#1312=ORIENTED_EDGE('',*,*,#3490,.T.);
#1313=ORIENTED_EDGE('',*,*,#3491,.F.);
#1314=ORIENTED_EDGE('',*,*,#3492,.F.);
#1315=ORIENTED_EDGE('',*,*,#3493,.T.);
#1316=ORIENTED_EDGE('',*,*,#3494,.T.);
#1317=ORIENTED_EDGE('',*,*,#3495,.F.);
#1318=ORIENTED_EDGE('',*,*,#3496,.F.);
#1319=ORIENTED_EDGE('',*,*,#3497,.T.);
#1320=ORIENTED_EDGE('',*,*,#3498,.T.);
#1321=ORIENTED_EDGE('',*,*,#3499,.F.);
#1322=ORIENTED_EDGE('',*,*,#3500,.F.);
#1323=ORIENTED_EDGE('',*,*,#3501,.T.);
#1324=ORIENTED_EDGE('',*,*,#3502,.T.);
#1325=ORIENTED_EDGE('',*,*,#3503,.F.);
#1326=ORIENTED_EDGE('',*,*,#3504,.F.);
#1327=ORIENTED_EDGE('',*,*,#3505,.T.);
#1328=ORIENTED_EDGE('',*,*,#3506,.T.);
#1329=ORIENTED_EDGE('',*,*,#3507,.F.);
#1330=ORIENTED_EDGE('',*,*,#3508,.F.);
#1331=ORIENTED_EDGE('',*,*,#3509,.T.);
#1332=ORIENTED_EDGE('',*,*,#3510,.T.);
#1333=ORIENTED_EDGE('',*,*,#3511,.F.);
#1334=ORIENTED_EDGE('',*,*,#3512,.F.);
#1335=ORIENTED_EDGE('',*,*,#3513,.T.);
#1336=ORIENTED_EDGE('',*,*,#3514,.T.);
#1337=ORIENTED_EDGE('',*,*,#3515,.F.);
#1338=ORIENTED_EDGE('',*,*,#3516,.F.);
#1339=ORIENTED_EDGE('',*,*,#3517,.F.);
#1340=ORIENTED_EDGE('',*,*,#3518,.T.);
#1341=ORIENTED_EDGE('',*,*,#3337,.F.);
#1342=ORIENTED_EDGE('',*,*,#3519,.F.);
#1343=ORIENTED_EDGE('',*,*,#3520,.F.);
#1344=ORIENTED_EDGE('',*,*,#3521,.T.);
#1345=ORIENTED_EDGE('',*,*,#3522,.F.);
#1346=ORIENTED_EDGE('',*,*,#3523,.F.);
#1347=ORIENTED_EDGE('',*,*,#3524,.T.);
#1348=ORIENTED_EDGE('',*,*,#3515,.T.);
#1349=ORIENTED_EDGE('',*,*,#3525,.F.);
#1350=ORIENTED_EDGE('',*,*,#3526,.F.);
#1351=ORIENTED_EDGE('',*,*,#3523,.T.);
#1352=ORIENTED_EDGE('',*,*,#3527,.T.);
#1353=ORIENTED_EDGE('',*,*,#3520,.T.);
#1354=ORIENTED_EDGE('',*,*,#3528,.F.);
#1355=ORIENTED_EDGE('',*,*,#3522,.T.);
#1356=ORIENTED_EDGE('',*,*,#3529,.T.);
#1357=ORIENTED_EDGE('',*,*,#3517,.T.);
#1358=ORIENTED_EDGE('',*,*,#3530,.F.);
#1359=ORIENTED_EDGE('',*,*,#3531,.F.);
#1360=ORIENTED_EDGE('',*,*,#3532,.T.);
#1361=ORIENTED_EDGE('',*,*,#3513,.F.);
#1362=ORIENTED_EDGE('',*,*,#3533,.F.);
#1363=ORIENTED_EDGE('',*,*,#3534,.F.);
#1364=ORIENTED_EDGE('',*,*,#3535,.T.);
#1365=ORIENTED_EDGE('',*,*,#3536,.F.);
#1366=ORIENTED_EDGE('',*,*,#3537,.F.);
#1367=ORIENTED_EDGE('',*,*,#3538,.T.);
#1368=ORIENTED_EDGE('',*,*,#3511,.T.);
#1369=ORIENTED_EDGE('',*,*,#3539,.F.);
#1370=ORIENTED_EDGE('',*,*,#3540,.F.);
#1371=ORIENTED_EDGE('',*,*,#3537,.T.);
#1372=ORIENTED_EDGE('',*,*,#3541,.T.);
#1373=ORIENTED_EDGE('',*,*,#3534,.T.);
#1374=ORIENTED_EDGE('',*,*,#3542,.F.);
#1375=ORIENTED_EDGE('',*,*,#3536,.T.);
#1376=ORIENTED_EDGE('',*,*,#3543,.T.);
#1377=ORIENTED_EDGE('',*,*,#3531,.T.);
#1378=ORIENTED_EDGE('',*,*,#3544,.F.);
#1379=ORIENTED_EDGE('',*,*,#3545,.F.);
#1380=ORIENTED_EDGE('',*,*,#3546,.T.);
#1381=ORIENTED_EDGE('',*,*,#3509,.F.);
#1382=ORIENTED_EDGE('',*,*,#3547,.F.);
#1383=ORIENTED_EDGE('',*,*,#3548,.F.);
#1384=ORIENTED_EDGE('',*,*,#3549,.T.);
#1385=ORIENTED_EDGE('',*,*,#3550,.F.);
#1386=ORIENTED_EDGE('',*,*,#3551,.F.);
#1387=ORIENTED_EDGE('',*,*,#3552,.T.);
#1388=ORIENTED_EDGE('',*,*,#3507,.T.);
#1389=ORIENTED_EDGE('',*,*,#3553,.F.);
#1390=ORIENTED_EDGE('',*,*,#3554,.F.);
#1391=ORIENTED_EDGE('',*,*,#3551,.T.);
#1392=ORIENTED_EDGE('',*,*,#3555,.T.);
#1393=ORIENTED_EDGE('',*,*,#3548,.T.);
#1394=ORIENTED_EDGE('',*,*,#3556,.F.);
#1395=ORIENTED_EDGE('',*,*,#3550,.T.);
#1396=ORIENTED_EDGE('',*,*,#3557,.T.);
#1397=ORIENTED_EDGE('',*,*,#3545,.T.);
#1398=ORIENTED_EDGE('',*,*,#3558,.F.);
#1399=ORIENTED_EDGE('',*,*,#3559,.F.);
#1400=ORIENTED_EDGE('',*,*,#3560,.T.);
#1401=ORIENTED_EDGE('',*,*,#3505,.F.);
#1402=ORIENTED_EDGE('',*,*,#3561,.F.);
#1403=ORIENTED_EDGE('',*,*,#3562,.F.);
#1404=ORIENTED_EDGE('',*,*,#3563,.T.);
#1405=ORIENTED_EDGE('',*,*,#3564,.F.);
#1406=ORIENTED_EDGE('',*,*,#3565,.F.);
#1407=ORIENTED_EDGE('',*,*,#3566,.T.);
#1408=ORIENTED_EDGE('',*,*,#3503,.T.);
#1409=ORIENTED_EDGE('',*,*,#3567,.F.);
#1410=ORIENTED_EDGE('',*,*,#3568,.F.);
#1411=ORIENTED_EDGE('',*,*,#3565,.T.);
#1412=ORIENTED_EDGE('',*,*,#3569,.T.);
#1413=ORIENTED_EDGE('',*,*,#3562,.T.);
#1414=ORIENTED_EDGE('',*,*,#3570,.F.);
#1415=ORIENTED_EDGE('',*,*,#3564,.T.);
#1416=ORIENTED_EDGE('',*,*,#3571,.T.);
#1417=ORIENTED_EDGE('',*,*,#3559,.T.);
#1418=ORIENTED_EDGE('',*,*,#3572,.F.);
#1419=ORIENTED_EDGE('',*,*,#3573,.F.);
#1420=ORIENTED_EDGE('',*,*,#3574,.T.);
#1421=ORIENTED_EDGE('',*,*,#3493,.F.);
#1422=ORIENTED_EDGE('',*,*,#3575,.F.);
#1423=ORIENTED_EDGE('',*,*,#3576,.F.);
#1424=ORIENTED_EDGE('',*,*,#3577,.T.);
#1425=ORIENTED_EDGE('',*,*,#3578,.F.);
#1426=ORIENTED_EDGE('',*,*,#3579,.F.);
#1427=ORIENTED_EDGE('',*,*,#3580,.T.);
#1428=ORIENTED_EDGE('',*,*,#3499,.T.);
#1429=ORIENTED_EDGE('',*,*,#3581,.F.);
#1430=ORIENTED_EDGE('',*,*,#3582,.F.);
#1431=ORIENTED_EDGE('',*,*,#3579,.T.);
#1432=ORIENTED_EDGE('',*,*,#3583,.T.);
#1433=ORIENTED_EDGE('',*,*,#3576,.T.);
#1434=ORIENTED_EDGE('',*,*,#3584,.F.);
#1435=ORIENTED_EDGE('',*,*,#3578,.T.);
#1436=ORIENTED_EDGE('',*,*,#3585,.T.);
#1437=ORIENTED_EDGE('',*,*,#3573,.T.);
#1438=ORIENTED_EDGE('',*,*,#3586,.F.);
#1439=ORIENTED_EDGE('',*,*,#3587,.F.);
#1440=ORIENTED_EDGE('',*,*,#3588,.T.);
#1441=ORIENTED_EDGE('',*,*,#3485,.F.);
#1442=ORIENTED_EDGE('',*,*,#3589,.F.);
#1443=ORIENTED_EDGE('',*,*,#3590,.F.);
#1444=ORIENTED_EDGE('',*,*,#3591,.T.);
#1445=ORIENTED_EDGE('',*,*,#3592,.F.);
#1446=ORIENTED_EDGE('',*,*,#3593,.F.);
#1447=ORIENTED_EDGE('',*,*,#3594,.T.);
#1448=ORIENTED_EDGE('',*,*,#3495,.T.);
#1449=ORIENTED_EDGE('',*,*,#3595,.F.);
#1450=ORIENTED_EDGE('',*,*,#3596,.F.);
#1451=ORIENTED_EDGE('',*,*,#3593,.T.);
#1452=ORIENTED_EDGE('',*,*,#3597,.T.);
#1453=ORIENTED_EDGE('',*,*,#3590,.T.);
#1454=ORIENTED_EDGE('',*,*,#3598,.F.);
#1455=ORIENTED_EDGE('',*,*,#3592,.T.);
#1456=ORIENTED_EDGE('',*,*,#3599,.T.);
#1457=ORIENTED_EDGE('',*,*,#3587,.T.);
#1458=ORIENTED_EDGE('',*,*,#3600,.F.);
#1459=ORIENTED_EDGE('',*,*,#3601,.F.);
#1460=ORIENTED_EDGE('',*,*,#3602,.T.);
#1461=ORIENTED_EDGE('',*,*,#3477,.F.);
#1462=ORIENTED_EDGE('',*,*,#3603,.F.);
#1463=ORIENTED_EDGE('',*,*,#3604,.F.);
#1464=ORIENTED_EDGE('',*,*,#3605,.T.);
#1465=ORIENTED_EDGE('',*,*,#3606,.F.);
#1466=ORIENTED_EDGE('',*,*,#3607,.F.);
#1467=ORIENTED_EDGE('',*,*,#3608,.T.);
#1468=ORIENTED_EDGE('',*,*,#3491,.T.);
#1469=ORIENTED_EDGE('',*,*,#3609,.F.);
#1470=ORIENTED_EDGE('',*,*,#3610,.F.);
#1471=ORIENTED_EDGE('',*,*,#3607,.T.);
#1472=ORIENTED_EDGE('',*,*,#3611,.T.);
#1473=ORIENTED_EDGE('',*,*,#3604,.T.);
#1474=ORIENTED_EDGE('',*,*,#3612,.F.);
#1475=ORIENTED_EDGE('',*,*,#3606,.T.);
#1476=ORIENTED_EDGE('',*,*,#3613,.T.);
#1477=ORIENTED_EDGE('',*,*,#3601,.T.);
#1478=ORIENTED_EDGE('',*,*,#3614,.F.);
#1479=ORIENTED_EDGE('',*,*,#3615,.F.);
#1480=ORIENTED_EDGE('',*,*,#3616,.T.);
#1481=ORIENTED_EDGE('',*,*,#3489,.F.);
#1482=ORIENTED_EDGE('',*,*,#3617,.F.);
#1483=ORIENTED_EDGE('',*,*,#3618,.F.);
#1484=ORIENTED_EDGE('',*,*,#3619,.T.);
#1485=ORIENTED_EDGE('',*,*,#3620,.F.);
#1486=ORIENTED_EDGE('',*,*,#3621,.F.);
#1487=ORIENTED_EDGE('',*,*,#3622,.T.);
#1488=ORIENTED_EDGE('',*,*,#3487,.T.);
#1489=ORIENTED_EDGE('',*,*,#3623,.F.);
#1490=ORIENTED_EDGE('',*,*,#3624,.F.);
#1491=ORIENTED_EDGE('',*,*,#3621,.T.);
#1492=ORIENTED_EDGE('',*,*,#3625,.T.);
#1493=ORIENTED_EDGE('',*,*,#3618,.T.);
#1494=ORIENTED_EDGE('',*,*,#3626,.F.);
#1495=ORIENTED_EDGE('',*,*,#3620,.T.);
#1496=ORIENTED_EDGE('',*,*,#3627,.T.);
#1497=ORIENTED_EDGE('',*,*,#3615,.T.);
#1498=ORIENTED_EDGE('',*,*,#3628,.F.);
#1499=ORIENTED_EDGE('',*,*,#3629,.F.);
#1500=ORIENTED_EDGE('',*,*,#3630,.T.);
#1501=ORIENTED_EDGE('',*,*,#3473,.F.);
#1502=ORIENTED_EDGE('',*,*,#3631,.F.);
#1503=ORIENTED_EDGE('',*,*,#3632,.F.);
#1504=ORIENTED_EDGE('',*,*,#3633,.T.);
#1505=ORIENTED_EDGE('',*,*,#3634,.F.);
#1506=ORIENTED_EDGE('',*,*,#3635,.F.);
#1507=ORIENTED_EDGE('',*,*,#3636,.T.);
#1508=ORIENTED_EDGE('',*,*,#3483,.T.);
#1509=ORIENTED_EDGE('',*,*,#3637,.F.);
#1510=ORIENTED_EDGE('',*,*,#3638,.F.);
#1511=ORIENTED_EDGE('',*,*,#3635,.T.);
#1512=ORIENTED_EDGE('',*,*,#3639,.T.);
#1513=ORIENTED_EDGE('',*,*,#3632,.T.);
#1514=ORIENTED_EDGE('',*,*,#3640,.F.);
#1515=ORIENTED_EDGE('',*,*,#3634,.T.);
#1516=ORIENTED_EDGE('',*,*,#3641,.T.);
#1517=ORIENTED_EDGE('',*,*,#3629,.T.);
#1518=ORIENTED_EDGE('',*,*,#3642,.F.);
#1519=ORIENTED_EDGE('',*,*,#3643,.F.);
#1520=ORIENTED_EDGE('',*,*,#3644,.T.);
#1521=ORIENTED_EDGE('',*,*,#3481,.F.);
#1522=ORIENTED_EDGE('',*,*,#3645,.F.);
#1523=ORIENTED_EDGE('',*,*,#3646,.F.);
#1524=ORIENTED_EDGE('',*,*,#3647,.T.);
#1525=ORIENTED_EDGE('',*,*,#3648,.F.);
#1526=ORIENTED_EDGE('',*,*,#3649,.F.);
#1527=ORIENTED_EDGE('',*,*,#3650,.T.);
#1528=ORIENTED_EDGE('',*,*,#3479,.T.);
#1529=ORIENTED_EDGE('',*,*,#3651,.F.);
#1530=ORIENTED_EDGE('',*,*,#3652,.F.);
#1531=ORIENTED_EDGE('',*,*,#3649,.T.);
#1532=ORIENTED_EDGE('',*,*,#3653,.T.);
#1533=ORIENTED_EDGE('',*,*,#3646,.T.);
#1534=ORIENTED_EDGE('',*,*,#3654,.F.);
#1535=ORIENTED_EDGE('',*,*,#3648,.T.);
#1536=ORIENTED_EDGE('',*,*,#3655,.T.);
#1537=ORIENTED_EDGE('',*,*,#3643,.T.);
#1538=ORIENTED_EDGE('',*,*,#3656,.F.);
#1539=ORIENTED_EDGE('',*,*,#3657,.F.);
#1540=ORIENTED_EDGE('',*,*,#3658,.T.);
#1541=ORIENTED_EDGE('',*,*,#3469,.F.);
#1542=ORIENTED_EDGE('',*,*,#3659,.F.);
#1543=ORIENTED_EDGE('',*,*,#3660,.F.);
#1544=ORIENTED_EDGE('',*,*,#3661,.T.);
#1545=ORIENTED_EDGE('',*,*,#3662,.F.);
#1546=ORIENTED_EDGE('',*,*,#3663,.F.);
#1547=ORIENTED_EDGE('',*,*,#3664,.T.);
#1548=ORIENTED_EDGE('',*,*,#3475,.T.);
#1549=ORIENTED_EDGE('',*,*,#3665,.F.);
#1550=ORIENTED_EDGE('',*,*,#3666,.F.);
#1551=ORIENTED_EDGE('',*,*,#3663,.T.);
#1552=ORIENTED_EDGE('',*,*,#3667,.T.);
#1553=ORIENTED_EDGE('',*,*,#3660,.T.);
#1554=ORIENTED_EDGE('',*,*,#3668,.F.);
#1555=ORIENTED_EDGE('',*,*,#3662,.T.);
#1556=ORIENTED_EDGE('',*,*,#3669,.T.);
#1557=ORIENTED_EDGE('',*,*,#3657,.T.);
#1558=ORIENTED_EDGE('',*,*,#3670,.F.);
#1559=ORIENTED_EDGE('',*,*,#3671,.F.);
#1560=ORIENTED_EDGE('',*,*,#3672,.T.);
#1561=ORIENTED_EDGE('',*,*,#3501,.F.);
#1562=ORIENTED_EDGE('',*,*,#3673,.F.);
#1563=ORIENTED_EDGE('',*,*,#3674,.F.);
#1564=ORIENTED_EDGE('',*,*,#3675,.T.);
#1565=ORIENTED_EDGE('',*,*,#3676,.F.);
#1566=ORIENTED_EDGE('',*,*,#3677,.F.);
#1567=ORIENTED_EDGE('',*,*,#3678,.T.);
#1568=ORIENTED_EDGE('',*,*,#3471,.T.);
#1569=ORIENTED_EDGE('',*,*,#3679,.F.);
#1570=ORIENTED_EDGE('',*,*,#3680,.F.);
#1571=ORIENTED_EDGE('',*,*,#3677,.T.);
#1572=ORIENTED_EDGE('',*,*,#3681,.T.);
#1573=ORIENTED_EDGE('',*,*,#3674,.T.);
#1574=ORIENTED_EDGE('',*,*,#3682,.F.);
#1575=ORIENTED_EDGE('',*,*,#3676,.T.);
#1576=ORIENTED_EDGE('',*,*,#3683,.T.);
#1577=ORIENTED_EDGE('',*,*,#3671,.T.);
#1578=ORIENTED_EDGE('',*,*,#3684,.F.);
#1579=ORIENTED_EDGE('',*,*,#3685,.F.);
#1580=ORIENTED_EDGE('',*,*,#3686,.T.);
#1581=ORIENTED_EDGE('',*,*,#3497,.F.);
#1582=ORIENTED_EDGE('',*,*,#3687,.F.);
#1583=ORIENTED_EDGE('',*,*,#3688,.F.);
#1584=ORIENTED_EDGE('',*,*,#3689,.T.);
#1585=ORIENTED_EDGE('',*,*,#3690,.F.);
#1586=ORIENTED_EDGE('',*,*,#3691,.F.);
#1587=ORIENTED_EDGE('',*,*,#3692,.T.);
#1588=ORIENTED_EDGE('',*,*,#3467,.T.);
#1589=ORIENTED_EDGE('',*,*,#3693,.F.);
#1590=ORIENTED_EDGE('',*,*,#3694,.F.);
#1591=ORIENTED_EDGE('',*,*,#3691,.T.);
#1592=ORIENTED_EDGE('',*,*,#3695,.T.);
#1593=ORIENTED_EDGE('',*,*,#3688,.T.);
#1594=ORIENTED_EDGE('',*,*,#3696,.F.);
#1595=ORIENTED_EDGE('',*,*,#3690,.T.);
#1596=ORIENTED_EDGE('',*,*,#3697,.T.);
#1597=ORIENTED_EDGE('',*,*,#3685,.T.);
#1598=ORIENTED_EDGE('',*,*,#3698,.F.);
#1599=ORIENTED_EDGE('',*,*,#3699,.F.);
#1600=ORIENTED_EDGE('',*,*,#3700,.T.);
#1601=ORIENTED_EDGE('',*,*,#3465,.F.);
#1602=ORIENTED_EDGE('',*,*,#3701,.F.);
#1603=ORIENTED_EDGE('',*,*,#3702,.F.);
#1604=ORIENTED_EDGE('',*,*,#3703,.T.);
#1605=ORIENTED_EDGE('',*,*,#3704,.F.);
#1606=ORIENTED_EDGE('',*,*,#3705,.F.);
#1607=ORIENTED_EDGE('',*,*,#3706,.T.);
#1608=ORIENTED_EDGE('',*,*,#3463,.T.);
#1609=ORIENTED_EDGE('',*,*,#3707,.F.);
#1610=ORIENTED_EDGE('',*,*,#3708,.F.);
#1611=ORIENTED_EDGE('',*,*,#3705,.T.);
#1612=ORIENTED_EDGE('',*,*,#3709,.T.);
#1613=ORIENTED_EDGE('',*,*,#3702,.T.);
#1614=ORIENTED_EDGE('',*,*,#3710,.F.);
#1615=ORIENTED_EDGE('',*,*,#3704,.T.);
#1616=ORIENTED_EDGE('',*,*,#3711,.T.);
#1617=ORIENTED_EDGE('',*,*,#3699,.T.);
#1618=ORIENTED_EDGE('',*,*,#3712,.F.);
#1619=ORIENTED_EDGE('',*,*,#3713,.F.);
#1620=ORIENTED_EDGE('',*,*,#3714,.T.);
#1621=ORIENTED_EDGE('',*,*,#3461,.F.);
#1622=ORIENTED_EDGE('',*,*,#3715,.F.);
#1623=ORIENTED_EDGE('',*,*,#3716,.F.);
#1624=ORIENTED_EDGE('',*,*,#3717,.T.);
#1625=ORIENTED_EDGE('',*,*,#3718,.F.);
#1626=ORIENTED_EDGE('',*,*,#3719,.F.);
#1627=ORIENTED_EDGE('',*,*,#3720,.T.);
#1628=ORIENTED_EDGE('',*,*,#3459,.T.);
#1629=ORIENTED_EDGE('',*,*,#3721,.F.);
#1630=ORIENTED_EDGE('',*,*,#3722,.F.);
#1631=ORIENTED_EDGE('',*,*,#3719,.T.);
#1632=ORIENTED_EDGE('',*,*,#3723,.T.);
#1633=ORIENTED_EDGE('',*,*,#3716,.T.);
#1634=ORIENTED_EDGE('',*,*,#3724,.F.);
#1635=ORIENTED_EDGE('',*,*,#3718,.T.);
#1636=ORIENTED_EDGE('',*,*,#3725,.T.);
#1637=ORIENTED_EDGE('',*,*,#3713,.T.);
#1638=ORIENTED_EDGE('',*,*,#3726,.F.);
#1639=ORIENTED_EDGE('',*,*,#3727,.F.);
#1640=ORIENTED_EDGE('',*,*,#3728,.T.);
#1641=ORIENTED_EDGE('',*,*,#3457,.F.);
#1642=ORIENTED_EDGE('',*,*,#3729,.F.);
#1643=ORIENTED_EDGE('',*,*,#3730,.F.);
#1644=ORIENTED_EDGE('',*,*,#3731,.T.);
#1645=ORIENTED_EDGE('',*,*,#3732,.F.);
#1646=ORIENTED_EDGE('',*,*,#3733,.F.);
#1647=ORIENTED_EDGE('',*,*,#3734,.T.);
#1648=ORIENTED_EDGE('',*,*,#3455,.T.);
#1649=ORIENTED_EDGE('',*,*,#3735,.F.);
#1650=ORIENTED_EDGE('',*,*,#3736,.F.);
#1651=ORIENTED_EDGE('',*,*,#3733,.T.);
#1652=ORIENTED_EDGE('',*,*,#3737,.T.);
#1653=ORIENTED_EDGE('',*,*,#3730,.T.);
#1654=ORIENTED_EDGE('',*,*,#3738,.F.);
#1655=ORIENTED_EDGE('',*,*,#3732,.T.);
#1656=ORIENTED_EDGE('',*,*,#3739,.T.);
#1657=ORIENTED_EDGE('',*,*,#3727,.T.);
#1658=ORIENTED_EDGE('',*,*,#3740,.F.);
#1659=ORIENTED_EDGE('',*,*,#3741,.F.);
#1660=ORIENTED_EDGE('',*,*,#3742,.T.);
#1661=ORIENTED_EDGE('',*,*,#3453,.F.);
#1662=ORIENTED_EDGE('',*,*,#3743,.F.);
#1663=ORIENTED_EDGE('',*,*,#3744,.F.);
#1664=ORIENTED_EDGE('',*,*,#3745,.T.);
#1665=ORIENTED_EDGE('',*,*,#3746,.F.);
#1666=ORIENTED_EDGE('',*,*,#3747,.F.);
#1667=ORIENTED_EDGE('',*,*,#3748,.T.);
#1668=ORIENTED_EDGE('',*,*,#3451,.T.);
#1669=ORIENTED_EDGE('',*,*,#3749,.F.);
#1670=ORIENTED_EDGE('',*,*,#3750,.F.);
#1671=ORIENTED_EDGE('',*,*,#3747,.T.);
#1672=ORIENTED_EDGE('',*,*,#3751,.T.);
#1673=ORIENTED_EDGE('',*,*,#3744,.T.);
#1674=ORIENTED_EDGE('',*,*,#3752,.F.);
#1675=ORIENTED_EDGE('',*,*,#3746,.T.);
#1676=ORIENTED_EDGE('',*,*,#3753,.T.);
#1677=ORIENTED_EDGE('',*,*,#3741,.T.);
#1678=ORIENTED_EDGE('',*,*,#3754,.F.);
#1679=ORIENTED_EDGE('',*,*,#3755,.F.);
#1680=ORIENTED_EDGE('',*,*,#3756,.T.);
#1681=ORIENTED_EDGE('',*,*,#3449,.F.);
#1682=ORIENTED_EDGE('',*,*,#3757,.F.);
#1683=ORIENTED_EDGE('',*,*,#3758,.F.);
#1684=ORIENTED_EDGE('',*,*,#3759,.T.);
#1685=ORIENTED_EDGE('',*,*,#3760,.F.);
#1686=ORIENTED_EDGE('',*,*,#3761,.F.);
#1687=ORIENTED_EDGE('',*,*,#3762,.T.);
#1688=ORIENTED_EDGE('',*,*,#3447,.T.);
#1689=ORIENTED_EDGE('',*,*,#3763,.F.);
#1690=ORIENTED_EDGE('',*,*,#3764,.F.);
#1691=ORIENTED_EDGE('',*,*,#3761,.T.);
#1692=ORIENTED_EDGE('',*,*,#3765,.T.);
#1693=ORIENTED_EDGE('',*,*,#3758,.T.);
#1694=ORIENTED_EDGE('',*,*,#3766,.F.);
#1695=ORIENTED_EDGE('',*,*,#3760,.T.);
#1696=ORIENTED_EDGE('',*,*,#3767,.T.);
#1697=ORIENTED_EDGE('',*,*,#3755,.T.);
#1698=ORIENTED_EDGE('',*,*,#3768,.F.);
#1699=ORIENTED_EDGE('',*,*,#3769,.F.);
#1700=ORIENTED_EDGE('',*,*,#3770,.T.);
#1701=ORIENTED_EDGE('',*,*,#3445,.F.);
#1702=ORIENTED_EDGE('',*,*,#3771,.F.);
#1703=ORIENTED_EDGE('',*,*,#3772,.F.);
#1704=ORIENTED_EDGE('',*,*,#3773,.T.);
#1705=ORIENTED_EDGE('',*,*,#3774,.F.);
#1706=ORIENTED_EDGE('',*,*,#3775,.F.);
#1707=ORIENTED_EDGE('',*,*,#3776,.T.);
#1708=ORIENTED_EDGE('',*,*,#3443,.T.);
#1709=ORIENTED_EDGE('',*,*,#3777,.F.);
#1710=ORIENTED_EDGE('',*,*,#3778,.F.);
#1711=ORIENTED_EDGE('',*,*,#3775,.T.);
#1712=ORIENTED_EDGE('',*,*,#3779,.T.);
#1713=ORIENTED_EDGE('',*,*,#3772,.T.);
#1714=ORIENTED_EDGE('',*,*,#3780,.F.);
#1715=ORIENTED_EDGE('',*,*,#3774,.T.);
#1716=ORIENTED_EDGE('',*,*,#3781,.T.);
#1717=ORIENTED_EDGE('',*,*,#3769,.T.);
#1718=ORIENTED_EDGE('',*,*,#3782,.F.);
#1719=ORIENTED_EDGE('',*,*,#3783,.F.);
#1720=ORIENTED_EDGE('',*,*,#3784,.T.);
#1721=ORIENTED_EDGE('',*,*,#3441,.F.);
#1722=ORIENTED_EDGE('',*,*,#3785,.F.);
#1723=ORIENTED_EDGE('',*,*,#3786,.F.);
#1724=ORIENTED_EDGE('',*,*,#3787,.T.);
#1725=ORIENTED_EDGE('',*,*,#3788,.F.);
#1726=ORIENTED_EDGE('',*,*,#3789,.F.);
#1727=ORIENTED_EDGE('',*,*,#3790,.T.);
#1728=ORIENTED_EDGE('',*,*,#3439,.T.);
#1729=ORIENTED_EDGE('',*,*,#3791,.F.);
#1730=ORIENTED_EDGE('',*,*,#3792,.F.);
#1731=ORIENTED_EDGE('',*,*,#3789,.T.);
#1732=ORIENTED_EDGE('',*,*,#3793,.T.);
#1733=ORIENTED_EDGE('',*,*,#3786,.T.);
#1734=ORIENTED_EDGE('',*,*,#3794,.F.);
#1735=ORIENTED_EDGE('',*,*,#3788,.T.);
#1736=ORIENTED_EDGE('',*,*,#3795,.T.);
#1737=ORIENTED_EDGE('',*,*,#3783,.T.);
#1738=ORIENTED_EDGE('',*,*,#3796,.F.);
#1739=ORIENTED_EDGE('',*,*,#3797,.F.);
#1740=ORIENTED_EDGE('',*,*,#3798,.T.);
#1741=ORIENTED_EDGE('',*,*,#3429,.F.);
#1742=ORIENTED_EDGE('',*,*,#3799,.F.);
#1743=ORIENTED_EDGE('',*,*,#3800,.F.);
#1744=ORIENTED_EDGE('',*,*,#3801,.T.);
#1745=ORIENTED_EDGE('',*,*,#3802,.F.);
#1746=ORIENTED_EDGE('',*,*,#3803,.F.);
#1747=ORIENTED_EDGE('',*,*,#3804,.T.);
#1748=ORIENTED_EDGE('',*,*,#3435,.T.);
#1749=ORIENTED_EDGE('',*,*,#3805,.F.);
#1750=ORIENTED_EDGE('',*,*,#3806,.F.);
#1751=ORIENTED_EDGE('',*,*,#3803,.T.);
#1752=ORIENTED_EDGE('',*,*,#3807,.T.);
#1753=ORIENTED_EDGE('',*,*,#3800,.T.);
#1754=ORIENTED_EDGE('',*,*,#3808,.F.);
#1755=ORIENTED_EDGE('',*,*,#3802,.T.);
#1756=ORIENTED_EDGE('',*,*,#3809,.T.);
#1757=ORIENTED_EDGE('',*,*,#3797,.T.);
#1758=ORIENTED_EDGE('',*,*,#3810,.F.);
#1759=ORIENTED_EDGE('',*,*,#3811,.F.);
#1760=ORIENTED_EDGE('',*,*,#3812,.T.);
#1761=ORIENTED_EDGE('',*,*,#3425,.F.);
#1762=ORIENTED_EDGE('',*,*,#3813,.F.);
#1763=ORIENTED_EDGE('',*,*,#3814,.F.);
#1764=ORIENTED_EDGE('',*,*,#3815,.T.);
#1765=ORIENTED_EDGE('',*,*,#3816,.F.);
#1766=ORIENTED_EDGE('',*,*,#3817,.F.);
#1767=ORIENTED_EDGE('',*,*,#3818,.T.);
#1768=ORIENTED_EDGE('',*,*,#3431,.T.);
#1769=ORIENTED_EDGE('',*,*,#3819,.F.);
#1770=ORIENTED_EDGE('',*,*,#3820,.F.);
#1771=ORIENTED_EDGE('',*,*,#3817,.T.);
#1772=ORIENTED_EDGE('',*,*,#3821,.T.);
#1773=ORIENTED_EDGE('',*,*,#3814,.T.);
#1774=ORIENTED_EDGE('',*,*,#3822,.F.);
#1775=ORIENTED_EDGE('',*,*,#3816,.T.);
#1776=ORIENTED_EDGE('',*,*,#3823,.T.);
#1777=ORIENTED_EDGE('',*,*,#3811,.T.);
#1778=ORIENTED_EDGE('',*,*,#3824,.F.);
#1779=ORIENTED_EDGE('',*,*,#3825,.F.);
#1780=ORIENTED_EDGE('',*,*,#3826,.T.);
#1781=ORIENTED_EDGE('',*,*,#3421,.F.);
#1782=ORIENTED_EDGE('',*,*,#3827,.F.);
#1783=ORIENTED_EDGE('',*,*,#3828,.F.);
#1784=ORIENTED_EDGE('',*,*,#3829,.T.);
#1785=ORIENTED_EDGE('',*,*,#3830,.F.);
#1786=ORIENTED_EDGE('',*,*,#3831,.F.);
#1787=ORIENTED_EDGE('',*,*,#3832,.T.);
#1788=ORIENTED_EDGE('',*,*,#3427,.T.);
#1789=ORIENTED_EDGE('',*,*,#3833,.F.);
#1790=ORIENTED_EDGE('',*,*,#3834,.F.);
#1791=ORIENTED_EDGE('',*,*,#3831,.T.);
#1792=ORIENTED_EDGE('',*,*,#3835,.T.);
#1793=ORIENTED_EDGE('',*,*,#3828,.T.);
#1794=ORIENTED_EDGE('',*,*,#3836,.F.);
#1795=ORIENTED_EDGE('',*,*,#3830,.T.);
#1796=ORIENTED_EDGE('',*,*,#3837,.T.);
#1797=ORIENTED_EDGE('',*,*,#3825,.T.);
#1798=ORIENTED_EDGE('',*,*,#3838,.F.);
#1799=ORIENTED_EDGE('',*,*,#3839,.F.);
#1800=ORIENTED_EDGE('',*,*,#3840,.T.);
#1801=ORIENTED_EDGE('',*,*,#3409,.F.);
#1802=ORIENTED_EDGE('',*,*,#3841,.F.);
#1803=ORIENTED_EDGE('',*,*,#3842,.F.);
#1804=ORIENTED_EDGE('',*,*,#3843,.T.);
#1805=ORIENTED_EDGE('',*,*,#3844,.F.);
#1806=ORIENTED_EDGE('',*,*,#3845,.F.);
#1807=ORIENTED_EDGE('',*,*,#3846,.T.);
#1808=ORIENTED_EDGE('',*,*,#3423,.T.);
#1809=ORIENTED_EDGE('',*,*,#3847,.F.);
#1810=ORIENTED_EDGE('',*,*,#3848,.F.);
#1811=ORIENTED_EDGE('',*,*,#3845,.T.);
#1812=ORIENTED_EDGE('',*,*,#3849,.T.);
#1813=ORIENTED_EDGE('',*,*,#3842,.T.);
#1814=ORIENTED_EDGE('',*,*,#3850,.F.);
#1815=ORIENTED_EDGE('',*,*,#3844,.T.);
#1816=ORIENTED_EDGE('',*,*,#3851,.T.);
#1817=ORIENTED_EDGE('',*,*,#3839,.T.);
#1818=ORIENTED_EDGE('',*,*,#3852,.F.);
#1819=ORIENTED_EDGE('',*,*,#3853,.F.);
#1820=ORIENTED_EDGE('',*,*,#3854,.T.);
#1821=ORIENTED_EDGE('',*,*,#3437,.F.);
#1822=ORIENTED_EDGE('',*,*,#3855,.F.);
#1823=ORIENTED_EDGE('',*,*,#3856,.F.);
#1824=ORIENTED_EDGE('',*,*,#3857,.T.);
#1825=ORIENTED_EDGE('',*,*,#3858,.F.);
#1826=ORIENTED_EDGE('',*,*,#3859,.F.);
#1827=ORIENTED_EDGE('',*,*,#3860,.T.);
#1828=ORIENTED_EDGE('',*,*,#3419,.T.);
#1829=ORIENTED_EDGE('',*,*,#3861,.F.);
#1830=ORIENTED_EDGE('',*,*,#3862,.F.);
#1831=ORIENTED_EDGE('',*,*,#3859,.T.);
#1832=ORIENTED_EDGE('',*,*,#3863,.T.);
#1833=ORIENTED_EDGE('',*,*,#3856,.T.);
#1834=ORIENTED_EDGE('',*,*,#3864,.F.);
#1835=ORIENTED_EDGE('',*,*,#3858,.T.);
#1836=ORIENTED_EDGE('',*,*,#3865,.T.);
#1837=ORIENTED_EDGE('',*,*,#3853,.T.);
#1838=ORIENTED_EDGE('',*,*,#3866,.F.);
#1839=ORIENTED_EDGE('',*,*,#3867,.F.);
#1840=ORIENTED_EDGE('',*,*,#3868,.T.);
#1841=ORIENTED_EDGE('',*,*,#3417,.F.);
#1842=ORIENTED_EDGE('',*,*,#3869,.F.);
#1843=ORIENTED_EDGE('',*,*,#3870,.F.);
#1844=ORIENTED_EDGE('',*,*,#3871,.T.);
#1845=ORIENTED_EDGE('',*,*,#3872,.F.);
#1846=ORIENTED_EDGE('',*,*,#3873,.F.);
#1847=ORIENTED_EDGE('',*,*,#3874,.T.);
#1848=ORIENTED_EDGE('',*,*,#3415,.T.);
#1849=ORIENTED_EDGE('',*,*,#3875,.F.);
#1850=ORIENTED_EDGE('',*,*,#3876,.F.);
#1851=ORIENTED_EDGE('',*,*,#3873,.T.);
#1852=ORIENTED_EDGE('',*,*,#3877,.T.);
#1853=ORIENTED_EDGE('',*,*,#3870,.T.);
#1854=ORIENTED_EDGE('',*,*,#3878,.F.);
#1855=ORIENTED_EDGE('',*,*,#3872,.T.);
#1856=ORIENTED_EDGE('',*,*,#3879,.T.);
#1857=ORIENTED_EDGE('',*,*,#3867,.T.);
#1858=ORIENTED_EDGE('',*,*,#3880,.F.);
#1859=ORIENTED_EDGE('',*,*,#3881,.F.);
#1860=ORIENTED_EDGE('',*,*,#3882,.T.);
#1861=ORIENTED_EDGE('',*,*,#3405,.F.);
#1862=ORIENTED_EDGE('',*,*,#3883,.F.);
#1863=ORIENTED_EDGE('',*,*,#3884,.F.);
#1864=ORIENTED_EDGE('',*,*,#3885,.T.);
#1865=ORIENTED_EDGE('',*,*,#3886,.F.);
#1866=ORIENTED_EDGE('',*,*,#3887,.F.);
#1867=ORIENTED_EDGE('',*,*,#3888,.T.);
#1868=ORIENTED_EDGE('',*,*,#3411,.T.);
#1869=ORIENTED_EDGE('',*,*,#3889,.F.);
#1870=ORIENTED_EDGE('',*,*,#3890,.F.);
#1871=ORIENTED_EDGE('',*,*,#3887,.T.);
#1872=ORIENTED_EDGE('',*,*,#3891,.T.);
#1873=ORIENTED_EDGE('',*,*,#3884,.T.);
#1874=ORIENTED_EDGE('',*,*,#3892,.F.);
#1875=ORIENTED_EDGE('',*,*,#3886,.T.);
#1876=ORIENTED_EDGE('',*,*,#3893,.T.);
#1877=ORIENTED_EDGE('',*,*,#3881,.T.);
#1878=ORIENTED_EDGE('',*,*,#3894,.F.);
#1879=ORIENTED_EDGE('',*,*,#3895,.F.);
#1880=ORIENTED_EDGE('',*,*,#3896,.T.);
#1881=ORIENTED_EDGE('',*,*,#3413,.F.);
#1882=ORIENTED_EDGE('',*,*,#3897,.F.);
#1883=ORIENTED_EDGE('',*,*,#3898,.F.);
#1884=ORIENTED_EDGE('',*,*,#3899,.T.);
#1885=ORIENTED_EDGE('',*,*,#3900,.F.);
#1886=ORIENTED_EDGE('',*,*,#3901,.F.);
#1887=ORIENTED_EDGE('',*,*,#3902,.T.);
#1888=ORIENTED_EDGE('',*,*,#3407,.T.);
#1889=ORIENTED_EDGE('',*,*,#3903,.F.);
#1890=ORIENTED_EDGE('',*,*,#3904,.F.);
#1891=ORIENTED_EDGE('',*,*,#3901,.T.);
#1892=ORIENTED_EDGE('',*,*,#3905,.T.);
#1893=ORIENTED_EDGE('',*,*,#3898,.T.);
#1894=ORIENTED_EDGE('',*,*,#3906,.F.);
#1895=ORIENTED_EDGE('',*,*,#3900,.T.);
#1896=ORIENTED_EDGE('',*,*,#3907,.T.);
#1897=ORIENTED_EDGE('',*,*,#3895,.T.);
#1898=ORIENTED_EDGE('',*,*,#3908,.F.);
#1899=ORIENTED_EDGE('',*,*,#3909,.F.);
#1900=ORIENTED_EDGE('',*,*,#3910,.T.);
#1901=ORIENTED_EDGE('',*,*,#3433,.F.);
#1902=ORIENTED_EDGE('',*,*,#3911,.F.);
#1903=ORIENTED_EDGE('',*,*,#3912,.F.);
#1904=ORIENTED_EDGE('',*,*,#3913,.T.);
#1905=ORIENTED_EDGE('',*,*,#3914,.F.);
#1906=ORIENTED_EDGE('',*,*,#3915,.F.);
#1907=ORIENTED_EDGE('',*,*,#3916,.T.);
#1908=ORIENTED_EDGE('',*,*,#3403,.T.);
#1909=ORIENTED_EDGE('',*,*,#3917,.F.);
#1910=ORIENTED_EDGE('',*,*,#3918,.F.);
#1911=ORIENTED_EDGE('',*,*,#3915,.T.);
#1912=ORIENTED_EDGE('',*,*,#3919,.T.);
#1913=ORIENTED_EDGE('',*,*,#3912,.T.);
#1914=ORIENTED_EDGE('',*,*,#3920,.F.);
#1915=ORIENTED_EDGE('',*,*,#3914,.T.);
#1916=ORIENTED_EDGE('',*,*,#3921,.T.);
#1917=ORIENTED_EDGE('',*,*,#3909,.T.);
#1918=ORIENTED_EDGE('',*,*,#3922,.F.);
#1919=ORIENTED_EDGE('',*,*,#3923,.F.);
#1920=ORIENTED_EDGE('',*,*,#3924,.T.);
#1921=ORIENTED_EDGE('',*,*,#3401,.F.);
#1922=ORIENTED_EDGE('',*,*,#3925,.F.);
#1923=ORIENTED_EDGE('',*,*,#3926,.F.);
#1924=ORIENTED_EDGE('',*,*,#3927,.T.);
#1925=ORIENTED_EDGE('',*,*,#3928,.F.);
#1926=ORIENTED_EDGE('',*,*,#3929,.F.);
#1927=ORIENTED_EDGE('',*,*,#3930,.T.);
#1928=ORIENTED_EDGE('',*,*,#3399,.T.);
#1929=ORIENTED_EDGE('',*,*,#3931,.F.);
#1930=ORIENTED_EDGE('',*,*,#3932,.F.);
#1931=ORIENTED_EDGE('',*,*,#3929,.T.);
#1932=ORIENTED_EDGE('',*,*,#3933,.T.);
#1933=ORIENTED_EDGE('',*,*,#3926,.T.);
#1934=ORIENTED_EDGE('',*,*,#3934,.F.);
#1935=ORIENTED_EDGE('',*,*,#3928,.T.);
#1936=ORIENTED_EDGE('',*,*,#3935,.T.);
#1937=ORIENTED_EDGE('',*,*,#3923,.T.);
#1938=ORIENTED_EDGE('',*,*,#3936,.F.);
#1939=ORIENTED_EDGE('',*,*,#3937,.F.);
#1940=ORIENTED_EDGE('',*,*,#3938,.T.);
#1941=ORIENTED_EDGE('',*,*,#3397,.F.);
#1942=ORIENTED_EDGE('',*,*,#3939,.F.);
#1943=ORIENTED_EDGE('',*,*,#3940,.F.);
#1944=ORIENTED_EDGE('',*,*,#3941,.T.);
#1945=ORIENTED_EDGE('',*,*,#3942,.F.);
#1946=ORIENTED_EDGE('',*,*,#3943,.F.);
#1947=ORIENTED_EDGE('',*,*,#3944,.T.);
#1948=ORIENTED_EDGE('',*,*,#3395,.T.);
#1949=ORIENTED_EDGE('',*,*,#3945,.F.);
#1950=ORIENTED_EDGE('',*,*,#3946,.F.);
#1951=ORIENTED_EDGE('',*,*,#3943,.T.);
#1952=ORIENTED_EDGE('',*,*,#3947,.T.);
#1953=ORIENTED_EDGE('',*,*,#3940,.T.);
#1954=ORIENTED_EDGE('',*,*,#3948,.F.);
#1955=ORIENTED_EDGE('',*,*,#3942,.T.);
#1956=ORIENTED_EDGE('',*,*,#3949,.T.);
#1957=ORIENTED_EDGE('',*,*,#3937,.T.);
#1958=ORIENTED_EDGE('',*,*,#3950,.F.);
#1959=ORIENTED_EDGE('',*,*,#3951,.F.);
#1960=ORIENTED_EDGE('',*,*,#3952,.T.);
#1961=ORIENTED_EDGE('',*,*,#3393,.F.);
#1962=ORIENTED_EDGE('',*,*,#3953,.F.);
#1963=ORIENTED_EDGE('',*,*,#3954,.F.);
#1964=ORIENTED_EDGE('',*,*,#3955,.T.);
#1965=ORIENTED_EDGE('',*,*,#3956,.F.);
#1966=ORIENTED_EDGE('',*,*,#3957,.F.);
#1967=ORIENTED_EDGE('',*,*,#3958,.T.);
#1968=ORIENTED_EDGE('',*,*,#3391,.T.);
#1969=ORIENTED_EDGE('',*,*,#3959,.F.);
#1970=ORIENTED_EDGE('',*,*,#3960,.F.);
#1971=ORIENTED_EDGE('',*,*,#3957,.T.);
#1972=ORIENTED_EDGE('',*,*,#3961,.T.);
#1973=ORIENTED_EDGE('',*,*,#3954,.T.);
#1974=ORIENTED_EDGE('',*,*,#3962,.F.);
#1975=ORIENTED_EDGE('',*,*,#3956,.T.);
#1976=ORIENTED_EDGE('',*,*,#3963,.T.);
#1977=ORIENTED_EDGE('',*,*,#3951,.T.);
#1978=ORIENTED_EDGE('',*,*,#3964,.F.);
#1979=ORIENTED_EDGE('',*,*,#3965,.F.);
#1980=ORIENTED_EDGE('',*,*,#3966,.T.);
#1981=ORIENTED_EDGE('',*,*,#3389,.F.);
#1982=ORIENTED_EDGE('',*,*,#3967,.F.);
#1983=ORIENTED_EDGE('',*,*,#3968,.F.);
#1984=ORIENTED_EDGE('',*,*,#3969,.T.);
#1985=ORIENTED_EDGE('',*,*,#3970,.F.);
#1986=ORIENTED_EDGE('',*,*,#3971,.F.);
#1987=ORIENTED_EDGE('',*,*,#3972,.T.);
#1988=ORIENTED_EDGE('',*,*,#3387,.T.);
#1989=ORIENTED_EDGE('',*,*,#3973,.F.);
#1990=ORIENTED_EDGE('',*,*,#3974,.F.);
#1991=ORIENTED_EDGE('',*,*,#3971,.T.);
#1992=ORIENTED_EDGE('',*,*,#3975,.T.);
#1993=ORIENTED_EDGE('',*,*,#3968,.T.);
#1994=ORIENTED_EDGE('',*,*,#3976,.F.);
#1995=ORIENTED_EDGE('',*,*,#3970,.T.);
#1996=ORIENTED_EDGE('',*,*,#3977,.T.);
#1997=ORIENTED_EDGE('',*,*,#3965,.T.);
#1998=ORIENTED_EDGE('',*,*,#3978,.F.);
#1999=ORIENTED_EDGE('',*,*,#3979,.F.);
#2000=ORIENTED_EDGE('',*,*,#3980,.T.);
#2001=ORIENTED_EDGE('',*,*,#3385,.F.);
#2002=ORIENTED_EDGE('',*,*,#3981,.F.);
#2003=ORIENTED_EDGE('',*,*,#3982,.F.);
#2004=ORIENTED_EDGE('',*,*,#3983,.T.);
#2005=ORIENTED_EDGE('',*,*,#3984,.F.);
#2006=ORIENTED_EDGE('',*,*,#3985,.F.);
#2007=ORIENTED_EDGE('',*,*,#3986,.T.);
#2008=ORIENTED_EDGE('',*,*,#3383,.T.);
#2009=ORIENTED_EDGE('',*,*,#3987,.F.);
#2010=ORIENTED_EDGE('',*,*,#3988,.F.);
#2011=ORIENTED_EDGE('',*,*,#3985,.T.);
#2012=ORIENTED_EDGE('',*,*,#3989,.T.);
#2013=ORIENTED_EDGE('',*,*,#3982,.T.);
#2014=ORIENTED_EDGE('',*,*,#3990,.F.);
#2015=ORIENTED_EDGE('',*,*,#3984,.T.);
#2016=ORIENTED_EDGE('',*,*,#3991,.T.);
#2017=ORIENTED_EDGE('',*,*,#3979,.T.);
#2018=ORIENTED_EDGE('',*,*,#3992,.F.);
#2019=ORIENTED_EDGE('',*,*,#3993,.F.);
#2020=ORIENTED_EDGE('',*,*,#3994,.T.);
#2021=ORIENTED_EDGE('',*,*,#3381,.F.);
#2022=ORIENTED_EDGE('',*,*,#3995,.F.);
#2023=ORIENTED_EDGE('',*,*,#3996,.F.);
#2024=ORIENTED_EDGE('',*,*,#3997,.T.);
#2025=ORIENTED_EDGE('',*,*,#3998,.F.);
#2026=ORIENTED_EDGE('',*,*,#3999,.F.);
#2027=ORIENTED_EDGE('',*,*,#4000,.T.);
#2028=ORIENTED_EDGE('',*,*,#3379,.T.);
#2029=ORIENTED_EDGE('',*,*,#4001,.F.);
#2030=ORIENTED_EDGE('',*,*,#4002,.F.);
#2031=ORIENTED_EDGE('',*,*,#3999,.T.);
#2032=ORIENTED_EDGE('',*,*,#4003,.T.);
#2033=ORIENTED_EDGE('',*,*,#3996,.T.);
#2034=ORIENTED_EDGE('',*,*,#4004,.F.);
#2035=ORIENTED_EDGE('',*,*,#3998,.T.);
#2036=ORIENTED_EDGE('',*,*,#4005,.T.);
#2037=ORIENTED_EDGE('',*,*,#3993,.T.);
#2038=ORIENTED_EDGE('',*,*,#4006,.F.);
#2039=ORIENTED_EDGE('',*,*,#4007,.F.);
#2040=ORIENTED_EDGE('',*,*,#4008,.T.);
#2041=ORIENTED_EDGE('',*,*,#3377,.F.);
#2042=ORIENTED_EDGE('',*,*,#4009,.F.);
#2043=ORIENTED_EDGE('',*,*,#4010,.F.);
#2044=ORIENTED_EDGE('',*,*,#4011,.T.);
#2045=ORIENTED_EDGE('',*,*,#4012,.F.);
#2046=ORIENTED_EDGE('',*,*,#4013,.F.);
#2047=ORIENTED_EDGE('',*,*,#4014,.T.);
#2048=ORIENTED_EDGE('',*,*,#3375,.T.);
#2049=ORIENTED_EDGE('',*,*,#4015,.F.);
#2050=ORIENTED_EDGE('',*,*,#4016,.F.);
#2051=ORIENTED_EDGE('',*,*,#4013,.T.);
#2052=ORIENTED_EDGE('',*,*,#4017,.T.);
#2053=ORIENTED_EDGE('',*,*,#4010,.T.);
#2054=ORIENTED_EDGE('',*,*,#4018,.F.);
#2055=ORIENTED_EDGE('',*,*,#4012,.T.);
#2056=ORIENTED_EDGE('',*,*,#4019,.T.);
#2057=ORIENTED_EDGE('',*,*,#4007,.T.);
#2058=ORIENTED_EDGE('',*,*,#4020,.F.);
#2059=ORIENTED_EDGE('',*,*,#4021,.F.);
#2060=ORIENTED_EDGE('',*,*,#4022,.T.);
#2061=ORIENTED_EDGE('',*,*,#3357,.F.);
#2062=ORIENTED_EDGE('',*,*,#4023,.F.);
#2063=ORIENTED_EDGE('',*,*,#4024,.F.);
#2064=ORIENTED_EDGE('',*,*,#4025,.T.);
#2065=ORIENTED_EDGE('',*,*,#4026,.F.);
#2066=ORIENTED_EDGE('',*,*,#4027,.F.);
#2067=ORIENTED_EDGE('',*,*,#4028,.T.);
#2068=ORIENTED_EDGE('',*,*,#3371,.T.);
#2069=ORIENTED_EDGE('',*,*,#4029,.F.);
#2070=ORIENTED_EDGE('',*,*,#4030,.F.);
#2071=ORIENTED_EDGE('',*,*,#4027,.T.);
#2072=ORIENTED_EDGE('',*,*,#4031,.T.);
#2073=ORIENTED_EDGE('',*,*,#4024,.T.);
#2074=ORIENTED_EDGE('',*,*,#4032,.F.);
#2075=ORIENTED_EDGE('',*,*,#4026,.T.);
#2076=ORIENTED_EDGE('',*,*,#4033,.T.);
#2077=ORIENTED_EDGE('',*,*,#4021,.T.);
#2078=ORIENTED_EDGE('',*,*,#4034,.F.);
#2079=ORIENTED_EDGE('',*,*,#4035,.F.);
#2080=ORIENTED_EDGE('',*,*,#4036,.T.);
#2081=ORIENTED_EDGE('',*,*,#3369,.F.);
#2082=ORIENTED_EDGE('',*,*,#4037,.F.);
#2083=ORIENTED_EDGE('',*,*,#4038,.F.);
#2084=ORIENTED_EDGE('',*,*,#4039,.T.);
#2085=ORIENTED_EDGE('',*,*,#4040,.F.);
#2086=ORIENTED_EDGE('',*,*,#4041,.F.);
#2087=ORIENTED_EDGE('',*,*,#4042,.T.);
#2088=ORIENTED_EDGE('',*,*,#3367,.T.);
#2089=ORIENTED_EDGE('',*,*,#4043,.F.);
#2090=ORIENTED_EDGE('',*,*,#4044,.F.);
#2091=ORIENTED_EDGE('',*,*,#4041,.T.);
#2092=ORIENTED_EDGE('',*,*,#4045,.T.);
#2093=ORIENTED_EDGE('',*,*,#4038,.T.);
#2094=ORIENTED_EDGE('',*,*,#4046,.F.);
#2095=ORIENTED_EDGE('',*,*,#4040,.T.);
#2096=ORIENTED_EDGE('',*,*,#4047,.T.);
#2097=ORIENTED_EDGE('',*,*,#4035,.T.);
#2098=ORIENTED_EDGE('',*,*,#4048,.F.);
#2099=ORIENTED_EDGE('',*,*,#4049,.F.);
#2100=ORIENTED_EDGE('',*,*,#4050,.T.);
#2101=ORIENTED_EDGE('',*,*,#3373,.F.);
#2102=ORIENTED_EDGE('',*,*,#4051,.F.);
#2103=ORIENTED_EDGE('',*,*,#4052,.F.);
#2104=ORIENTED_EDGE('',*,*,#4053,.T.);
#2105=ORIENTED_EDGE('',*,*,#4054,.F.);
#2106=ORIENTED_EDGE('',*,*,#4055,.F.);
#2107=ORIENTED_EDGE('',*,*,#4056,.T.);
#2108=ORIENTED_EDGE('',*,*,#3363,.T.);
#2109=ORIENTED_EDGE('',*,*,#4057,.F.);
#2110=ORIENTED_EDGE('',*,*,#4058,.F.);
#2111=ORIENTED_EDGE('',*,*,#4055,.T.);
#2112=ORIENTED_EDGE('',*,*,#4059,.T.);
#2113=ORIENTED_EDGE('',*,*,#4052,.T.);
#2114=ORIENTED_EDGE('',*,*,#4060,.F.);
#2115=ORIENTED_EDGE('',*,*,#4054,.T.);
#2116=ORIENTED_EDGE('',*,*,#4061,.T.);
#2117=ORIENTED_EDGE('',*,*,#4049,.T.);
#2118=ORIENTED_EDGE('',*,*,#4062,.F.);
#2119=ORIENTED_EDGE('',*,*,#4063,.F.);
#2120=ORIENTED_EDGE('',*,*,#4064,.T.);
#2121=ORIENTED_EDGE('',*,*,#3361,.F.);
#2122=ORIENTED_EDGE('',*,*,#4065,.F.);
#2123=ORIENTED_EDGE('',*,*,#4066,.F.);
#2124=ORIENTED_EDGE('',*,*,#4067,.T.);
#2125=ORIENTED_EDGE('',*,*,#4068,.F.);
#2126=ORIENTED_EDGE('',*,*,#4069,.F.);
#2127=ORIENTED_EDGE('',*,*,#4070,.T.);
#2128=ORIENTED_EDGE('',*,*,#3359,.T.);
#2129=ORIENTED_EDGE('',*,*,#4071,.F.);
#2130=ORIENTED_EDGE('',*,*,#4072,.F.);
#2131=ORIENTED_EDGE('',*,*,#4069,.T.);
#2132=ORIENTED_EDGE('',*,*,#4073,.T.);
#2133=ORIENTED_EDGE('',*,*,#4066,.T.);
#2134=ORIENTED_EDGE('',*,*,#4074,.F.);
#2135=ORIENTED_EDGE('',*,*,#4068,.T.);
#2136=ORIENTED_EDGE('',*,*,#4075,.T.);
#2137=ORIENTED_EDGE('',*,*,#4063,.T.);
#2138=ORIENTED_EDGE('',*,*,#4076,.F.);
#2139=ORIENTED_EDGE('',*,*,#4077,.F.);
#2140=ORIENTED_EDGE('',*,*,#4078,.T.);
#2141=ORIENTED_EDGE('',*,*,#3365,.F.);
#2142=ORIENTED_EDGE('',*,*,#4079,.F.);
#2143=ORIENTED_EDGE('',*,*,#4080,.F.);
#2144=ORIENTED_EDGE('',*,*,#4081,.T.);
#2145=ORIENTED_EDGE('',*,*,#4082,.F.);
#2146=ORIENTED_EDGE('',*,*,#4083,.F.);
#2147=ORIENTED_EDGE('',*,*,#4084,.T.);
#2148=ORIENTED_EDGE('',*,*,#3355,.T.);
#2149=ORIENTED_EDGE('',*,*,#4085,.F.);
#2150=ORIENTED_EDGE('',*,*,#4086,.F.);
#2151=ORIENTED_EDGE('',*,*,#4083,.T.);
#2152=ORIENTED_EDGE('',*,*,#4087,.T.);
#2153=ORIENTED_EDGE('',*,*,#4080,.T.);
#2154=ORIENTED_EDGE('',*,*,#4088,.F.);
#2155=ORIENTED_EDGE('',*,*,#4082,.T.);
#2156=ORIENTED_EDGE('',*,*,#4089,.T.);
#2157=ORIENTED_EDGE('',*,*,#4077,.T.);
#2158=ORIENTED_EDGE('',*,*,#4090,.F.);
#2159=ORIENTED_EDGE('',*,*,#4091,.F.);
#2160=ORIENTED_EDGE('',*,*,#4092,.T.);
#2161=ORIENTED_EDGE('',*,*,#3353,.F.);
#2162=ORIENTED_EDGE('',*,*,#4093,.F.);
#2163=ORIENTED_EDGE('',*,*,#4094,.F.);
#2164=ORIENTED_EDGE('',*,*,#4095,.T.);
#2165=ORIENTED_EDGE('',*,*,#4096,.F.);
#2166=ORIENTED_EDGE('',*,*,#4097,.F.);
#2167=ORIENTED_EDGE('',*,*,#4098,.T.);
#2168=ORIENTED_EDGE('',*,*,#3351,.T.);
#2169=ORIENTED_EDGE('',*,*,#4099,.F.);
#2170=ORIENTED_EDGE('',*,*,#4100,.F.);
#2171=ORIENTED_EDGE('',*,*,#4097,.T.);
#2172=ORIENTED_EDGE('',*,*,#4101,.T.);
#2173=ORIENTED_EDGE('',*,*,#4094,.T.);
#2174=ORIENTED_EDGE('',*,*,#4102,.F.);
#2175=ORIENTED_EDGE('',*,*,#4096,.T.);
#2176=ORIENTED_EDGE('',*,*,#4103,.T.);
#2177=ORIENTED_EDGE('',*,*,#4091,.T.);
#2178=ORIENTED_EDGE('',*,*,#4104,.F.);
#2179=ORIENTED_EDGE('',*,*,#4105,.F.);
#2180=ORIENTED_EDGE('',*,*,#4106,.T.);
#2181=ORIENTED_EDGE('',*,*,#3349,.F.);
#2182=ORIENTED_EDGE('',*,*,#4107,.F.);
#2183=ORIENTED_EDGE('',*,*,#4108,.F.);
#2184=ORIENTED_EDGE('',*,*,#4109,.T.);
#2185=ORIENTED_EDGE('',*,*,#4110,.F.);
#2186=ORIENTED_EDGE('',*,*,#4111,.F.);
#2187=ORIENTED_EDGE('',*,*,#4112,.T.);
#2188=ORIENTED_EDGE('',*,*,#3347,.T.);
#2189=ORIENTED_EDGE('',*,*,#4113,.F.);
#2190=ORIENTED_EDGE('',*,*,#4114,.F.);
#2191=ORIENTED_EDGE('',*,*,#4111,.T.);
#2192=ORIENTED_EDGE('',*,*,#4115,.T.);
#2193=ORIENTED_EDGE('',*,*,#4108,.T.);
#2194=ORIENTED_EDGE('',*,*,#4116,.F.);
#2195=ORIENTED_EDGE('',*,*,#4110,.T.);
#2196=ORIENTED_EDGE('',*,*,#4117,.T.);
#2197=ORIENTED_EDGE('',*,*,#4105,.T.);
#2198=ORIENTED_EDGE('',*,*,#4118,.F.);
#2199=ORIENTED_EDGE('',*,*,#4119,.F.);
#2200=ORIENTED_EDGE('',*,*,#4120,.T.);
#2201=ORIENTED_EDGE('',*,*,#3345,.F.);
#2202=ORIENTED_EDGE('',*,*,#4121,.F.);
#2203=ORIENTED_EDGE('',*,*,#4122,.F.);
#2204=ORIENTED_EDGE('',*,*,#4123,.T.);
#2205=ORIENTED_EDGE('',*,*,#4124,.F.);
#2206=ORIENTED_EDGE('',*,*,#4125,.F.);
#2207=ORIENTED_EDGE('',*,*,#4126,.T.);
#2208=ORIENTED_EDGE('',*,*,#3343,.T.);
#2209=ORIENTED_EDGE('',*,*,#4127,.F.);
#2210=ORIENTED_EDGE('',*,*,#4128,.F.);
#2211=ORIENTED_EDGE('',*,*,#4125,.T.);
#2212=ORIENTED_EDGE('',*,*,#4129,.T.);
#2213=ORIENTED_EDGE('',*,*,#4122,.T.);
#2214=ORIENTED_EDGE('',*,*,#4130,.F.);
#2215=ORIENTED_EDGE('',*,*,#4124,.T.);
#2216=ORIENTED_EDGE('',*,*,#4131,.T.);
#2217=ORIENTED_EDGE('',*,*,#4119,.T.);
#2218=ORIENTED_EDGE('',*,*,#4132,.F.);
#2219=ORIENTED_EDGE('',*,*,#4133,.F.);
#2220=ORIENTED_EDGE('',*,*,#4134,.T.);
#2221=ORIENTED_EDGE('',*,*,#3333,.F.);
#2222=ORIENTED_EDGE('',*,*,#4135,.F.);
#2223=ORIENTED_EDGE('',*,*,#4136,.F.);
#2224=ORIENTED_EDGE('',*,*,#4137,.T.);
#2225=ORIENTED_EDGE('',*,*,#4138,.F.);
#2226=ORIENTED_EDGE('',*,*,#4139,.F.);
#2227=ORIENTED_EDGE('',*,*,#4140,.T.);
#2228=ORIENTED_EDGE('',*,*,#3339,.T.);
#2229=ORIENTED_EDGE('',*,*,#4141,.F.);
#2230=ORIENTED_EDGE('',*,*,#4142,.F.);
#2231=ORIENTED_EDGE('',*,*,#4139,.T.);
#2232=ORIENTED_EDGE('',*,*,#4143,.T.);
#2233=ORIENTED_EDGE('',*,*,#4136,.T.);
#2234=ORIENTED_EDGE('',*,*,#4144,.F.);
#2235=ORIENTED_EDGE('',*,*,#4138,.T.);
#2236=ORIENTED_EDGE('',*,*,#4145,.T.);
#2237=ORIENTED_EDGE('',*,*,#4133,.T.);
#2238=ORIENTED_EDGE('',*,*,#4146,.F.);
#2239=ORIENTED_EDGE('',*,*,#4147,.F.);
#2240=ORIENTED_EDGE('',*,*,#4148,.T.);
#2241=ORIENTED_EDGE('',*,*,#3329,.F.);
#2242=ORIENTED_EDGE('',*,*,#4149,.F.);
#2243=ORIENTED_EDGE('',*,*,#4150,.F.);
#2244=ORIENTED_EDGE('',*,*,#4151,.T.);
#2245=ORIENTED_EDGE('',*,*,#4152,.F.);
#2246=ORIENTED_EDGE('',*,*,#4153,.F.);
#2247=ORIENTED_EDGE('',*,*,#4154,.T.);
#2248=ORIENTED_EDGE('',*,*,#3335,.T.);
#2249=ORIENTED_EDGE('',*,*,#4155,.F.);
#2250=ORIENTED_EDGE('',*,*,#4156,.F.);
#2251=ORIENTED_EDGE('',*,*,#4153,.T.);
#2252=ORIENTED_EDGE('',*,*,#4157,.T.);
#2253=ORIENTED_EDGE('',*,*,#4150,.T.);
#2254=ORIENTED_EDGE('',*,*,#4158,.F.);
#2255=ORIENTED_EDGE('',*,*,#4152,.T.);
#2256=ORIENTED_EDGE('',*,*,#4159,.T.);
#2257=ORIENTED_EDGE('',*,*,#4147,.T.);
#2258=ORIENTED_EDGE('',*,*,#4160,.F.);
#2259=ORIENTED_EDGE('',*,*,#4161,.F.);
#2260=ORIENTED_EDGE('',*,*,#4162,.T.);
#2261=ORIENTED_EDGE('',*,*,#3325,.F.);
#2262=ORIENTED_EDGE('',*,*,#4163,.F.);
#2263=ORIENTED_EDGE('',*,*,#4164,.F.);
#2264=ORIENTED_EDGE('',*,*,#4165,.T.);
#2265=ORIENTED_EDGE('',*,*,#4166,.F.);
#2266=ORIENTED_EDGE('',*,*,#4167,.F.);
#2267=ORIENTED_EDGE('',*,*,#4168,.T.);
#2268=ORIENTED_EDGE('',*,*,#3331,.T.);
#2269=ORIENTED_EDGE('',*,*,#4169,.F.);
#2270=ORIENTED_EDGE('',*,*,#4170,.F.);
#2271=ORIENTED_EDGE('',*,*,#4167,.T.);
#2272=ORIENTED_EDGE('',*,*,#4171,.T.);
#2273=ORIENTED_EDGE('',*,*,#4164,.T.);
#2274=ORIENTED_EDGE('',*,*,#4172,.F.);
#2275=ORIENTED_EDGE('',*,*,#4166,.T.);
#2276=ORIENTED_EDGE('',*,*,#4173,.T.);
#2277=ORIENTED_EDGE('',*,*,#4161,.T.);
#2278=ORIENTED_EDGE('',*,*,#4174,.F.);
#2279=ORIENTED_EDGE('',*,*,#4175,.F.);
#2280=ORIENTED_EDGE('',*,*,#4176,.T.);
#2281=ORIENTED_EDGE('',*,*,#3309,.F.);
#2282=ORIENTED_EDGE('',*,*,#4177,.F.);
#2283=ORIENTED_EDGE('',*,*,#4178,.F.);
#2284=ORIENTED_EDGE('',*,*,#4179,.T.);
#2285=ORIENTED_EDGE('',*,*,#4180,.F.);
#2286=ORIENTED_EDGE('',*,*,#4181,.F.);
#2287=ORIENTED_EDGE('',*,*,#4182,.T.);
#2288=ORIENTED_EDGE('',*,*,#3327,.T.);
#2289=ORIENTED_EDGE('',*,*,#4183,.F.);
#2290=ORIENTED_EDGE('',*,*,#4184,.F.);
#2291=ORIENTED_EDGE('',*,*,#4181,.T.);
#2292=ORIENTED_EDGE('',*,*,#4185,.T.);
#2293=ORIENTED_EDGE('',*,*,#4178,.T.);
#2294=ORIENTED_EDGE('',*,*,#4186,.F.);
#2295=ORIENTED_EDGE('',*,*,#4180,.T.);
#2296=ORIENTED_EDGE('',*,*,#4187,.T.);
#2297=ORIENTED_EDGE('',*,*,#4175,.T.);
#2298=ORIENTED_EDGE('',*,*,#4188,.F.);
#2299=ORIENTED_EDGE('',*,*,#4189,.F.);
#2300=ORIENTED_EDGE('',*,*,#4190,.T.);
#2301=ORIENTED_EDGE('',*,*,#3317,.F.);
#2302=ORIENTED_EDGE('',*,*,#4191,.F.);
#2303=ORIENTED_EDGE('',*,*,#4192,.F.);
#2304=ORIENTED_EDGE('',*,*,#4193,.T.);
#2305=ORIENTED_EDGE('',*,*,#4194,.F.);
#2306=ORIENTED_EDGE('',*,*,#4195,.F.);
#2307=ORIENTED_EDGE('',*,*,#4196,.T.);
#2308=ORIENTED_EDGE('',*,*,#3323,.T.);
#2309=ORIENTED_EDGE('',*,*,#4197,.F.);
#2310=ORIENTED_EDGE('',*,*,#4198,.F.);
#2311=ORIENTED_EDGE('',*,*,#4195,.T.);
#2312=ORIENTED_EDGE('',*,*,#4199,.T.);
#2313=ORIENTED_EDGE('',*,*,#4192,.T.);
#2314=ORIENTED_EDGE('',*,*,#4200,.F.);
#2315=ORIENTED_EDGE('',*,*,#4194,.T.);
#2316=ORIENTED_EDGE('',*,*,#4201,.T.);
#2317=ORIENTED_EDGE('',*,*,#4189,.T.);
#2318=ORIENTED_EDGE('',*,*,#4202,.F.);
#2319=ORIENTED_EDGE('',*,*,#4203,.F.);
#2320=ORIENTED_EDGE('',*,*,#4204,.T.);
#2321=ORIENTED_EDGE('',*,*,#3305,.F.);
#2322=ORIENTED_EDGE('',*,*,#4205,.F.);
#2323=ORIENTED_EDGE('',*,*,#4206,.F.);
#2324=ORIENTED_EDGE('',*,*,#4207,.T.);
#2325=ORIENTED_EDGE('',*,*,#4208,.F.);
#2326=ORIENTED_EDGE('',*,*,#4209,.F.);
#2327=ORIENTED_EDGE('',*,*,#4210,.T.);
#2328=ORIENTED_EDGE('',*,*,#3319,.T.);
#2329=ORIENTED_EDGE('',*,*,#4211,.F.);
#2330=ORIENTED_EDGE('',*,*,#4212,.F.);
#2331=ORIENTED_EDGE('',*,*,#4209,.T.);
#2332=ORIENTED_EDGE('',*,*,#4213,.T.);
#2333=ORIENTED_EDGE('',*,*,#4206,.T.);
#2334=ORIENTED_EDGE('',*,*,#4214,.F.);
#2335=ORIENTED_EDGE('',*,*,#4208,.T.);
#2336=ORIENTED_EDGE('',*,*,#4215,.T.);
#2337=ORIENTED_EDGE('',*,*,#4203,.T.);
#2338=ORIENTED_EDGE('',*,*,#4216,.F.);
#2339=ORIENTED_EDGE('',*,*,#4217,.F.);
#2340=ORIENTED_EDGE('',*,*,#4218,.T.);
#2341=ORIENTED_EDGE('',*,*,#3321,.F.);
#2342=ORIENTED_EDGE('',*,*,#4219,.F.);
#2343=ORIENTED_EDGE('',*,*,#4220,.F.);
#2344=ORIENTED_EDGE('',*,*,#4221,.T.);
#2345=ORIENTED_EDGE('',*,*,#4222,.F.);
#2346=ORIENTED_EDGE('',*,*,#4223,.F.);
#2347=ORIENTED_EDGE('',*,*,#4224,.T.);
#2348=ORIENTED_EDGE('',*,*,#3315,.T.);
#2349=ORIENTED_EDGE('',*,*,#4225,.F.);
#2350=ORIENTED_EDGE('',*,*,#4226,.F.);
#2351=ORIENTED_EDGE('',*,*,#4223,.T.);
#2352=ORIENTED_EDGE('',*,*,#4227,.T.);
#2353=ORIENTED_EDGE('',*,*,#4220,.T.);
#2354=ORIENTED_EDGE('',*,*,#4228,.F.);
#2355=ORIENTED_EDGE('',*,*,#4222,.T.);
#2356=ORIENTED_EDGE('',*,*,#4229,.T.);
#2357=ORIENTED_EDGE('',*,*,#4217,.T.);
#2358=ORIENTED_EDGE('',*,*,#4230,.F.);
#2359=ORIENTED_EDGE('',*,*,#4231,.F.);
#2360=ORIENTED_EDGE('',*,*,#4232,.T.);
#2361=ORIENTED_EDGE('',*,*,#3313,.F.);
#2362=ORIENTED_EDGE('',*,*,#4233,.F.);
#2363=ORIENTED_EDGE('',*,*,#4234,.F.);
#2364=ORIENTED_EDGE('',*,*,#4235,.T.);
#2365=ORIENTED_EDGE('',*,*,#4236,.F.);
#2366=ORIENTED_EDGE('',*,*,#4237,.F.);
#2367=ORIENTED_EDGE('',*,*,#4238,.T.);
#2368=ORIENTED_EDGE('',*,*,#3311,.T.);
#2369=ORIENTED_EDGE('',*,*,#4239,.F.);
#2370=ORIENTED_EDGE('',*,*,#4240,.F.);
#2371=ORIENTED_EDGE('',*,*,#4237,.T.);
#2372=ORIENTED_EDGE('',*,*,#4241,.T.);
#2373=ORIENTED_EDGE('',*,*,#4234,.T.);
#2374=ORIENTED_EDGE('',*,*,#4242,.F.);
#2375=ORIENTED_EDGE('',*,*,#4236,.T.);
#2376=ORIENTED_EDGE('',*,*,#4243,.T.);
#2377=ORIENTED_EDGE('',*,*,#4231,.T.);
#2378=ORIENTED_EDGE('',*,*,#4244,.F.);
#2379=ORIENTED_EDGE('',*,*,#4245,.F.);
#2380=ORIENTED_EDGE('',*,*,#4246,.T.);
#2381=ORIENTED_EDGE('',*,*,#3301,.F.);
#2382=ORIENTED_EDGE('',*,*,#4247,.F.);
#2383=ORIENTED_EDGE('',*,*,#4248,.F.);
#2384=ORIENTED_EDGE('',*,*,#4249,.T.);
#2385=ORIENTED_EDGE('',*,*,#4250,.F.);
#2386=ORIENTED_EDGE('',*,*,#4251,.F.);
#2387=ORIENTED_EDGE('',*,*,#4252,.T.);
#2388=ORIENTED_EDGE('',*,*,#3307,.T.);
#2389=ORIENTED_EDGE('',*,*,#4253,.F.);
#2390=ORIENTED_EDGE('',*,*,#4254,.F.);
#2391=ORIENTED_EDGE('',*,*,#4251,.T.);
#2392=ORIENTED_EDGE('',*,*,#4255,.T.);
#2393=ORIENTED_EDGE('',*,*,#4248,.T.);
#2394=ORIENTED_EDGE('',*,*,#4256,.F.);
#2395=ORIENTED_EDGE('',*,*,#4250,.T.);
#2396=ORIENTED_EDGE('',*,*,#4257,.T.);
#2397=ORIENTED_EDGE('',*,*,#4245,.T.);
#2398=ORIENTED_EDGE('',*,*,#4258,.F.);
#2399=ORIENTED_EDGE('',*,*,#4259,.F.);
#2400=ORIENTED_EDGE('',*,*,#4260,.T.);
#2401=ORIENTED_EDGE('',*,*,#3297,.F.);
#2402=ORIENTED_EDGE('',*,*,#4261,.F.);
#2403=ORIENTED_EDGE('',*,*,#4262,.F.);
#2404=ORIENTED_EDGE('',*,*,#4263,.T.);
#2405=ORIENTED_EDGE('',*,*,#4264,.F.);
#2406=ORIENTED_EDGE('',*,*,#4265,.F.);
#2407=ORIENTED_EDGE('',*,*,#4266,.T.);
#2408=ORIENTED_EDGE('',*,*,#3303,.T.);
#2409=ORIENTED_EDGE('',*,*,#4267,.F.);
#2410=ORIENTED_EDGE('',*,*,#4268,.F.);
#2411=ORIENTED_EDGE('',*,*,#4265,.T.);
#2412=ORIENTED_EDGE('',*,*,#4269,.T.);
#2413=ORIENTED_EDGE('',*,*,#4262,.T.);
#2414=ORIENTED_EDGE('',*,*,#4270,.F.);
#2415=ORIENTED_EDGE('',*,*,#4264,.T.);
#2416=ORIENTED_EDGE('',*,*,#4271,.T.);
#2417=ORIENTED_EDGE('',*,*,#4259,.T.);
#2418=ORIENTED_EDGE('',*,*,#4272,.F.);
#2419=ORIENTED_EDGE('',*,*,#4273,.F.);
#2420=ORIENTED_EDGE('',*,*,#4274,.T.);
#2421=ORIENTED_EDGE('',*,*,#3293,.F.);
#2422=ORIENTED_EDGE('',*,*,#4275,.F.);
#2423=ORIENTED_EDGE('',*,*,#4276,.F.);
#2424=ORIENTED_EDGE('',*,*,#4277,.T.);
#2425=ORIENTED_EDGE('',*,*,#4278,.F.);
#2426=ORIENTED_EDGE('',*,*,#4279,.F.);
#2427=ORIENTED_EDGE('',*,*,#4280,.T.);
#2428=ORIENTED_EDGE('',*,*,#3299,.T.);
#2429=ORIENTED_EDGE('',*,*,#4281,.F.);
#2430=ORIENTED_EDGE('',*,*,#4282,.F.);
#2431=ORIENTED_EDGE('',*,*,#4279,.T.);
#2432=ORIENTED_EDGE('',*,*,#4283,.T.);
#2433=ORIENTED_EDGE('',*,*,#4276,.T.);
#2434=ORIENTED_EDGE('',*,*,#4284,.F.);
#2435=ORIENTED_EDGE('',*,*,#4278,.T.);
#2436=ORIENTED_EDGE('',*,*,#4285,.T.);
#2437=ORIENTED_EDGE('',*,*,#4273,.T.);
#2438=ORIENTED_EDGE('',*,*,#4286,.F.);
#2439=ORIENTED_EDGE('',*,*,#4287,.F.);
#2440=ORIENTED_EDGE('',*,*,#4288,.T.);
#2441=ORIENTED_EDGE('',*,*,#3289,.F.);
#2442=ORIENTED_EDGE('',*,*,#4289,.F.);
#2443=ORIENTED_EDGE('',*,*,#4290,.F.);
#2444=ORIENTED_EDGE('',*,*,#4291,.T.);
#2445=ORIENTED_EDGE('',*,*,#4292,.F.);
#2446=ORIENTED_EDGE('',*,*,#4293,.F.);
#2447=ORIENTED_EDGE('',*,*,#4294,.T.);
#2448=ORIENTED_EDGE('',*,*,#3295,.T.);
#2449=ORIENTED_EDGE('',*,*,#4295,.F.);
#2450=ORIENTED_EDGE('',*,*,#4296,.F.);
#2451=ORIENTED_EDGE('',*,*,#4293,.T.);
#2452=ORIENTED_EDGE('',*,*,#4297,.T.);
#2453=ORIENTED_EDGE('',*,*,#4290,.T.);
#2454=ORIENTED_EDGE('',*,*,#4298,.F.);
#2455=ORIENTED_EDGE('',*,*,#4292,.T.);
#2456=ORIENTED_EDGE('',*,*,#4299,.T.);
#2457=ORIENTED_EDGE('',*,*,#4287,.T.);
#2458=ORIENTED_EDGE('',*,*,#4300,.F.);
#2459=ORIENTED_EDGE('',*,*,#4301,.F.);
#2460=ORIENTED_EDGE('',*,*,#4302,.T.);
#2461=ORIENTED_EDGE('',*,*,#3285,.F.);
#2462=ORIENTED_EDGE('',*,*,#4303,.F.);
#2463=ORIENTED_EDGE('',*,*,#4304,.F.);
#2464=ORIENTED_EDGE('',*,*,#4305,.T.);
#2465=ORIENTED_EDGE('',*,*,#4306,.F.);
#2466=ORIENTED_EDGE('',*,*,#4307,.F.);
#2467=ORIENTED_EDGE('',*,*,#4308,.T.);
#2468=ORIENTED_EDGE('',*,*,#3291,.T.);
#2469=ORIENTED_EDGE('',*,*,#4309,.F.);
#2470=ORIENTED_EDGE('',*,*,#4310,.F.);
#2471=ORIENTED_EDGE('',*,*,#4307,.T.);
#2472=ORIENTED_EDGE('',*,*,#4311,.T.);
#2473=ORIENTED_EDGE('',*,*,#4304,.T.);
#2474=ORIENTED_EDGE('',*,*,#4312,.F.);
#2475=ORIENTED_EDGE('',*,*,#4306,.T.);
#2476=ORIENTED_EDGE('',*,*,#4313,.T.);
#2477=ORIENTED_EDGE('',*,*,#4301,.T.);
#2478=ORIENTED_EDGE('',*,*,#4314,.F.);
#2479=ORIENTED_EDGE('',*,*,#4315,.F.);
#2480=ORIENTED_EDGE('',*,*,#4316,.T.);
#2481=ORIENTED_EDGE('',*,*,#3281,.F.);
#2482=ORIENTED_EDGE('',*,*,#4317,.F.);
#2483=ORIENTED_EDGE('',*,*,#4318,.F.);
#2484=ORIENTED_EDGE('',*,*,#4319,.T.);
#2485=ORIENTED_EDGE('',*,*,#4320,.F.);
#2486=ORIENTED_EDGE('',*,*,#4321,.F.);
#2487=ORIENTED_EDGE('',*,*,#4322,.T.);
#2488=ORIENTED_EDGE('',*,*,#3287,.T.);
#2489=ORIENTED_EDGE('',*,*,#4323,.F.);
#2490=ORIENTED_EDGE('',*,*,#4324,.F.);
#2491=ORIENTED_EDGE('',*,*,#4321,.T.);
#2492=ORIENTED_EDGE('',*,*,#4325,.T.);
#2493=ORIENTED_EDGE('',*,*,#4318,.T.);
#2494=ORIENTED_EDGE('',*,*,#4326,.F.);
#2495=ORIENTED_EDGE('',*,*,#4320,.T.);
#2496=ORIENTED_EDGE('',*,*,#4327,.T.);
#2497=ORIENTED_EDGE('',*,*,#4315,.T.);
#2498=ORIENTED_EDGE('',*,*,#4328,.F.);
#2499=ORIENTED_EDGE('',*,*,#4329,.F.);
#2500=ORIENTED_EDGE('',*,*,#4330,.T.);
#2501=ORIENTED_EDGE('',*,*,#3277,.F.);
#2502=ORIENTED_EDGE('',*,*,#4331,.F.);
#2503=ORIENTED_EDGE('',*,*,#4332,.F.);
#2504=ORIENTED_EDGE('',*,*,#4333,.T.);
#2505=ORIENTED_EDGE('',*,*,#4334,.F.);
#2506=ORIENTED_EDGE('',*,*,#4335,.F.);
#2507=ORIENTED_EDGE('',*,*,#4336,.T.);
#2508=ORIENTED_EDGE('',*,*,#3283,.T.);
#2509=ORIENTED_EDGE('',*,*,#4337,.F.);
#2510=ORIENTED_EDGE('',*,*,#4338,.F.);
#2511=ORIENTED_EDGE('',*,*,#4335,.T.);
#2512=ORIENTED_EDGE('',*,*,#4339,.T.);
#2513=ORIENTED_EDGE('',*,*,#4332,.T.);
#2514=ORIENTED_EDGE('',*,*,#4340,.F.);
#2515=ORIENTED_EDGE('',*,*,#4334,.T.);
#2516=ORIENTED_EDGE('',*,*,#4341,.T.);
#2517=ORIENTED_EDGE('',*,*,#4329,.T.);
#2518=ORIENTED_EDGE('',*,*,#4342,.F.);
#2519=ORIENTED_EDGE('',*,*,#4343,.F.);
#2520=ORIENTED_EDGE('',*,*,#4344,.T.);
#2521=ORIENTED_EDGE('',*,*,#3341,.F.);
#2522=ORIENTED_EDGE('',*,*,#4345,.F.);
#2523=ORIENTED_EDGE('',*,*,#4346,.F.);
#2524=ORIENTED_EDGE('',*,*,#4347,.T.);
#2525=ORIENTED_EDGE('',*,*,#4348,.F.);
#2526=ORIENTED_EDGE('',*,*,#4349,.F.);
#2527=ORIENTED_EDGE('',*,*,#4350,.T.);
#2528=ORIENTED_EDGE('',*,*,#3279,.T.);
#2529=ORIENTED_EDGE('',*,*,#4351,.F.);
#2530=ORIENTED_EDGE('',*,*,#4352,.F.);
#2531=ORIENTED_EDGE('',*,*,#4349,.T.);
#2532=ORIENTED_EDGE('',*,*,#4353,.T.);
#2533=ORIENTED_EDGE('',*,*,#4346,.T.);
#2534=ORIENTED_EDGE('',*,*,#4354,.F.);
#2535=ORIENTED_EDGE('',*,*,#4348,.T.);
#2536=ORIENTED_EDGE('',*,*,#4355,.T.);
#2537=ORIENTED_EDGE('',*,*,#4343,.T.);
#2538=ORIENTED_EDGE('',*,*,#4356,.T.);
#2539=ORIENTED_EDGE('',*,*,#4357,.F.);
#2540=ORIENTED_EDGE('',*,*,#4358,.T.);
#2541=ORIENTED_EDGE('',*,*,#4359,.F.);
#2542=ORIENTED_EDGE('',*,*,#4360,.F.);
#2543=ORIENTED_EDGE('',*,*,#4359,.T.);
#2544=ORIENTED_EDGE('',*,*,#4361,.F.);
#2545=ORIENTED_EDGE('',*,*,#4360,.T.);
#2546=ORIENTED_EDGE('',*,*,#4361,.T.);
#2547=ORIENTED_EDGE('',*,*,#3715,.T.);
#2548=ORIENTED_EDGE('',*,*,#3724,.T.);
#2549=ORIENTED_EDGE('',*,*,#3712,.T.);
#2550=ORIENTED_EDGE('',*,*,#3460,.T.);
#2551=ORIENTED_EDGE('',*,*,#3706,.F.);
#2552=ORIENTED_EDGE('',*,*,#3708,.T.);
#2553=ORIENTED_EDGE('',*,*,#3701,.T.);
#2554=ORIENTED_EDGE('',*,*,#3710,.T.);
#2555=ORIENTED_EDGE('',*,*,#3698,.T.);
#2556=ORIENTED_EDGE('',*,*,#3464,.T.);
#2557=ORIENTED_EDGE('',*,*,#3692,.F.);
#2558=ORIENTED_EDGE('',*,*,#3694,.T.);
#2559=ORIENTED_EDGE('',*,*,#3687,.T.);
#2560=ORIENTED_EDGE('',*,*,#3696,.T.);
#2561=ORIENTED_EDGE('',*,*,#3684,.T.);
#2562=ORIENTED_EDGE('',*,*,#3496,.T.);
#2563=ORIENTED_EDGE('',*,*,#3580,.F.);
#2564=ORIENTED_EDGE('',*,*,#3582,.T.);
#2565=ORIENTED_EDGE('',*,*,#3575,.T.);
#2566=ORIENTED_EDGE('',*,*,#3584,.T.);
#2567=ORIENTED_EDGE('',*,*,#3572,.T.);
#2568=ORIENTED_EDGE('',*,*,#3492,.T.);
#2569=ORIENTED_EDGE('',*,*,#3594,.F.);
#2570=ORIENTED_EDGE('',*,*,#3596,.T.);
#2571=ORIENTED_EDGE('',*,*,#3589,.T.);
#2572=ORIENTED_EDGE('',*,*,#3598,.T.);
#2573=ORIENTED_EDGE('',*,*,#3586,.T.);
#2574=ORIENTED_EDGE('',*,*,#3484,.T.);
#2575=ORIENTED_EDGE('',*,*,#3622,.F.);
#2576=ORIENTED_EDGE('',*,*,#3624,.T.);
#2577=ORIENTED_EDGE('',*,*,#3617,.T.);
#2578=ORIENTED_EDGE('',*,*,#3626,.T.);
#2579=ORIENTED_EDGE('',*,*,#3614,.T.);
#2580=ORIENTED_EDGE('',*,*,#3488,.T.);
#2581=ORIENTED_EDGE('',*,*,#3608,.F.);
#2582=ORIENTED_EDGE('',*,*,#3610,.T.);
#2583=ORIENTED_EDGE('',*,*,#3603,.T.);
#2584=ORIENTED_EDGE('',*,*,#3612,.T.);
#2585=ORIENTED_EDGE('',*,*,#3600,.T.);
#2586=ORIENTED_EDGE('',*,*,#3476,.T.);
#2587=ORIENTED_EDGE('',*,*,#3650,.F.);
#2588=ORIENTED_EDGE('',*,*,#3652,.T.);
#2589=ORIENTED_EDGE('',*,*,#3645,.T.);
#2590=ORIENTED_EDGE('',*,*,#3654,.T.);
#2591=ORIENTED_EDGE('',*,*,#3642,.T.);
#2592=ORIENTED_EDGE('',*,*,#3480,.T.);
#2593=ORIENTED_EDGE('',*,*,#3636,.F.);
#2594=ORIENTED_EDGE('',*,*,#3638,.T.);
#2595=ORIENTED_EDGE('',*,*,#3631,.T.);
#2596=ORIENTED_EDGE('',*,*,#3640,.T.);
#2597=ORIENTED_EDGE('',*,*,#3628,.T.);
#2598=ORIENTED_EDGE('',*,*,#3472,.T.);
#2599=ORIENTED_EDGE('',*,*,#3664,.F.);
#2600=ORIENTED_EDGE('',*,*,#3666,.T.);
#2601=ORIENTED_EDGE('',*,*,#3659,.T.);
#2602=ORIENTED_EDGE('',*,*,#3668,.T.);
#2603=ORIENTED_EDGE('',*,*,#3656,.T.);
#2604=ORIENTED_EDGE('',*,*,#3468,.T.);
#2605=ORIENTED_EDGE('',*,*,#3678,.F.);
#2606=ORIENTED_EDGE('',*,*,#3680,.T.);
#2607=ORIENTED_EDGE('',*,*,#3673,.T.);
#2608=ORIENTED_EDGE('',*,*,#3682,.T.);
#2609=ORIENTED_EDGE('',*,*,#3670,.T.);
#2610=ORIENTED_EDGE('',*,*,#3500,.T.);
#2611=ORIENTED_EDGE('',*,*,#3566,.F.);
#2612=ORIENTED_EDGE('',*,*,#3568,.T.);
#2613=ORIENTED_EDGE('',*,*,#3561,.T.);
#2614=ORIENTED_EDGE('',*,*,#3570,.T.);
#2615=ORIENTED_EDGE('',*,*,#3558,.T.);
#2616=ORIENTED_EDGE('',*,*,#3504,.T.);
#2617=ORIENTED_EDGE('',*,*,#3552,.F.);
#2618=ORIENTED_EDGE('',*,*,#3554,.T.);
#2619=ORIENTED_EDGE('',*,*,#3547,.T.);
#2620=ORIENTED_EDGE('',*,*,#3556,.T.);
#2621=ORIENTED_EDGE('',*,*,#3544,.T.);
#2622=ORIENTED_EDGE('',*,*,#3508,.T.);
#2623=ORIENTED_EDGE('',*,*,#3538,.F.);
#2624=ORIENTED_EDGE('',*,*,#3540,.T.);
#2625=ORIENTED_EDGE('',*,*,#3533,.T.);
#2626=ORIENTED_EDGE('',*,*,#3542,.T.);
#2627=ORIENTED_EDGE('',*,*,#3530,.T.);
#2628=ORIENTED_EDGE('',*,*,#3512,.T.);
#2629=ORIENTED_EDGE('',*,*,#3524,.F.);
#2630=ORIENTED_EDGE('',*,*,#3526,.T.);
#2631=ORIENTED_EDGE('',*,*,#3519,.T.);
#2632=ORIENTED_EDGE('',*,*,#3528,.T.);
#2633=ORIENTED_EDGE('',*,*,#3516,.T.);
#2634=ORIENTED_EDGE('',*,*,#3336,.T.);
#2635=ORIENTED_EDGE('',*,*,#4140,.F.);
#2636=ORIENTED_EDGE('',*,*,#4142,.T.);
#2637=ORIENTED_EDGE('',*,*,#4135,.T.);
#2638=ORIENTED_EDGE('',*,*,#4144,.T.);
#2639=ORIENTED_EDGE('',*,*,#4132,.T.);
#2640=ORIENTED_EDGE('',*,*,#3332,.T.);
#2641=ORIENTED_EDGE('',*,*,#4154,.F.);
#2642=ORIENTED_EDGE('',*,*,#4156,.T.);
#2643=ORIENTED_EDGE('',*,*,#4149,.T.);
#2644=ORIENTED_EDGE('',*,*,#4158,.T.);
#2645=ORIENTED_EDGE('',*,*,#4146,.T.);
#2646=ORIENTED_EDGE('',*,*,#3328,.T.);
#2647=ORIENTED_EDGE('',*,*,#4168,.F.);
#2648=ORIENTED_EDGE('',*,*,#4170,.T.);
#2649=ORIENTED_EDGE('',*,*,#4163,.T.);
#2650=ORIENTED_EDGE('',*,*,#4172,.T.);
#2651=ORIENTED_EDGE('',*,*,#4160,.T.);
#2652=ORIENTED_EDGE('',*,*,#3324,.T.);
#2653=ORIENTED_EDGE('',*,*,#4182,.F.);
#2654=ORIENTED_EDGE('',*,*,#4184,.T.);
#2655=ORIENTED_EDGE('',*,*,#4177,.T.);
#2656=ORIENTED_EDGE('',*,*,#4186,.T.);
#2657=ORIENTED_EDGE('',*,*,#4174,.T.);
#2658=ORIENTED_EDGE('',*,*,#3308,.T.);
#2659=ORIENTED_EDGE('',*,*,#4238,.F.);
#2660=ORIENTED_EDGE('',*,*,#4240,.T.);
#2661=ORIENTED_EDGE('',*,*,#4233,.T.);
#2662=ORIENTED_EDGE('',*,*,#4242,.T.);
#2663=ORIENTED_EDGE('',*,*,#4230,.T.);
#2664=ORIENTED_EDGE('',*,*,#3312,.T.);
#2665=ORIENTED_EDGE('',*,*,#4224,.F.);
#2666=ORIENTED_EDGE('',*,*,#4226,.T.);
#2667=ORIENTED_EDGE('',*,*,#4219,.T.);
#2668=ORIENTED_EDGE('',*,*,#4228,.T.);
#2669=ORIENTED_EDGE('',*,*,#4216,.T.);
#2670=ORIENTED_EDGE('',*,*,#3320,.T.);
#2671=ORIENTED_EDGE('',*,*,#4196,.F.);
#2672=ORIENTED_EDGE('',*,*,#4198,.T.);
#2673=ORIENTED_EDGE('',*,*,#4191,.T.);
#2674=ORIENTED_EDGE('',*,*,#4200,.T.);
#2675=ORIENTED_EDGE('',*,*,#4188,.T.);
#2676=ORIENTED_EDGE('',*,*,#3316,.T.);
#2677=ORIENTED_EDGE('',*,*,#4210,.F.);
#2678=ORIENTED_EDGE('',*,*,#4212,.T.);
#2679=ORIENTED_EDGE('',*,*,#4205,.T.);
#2680=ORIENTED_EDGE('',*,*,#4214,.T.);
#2681=ORIENTED_EDGE('',*,*,#4202,.T.);
#2682=ORIENTED_EDGE('',*,*,#3304,.T.);
#2683=ORIENTED_EDGE('',*,*,#4252,.F.);
#2684=ORIENTED_EDGE('',*,*,#4254,.T.);
#2685=ORIENTED_EDGE('',*,*,#4247,.T.);
#2686=ORIENTED_EDGE('',*,*,#4256,.T.);
#2687=ORIENTED_EDGE('',*,*,#4244,.T.);
#2688=ORIENTED_EDGE('',*,*,#3300,.T.);
#2689=ORIENTED_EDGE('',*,*,#4266,.F.);
#2690=ORIENTED_EDGE('',*,*,#4268,.T.);
#2691=ORIENTED_EDGE('',*,*,#4261,.T.);
#2692=ORIENTED_EDGE('',*,*,#4270,.T.);
#2693=ORIENTED_EDGE('',*,*,#4258,.T.);
#2694=ORIENTED_EDGE('',*,*,#3296,.T.);
#2695=ORIENTED_EDGE('',*,*,#4280,.F.);
#2696=ORIENTED_EDGE('',*,*,#4282,.T.);
#2697=ORIENTED_EDGE('',*,*,#4275,.T.);
#2698=ORIENTED_EDGE('',*,*,#4284,.T.);
#2699=ORIENTED_EDGE('',*,*,#4272,.T.);
#2700=ORIENTED_EDGE('',*,*,#3292,.T.);
#2701=ORIENTED_EDGE('',*,*,#4294,.F.);
#2702=ORIENTED_EDGE('',*,*,#4296,.T.);
#2703=ORIENTED_EDGE('',*,*,#4289,.T.);
#2704=ORIENTED_EDGE('',*,*,#4298,.T.);
#2705=ORIENTED_EDGE('',*,*,#4286,.T.);
#2706=ORIENTED_EDGE('',*,*,#3288,.T.);
#2707=ORIENTED_EDGE('',*,*,#4308,.F.);
#2708=ORIENTED_EDGE('',*,*,#4310,.T.);
#2709=ORIENTED_EDGE('',*,*,#4303,.T.);
#2710=ORIENTED_EDGE('',*,*,#4312,.T.);
#2711=ORIENTED_EDGE('',*,*,#4300,.T.);
#2712=ORIENTED_EDGE('',*,*,#3284,.T.);
#2713=ORIENTED_EDGE('',*,*,#4322,.F.);
#2714=ORIENTED_EDGE('',*,*,#4324,.T.);
#2715=ORIENTED_EDGE('',*,*,#4317,.T.);
#2716=ORIENTED_EDGE('',*,*,#4326,.T.);
#2717=ORIENTED_EDGE('',*,*,#4314,.T.);
#2718=ORIENTED_EDGE('',*,*,#3280,.T.);
#2719=ORIENTED_EDGE('',*,*,#4336,.F.);
#2720=ORIENTED_EDGE('',*,*,#4338,.T.);
#2721=ORIENTED_EDGE('',*,*,#4331,.T.);
#2722=ORIENTED_EDGE('',*,*,#4340,.T.);
#2723=ORIENTED_EDGE('',*,*,#4328,.T.);
#2724=ORIENTED_EDGE('',*,*,#3276,.T.);
#2725=ORIENTED_EDGE('',*,*,#4350,.F.);
#2726=ORIENTED_EDGE('',*,*,#4352,.T.);
#2727=ORIENTED_EDGE('',*,*,#4345,.T.);
#2728=ORIENTED_EDGE('',*,*,#4354,.T.);
#2729=ORIENTED_EDGE('',*,*,#4342,.T.);
#2730=ORIENTED_EDGE('',*,*,#3340,.T.);
#2731=ORIENTED_EDGE('',*,*,#4126,.F.);
#2732=ORIENTED_EDGE('',*,*,#4128,.T.);
#2733=ORIENTED_EDGE('',*,*,#4121,.T.);
#2734=ORIENTED_EDGE('',*,*,#4130,.T.);
#2735=ORIENTED_EDGE('',*,*,#4118,.T.);
#2736=ORIENTED_EDGE('',*,*,#3344,.T.);
#2737=ORIENTED_EDGE('',*,*,#4112,.F.);
#2738=ORIENTED_EDGE('',*,*,#4114,.T.);
#2739=ORIENTED_EDGE('',*,*,#4107,.T.);
#2740=ORIENTED_EDGE('',*,*,#4116,.T.);
#2741=ORIENTED_EDGE('',*,*,#4104,.T.);
#2742=ORIENTED_EDGE('',*,*,#3348,.T.);
#2743=ORIENTED_EDGE('',*,*,#4098,.F.);
#2744=ORIENTED_EDGE('',*,*,#4100,.T.);
#2745=ORIENTED_EDGE('',*,*,#4093,.T.);
#2746=ORIENTED_EDGE('',*,*,#4102,.T.);
#2747=ORIENTED_EDGE('',*,*,#4090,.T.);
#2748=ORIENTED_EDGE('',*,*,#3352,.T.);
#2749=ORIENTED_EDGE('',*,*,#4084,.F.);
#2750=ORIENTED_EDGE('',*,*,#4086,.T.);
#2751=ORIENTED_EDGE('',*,*,#4079,.T.);
#2752=ORIENTED_EDGE('',*,*,#4088,.T.);
#2753=ORIENTED_EDGE('',*,*,#4076,.T.);
#2754=ORIENTED_EDGE('',*,*,#3364,.T.);
#2755=ORIENTED_EDGE('',*,*,#4042,.F.);
#2756=ORIENTED_EDGE('',*,*,#4044,.T.);
#2757=ORIENTED_EDGE('',*,*,#4037,.T.);
#2758=ORIENTED_EDGE('',*,*,#4046,.T.);
#2759=ORIENTED_EDGE('',*,*,#4034,.T.);
#2760=ORIENTED_EDGE('',*,*,#3368,.T.);
#2761=ORIENTED_EDGE('',*,*,#4028,.F.);
#2762=ORIENTED_EDGE('',*,*,#4030,.T.);
#2763=ORIENTED_EDGE('',*,*,#4023,.T.);
#2764=ORIENTED_EDGE('',*,*,#4032,.T.);
#2765=ORIENTED_EDGE('',*,*,#4020,.T.);
#2766=ORIENTED_EDGE('',*,*,#3356,.T.);
#2767=ORIENTED_EDGE('',*,*,#4070,.F.);
#2768=ORIENTED_EDGE('',*,*,#4072,.T.);
#2769=ORIENTED_EDGE('',*,*,#4065,.T.);
#2770=ORIENTED_EDGE('',*,*,#4074,.T.);
#2771=ORIENTED_EDGE('',*,*,#4062,.T.);
#2772=ORIENTED_EDGE('',*,*,#3360,.T.);
#2773=ORIENTED_EDGE('',*,*,#4056,.F.);
#2774=ORIENTED_EDGE('',*,*,#4058,.T.);
#2775=ORIENTED_EDGE('',*,*,#4051,.T.);
#2776=ORIENTED_EDGE('',*,*,#4060,.T.);
#2777=ORIENTED_EDGE('',*,*,#4048,.T.);
#2778=ORIENTED_EDGE('',*,*,#3372,.T.);
#2779=ORIENTED_EDGE('',*,*,#4014,.F.);
#2780=ORIENTED_EDGE('',*,*,#4016,.T.);
#2781=ORIENTED_EDGE('',*,*,#4009,.T.);
#2782=ORIENTED_EDGE('',*,*,#4018,.T.);
#2783=ORIENTED_EDGE('',*,*,#4006,.T.);
#2784=ORIENTED_EDGE('',*,*,#3376,.T.);
#2785=ORIENTED_EDGE('',*,*,#4000,.F.);
#2786=ORIENTED_EDGE('',*,*,#4002,.T.);
#2787=ORIENTED_EDGE('',*,*,#3995,.T.);
#2788=ORIENTED_EDGE('',*,*,#4004,.T.);
#2789=ORIENTED_EDGE('',*,*,#3992,.T.);
#2790=ORIENTED_EDGE('',*,*,#3380,.T.);
#2791=ORIENTED_EDGE('',*,*,#3986,.F.);
#2792=ORIENTED_EDGE('',*,*,#3988,.T.);
#2793=ORIENTED_EDGE('',*,*,#3981,.T.);
#2794=ORIENTED_EDGE('',*,*,#3990,.T.);
#2795=ORIENTED_EDGE('',*,*,#3978,.T.);
#2796=ORIENTED_EDGE('',*,*,#3384,.T.);
#2797=ORIENTED_EDGE('',*,*,#3972,.F.);
#2798=ORIENTED_EDGE('',*,*,#3974,.T.);
#2799=ORIENTED_EDGE('',*,*,#3967,.T.);
#2800=ORIENTED_EDGE('',*,*,#3976,.T.);
#2801=ORIENTED_EDGE('',*,*,#3964,.T.);
#2802=ORIENTED_EDGE('',*,*,#3388,.T.);
#2803=ORIENTED_EDGE('',*,*,#3958,.F.);
#2804=ORIENTED_EDGE('',*,*,#3960,.T.);
#2805=ORIENTED_EDGE('',*,*,#3953,.T.);
#2806=ORIENTED_EDGE('',*,*,#3962,.T.);
#2807=ORIENTED_EDGE('',*,*,#3950,.T.);
#2808=ORIENTED_EDGE('',*,*,#3392,.T.);
#2809=ORIENTED_EDGE('',*,*,#3944,.F.);
#2810=ORIENTED_EDGE('',*,*,#3946,.T.);
#2811=ORIENTED_EDGE('',*,*,#3939,.T.);
#2812=ORIENTED_EDGE('',*,*,#3948,.T.);
#2813=ORIENTED_EDGE('',*,*,#3936,.T.);
#2814=ORIENTED_EDGE('',*,*,#3396,.T.);
#2815=ORIENTED_EDGE('',*,*,#3930,.F.);
#2816=ORIENTED_EDGE('',*,*,#3932,.T.);
#2817=ORIENTED_EDGE('',*,*,#3925,.T.);
#2818=ORIENTED_EDGE('',*,*,#3934,.T.);
#2819=ORIENTED_EDGE('',*,*,#3922,.T.);
#2820=ORIENTED_EDGE('',*,*,#3400,.T.);
#2821=ORIENTED_EDGE('',*,*,#3916,.F.);
#2822=ORIENTED_EDGE('',*,*,#3918,.T.);
#2823=ORIENTED_EDGE('',*,*,#3911,.T.);
#2824=ORIENTED_EDGE('',*,*,#3920,.T.);
#2825=ORIENTED_EDGE('',*,*,#3908,.T.);
#2826=ORIENTED_EDGE('',*,*,#3432,.T.);
#2827=ORIENTED_EDGE('',*,*,#3804,.F.);
#2828=ORIENTED_EDGE('',*,*,#3806,.T.);
#2829=ORIENTED_EDGE('',*,*,#3799,.T.);
#2830=ORIENTED_EDGE('',*,*,#3808,.T.);
#2831=ORIENTED_EDGE('',*,*,#3796,.T.);
#2832=ORIENTED_EDGE('',*,*,#3428,.T.);
#2833=ORIENTED_EDGE('',*,*,#3818,.F.);
#2834=ORIENTED_EDGE('',*,*,#3820,.T.);
#2835=ORIENTED_EDGE('',*,*,#3813,.T.);
#2836=ORIENTED_EDGE('',*,*,#3822,.T.);
#2837=ORIENTED_EDGE('',*,*,#3810,.T.);
#2838=ORIENTED_EDGE('',*,*,#3424,.T.);
#2839=ORIENTED_EDGE('',*,*,#3832,.F.);
#2840=ORIENTED_EDGE('',*,*,#3834,.T.);
#2841=ORIENTED_EDGE('',*,*,#3827,.T.);
#2842=ORIENTED_EDGE('',*,*,#3836,.T.);
#2843=ORIENTED_EDGE('',*,*,#3824,.T.);
#2844=ORIENTED_EDGE('',*,*,#3420,.T.);
#2845=ORIENTED_EDGE('',*,*,#3846,.F.);
#2846=ORIENTED_EDGE('',*,*,#3848,.T.);
#2847=ORIENTED_EDGE('',*,*,#3841,.T.);
#2848=ORIENTED_EDGE('',*,*,#3850,.T.);
#2849=ORIENTED_EDGE('',*,*,#3838,.T.);
#2850=ORIENTED_EDGE('',*,*,#3408,.T.);
#2851=ORIENTED_EDGE('',*,*,#3888,.F.);
#2852=ORIENTED_EDGE('',*,*,#3890,.T.);
#2853=ORIENTED_EDGE('',*,*,#3883,.T.);
#2854=ORIENTED_EDGE('',*,*,#3892,.T.);
#2855=ORIENTED_EDGE('',*,*,#3880,.T.);
#2856=ORIENTED_EDGE('',*,*,#3404,.T.);
#2857=ORIENTED_EDGE('',*,*,#3902,.F.);
#2858=ORIENTED_EDGE('',*,*,#3904,.T.);
#2859=ORIENTED_EDGE('',*,*,#3897,.T.);
#2860=ORIENTED_EDGE('',*,*,#3906,.T.);
#2861=ORIENTED_EDGE('',*,*,#3894,.T.);
#2862=ORIENTED_EDGE('',*,*,#3412,.T.);
#2863=ORIENTED_EDGE('',*,*,#3874,.F.);
#2864=ORIENTED_EDGE('',*,*,#3876,.T.);
#2865=ORIENTED_EDGE('',*,*,#3869,.T.);
#2866=ORIENTED_EDGE('',*,*,#3878,.T.);
#2867=ORIENTED_EDGE('',*,*,#3866,.T.);
#2868=ORIENTED_EDGE('',*,*,#3416,.T.);
#2869=ORIENTED_EDGE('',*,*,#3860,.F.);
#2870=ORIENTED_EDGE('',*,*,#3862,.T.);
#2871=ORIENTED_EDGE('',*,*,#3855,.T.);
#2872=ORIENTED_EDGE('',*,*,#3864,.T.);
#2873=ORIENTED_EDGE('',*,*,#3852,.T.);
#2874=ORIENTED_EDGE('',*,*,#3436,.T.);
#2875=ORIENTED_EDGE('',*,*,#3790,.F.);
#2876=ORIENTED_EDGE('',*,*,#3792,.T.);
#2877=ORIENTED_EDGE('',*,*,#3785,.T.);
#2878=ORIENTED_EDGE('',*,*,#3794,.T.);
#2879=ORIENTED_EDGE('',*,*,#3782,.T.);
#2880=ORIENTED_EDGE('',*,*,#3440,.T.);
#2881=ORIENTED_EDGE('',*,*,#3776,.F.);
#2882=ORIENTED_EDGE('',*,*,#3778,.T.);
#2883=ORIENTED_EDGE('',*,*,#3771,.T.);
#2884=ORIENTED_EDGE('',*,*,#3780,.T.);
#2885=ORIENTED_EDGE('',*,*,#3768,.T.);
#2886=ORIENTED_EDGE('',*,*,#3444,.T.);
#2887=ORIENTED_EDGE('',*,*,#3762,.F.);
#2888=ORIENTED_EDGE('',*,*,#3764,.T.);
#2889=ORIENTED_EDGE('',*,*,#3757,.T.);
#2890=ORIENTED_EDGE('',*,*,#3766,.T.);
#2891=ORIENTED_EDGE('',*,*,#3754,.T.);
#2892=ORIENTED_EDGE('',*,*,#3448,.T.);
#2893=ORIENTED_EDGE('',*,*,#3748,.F.);
#2894=ORIENTED_EDGE('',*,*,#3750,.T.);
#2895=ORIENTED_EDGE('',*,*,#3743,.T.);
#2896=ORIENTED_EDGE('',*,*,#3752,.T.);
#2897=ORIENTED_EDGE('',*,*,#3740,.T.);
#2898=ORIENTED_EDGE('',*,*,#3452,.T.);
#2899=ORIENTED_EDGE('',*,*,#3734,.F.);
#2900=ORIENTED_EDGE('',*,*,#3736,.T.);
#2901=ORIENTED_EDGE('',*,*,#3729,.T.);
#2902=ORIENTED_EDGE('',*,*,#3738,.T.);
#2903=ORIENTED_EDGE('',*,*,#3726,.T.);
#2904=ORIENTED_EDGE('',*,*,#3456,.T.);
#2905=ORIENTED_EDGE('',*,*,#3720,.F.);
#2906=ORIENTED_EDGE('',*,*,#3722,.T.);
#2907=ORIENTED_EDGE('',*,*,#4362,.F.);
#2908=ORIENTED_EDGE('',*,*,#4353,.F.);
#2909=ORIENTED_EDGE('',*,*,#4351,.T.);
#2910=ORIENTED_EDGE('',*,*,#3278,.F.);
#2911=ORIENTED_EDGE('',*,*,#4330,.F.);
#2912=ORIENTED_EDGE('',*,*,#4341,.F.);
#2913=ORIENTED_EDGE('',*,*,#4333,.F.);
#2914=ORIENTED_EDGE('',*,*,#4339,.F.);
#2915=ORIENTED_EDGE('',*,*,#4337,.T.);
#2916=ORIENTED_EDGE('',*,*,#3282,.F.);
#2917=ORIENTED_EDGE('',*,*,#4316,.F.);
#2918=ORIENTED_EDGE('',*,*,#4327,.F.);
#2919=ORIENTED_EDGE('',*,*,#4319,.F.);
#2920=ORIENTED_EDGE('',*,*,#4325,.F.);
#2921=ORIENTED_EDGE('',*,*,#4323,.T.);
#2922=ORIENTED_EDGE('',*,*,#3286,.F.);
#2923=ORIENTED_EDGE('',*,*,#4302,.F.);
#2924=ORIENTED_EDGE('',*,*,#4313,.F.);
#2925=ORIENTED_EDGE('',*,*,#4305,.F.);
#2926=ORIENTED_EDGE('',*,*,#4311,.F.);
#2927=ORIENTED_EDGE('',*,*,#4309,.T.);
#2928=ORIENTED_EDGE('',*,*,#3290,.F.);
#2929=ORIENTED_EDGE('',*,*,#4288,.F.);
#2930=ORIENTED_EDGE('',*,*,#4299,.F.);
#2931=ORIENTED_EDGE('',*,*,#4291,.F.);
#2932=ORIENTED_EDGE('',*,*,#4297,.F.);
#2933=ORIENTED_EDGE('',*,*,#4295,.T.);
#2934=ORIENTED_EDGE('',*,*,#3294,.F.);
#2935=ORIENTED_EDGE('',*,*,#4274,.F.);
#2936=ORIENTED_EDGE('',*,*,#4285,.F.);
#2937=ORIENTED_EDGE('',*,*,#4277,.F.);
#2938=ORIENTED_EDGE('',*,*,#4283,.F.);
#2939=ORIENTED_EDGE('',*,*,#4281,.T.);
#2940=ORIENTED_EDGE('',*,*,#3298,.F.);
#2941=ORIENTED_EDGE('',*,*,#4260,.F.);
#2942=ORIENTED_EDGE('',*,*,#4271,.F.);
#2943=ORIENTED_EDGE('',*,*,#4263,.F.);
#2944=ORIENTED_EDGE('',*,*,#4269,.F.);
#2945=ORIENTED_EDGE('',*,*,#4267,.T.);
#2946=ORIENTED_EDGE('',*,*,#3302,.F.);
#2947=ORIENTED_EDGE('',*,*,#4246,.F.);
#2948=ORIENTED_EDGE('',*,*,#4257,.F.);
#2949=ORIENTED_EDGE('',*,*,#4249,.F.);
#2950=ORIENTED_EDGE('',*,*,#4255,.F.);
#2951=ORIENTED_EDGE('',*,*,#4253,.T.);
#2952=ORIENTED_EDGE('',*,*,#3306,.F.);
#2953=ORIENTED_EDGE('',*,*,#4204,.F.);
#2954=ORIENTED_EDGE('',*,*,#4215,.F.);
#2955=ORIENTED_EDGE('',*,*,#4207,.F.);
#2956=ORIENTED_EDGE('',*,*,#4213,.F.);
#2957=ORIENTED_EDGE('',*,*,#4211,.T.);
#2958=ORIENTED_EDGE('',*,*,#3318,.F.);
#2959=ORIENTED_EDGE('',*,*,#4190,.F.);
#2960=ORIENTED_EDGE('',*,*,#4201,.F.);
#2961=ORIENTED_EDGE('',*,*,#4193,.F.);
#2962=ORIENTED_EDGE('',*,*,#4199,.F.);
#2963=ORIENTED_EDGE('',*,*,#4197,.T.);
#2964=ORIENTED_EDGE('',*,*,#3322,.F.);
#2965=ORIENTED_EDGE('',*,*,#4218,.F.);
#2966=ORIENTED_EDGE('',*,*,#4229,.F.);
#2967=ORIENTED_EDGE('',*,*,#4221,.F.);
#2968=ORIENTED_EDGE('',*,*,#4227,.F.);
#2969=ORIENTED_EDGE('',*,*,#4225,.T.);
#2970=ORIENTED_EDGE('',*,*,#3314,.F.);
#2971=ORIENTED_EDGE('',*,*,#4232,.F.);
#2972=ORIENTED_EDGE('',*,*,#4243,.F.);
#2973=ORIENTED_EDGE('',*,*,#4235,.F.);
#2974=ORIENTED_EDGE('',*,*,#4241,.F.);
#2975=ORIENTED_EDGE('',*,*,#4239,.T.);
#2976=ORIENTED_EDGE('',*,*,#3310,.F.);
#2977=ORIENTED_EDGE('',*,*,#4176,.F.);
#2978=ORIENTED_EDGE('',*,*,#4187,.F.);
#2979=ORIENTED_EDGE('',*,*,#4179,.F.);
#2980=ORIENTED_EDGE('',*,*,#4185,.F.);
#2981=ORIENTED_EDGE('',*,*,#4183,.T.);
#2982=ORIENTED_EDGE('',*,*,#3326,.F.);
#2983=ORIENTED_EDGE('',*,*,#4162,.F.);
#2984=ORIENTED_EDGE('',*,*,#4173,.F.);
#2985=ORIENTED_EDGE('',*,*,#4165,.F.);
#2986=ORIENTED_EDGE('',*,*,#4171,.F.);
#2987=ORIENTED_EDGE('',*,*,#4169,.T.);
#2988=ORIENTED_EDGE('',*,*,#3330,.F.);
#2989=ORIENTED_EDGE('',*,*,#4148,.F.);
#2990=ORIENTED_EDGE('',*,*,#4159,.F.);
#2991=ORIENTED_EDGE('',*,*,#4151,.F.);
#2992=ORIENTED_EDGE('',*,*,#4157,.F.);
#2993=ORIENTED_EDGE('',*,*,#4155,.T.);
#2994=ORIENTED_EDGE('',*,*,#3334,.F.);
#2995=ORIENTED_EDGE('',*,*,#4134,.F.);
#2996=ORIENTED_EDGE('',*,*,#4145,.F.);
#2997=ORIENTED_EDGE('',*,*,#4137,.F.);
#2998=ORIENTED_EDGE('',*,*,#4143,.F.);
#2999=ORIENTED_EDGE('',*,*,#4141,.T.);
#3000=ORIENTED_EDGE('',*,*,#3338,.F.);
#3001=ORIENTED_EDGE('',*,*,#3518,.F.);
#3002=ORIENTED_EDGE('',*,*,#3529,.F.);
#3003=ORIENTED_EDGE('',*,*,#3521,.F.);
#3004=ORIENTED_EDGE('',*,*,#3527,.F.);
#3005=ORIENTED_EDGE('',*,*,#3525,.T.);
#3006=ORIENTED_EDGE('',*,*,#3514,.F.);
#3007=ORIENTED_EDGE('',*,*,#3532,.F.);
#3008=ORIENTED_EDGE('',*,*,#3543,.F.);
#3009=ORIENTED_EDGE('',*,*,#3535,.F.);
#3010=ORIENTED_EDGE('',*,*,#3541,.F.);
#3011=ORIENTED_EDGE('',*,*,#3539,.T.);
#3012=ORIENTED_EDGE('',*,*,#3510,.F.);
#3013=ORIENTED_EDGE('',*,*,#3546,.F.);
#3014=ORIENTED_EDGE('',*,*,#3557,.F.);
#3015=ORIENTED_EDGE('',*,*,#3549,.F.);
#3016=ORIENTED_EDGE('',*,*,#3555,.F.);
#3017=ORIENTED_EDGE('',*,*,#3553,.T.);
#3018=ORIENTED_EDGE('',*,*,#3506,.F.);
#3019=ORIENTED_EDGE('',*,*,#3560,.F.);
#3020=ORIENTED_EDGE('',*,*,#3571,.F.);
#3021=ORIENTED_EDGE('',*,*,#3563,.F.);
#3022=ORIENTED_EDGE('',*,*,#3569,.F.);
#3023=ORIENTED_EDGE('',*,*,#3567,.T.);
#3024=ORIENTED_EDGE('',*,*,#3502,.F.);
#3025=ORIENTED_EDGE('',*,*,#3672,.F.);
#3026=ORIENTED_EDGE('',*,*,#3683,.F.);
#3027=ORIENTED_EDGE('',*,*,#3675,.F.);
#3028=ORIENTED_EDGE('',*,*,#3681,.F.);
#3029=ORIENTED_EDGE('',*,*,#3679,.T.);
#3030=ORIENTED_EDGE('',*,*,#3470,.F.);
#3031=ORIENTED_EDGE('',*,*,#3658,.F.);
#3032=ORIENTED_EDGE('',*,*,#3669,.F.);
#3033=ORIENTED_EDGE('',*,*,#3661,.F.);
#3034=ORIENTED_EDGE('',*,*,#3667,.F.);
#3035=ORIENTED_EDGE('',*,*,#3665,.T.);
#3036=ORIENTED_EDGE('',*,*,#3474,.F.);
#3037=ORIENTED_EDGE('',*,*,#3630,.F.);
#3038=ORIENTED_EDGE('',*,*,#3641,.F.);
#3039=ORIENTED_EDGE('',*,*,#3633,.F.);
#3040=ORIENTED_EDGE('',*,*,#3639,.F.);
#3041=ORIENTED_EDGE('',*,*,#3637,.T.);
#3042=ORIENTED_EDGE('',*,*,#3482,.F.);
#3043=ORIENTED_EDGE('',*,*,#3644,.F.);
#3044=ORIENTED_EDGE('',*,*,#3655,.F.);
#3045=ORIENTED_EDGE('',*,*,#3647,.F.);
#3046=ORIENTED_EDGE('',*,*,#3653,.F.);
#3047=ORIENTED_EDGE('',*,*,#3651,.T.);
#3048=ORIENTED_EDGE('',*,*,#3478,.F.);
#3049=ORIENTED_EDGE('',*,*,#3602,.F.);
#3050=ORIENTED_EDGE('',*,*,#3613,.F.);
#3051=ORIENTED_EDGE('',*,*,#3605,.F.);
#3052=ORIENTED_EDGE('',*,*,#3611,.F.);
#3053=ORIENTED_EDGE('',*,*,#3609,.T.);
#3054=ORIENTED_EDGE('',*,*,#3490,.F.);
#3055=ORIENTED_EDGE('',*,*,#3616,.F.);
#3056=ORIENTED_EDGE('',*,*,#3627,.F.);
#3057=ORIENTED_EDGE('',*,*,#3619,.F.);
#3058=ORIENTED_EDGE('',*,*,#3625,.F.);
#3059=ORIENTED_EDGE('',*,*,#3623,.T.);
#3060=ORIENTED_EDGE('',*,*,#3486,.F.);
#3061=ORIENTED_EDGE('',*,*,#3588,.F.);
#3062=ORIENTED_EDGE('',*,*,#3599,.F.);
#3063=ORIENTED_EDGE('',*,*,#3591,.F.);
#3064=ORIENTED_EDGE('',*,*,#3597,.F.);
#3065=ORIENTED_EDGE('',*,*,#3595,.T.);
#3066=ORIENTED_EDGE('',*,*,#3494,.F.);
#3067=ORIENTED_EDGE('',*,*,#3574,.F.);
#3068=ORIENTED_EDGE('',*,*,#3585,.F.);
#3069=ORIENTED_EDGE('',*,*,#3577,.F.);
#3070=ORIENTED_EDGE('',*,*,#3583,.F.);
#3071=ORIENTED_EDGE('',*,*,#3581,.T.);
#3072=ORIENTED_EDGE('',*,*,#3498,.F.);
#3073=ORIENTED_EDGE('',*,*,#3686,.F.);
#3074=ORIENTED_EDGE('',*,*,#3697,.F.);
#3075=ORIENTED_EDGE('',*,*,#3689,.F.);
#3076=ORIENTED_EDGE('',*,*,#3695,.F.);
#3077=ORIENTED_EDGE('',*,*,#3693,.T.);
#3078=ORIENTED_EDGE('',*,*,#3466,.F.);
#3079=ORIENTED_EDGE('',*,*,#3700,.F.);
#3080=ORIENTED_EDGE('',*,*,#3711,.F.);
#3081=ORIENTED_EDGE('',*,*,#3703,.F.);
#3082=ORIENTED_EDGE('',*,*,#3709,.F.);
#3083=ORIENTED_EDGE('',*,*,#3707,.T.);
#3084=ORIENTED_EDGE('',*,*,#3462,.F.);
#3085=ORIENTED_EDGE('',*,*,#3714,.F.);
#3086=ORIENTED_EDGE('',*,*,#3725,.F.);
#3087=ORIENTED_EDGE('',*,*,#3717,.F.);
#3088=ORIENTED_EDGE('',*,*,#3723,.F.);
#3089=ORIENTED_EDGE('',*,*,#3721,.T.);
#3090=ORIENTED_EDGE('',*,*,#3458,.F.);
#3091=ORIENTED_EDGE('',*,*,#3728,.F.);
#3092=ORIENTED_EDGE('',*,*,#3739,.F.);
#3093=ORIENTED_EDGE('',*,*,#3731,.F.);
#3094=ORIENTED_EDGE('',*,*,#3737,.F.);
#3095=ORIENTED_EDGE('',*,*,#3735,.T.);
#3096=ORIENTED_EDGE('',*,*,#3454,.F.);
#3097=ORIENTED_EDGE('',*,*,#3742,.F.);
#3098=ORIENTED_EDGE('',*,*,#3753,.F.);
#3099=ORIENTED_EDGE('',*,*,#3745,.F.);
#3100=ORIENTED_EDGE('',*,*,#3751,.F.);
#3101=ORIENTED_EDGE('',*,*,#3749,.T.);
#3102=ORIENTED_EDGE('',*,*,#3450,.F.);
#3103=ORIENTED_EDGE('',*,*,#3756,.F.);
#3104=ORIENTED_EDGE('',*,*,#3767,.F.);
#3105=ORIENTED_EDGE('',*,*,#3759,.F.);
#3106=ORIENTED_EDGE('',*,*,#3765,.F.);
#3107=ORIENTED_EDGE('',*,*,#3763,.T.);
#3108=ORIENTED_EDGE('',*,*,#3446,.F.);
#3109=ORIENTED_EDGE('',*,*,#3770,.F.);
#3110=ORIENTED_EDGE('',*,*,#3781,.F.);
#3111=ORIENTED_EDGE('',*,*,#3773,.F.);
#3112=ORIENTED_EDGE('',*,*,#3779,.F.);
#3113=ORIENTED_EDGE('',*,*,#3777,.T.);
#3114=ORIENTED_EDGE('',*,*,#3442,.F.);
#3115=ORIENTED_EDGE('',*,*,#3784,.F.);
#3116=ORIENTED_EDGE('',*,*,#3795,.F.);
#3117=ORIENTED_EDGE('',*,*,#3787,.F.);
#3118=ORIENTED_EDGE('',*,*,#3793,.F.);
#3119=ORIENTED_EDGE('',*,*,#3791,.T.);
#3120=ORIENTED_EDGE('',*,*,#3438,.F.);
#3121=ORIENTED_EDGE('',*,*,#3854,.F.);
#3122=ORIENTED_EDGE('',*,*,#3865,.F.);
#3123=ORIENTED_EDGE('',*,*,#3857,.F.);
#3124=ORIENTED_EDGE('',*,*,#3863,.F.);
#3125=ORIENTED_EDGE('',*,*,#3861,.T.);
#3126=ORIENTED_EDGE('',*,*,#3418,.F.);
#3127=ORIENTED_EDGE('',*,*,#3868,.F.);
#3128=ORIENTED_EDGE('',*,*,#3879,.F.);
#3129=ORIENTED_EDGE('',*,*,#3871,.F.);
#3130=ORIENTED_EDGE('',*,*,#3877,.F.);
#3131=ORIENTED_EDGE('',*,*,#3875,.T.);
#3132=ORIENTED_EDGE('',*,*,#3414,.F.);
#3133=ORIENTED_EDGE('',*,*,#3896,.F.);
#3134=ORIENTED_EDGE('',*,*,#3907,.F.);
#3135=ORIENTED_EDGE('',*,*,#3899,.F.);
#3136=ORIENTED_EDGE('',*,*,#3905,.F.);
#3137=ORIENTED_EDGE('',*,*,#3903,.T.);
#3138=ORIENTED_EDGE('',*,*,#3406,.F.);
#3139=ORIENTED_EDGE('',*,*,#3882,.F.);
#3140=ORIENTED_EDGE('',*,*,#3893,.F.);
#3141=ORIENTED_EDGE('',*,*,#3885,.F.);
#3142=ORIENTED_EDGE('',*,*,#3891,.F.);
#3143=ORIENTED_EDGE('',*,*,#3889,.T.);
#3144=ORIENTED_EDGE('',*,*,#3410,.F.);
#3145=ORIENTED_EDGE('',*,*,#3840,.F.);
#3146=ORIENTED_EDGE('',*,*,#3851,.F.);
#3147=ORIENTED_EDGE('',*,*,#3843,.F.);
#3148=ORIENTED_EDGE('',*,*,#3849,.F.);
#3149=ORIENTED_EDGE('',*,*,#3847,.T.);
#3150=ORIENTED_EDGE('',*,*,#3422,.F.);
#3151=ORIENTED_EDGE('',*,*,#3826,.F.);
#3152=ORIENTED_EDGE('',*,*,#3837,.F.);
#3153=ORIENTED_EDGE('',*,*,#3829,.F.);
#3154=ORIENTED_EDGE('',*,*,#3835,.F.);
#3155=ORIENTED_EDGE('',*,*,#3833,.T.);
#3156=ORIENTED_EDGE('',*,*,#3426,.F.);
#3157=ORIENTED_EDGE('',*,*,#3812,.F.);
#3158=ORIENTED_EDGE('',*,*,#3823,.F.);
#3159=ORIENTED_EDGE('',*,*,#3815,.F.);
#3160=ORIENTED_EDGE('',*,*,#3821,.F.);
#3161=ORIENTED_EDGE('',*,*,#3819,.T.);
#3162=ORIENTED_EDGE('',*,*,#3430,.F.);
#3163=ORIENTED_EDGE('',*,*,#3798,.F.);
#3164=ORIENTED_EDGE('',*,*,#3809,.F.);
#3165=ORIENTED_EDGE('',*,*,#3801,.F.);
#3166=ORIENTED_EDGE('',*,*,#3807,.F.);
#3167=ORIENTED_EDGE('',*,*,#3805,.T.);
#3168=ORIENTED_EDGE('',*,*,#3434,.F.);
#3169=ORIENTED_EDGE('',*,*,#3910,.F.);
#3170=ORIENTED_EDGE('',*,*,#3921,.F.);
#3171=ORIENTED_EDGE('',*,*,#3913,.F.);
#3172=ORIENTED_EDGE('',*,*,#3919,.F.);
#3173=ORIENTED_EDGE('',*,*,#3917,.T.);
#3174=ORIENTED_EDGE('',*,*,#3402,.F.);
#3175=ORIENTED_EDGE('',*,*,#3924,.F.);
#3176=ORIENTED_EDGE('',*,*,#3935,.F.);
#3177=ORIENTED_EDGE('',*,*,#3927,.F.);
#3178=ORIENTED_EDGE('',*,*,#3933,.F.);
#3179=ORIENTED_EDGE('',*,*,#3931,.T.);
#3180=ORIENTED_EDGE('',*,*,#3398,.F.);
#3181=ORIENTED_EDGE('',*,*,#3938,.F.);
#3182=ORIENTED_EDGE('',*,*,#3949,.F.);
#3183=ORIENTED_EDGE('',*,*,#3941,.F.);
#3184=ORIENTED_EDGE('',*,*,#3947,.F.);
#3185=ORIENTED_EDGE('',*,*,#3945,.T.);
#3186=ORIENTED_EDGE('',*,*,#3394,.F.);
#3187=ORIENTED_EDGE('',*,*,#3952,.F.);
#3188=ORIENTED_EDGE('',*,*,#3963,.F.);
#3189=ORIENTED_EDGE('',*,*,#3955,.F.);
#3190=ORIENTED_EDGE('',*,*,#3961,.F.);
#3191=ORIENTED_EDGE('',*,*,#3959,.T.);
#3192=ORIENTED_EDGE('',*,*,#3390,.F.);
#3193=ORIENTED_EDGE('',*,*,#3966,.F.);
#3194=ORIENTED_EDGE('',*,*,#3977,.F.);
#3195=ORIENTED_EDGE('',*,*,#3969,.F.);
#3196=ORIENTED_EDGE('',*,*,#3975,.F.);
#3197=ORIENTED_EDGE('',*,*,#3973,.T.);
#3198=ORIENTED_EDGE('',*,*,#3386,.F.);
#3199=ORIENTED_EDGE('',*,*,#3980,.F.);
#3200=ORIENTED_EDGE('',*,*,#3991,.F.);
#3201=ORIENTED_EDGE('',*,*,#3983,.F.);
#3202=ORIENTED_EDGE('',*,*,#3989,.F.);
#3203=ORIENTED_EDGE('',*,*,#3987,.T.);
#3204=ORIENTED_EDGE('',*,*,#3382,.F.);
#3205=ORIENTED_EDGE('',*,*,#3994,.F.);
#3206=ORIENTED_EDGE('',*,*,#4005,.F.);
#3207=ORIENTED_EDGE('',*,*,#3997,.F.);
#3208=ORIENTED_EDGE('',*,*,#4003,.F.);
#3209=ORIENTED_EDGE('',*,*,#4001,.T.);
#3210=ORIENTED_EDGE('',*,*,#3378,.F.);
#3211=ORIENTED_EDGE('',*,*,#4008,.F.);
#3212=ORIENTED_EDGE('',*,*,#4019,.F.);
#3213=ORIENTED_EDGE('',*,*,#4011,.F.);
#3214=ORIENTED_EDGE('',*,*,#4017,.F.);
#3215=ORIENTED_EDGE('',*,*,#4015,.T.);
#3216=ORIENTED_EDGE('',*,*,#3374,.F.);
#3217=ORIENTED_EDGE('',*,*,#4050,.F.);
#3218=ORIENTED_EDGE('',*,*,#4061,.F.);
#3219=ORIENTED_EDGE('',*,*,#4053,.F.);
#3220=ORIENTED_EDGE('',*,*,#4059,.F.);
#3221=ORIENTED_EDGE('',*,*,#4057,.T.);
#3222=ORIENTED_EDGE('',*,*,#3362,.F.);
#3223=ORIENTED_EDGE('',*,*,#4064,.F.);
#3224=ORIENTED_EDGE('',*,*,#4075,.F.);
#3225=ORIENTED_EDGE('',*,*,#4067,.F.);
#3226=ORIENTED_EDGE('',*,*,#4073,.F.);
#3227=ORIENTED_EDGE('',*,*,#4071,.T.);
#3228=ORIENTED_EDGE('',*,*,#3358,.F.);
#3229=ORIENTED_EDGE('',*,*,#4022,.F.);
#3230=ORIENTED_EDGE('',*,*,#4033,.F.);
#3231=ORIENTED_EDGE('',*,*,#4025,.F.);
#3232=ORIENTED_EDGE('',*,*,#4031,.F.);
#3233=ORIENTED_EDGE('',*,*,#4029,.T.);
#3234=ORIENTED_EDGE('',*,*,#3370,.F.);
#3235=ORIENTED_EDGE('',*,*,#4036,.F.);
#3236=ORIENTED_EDGE('',*,*,#4047,.F.);
#3237=ORIENTED_EDGE('',*,*,#4039,.F.);
#3238=ORIENTED_EDGE('',*,*,#4045,.F.);
#3239=ORIENTED_EDGE('',*,*,#4043,.T.);
#3240=ORIENTED_EDGE('',*,*,#3366,.F.);
#3241=ORIENTED_EDGE('',*,*,#4078,.F.);
#3242=ORIENTED_EDGE('',*,*,#4089,.F.);
#3243=ORIENTED_EDGE('',*,*,#4081,.F.);
#3244=ORIENTED_EDGE('',*,*,#4087,.F.);
#3245=ORIENTED_EDGE('',*,*,#4085,.T.);
#3246=ORIENTED_EDGE('',*,*,#3354,.F.);
#3247=ORIENTED_EDGE('',*,*,#4092,.F.);
#3248=ORIENTED_EDGE('',*,*,#4103,.F.);
#3249=ORIENTED_EDGE('',*,*,#4095,.F.);
#3250=ORIENTED_EDGE('',*,*,#4101,.F.);
#3251=ORIENTED_EDGE('',*,*,#4099,.T.);
#3252=ORIENTED_EDGE('',*,*,#3350,.F.);
#3253=ORIENTED_EDGE('',*,*,#4106,.F.);
#3254=ORIENTED_EDGE('',*,*,#4117,.F.);
#3255=ORIENTED_EDGE('',*,*,#4109,.F.);
#3256=ORIENTED_EDGE('',*,*,#4115,.F.);
#3257=ORIENTED_EDGE('',*,*,#4113,.T.);
#3258=ORIENTED_EDGE('',*,*,#3346,.F.);
#3259=ORIENTED_EDGE('',*,*,#4120,.F.);
#3260=ORIENTED_EDGE('',*,*,#4131,.F.);
#3261=ORIENTED_EDGE('',*,*,#4123,.F.);
#3262=ORIENTED_EDGE('',*,*,#4129,.F.);
#3263=ORIENTED_EDGE('',*,*,#4127,.T.);
#3264=ORIENTED_EDGE('',*,*,#3342,.F.);
#3265=ORIENTED_EDGE('',*,*,#4344,.F.);
#3266=ORIENTED_EDGE('',*,*,#4355,.F.);
#3267=ORIENTED_EDGE('',*,*,#4347,.F.);
#3268=ORIENTED_EDGE('',*,*,#4363,.F.);
#3269=ORIENTED_EDGE('',*,*,#4364,.T.);
#3270=ORIENTED_EDGE('',*,*,#4362,.T.);
#3271=ORIENTED_EDGE('',*,*,#4364,.F.);
#3272=ORIENTED_EDGE('',*,*,#4363,.T.);
#3273=ORIENTED_EDGE('',*,*,#4357,.T.);
#3274=ORIENTED_EDGE('',*,*,#4356,.F.);
#3275=ORIENTED_EDGE('',*,*,#4358,.F.);
#3276=EDGE_CURVE('',#4365,#4366,#5094,.T.);
#3277=EDGE_CURVE('',#4365,#4367,#378,.T.);
#3278=EDGE_CURVE('',#4367,#4368,#5095,.T.);
#3279=EDGE_CURVE('',#4366,#4368,#379,.T.);
#3280=EDGE_CURVE('',#4369,#4370,#5096,.T.);
#3281=EDGE_CURVE('',#4369,#4371,#380,.T.);
#3282=EDGE_CURVE('',#4371,#4372,#5097,.T.);
#3283=EDGE_CURVE('',#4370,#4372,#381,.T.);
#3284=EDGE_CURVE('',#4373,#4374,#5098,.T.);
#3285=EDGE_CURVE('',#4373,#4375,#382,.T.);
#3286=EDGE_CURVE('',#4375,#4376,#5099,.T.);
#3287=EDGE_CURVE('',#4374,#4376,#383,.T.);
#3288=EDGE_CURVE('',#4377,#4378,#5100,.T.);
#3289=EDGE_CURVE('',#4377,#4379,#384,.T.);
#3290=EDGE_CURVE('',#4379,#4380,#5101,.T.);
#3291=EDGE_CURVE('',#4378,#4380,#385,.T.);
#3292=EDGE_CURVE('',#4381,#4382,#5102,.T.);
#3293=EDGE_CURVE('',#4381,#4383,#386,.T.);
#3294=EDGE_CURVE('',#4383,#4384,#5103,.T.);
#3295=EDGE_CURVE('',#4382,#4384,#387,.T.);
#3296=EDGE_CURVE('',#4385,#4386,#5104,.T.);
#3297=EDGE_CURVE('',#4385,#4387,#388,.T.);
#3298=EDGE_CURVE('',#4387,#4388,#5105,.T.);
#3299=EDGE_CURVE('',#4386,#4388,#389,.T.);
#3300=EDGE_CURVE('',#4389,#4390,#5106,.T.);
#3301=EDGE_CURVE('',#4389,#4391,#390,.T.);
#3302=EDGE_CURVE('',#4391,#4392,#5107,.T.);
#3303=EDGE_CURVE('',#4390,#4392,#391,.T.);
#3304=EDGE_CURVE('',#4393,#4394,#5108,.T.);
#3305=EDGE_CURVE('',#4393,#4395,#392,.T.);
#3306=EDGE_CURVE('',#4395,#4396,#5109,.T.);
#3307=EDGE_CURVE('',#4394,#4396,#393,.T.);
#3308=EDGE_CURVE('',#4397,#4398,#5110,.T.);
#3309=EDGE_CURVE('',#4397,#4399,#394,.T.);
#3310=EDGE_CURVE('',#4399,#4400,#5111,.T.);
#3311=EDGE_CURVE('',#4398,#4400,#395,.T.);
#3312=EDGE_CURVE('',#4401,#4402,#5112,.T.);
#3313=EDGE_CURVE('',#4401,#4403,#396,.T.);
#3314=EDGE_CURVE('',#4403,#4404,#5113,.T.);
#3315=EDGE_CURVE('',#4402,#4404,#397,.T.);
#3316=EDGE_CURVE('',#4405,#4406,#5114,.T.);
#3317=EDGE_CURVE('',#4405,#4407,#398,.T.);
#3318=EDGE_CURVE('',#4407,#4408,#5115,.T.);
#3319=EDGE_CURVE('',#4406,#4408,#399,.T.);
#3320=EDGE_CURVE('',#4409,#4410,#5116,.T.);
#3321=EDGE_CURVE('',#4409,#4411,#400,.T.);
#3322=EDGE_CURVE('',#4411,#4412,#5117,.T.);
#3323=EDGE_CURVE('',#4410,#4412,#401,.T.);
#3324=EDGE_CURVE('',#4413,#4414,#5118,.T.);
#3325=EDGE_CURVE('',#4413,#4415,#402,.T.);
#3326=EDGE_CURVE('',#4415,#4416,#5119,.T.);
#3327=EDGE_CURVE('',#4414,#4416,#403,.T.);
#3328=EDGE_CURVE('',#4417,#4418,#5120,.T.);
#3329=EDGE_CURVE('',#4417,#4419,#404,.T.);
#3330=EDGE_CURVE('',#4419,#4420,#5121,.T.);
#3331=EDGE_CURVE('',#4418,#4420,#405,.T.);
#3332=EDGE_CURVE('',#4421,#4422,#5122,.T.);
#3333=EDGE_CURVE('',#4421,#4423,#406,.T.);
#3334=EDGE_CURVE('',#4423,#4424,#5123,.T.);
#3335=EDGE_CURVE('',#4422,#4424,#407,.T.);
#3336=EDGE_CURVE('',#4425,#4426,#5124,.T.);
#3337=EDGE_CURVE('',#4425,#4427,#408,.T.);
#3338=EDGE_CURVE('',#4427,#4428,#5125,.T.);
#3339=EDGE_CURVE('',#4426,#4428,#409,.T.);
#3340=EDGE_CURVE('',#4429,#4430,#5126,.T.);
#3341=EDGE_CURVE('',#4429,#4431,#410,.T.);
#3342=EDGE_CURVE('',#4431,#4432,#5127,.T.);
#3343=EDGE_CURVE('',#4430,#4432,#411,.T.);
#3344=EDGE_CURVE('',#4433,#4434,#5128,.T.);
#3345=EDGE_CURVE('',#4433,#4435,#412,.T.);
#3346=EDGE_CURVE('',#4435,#4436,#5129,.T.);
#3347=EDGE_CURVE('',#4434,#4436,#413,.T.);
#3348=EDGE_CURVE('',#4437,#4438,#5130,.T.);
#3349=EDGE_CURVE('',#4437,#4439,#414,.T.);
#3350=EDGE_CURVE('',#4439,#4440,#5131,.T.);
#3351=EDGE_CURVE('',#4438,#4440,#415,.T.);
#3352=EDGE_CURVE('',#4441,#4442,#5132,.T.);
#3353=EDGE_CURVE('',#4441,#4443,#416,.T.);
#3354=EDGE_CURVE('',#4443,#4444,#5133,.T.);
#3355=EDGE_CURVE('',#4442,#4444,#417,.T.);
#3356=EDGE_CURVE('',#4445,#4446,#5134,.T.);
#3357=EDGE_CURVE('',#4445,#4447,#418,.T.);
#3358=EDGE_CURVE('',#4447,#4448,#5135,.T.);
#3359=EDGE_CURVE('',#4446,#4448,#419,.T.);
#3360=EDGE_CURVE('',#4449,#4450,#5136,.T.);
#3361=EDGE_CURVE('',#4449,#4451,#420,.T.);
#3362=EDGE_CURVE('',#4451,#4452,#5137,.T.);
#3363=EDGE_CURVE('',#4450,#4452,#421,.T.);
#3364=EDGE_CURVE('',#4453,#4454,#5138,.T.);
#3365=EDGE_CURVE('',#4453,#4455,#422,.T.);
#3366=EDGE_CURVE('',#4455,#4456,#5139,.T.);
#3367=EDGE_CURVE('',#4454,#4456,#423,.T.);
#3368=EDGE_CURVE('',#4457,#4458,#5140,.T.);
#3369=EDGE_CURVE('',#4457,#4459,#424,.T.);
#3370=EDGE_CURVE('',#4459,#4460,#5141,.T.);
#3371=EDGE_CURVE('',#4458,#4460,#425,.T.);
#3372=EDGE_CURVE('',#4461,#4462,#5142,.T.);
#3373=EDGE_CURVE('',#4461,#4463,#426,.T.);
#3374=EDGE_CURVE('',#4463,#4464,#5143,.T.);
#3375=EDGE_CURVE('',#4462,#4464,#427,.T.);
#3376=EDGE_CURVE('',#4465,#4466,#5144,.T.);
#3377=EDGE_CURVE('',#4465,#4467,#428,.T.);
#3378=EDGE_CURVE('',#4467,#4468,#5145,.T.);
#3379=EDGE_CURVE('',#4466,#4468,#429,.T.);
#3380=EDGE_CURVE('',#4469,#4470,#5146,.T.);
#3381=EDGE_CURVE('',#4469,#4471,#430,.T.);
#3382=EDGE_CURVE('',#4471,#4472,#5147,.T.);
#3383=EDGE_CURVE('',#4470,#4472,#431,.T.);
#3384=EDGE_CURVE('',#4473,#4474,#5148,.T.);
#3385=EDGE_CURVE('',#4473,#4475,#432,.T.);
#3386=EDGE_CURVE('',#4475,#4476,#5149,.T.);
#3387=EDGE_CURVE('',#4474,#4476,#433,.T.);
#3388=EDGE_CURVE('',#4477,#4478,#5150,.T.);
#3389=EDGE_CURVE('',#4477,#4479,#434,.T.);
#3390=EDGE_CURVE('',#4479,#4480,#5151,.T.);
#3391=EDGE_CURVE('',#4478,#4480,#435,.T.);
#3392=EDGE_CURVE('',#4481,#4482,#5152,.T.);
#3393=EDGE_CURVE('',#4481,#4483,#436,.T.);
#3394=EDGE_CURVE('',#4483,#4484,#5153,.T.);
#3395=EDGE_CURVE('',#4482,#4484,#437,.T.);
#3396=EDGE_CURVE('',#4485,#4486,#5154,.T.);
#3397=EDGE_CURVE('',#4485,#4487,#438,.T.);
#3398=EDGE_CURVE('',#4487,#4488,#5155,.T.);
#3399=EDGE_CURVE('',#4486,#4488,#439,.T.);
#3400=EDGE_CURVE('',#4489,#4490,#5156,.T.);
#3401=EDGE_CURVE('',#4489,#4491,#440,.T.);
#3402=EDGE_CURVE('',#4491,#4492,#5157,.T.);
#3403=EDGE_CURVE('',#4490,#4492,#441,.T.);
#3404=EDGE_CURVE('',#4493,#4494,#5158,.T.);
#3405=EDGE_CURVE('',#4493,#4495,#442,.T.);
#3406=EDGE_CURVE('',#4495,#4496,#5159,.T.);
#3407=EDGE_CURVE('',#4494,#4496,#443,.T.);
#3408=EDGE_CURVE('',#4497,#4498,#5160,.T.);
#3409=EDGE_CURVE('',#4497,#4499,#444,.T.);
#3410=EDGE_CURVE('',#4499,#4500,#5161,.T.);
#3411=EDGE_CURVE('',#4498,#4500,#445,.T.);
#3412=EDGE_CURVE('',#4501,#4502,#5162,.T.);
#3413=EDGE_CURVE('',#4501,#4503,#446,.T.);
#3414=EDGE_CURVE('',#4503,#4504,#5163,.T.);
#3415=EDGE_CURVE('',#4502,#4504,#447,.T.);
#3416=EDGE_CURVE('',#4505,#4506,#5164,.T.);
#3417=EDGE_CURVE('',#4505,#4507,#448,.T.);
#3418=EDGE_CURVE('',#4507,#4508,#5165,.T.);
#3419=EDGE_CURVE('',#4506,#4508,#449,.T.);
#3420=EDGE_CURVE('',#4509,#4510,#5166,.T.);
#3421=EDGE_CURVE('',#4509,#4511,#450,.T.);
#3422=EDGE_CURVE('',#4511,#4512,#5167,.T.);
#3423=EDGE_CURVE('',#4510,#4512,#451,.T.);
#3424=EDGE_CURVE('',#4513,#4514,#5168,.T.);
#3425=EDGE_CURVE('',#4513,#4515,#452,.T.);
#3426=EDGE_CURVE('',#4515,#4516,#5169,.T.);
#3427=EDGE_CURVE('',#4514,#4516,#453,.T.);
#3428=EDGE_CURVE('',#4517,#4518,#5170,.T.);
#3429=EDGE_CURVE('',#4517,#4519,#454,.T.);
#3430=EDGE_CURVE('',#4519,#4520,#5171,.T.);
#3431=EDGE_CURVE('',#4518,#4520,#455,.T.);
#3432=EDGE_CURVE('',#4521,#4522,#5172,.T.);
#3433=EDGE_CURVE('',#4521,#4523,#456,.T.);
#3434=EDGE_CURVE('',#4523,#4524,#5173,.T.);
#3435=EDGE_CURVE('',#4522,#4524,#457,.T.);
#3436=EDGE_CURVE('',#4525,#4526,#5174,.T.);
#3437=EDGE_CURVE('',#4525,#4527,#458,.T.);
#3438=EDGE_CURVE('',#4527,#4528,#5175,.T.);
#3439=EDGE_CURVE('',#4526,#4528,#459,.T.);
#3440=EDGE_CURVE('',#4529,#4530,#5176,.T.);
#3441=EDGE_CURVE('',#4529,#4531,#460,.T.);
#3442=EDGE_CURVE('',#4531,#4532,#5177,.T.);
#3443=EDGE_CURVE('',#4530,#4532,#461,.T.);
#3444=EDGE_CURVE('',#4533,#4534,#5178,.T.);
#3445=EDGE_CURVE('',#4533,#4535,#462,.T.);
#3446=EDGE_CURVE('',#4535,#4536,#5179,.T.);
#3447=EDGE_CURVE('',#4534,#4536,#463,.T.);
#3448=EDGE_CURVE('',#4537,#4538,#5180,.T.);
#3449=EDGE_CURVE('',#4537,#4539,#464,.T.);
#3450=EDGE_CURVE('',#4539,#4540,#5181,.T.);
#3451=EDGE_CURVE('',#4538,#4540,#465,.T.);
#3452=EDGE_CURVE('',#4541,#4542,#5182,.T.);
#3453=EDGE_CURVE('',#4541,#4543,#466,.T.);
#3454=EDGE_CURVE('',#4543,#4544,#5183,.T.);
#3455=EDGE_CURVE('',#4542,#4544,#467,.T.);
#3456=EDGE_CURVE('',#4545,#4546,#5184,.T.);
#3457=EDGE_CURVE('',#4545,#4547,#468,.T.);
#3458=EDGE_CURVE('',#4547,#4548,#5185,.T.);
#3459=EDGE_CURVE('',#4546,#4548,#469,.T.);
#3460=EDGE_CURVE('',#4549,#4550,#5186,.T.);
#3461=EDGE_CURVE('',#4549,#4551,#470,.T.);
#3462=EDGE_CURVE('',#4551,#4552,#5187,.T.);
#3463=EDGE_CURVE('',#4550,#4552,#471,.T.);
#3464=EDGE_CURVE('',#4553,#4554,#5188,.T.);
#3465=EDGE_CURVE('',#4553,#4555,#472,.T.);
#3466=EDGE_CURVE('',#4555,#4556,#5189,.T.);
#3467=EDGE_CURVE('',#4554,#4556,#473,.T.);
#3468=EDGE_CURVE('',#4557,#4558,#5190,.T.);
#3469=EDGE_CURVE('',#4557,#4559,#474,.T.);
#3470=EDGE_CURVE('',#4559,#4560,#5191,.T.);
#3471=EDGE_CURVE('',#4558,#4560,#475,.T.);
#3472=EDGE_CURVE('',#4561,#4562,#5192,.T.);
#3473=EDGE_CURVE('',#4561,#4563,#476,.T.);
#3474=EDGE_CURVE('',#4563,#4564,#5193,.T.);
#3475=EDGE_CURVE('',#4562,#4564,#477,.T.);
#3476=EDGE_CURVE('',#4565,#4566,#5194,.T.);
#3477=EDGE_CURVE('',#4565,#4567,#478,.T.);
#3478=EDGE_CURVE('',#4567,#4568,#5195,.T.);
#3479=EDGE_CURVE('',#4566,#4568,#479,.T.);
#3480=EDGE_CURVE('',#4569,#4570,#5196,.T.);
#3481=EDGE_CURVE('',#4569,#4571,#480,.T.);
#3482=EDGE_CURVE('',#4571,#4572,#5197,.T.);
#3483=EDGE_CURVE('',#4570,#4572,#481,.T.);
#3484=EDGE_CURVE('',#4573,#4574,#5198,.T.);
#3485=EDGE_CURVE('',#4573,#4575,#482,.T.);
#3486=EDGE_CURVE('',#4575,#4576,#5199,.T.);
#3487=EDGE_CURVE('',#4574,#4576,#483,.T.);
#3488=EDGE_CURVE('',#4577,#4578,#5200,.T.);
#3489=EDGE_CURVE('',#4577,#4579,#484,.T.);
#3490=EDGE_CURVE('',#4579,#4580,#5201,.T.);
#3491=EDGE_CURVE('',#4578,#4580,#485,.T.);
#3492=EDGE_CURVE('',#4581,#4582,#5202,.T.);
#3493=EDGE_CURVE('',#4581,#4583,#486,.T.);
#3494=EDGE_CURVE('',#4583,#4584,#5203,.T.);
#3495=EDGE_CURVE('',#4582,#4584,#487,.T.);
#3496=EDGE_CURVE('',#4585,#4586,#5204,.T.);
#3497=EDGE_CURVE('',#4585,#4587,#488,.T.);
#3498=EDGE_CURVE('',#4587,#4588,#5205,.T.);
#3499=EDGE_CURVE('',#4586,#4588,#489,.T.);
#3500=EDGE_CURVE('',#4589,#4590,#5206,.T.);
#3501=EDGE_CURVE('',#4589,#4591,#490,.T.);
#3502=EDGE_CURVE('',#4591,#4592,#5207,.T.);
#3503=EDGE_CURVE('',#4590,#4592,#491,.T.);
#3504=EDGE_CURVE('',#4593,#4594,#5208,.T.);
#3505=EDGE_CURVE('',#4593,#4595,#492,.T.);
#3506=EDGE_CURVE('',#4595,#4596,#5209,.T.);
#3507=EDGE_CURVE('',#4594,#4596,#493,.T.);
#3508=EDGE_CURVE('',#4597,#4598,#5210,.T.);
#3509=EDGE_CURVE('',#4597,#4599,#494,.T.);
#3510=EDGE_CURVE('',#4599,#4600,#5211,.T.);
#3511=EDGE_CURVE('',#4598,#4600,#495,.T.);
#3512=EDGE_CURVE('',#4601,#4602,#5212,.T.);
#3513=EDGE_CURVE('',#4601,#4603,#496,.T.);
#3514=EDGE_CURVE('',#4603,#4604,#5213,.T.);
#3515=EDGE_CURVE('',#4602,#4604,#497,.T.);
#3516=EDGE_CURVE('',#4605,#4425,#18,.T.);
#3517=EDGE_CURVE('',#4606,#4605,#498,.F.);
#3518=EDGE_CURVE('',#4606,#4427,#19,.T.);
#3519=EDGE_CURVE('',#4607,#4608,#5214,.T.);
#3520=EDGE_CURVE('',#4609,#4607,#499,.F.);
#3521=EDGE_CURVE('',#4609,#4610,#5215,.T.);
#3522=EDGE_CURVE('',#4608,#4610,#500,.T.);
#3523=EDGE_CURVE('',#4611,#4612,#501,.T.);
#3524=EDGE_CURVE('',#4611,#4602,#20,.T.);
#3525=EDGE_CURVE('',#4612,#4604,#21,.T.);
#3526=EDGE_CURVE('',#4611,#4607,#5216,.F.);
#3527=EDGE_CURVE('',#4612,#4609,#5217,.F.);
#3528=EDGE_CURVE('',#4608,#4605,#5218,.F.);
#3529=EDGE_CURVE('',#4610,#4606,#5219,.F.);
#3530=EDGE_CURVE('',#4613,#4601,#22,.T.);
#3531=EDGE_CURVE('',#4614,#4613,#502,.F.);
#3532=EDGE_CURVE('',#4614,#4603,#23,.T.);
#3533=EDGE_CURVE('',#4615,#4616,#5220,.T.);
#3534=EDGE_CURVE('',#4617,#4615,#503,.F.);
#3535=EDGE_CURVE('',#4617,#4618,#5221,.T.);
#3536=EDGE_CURVE('',#4616,#4618,#504,.T.);
#3537=EDGE_CURVE('',#4619,#4620,#505,.T.);
#3538=EDGE_CURVE('',#4619,#4598,#24,.T.);
#3539=EDGE_CURVE('',#4620,#4600,#25,.T.);
#3540=EDGE_CURVE('',#4619,#4615,#5222,.F.);
#3541=EDGE_CURVE('',#4620,#4617,#5223,.F.);
#3542=EDGE_CURVE('',#4616,#4613,#5224,.F.);
#3543=EDGE_CURVE('',#4618,#4614,#5225,.F.);
#3544=EDGE_CURVE('',#4621,#4597,#26,.T.);
#3545=EDGE_CURVE('',#4622,#4621,#506,.F.);
#3546=EDGE_CURVE('',#4622,#4599,#27,.T.);
#3547=EDGE_CURVE('',#4623,#4624,#5226,.T.);
#3548=EDGE_CURVE('',#4625,#4623,#507,.F.);
#3549=EDGE_CURVE('',#4625,#4626,#5227,.T.);
#3550=EDGE_CURVE('',#4624,#4626,#508,.T.);
#3551=EDGE_CURVE('',#4627,#4628,#509,.T.);
#3552=EDGE_CURVE('',#4627,#4594,#28,.T.);
#3553=EDGE_CURVE('',#4628,#4596,#29,.T.);
#3554=EDGE_CURVE('',#4627,#4623,#5228,.F.);
#3555=EDGE_CURVE('',#4628,#4625,#5229,.F.);
#3556=EDGE_CURVE('',#4624,#4621,#5230,.F.);
#3557=EDGE_CURVE('',#4626,#4622,#5231,.F.);
#3558=EDGE_CURVE('',#4629,#4593,#30,.T.);
#3559=EDGE_CURVE('',#4630,#4629,#510,.F.);
#3560=EDGE_CURVE('',#4630,#4595,#31,.T.);
#3561=EDGE_CURVE('',#4631,#4632,#5232,.T.);
#3562=EDGE_CURVE('',#4633,#4631,#511,.F.);
#3563=EDGE_CURVE('',#4633,#4634,#5233,.T.);
#3564=EDGE_CURVE('',#4632,#4634,#512,.T.);
#3565=EDGE_CURVE('',#4635,#4636,#513,.T.);
#3566=EDGE_CURVE('',#4635,#4590,#32,.T.);
#3567=EDGE_CURVE('',#4636,#4592,#33,.T.);
#3568=EDGE_CURVE('',#4635,#4631,#5234,.F.);
#3569=EDGE_CURVE('',#4636,#4633,#5235,.F.);
#3570=EDGE_CURVE('',#4632,#4629,#5236,.F.);
#3571=EDGE_CURVE('',#4634,#4630,#5237,.F.);
#3572=EDGE_CURVE('',#4637,#4581,#34,.T.);
#3573=EDGE_CURVE('',#4638,#4637,#514,.F.);
#3574=EDGE_CURVE('',#4638,#4583,#35,.T.);
#3575=EDGE_CURVE('',#4639,#4640,#5238,.T.);
#3576=EDGE_CURVE('',#4641,#4639,#515,.F.);
#3577=EDGE_CURVE('',#4641,#4642,#5239,.T.);
#3578=EDGE_CURVE('',#4640,#4642,#516,.T.);
#3579=EDGE_CURVE('',#4643,#4644,#517,.T.);
#3580=EDGE_CURVE('',#4643,#4586,#36,.T.);
#3581=EDGE_CURVE('',#4644,#4588,#37,.T.);
#3582=EDGE_CURVE('',#4643,#4639,#5240,.F.);
#3583=EDGE_CURVE('',#4644,#4641,#5241,.F.);
#3584=EDGE_CURVE('',#4640,#4637,#5242,.F.);
#3585=EDGE_CURVE('',#4642,#4638,#5243,.F.);
#3586=EDGE_CURVE('',#4645,#4573,#38,.T.);
#3587=EDGE_CURVE('',#4646,#4645,#518,.F.);
#3588=EDGE_CURVE('',#4646,#4575,#39,.T.);
#3589=EDGE_CURVE('',#4647,#4648,#5244,.T.);
#3590=EDGE_CURVE('',#4649,#4647,#519,.F.);
#3591=EDGE_CURVE('',#4649,#4650,#5245,.T.);
#3592=EDGE_CURVE('',#4648,#4650,#520,.T.);
#3593=EDGE_CURVE('',#4651,#4652,#521,.T.);
#3594=EDGE_CURVE('',#4651,#4582,#40,.T.);
#3595=EDGE_CURVE('',#4652,#4584,#41,.T.);
#3596=EDGE_CURVE('',#4651,#4647,#5246,.F.);
#3597=EDGE_CURVE('',#4652,#4649,#5247,.F.);
#3598=EDGE_CURVE('',#4648,#4645,#5248,.F.);
#3599=EDGE_CURVE('',#4650,#4646,#5249,.F.);
#3600=EDGE_CURVE('',#4653,#4565,#42,.T.);
#3601=EDGE_CURVE('',#4654,#4653,#522,.F.);
#3602=EDGE_CURVE('',#4654,#4567,#43,.T.);
#3603=EDGE_CURVE('',#4655,#4656,#5250,.T.);
#3604=EDGE_CURVE('',#4657,#4655,#523,.F.);
#3605=EDGE_CURVE('',#4657,#4658,#5251,.T.);
#3606=EDGE_CURVE('',#4656,#4658,#524,.T.);
#3607=EDGE_CURVE('',#4659,#4660,#525,.T.);
#3608=EDGE_CURVE('',#4659,#4578,#44,.T.);
#3609=EDGE_CURVE('',#4660,#4580,#45,.T.);
#3610=EDGE_CURVE('',#4659,#4655,#5252,.F.);
#3611=EDGE_CURVE('',#4660,#4657,#5253,.F.);
#3612=EDGE_CURVE('',#4656,#4653,#5254,.F.);
#3613=EDGE_CURVE('',#4658,#4654,#5255,.F.);
#3614=EDGE_CURVE('',#4661,#4577,#46,.T.);
#3615=EDGE_CURVE('',#4662,#4661,#526,.F.);
#3616=EDGE_CURVE('',#4662,#4579,#47,.T.);
#3617=EDGE_CURVE('',#4663,#4664,#5256,.T.);
#3618=EDGE_CURVE('',#4665,#4663,#527,.F.);
#3619=EDGE_CURVE('',#4665,#4666,#5257,.T.);
#3620=EDGE_CURVE('',#4664,#4666,#528,.T.);
#3621=EDGE_CURVE('',#4667,#4668,#529,.T.);
#3622=EDGE_CURVE('',#4667,#4574,#48,.T.);
#3623=EDGE_CURVE('',#4668,#4576,#49,.T.);
#3624=EDGE_CURVE('',#4667,#4663,#5258,.F.);
#3625=EDGE_CURVE('',#4668,#4665,#5259,.F.);
#3626=EDGE_CURVE('',#4664,#4661,#5260,.F.);
#3627=EDGE_CURVE('',#4666,#4662,#5261,.F.);
#3628=EDGE_CURVE('',#4669,#4561,#50,.T.);
#3629=EDGE_CURVE('',#4670,#4669,#530,.F.);
#3630=EDGE_CURVE('',#4670,#4563,#51,.T.);
#3631=EDGE_CURVE('',#4671,#4672,#5262,.T.);
#3632=EDGE_CURVE('',#4673,#4671,#531,.F.);
#3633=EDGE_CURVE('',#4673,#4674,#5263,.T.);
#3634=EDGE_CURVE('',#4672,#4674,#532,.T.);
#3635=EDGE_CURVE('',#4675,#4676,#533,.T.);
#3636=EDGE_CURVE('',#4675,#4570,#52,.T.);
#3637=EDGE_CURVE('',#4676,#4572,#53,.T.);
#3638=EDGE_CURVE('',#4675,#4671,#5264,.F.);
#3639=EDGE_CURVE('',#4676,#4673,#5265,.F.);
#3640=EDGE_CURVE('',#4672,#4669,#5266,.F.);
#3641=EDGE_CURVE('',#4674,#4670,#5267,.F.);
#3642=EDGE_CURVE('',#4677,#4569,#54,.T.);
#3643=EDGE_CURVE('',#4678,#4677,#534,.F.);
#3644=EDGE_CURVE('',#4678,#4571,#55,.T.);
#3645=EDGE_CURVE('',#4679,#4680,#5268,.T.);
#3646=EDGE_CURVE('',#4681,#4679,#535,.F.);
#3647=EDGE_CURVE('',#4681,#4682,#5269,.T.);
#3648=EDGE_CURVE('',#4680,#4682,#536,.T.);
#3649=EDGE_CURVE('',#4683,#4684,#537,.T.);
#3650=EDGE_CURVE('',#4683,#4566,#56,.T.);
#3651=EDGE_CURVE('',#4684,#4568,#57,.T.);
#3652=EDGE_CURVE('',#4683,#4679,#5270,.F.);
#3653=EDGE_CURVE('',#4684,#4681,#5271,.F.);
#3654=EDGE_CURVE('',#4680,#4677,#5272,.F.);
#3655=EDGE_CURVE('',#4682,#4678,#5273,.F.);
#3656=EDGE_CURVE('',#4685,#4557,#58,.T.);
#3657=EDGE_CURVE('',#4686,#4685,#538,.F.);
#3658=EDGE_CURVE('',#4686,#4559,#59,.T.);
#3659=EDGE_CURVE('',#4687,#4688,#5274,.T.);
#3660=EDGE_CURVE('',#4689,#4687,#539,.F.);
#3661=EDGE_CURVE('',#4689,#4690,#5275,.T.);
#3662=EDGE_CURVE('',#4688,#4690,#540,.T.);
#3663=EDGE_CURVE('',#4691,#4692,#541,.T.);
#3664=EDGE_CURVE('',#4691,#4562,#60,.T.);
#3665=EDGE_CURVE('',#4692,#4564,#61,.T.);
#3666=EDGE_CURVE('',#4691,#4687,#5276,.F.);
#3667=EDGE_CURVE('',#4692,#4689,#5277,.F.);
#3668=EDGE_CURVE('',#4688,#4685,#5278,.F.);
#3669=EDGE_CURVE('',#4690,#4686,#5279,.F.);
#3670=EDGE_CURVE('',#4693,#4589,#62,.T.);
#3671=EDGE_CURVE('',#4694,#4693,#542,.F.);
#3672=EDGE_CURVE('',#4694,#4591,#63,.T.);
#3673=EDGE_CURVE('',#4695,#4696,#5280,.T.);
#3674=EDGE_CURVE('',#4697,#4695,#543,.F.);
#3675=EDGE_CURVE('',#4697,#4698,#5281,.T.);
#3676=EDGE_CURVE('',#4696,#4698,#544,.T.);
#3677=EDGE_CURVE('',#4699,#4700,#545,.T.);
#3678=EDGE_CURVE('',#4699,#4558,#64,.T.);
#3679=EDGE_CURVE('',#4700,#4560,#65,.T.);
#3680=EDGE_CURVE('',#4699,#4695,#5282,.F.);
#3681=EDGE_CURVE('',#4700,#4697,#5283,.F.);
#3682=EDGE_CURVE('',#4696,#4693,#5284,.F.);
#3683=EDGE_CURVE('',#4698,#4694,#5285,.F.);
#3684=EDGE_CURVE('',#4701,#4585,#66,.T.);
#3685=EDGE_CURVE('',#4702,#4701,#546,.F.);
#3686=EDGE_CURVE('',#4702,#4587,#67,.T.);
#3687=EDGE_CURVE('',#4703,#4704,#5286,.T.);
#3688=EDGE_CURVE('',#4705,#4703,#547,.F.);
#3689=EDGE_CURVE('',#4705,#4706,#5287,.T.);
#3690=EDGE_CURVE('',#4704,#4706,#548,.T.);
#3691=EDGE_CURVE('',#4707,#4708,#549,.T.);
#3692=EDGE_CURVE('',#4707,#4554,#68,.T.);
#3693=EDGE_CURVE('',#4708,#4556,#69,.T.);
#3694=EDGE_CURVE('',#4707,#4703,#5288,.F.);
#3695=EDGE_CURVE('',#4708,#4705,#5289,.F.);
#3696=EDGE_CURVE('',#4704,#4701,#5290,.F.);
#3697=EDGE_CURVE('',#4706,#4702,#5291,.F.);
#3698=EDGE_CURVE('',#4709,#4553,#70,.T.);
#3699=EDGE_CURVE('',#4710,#4709,#550,.F.);
#3700=EDGE_CURVE('',#4710,#4555,#71,.T.);
#3701=EDGE_CURVE('',#4711,#4712,#5292,.T.);
#3702=EDGE_CURVE('',#4713,#4711,#551,.F.);
#3703=EDGE_CURVE('',#4713,#4714,#5293,.T.);
#3704=EDGE_CURVE('',#4712,#4714,#552,.T.);
#3705=EDGE_CURVE('',#4715,#4716,#553,.T.);
#3706=EDGE_CURVE('',#4715,#4550,#72,.T.);
#3707=EDGE_CURVE('',#4716,#4552,#73,.T.);
#3708=EDGE_CURVE('',#4715,#4711,#5294,.F.);
#3709=EDGE_CURVE('',#4716,#4713,#5295,.F.);
#3710=EDGE_CURVE('',#4712,#4709,#5296,.F.);
#3711=EDGE_CURVE('',#4714,#4710,#5297,.F.);
#3712=EDGE_CURVE('',#4717,#4549,#74,.T.);
#3713=EDGE_CURVE('',#4718,#4717,#554,.F.);
#3714=EDGE_CURVE('',#4718,#4551,#75,.T.);
#3715=EDGE_CURVE('',#4719,#4720,#5298,.T.);
#3716=EDGE_CURVE('',#4721,#4719,#555,.F.);
#3717=EDGE_CURVE('',#4721,#4722,#5299,.T.);
#3718=EDGE_CURVE('',#4720,#4722,#556,.T.);
#3719=EDGE_CURVE('',#4723,#4724,#557,.T.);
#3720=EDGE_CURVE('',#4723,#4546,#76,.T.);
#3721=EDGE_CURVE('',#4724,#4548,#77,.T.);
#3722=EDGE_CURVE('',#4723,#4719,#5300,.F.);
#3723=EDGE_CURVE('',#4724,#4721,#5301,.F.);
#3724=EDGE_CURVE('',#4720,#4717,#5302,.F.);
#3725=EDGE_CURVE('',#4722,#4718,#5303,.F.);
#3726=EDGE_CURVE('',#4725,#4545,#78,.T.);
#3727=EDGE_CURVE('',#4726,#4725,#558,.F.);
#3728=EDGE_CURVE('',#4726,#4547,#79,.T.);
#3729=EDGE_CURVE('',#4727,#4728,#5304,.T.);
#3730=EDGE_CURVE('',#4729,#4727,#559,.F.);
#3731=EDGE_CURVE('',#4729,#4730,#5305,.T.);
#3732=EDGE_CURVE('',#4728,#4730,#560,.T.);
#3733=EDGE_CURVE('',#4731,#4732,#561,.T.);
#3734=EDGE_CURVE('',#4731,#4542,#80,.T.);
#3735=EDGE_CURVE('',#4732,#4544,#81,.T.);
#3736=EDGE_CURVE('',#4731,#4727,#5306,.F.);
#3737=EDGE_CURVE('',#4732,#4729,#5307,.F.);
#3738=EDGE_CURVE('',#4728,#4725,#5308,.F.);
#3739=EDGE_CURVE('',#4730,#4726,#5309,.F.);
#3740=EDGE_CURVE('',#4733,#4541,#82,.T.);
#3741=EDGE_CURVE('',#4734,#4733,#562,.F.);
#3742=EDGE_CURVE('',#4734,#4543,#83,.T.);
#3743=EDGE_CURVE('',#4735,#4736,#5310,.T.);
#3744=EDGE_CURVE('',#4737,#4735,#563,.F.);
#3745=EDGE_CURVE('',#4737,#4738,#5311,.T.);
#3746=EDGE_CURVE('',#4736,#4738,#564,.T.);
#3747=EDGE_CURVE('',#4739,#4740,#565,.T.);
#3748=EDGE_CURVE('',#4739,#4538,#84,.T.);
#3749=EDGE_CURVE('',#4740,#4540,#85,.T.);
#3750=EDGE_CURVE('',#4739,#4735,#5312,.F.);
#3751=EDGE_CURVE('',#4740,#4737,#5313,.F.);
#3752=EDGE_CURVE('',#4736,#4733,#5314,.F.);
#3753=EDGE_CURVE('',#4738,#4734,#5315,.F.);
#3754=EDGE_CURVE('',#4741,#4537,#86,.T.);
#3755=EDGE_CURVE('',#4742,#4741,#566,.F.);
#3756=EDGE_CURVE('',#4742,#4539,#87,.T.);
#3757=EDGE_CURVE('',#4743,#4744,#5316,.T.);
#3758=EDGE_CURVE('',#4745,#4743,#567,.F.);
#3759=EDGE_CURVE('',#4745,#4746,#5317,.T.);
#3760=EDGE_CURVE('',#4744,#4746,#568,.T.);
#3761=EDGE_CURVE('',#4747,#4748,#569,.T.);
#3762=EDGE_CURVE('',#4747,#4534,#88,.T.);
#3763=EDGE_CURVE('',#4748,#4536,#89,.T.);
#3764=EDGE_CURVE('',#4747,#4743,#5318,.F.);
#3765=EDGE_CURVE('',#4748,#4745,#5319,.F.);
#3766=EDGE_CURVE('',#4744,#4741,#5320,.F.);
#3767=EDGE_CURVE('',#4746,#4742,#5321,.F.);
#3768=EDGE_CURVE('',#4749,#4533,#90,.T.);
#3769=EDGE_CURVE('',#4750,#4749,#570,.F.);
#3770=EDGE_CURVE('',#4750,#4535,#91,.T.);
#3771=EDGE_CURVE('',#4751,#4752,#5322,.T.);
#3772=EDGE_CURVE('',#4753,#4751,#571,.F.);
#3773=EDGE_CURVE('',#4753,#4754,#5323,.T.);
#3774=EDGE_CURVE('',#4752,#4754,#572,.T.);
#3775=EDGE_CURVE('',#4755,#4756,#573,.T.);
#3776=EDGE_CURVE('',#4755,#4530,#92,.T.);
#3777=EDGE_CURVE('',#4756,#4532,#93,.T.);
#3778=EDGE_CURVE('',#4755,#4751,#5324,.F.);
#3779=EDGE_CURVE('',#4756,#4753,#5325,.F.);
#3780=EDGE_CURVE('',#4752,#4749,#5326,.F.);
#3781=EDGE_CURVE('',#4754,#4750,#5327,.F.);
#3782=EDGE_CURVE('',#4757,#4529,#94,.T.);
#3783=EDGE_CURVE('',#4758,#4757,#574,.F.);
#3784=EDGE_CURVE('',#4758,#4531,#95,.T.);
#3785=EDGE_CURVE('',#4759,#4760,#5328,.T.);
#3786=EDGE_CURVE('',#4761,#4759,#575,.F.);
#3787=EDGE_CURVE('',#4761,#4762,#5329,.T.);
#3788=EDGE_CURVE('',#4760,#4762,#576,.T.);
#3789=EDGE_CURVE('',#4763,#4764,#577,.T.);
#3790=EDGE_CURVE('',#4763,#4526,#96,.T.);
#3791=EDGE_CURVE('',#4764,#4528,#97,.T.);
#3792=EDGE_CURVE('',#4763,#4759,#5330,.F.);
#3793=EDGE_CURVE('',#4764,#4761,#5331,.F.);
#3794=EDGE_CURVE('',#4760,#4757,#5332,.F.);
#3795=EDGE_CURVE('',#4762,#4758,#5333,.F.);
#3796=EDGE_CURVE('',#4765,#4517,#98,.T.);
#3797=EDGE_CURVE('',#4766,#4765,#578,.F.);
#3798=EDGE_CURVE('',#4766,#4519,#99,.T.);
#3799=EDGE_CURVE('',#4767,#4768,#5334,.T.);
#3800=EDGE_CURVE('',#4769,#4767,#579,.F.);
#3801=EDGE_CURVE('',#4769,#4770,#5335,.T.);
#3802=EDGE_CURVE('',#4768,#4770,#580,.T.);
#3803=EDGE_CURVE('',#4771,#4772,#581,.T.);
#3804=EDGE_CURVE('',#4771,#4522,#100,.T.);
#3805=EDGE_CURVE('',#4772,#4524,#101,.T.);
#3806=EDGE_CURVE('',#4771,#4767,#5336,.F.);
#3807=EDGE_CURVE('',#4772,#4769,#5337,.F.);
#3808=EDGE_CURVE('',#4768,#4765,#5338,.F.);
#3809=EDGE_CURVE('',#4770,#4766,#5339,.F.);
#3810=EDGE_CURVE('',#4773,#4513,#102,.T.);
#3811=EDGE_CURVE('',#4774,#4773,#582,.F.);
#3812=EDGE_CURVE('',#4774,#4515,#103,.T.);
#3813=EDGE_CURVE('',#4775,#4776,#5340,.T.);
#3814=EDGE_CURVE('',#4777,#4775,#583,.F.);
#3815=EDGE_CURVE('',#4777,#4778,#5341,.T.);
#3816=EDGE_CURVE('',#4776,#4778,#584,.T.);
#3817=EDGE_CURVE('',#4779,#4780,#585,.T.);
#3818=EDGE_CURVE('',#4779,#4518,#104,.T.);
#3819=EDGE_CURVE('',#4780,#4520,#105,.T.);
#3820=EDGE_CURVE('',#4779,#4775,#5342,.F.);
#3821=EDGE_CURVE('',#4780,#4777,#5343,.F.);
#3822=EDGE_CURVE('',#4776,#4773,#5344,.F.);
#3823=EDGE_CURVE('',#4778,#4774,#5345,.F.);
#3824=EDGE_CURVE('',#4781,#4509,#106,.T.);
#3825=EDGE_CURVE('',#4782,#4781,#586,.F.);
#3826=EDGE_CURVE('',#4782,#4511,#107,.T.);
#3827=EDGE_CURVE('',#4783,#4784,#5346,.T.);
#3828=EDGE_CURVE('',#4785,#4783,#587,.F.);
#3829=EDGE_CURVE('',#4785,#4786,#5347,.T.);
#3830=EDGE_CURVE('',#4784,#4786,#588,.T.);
#3831=EDGE_CURVE('',#4787,#4788,#589,.T.);
#3832=EDGE_CURVE('',#4787,#4514,#108,.T.);
#3833=EDGE_CURVE('',#4788,#4516,#109,.T.);
#3834=EDGE_CURVE('',#4787,#4783,#5348,.F.);
#3835=EDGE_CURVE('',#4788,#4785,#5349,.F.);
#3836=EDGE_CURVE('',#4784,#4781,#5350,.F.);
#3837=EDGE_CURVE('',#4786,#4782,#5351,.F.);
#3838=EDGE_CURVE('',#4789,#4497,#110,.T.);
#3839=EDGE_CURVE('',#4790,#4789,#590,.F.);
#3840=EDGE_CURVE('',#4790,#4499,#111,.T.);
#3841=EDGE_CURVE('',#4791,#4792,#5352,.T.);
#3842=EDGE_CURVE('',#4793,#4791,#591,.F.);
#3843=EDGE_CURVE('',#4793,#4794,#5353,.T.);
#3844=EDGE_CURVE('',#4792,#4794,#592,.T.);
#3845=EDGE_CURVE('',#4795,#4796,#593,.T.);
#3846=EDGE_CURVE('',#4795,#4510,#112,.T.);
#3847=EDGE_CURVE('',#4796,#4512,#113,.T.);
#3848=EDGE_CURVE('',#4795,#4791,#5354,.F.);
#3849=EDGE_CURVE('',#4796,#4793,#5355,.F.);
#3850=EDGE_CURVE('',#4792,#4789,#5356,.F.);
#3851=EDGE_CURVE('',#4794,#4790,#5357,.F.);
#3852=EDGE_CURVE('',#4797,#4525,#114,.T.);
#3853=EDGE_CURVE('',#4798,#4797,#594,.F.);
#3854=EDGE_CURVE('',#4798,#4527,#115,.T.);
#3855=EDGE_CURVE('',#4799,#4800,#5358,.T.);
#3856=EDGE_CURVE('',#4801,#4799,#595,.F.);
#3857=EDGE_CURVE('',#4801,#4802,#5359,.T.);
#3858=EDGE_CURVE('',#4800,#4802,#596,.T.);
#3859=EDGE_CURVE('',#4803,#4804,#597,.T.);
#3860=EDGE_CURVE('',#4803,#4506,#116,.T.);
#3861=EDGE_CURVE('',#4804,#4508,#117,.T.);
#3862=EDGE_CURVE('',#4803,#4799,#5360,.F.);
#3863=EDGE_CURVE('',#4804,#4801,#5361,.F.);
#3864=EDGE_CURVE('',#4800,#4797,#5362,.F.);
#3865=EDGE_CURVE('',#4802,#4798,#5363,.F.);
#3866=EDGE_CURVE('',#4805,#4505,#118,.T.);
#3867=EDGE_CURVE('',#4806,#4805,#598,.F.);
#3868=EDGE_CURVE('',#4806,#4507,#119,.T.);
#3869=EDGE_CURVE('',#4807,#4808,#5364,.T.);
#3870=EDGE_CURVE('',#4809,#4807,#599,.F.);
#3871=EDGE_CURVE('',#4809,#4810,#5365,.T.);
#3872=EDGE_CURVE('',#4808,#4810,#600,.T.);
#3873=EDGE_CURVE('',#4811,#4812,#601,.T.);
#3874=EDGE_CURVE('',#4811,#4502,#120,.T.);
#3875=EDGE_CURVE('',#4812,#4504,#121,.T.);
#3876=EDGE_CURVE('',#4811,#4807,#5366,.F.);
#3877=EDGE_CURVE('',#4812,#4809,#5367,.F.);
#3878=EDGE_CURVE('',#4808,#4805,#5368,.F.);
#3879=EDGE_CURVE('',#4810,#4806,#5369,.F.);
#3880=EDGE_CURVE('',#4813,#4493,#122,.T.);
#3881=EDGE_CURVE('',#4814,#4813,#602,.F.);
#3882=EDGE_CURVE('',#4814,#4495,#123,.T.);
#3883=EDGE_CURVE('',#4815,#4816,#5370,.T.);
#3884=EDGE_CURVE('',#4817,#4815,#603,.F.);
#3885=EDGE_CURVE('',#4817,#4818,#5371,.T.);
#3886=EDGE_CURVE('',#4816,#4818,#604,.T.);
#3887=EDGE_CURVE('',#4819,#4820,#605,.T.);
#3888=EDGE_CURVE('',#4819,#4498,#124,.T.);
#3889=EDGE_CURVE('',#4820,#4500,#125,.T.);
#3890=EDGE_CURVE('',#4819,#4815,#5372,.F.);
#3891=EDGE_CURVE('',#4820,#4817,#5373,.F.);
#3892=EDGE_CURVE('',#4816,#4813,#5374,.F.);
#3893=EDGE_CURVE('',#4818,#4814,#5375,.F.);
#3894=EDGE_CURVE('',#4821,#4501,#126,.T.);
#3895=EDGE_CURVE('',#4822,#4821,#606,.F.);
#3896=EDGE_CURVE('',#4822,#4503,#127,.T.);
#3897=EDGE_CURVE('',#4823,#4824,#5376,.T.);
#3898=EDGE_CURVE('',#4825,#4823,#607,.F.);
#3899=EDGE_CURVE('',#4825,#4826,#5377,.T.);
#3900=EDGE_CURVE('',#4824,#4826,#608,.T.);
#3901=EDGE_CURVE('',#4827,#4828,#609,.T.);
#3902=EDGE_CURVE('',#4827,#4494,#128,.T.);
#3903=EDGE_CURVE('',#4828,#4496,#129,.T.);
#3904=EDGE_CURVE('',#4827,#4823,#5378,.F.);
#3905=EDGE_CURVE('',#4828,#4825,#5379,.F.);
#3906=EDGE_CURVE('',#4824,#4821,#5380,.F.);
#3907=EDGE_CURVE('',#4826,#4822,#5381,.F.);
#3908=EDGE_CURVE('',#4829,#4521,#130,.T.);
#3909=EDGE_CURVE('',#4830,#4829,#610,.F.);
#3910=EDGE_CURVE('',#4830,#4523,#131,.T.);
#3911=EDGE_CURVE('',#4831,#4832,#5382,.T.);
#3912=EDGE_CURVE('',#4833,#4831,#611,.F.);
#3913=EDGE_CURVE('',#4833,#4834,#5383,.T.);
#3914=EDGE_CURVE('',#4832,#4834,#612,.T.);
#3915=EDGE_CURVE('',#4835,#4836,#613,.T.);
#3916=EDGE_CURVE('',#4835,#4490,#132,.T.);
#3917=EDGE_CURVE('',#4836,#4492,#133,.T.);
#3918=EDGE_CURVE('',#4835,#4831,#5384,.F.);
#3919=EDGE_CURVE('',#4836,#4833,#5385,.F.);
#3920=EDGE_CURVE('',#4832,#4829,#5386,.F.);
#3921=EDGE_CURVE('',#4834,#4830,#5387,.F.);
#3922=EDGE_CURVE('',#4837,#4489,#134,.T.);
#3923=EDGE_CURVE('',#4838,#4837,#614,.F.);
#3924=EDGE_CURVE('',#4838,#4491,#135,.T.);
#3925=EDGE_CURVE('',#4839,#4840,#5388,.T.);
#3926=EDGE_CURVE('',#4841,#4839,#615,.F.);
#3927=EDGE_CURVE('',#4841,#4842,#5389,.T.);
#3928=EDGE_CURVE('',#4840,#4842,#616,.T.);
#3929=EDGE_CURVE('',#4843,#4844,#617,.T.);
#3930=EDGE_CURVE('',#4843,#4486,#136,.T.);
#3931=EDGE_CURVE('',#4844,#4488,#137,.T.);
#3932=EDGE_CURVE('',#4843,#4839,#5390,.F.);
#3933=EDGE_CURVE('',#4844,#4841,#5391,.F.);
#3934=EDGE_CURVE('',#4840,#4837,#5392,.F.);
#3935=EDGE_CURVE('',#4842,#4838,#5393,.F.);
#3936=EDGE_CURVE('',#4845,#4485,#138,.T.);
#3937=EDGE_CURVE('',#4846,#4845,#618,.F.);
#3938=EDGE_CURVE('',#4846,#4487,#139,.T.);
#3939=EDGE_CURVE('',#4847,#4848,#5394,.T.);
#3940=EDGE_CURVE('',#4849,#4847,#619,.F.);
#3941=EDGE_CURVE('',#4849,#4850,#5395,.T.);
#3942=EDGE_CURVE('',#4848,#4850,#620,.T.);
#3943=EDGE_CURVE('',#4851,#4852,#621,.T.);
#3944=EDGE_CURVE('',#4851,#4482,#140,.T.);
#3945=EDGE_CURVE('',#4852,#4484,#141,.T.);
#3946=EDGE_CURVE('',#4851,#4847,#5396,.F.);
#3947=EDGE_CURVE('',#4852,#4849,#5397,.F.);
#3948=EDGE_CURVE('',#4848,#4845,#5398,.F.);
#3949=EDGE_CURVE('',#4850,#4846,#5399,.F.);
#3950=EDGE_CURVE('',#4853,#4481,#142,.T.);
#3951=EDGE_CURVE('',#4854,#4853,#622,.F.);
#3952=EDGE_CURVE('',#4854,#4483,#143,.T.);
#3953=EDGE_CURVE('',#4855,#4856,#5400,.T.);
#3954=EDGE_CURVE('',#4857,#4855,#623,.F.);
#3955=EDGE_CURVE('',#4857,#4858,#5401,.T.);
#3956=EDGE_CURVE('',#4856,#4858,#624,.T.);
#3957=EDGE_CURVE('',#4859,#4860,#625,.T.);
#3958=EDGE_CURVE('',#4859,#4478,#144,.T.);
#3959=EDGE_CURVE('',#4860,#4480,#145,.T.);
#3960=EDGE_CURVE('',#4859,#4855,#5402,.F.);
#3961=EDGE_CURVE('',#4860,#4857,#5403,.F.);
#3962=EDGE_CURVE('',#4856,#4853,#5404,.F.);
#3963=EDGE_CURVE('',#4858,#4854,#5405,.F.);
#3964=EDGE_CURVE('',#4861,#4477,#146,.T.);
#3965=EDGE_CURVE('',#4862,#4861,#626,.F.);
#3966=EDGE_CURVE('',#4862,#4479,#147,.T.);
#3967=EDGE_CURVE('',#4863,#4864,#5406,.T.);
#3968=EDGE_CURVE('',#4865,#4863,#627,.F.);
#3969=EDGE_CURVE('',#4865,#4866,#5407,.T.);
#3970=EDGE_CURVE('',#4864,#4866,#628,.T.);
#3971=EDGE_CURVE('',#4867,#4868,#629,.T.);
#3972=EDGE_CURVE('',#4867,#4474,#148,.T.);
#3973=EDGE_CURVE('',#4868,#4476,#149,.T.);
#3974=EDGE_CURVE('',#4867,#4863,#5408,.F.);
#3975=EDGE_CURVE('',#4868,#4865,#5409,.F.);
#3976=EDGE_CURVE('',#4864,#4861,#5410,.F.);
#3977=EDGE_CURVE('',#4866,#4862,#5411,.F.);
#3978=EDGE_CURVE('',#4869,#4473,#150,.T.);
#3979=EDGE_CURVE('',#4870,#4869,#630,.F.);
#3980=EDGE_CURVE('',#4870,#4475,#151,.T.);
#3981=EDGE_CURVE('',#4871,#4872,#5412,.T.);
#3982=EDGE_CURVE('',#4873,#4871,#631,.F.);
#3983=EDGE_CURVE('',#4873,#4874,#5413,.T.);
#3984=EDGE_CURVE('',#4872,#4874,#632,.T.);
#3985=EDGE_CURVE('',#4875,#4876,#633,.T.);
#3986=EDGE_CURVE('',#4875,#4470,#152,.T.);
#3987=EDGE_CURVE('',#4876,#4472,#153,.T.);
#3988=EDGE_CURVE('',#4875,#4871,#5414,.F.);
#3989=EDGE_CURVE('',#4876,#4873,#5415,.F.);
#3990=EDGE_CURVE('',#4872,#4869,#5416,.F.);
#3991=EDGE_CURVE('',#4874,#4870,#5417,.F.);
#3992=EDGE_CURVE('',#4877,#4469,#154,.T.);
#3993=EDGE_CURVE('',#4878,#4877,#634,.F.);
#3994=EDGE_CURVE('',#4878,#4471,#155,.T.);
#3995=EDGE_CURVE('',#4879,#4880,#5418,.T.);
#3996=EDGE_CURVE('',#4881,#4879,#635,.F.);
#3997=EDGE_CURVE('',#4881,#4882,#5419,.T.);
#3998=EDGE_CURVE('',#4880,#4882,#636,.T.);
#3999=EDGE_CURVE('',#4883,#4884,#637,.T.);
#4000=EDGE_CURVE('',#4883,#4466,#156,.T.);
#4001=EDGE_CURVE('',#4884,#4468,#157,.T.);
#4002=EDGE_CURVE('',#4883,#4879,#5420,.F.);
#4003=EDGE_CURVE('',#4884,#4881,#5421,.F.);
#4004=EDGE_CURVE('',#4880,#4877,#5422,.F.);
#4005=EDGE_CURVE('',#4882,#4878,#5423,.F.);
#4006=EDGE_CURVE('',#4885,#4465,#158,.T.);
#4007=EDGE_CURVE('',#4886,#4885,#638,.F.);
#4008=EDGE_CURVE('',#4886,#4467,#159,.T.);
#4009=EDGE_CURVE('',#4887,#4888,#5424,.T.);
#4010=EDGE_CURVE('',#4889,#4887,#639,.F.);
#4011=EDGE_CURVE('',#4889,#4890,#5425,.T.);
#4012=EDGE_CURVE('',#4888,#4890,#640,.T.);
#4013=EDGE_CURVE('',#4891,#4892,#641,.T.);
#4014=EDGE_CURVE('',#4891,#4462,#160,.T.);
#4015=EDGE_CURVE('',#4892,#4464,#161,.T.);
#4016=EDGE_CURVE('',#4891,#4887,#5426,.F.);
#4017=EDGE_CURVE('',#4892,#4889,#5427,.F.);
#4018=EDGE_CURVE('',#4888,#4885,#5428,.F.);
#4019=EDGE_CURVE('',#4890,#4886,#5429,.F.);
#4020=EDGE_CURVE('',#4893,#4445,#162,.T.);
#4021=EDGE_CURVE('',#4894,#4893,#642,.F.);
#4022=EDGE_CURVE('',#4894,#4447,#163,.T.);
#4023=EDGE_CURVE('',#4895,#4896,#5430,.T.);
#4024=EDGE_CURVE('',#4897,#4895,#643,.F.);
#4025=EDGE_CURVE('',#4897,#4898,#5431,.T.);
#4026=EDGE_CURVE('',#4896,#4898,#644,.T.);
#4027=EDGE_CURVE('',#4899,#4900,#645,.T.);
#4028=EDGE_CURVE('',#4899,#4458,#164,.T.);
#4029=EDGE_CURVE('',#4900,#4460,#165,.T.);
#4030=EDGE_CURVE('',#4899,#4895,#5432,.F.);
#4031=EDGE_CURVE('',#4900,#4897,#5433,.F.);
#4032=EDGE_CURVE('',#4896,#4893,#5434,.F.);
#4033=EDGE_CURVE('',#4898,#4894,#5435,.F.);
#4034=EDGE_CURVE('',#4901,#4457,#166,.T.);
#4035=EDGE_CURVE('',#4902,#4901,#646,.F.);
#4036=EDGE_CURVE('',#4902,#4459,#167,.T.);
#4037=EDGE_CURVE('',#4903,#4904,#5436,.T.);
#4038=EDGE_CURVE('',#4905,#4903,#647,.F.);
#4039=EDGE_CURVE('',#4905,#4906,#5437,.T.);
#4040=EDGE_CURVE('',#4904,#4906,#648,.T.);
#4041=EDGE_CURVE('',#4907,#4908,#649,.T.);
#4042=EDGE_CURVE('',#4907,#4454,#168,.T.);
#4043=EDGE_CURVE('',#4908,#4456,#169,.T.);
#4044=EDGE_CURVE('',#4907,#4903,#5438,.F.);
#4045=EDGE_CURVE('',#4908,#4905,#5439,.F.);
#4046=EDGE_CURVE('',#4904,#4901,#5440,.F.);
#4047=EDGE_CURVE('',#4906,#4902,#5441,.F.);
#4048=EDGE_CURVE('',#4909,#4461,#170,.T.);
#4049=EDGE_CURVE('',#4910,#4909,#650,.F.);
#4050=EDGE_CURVE('',#4910,#4463,#171,.T.);
#4051=EDGE_CURVE('',#4911,#4912,#5442,.T.);
#4052=EDGE_CURVE('',#4913,#4911,#651,.F.);
#4053=EDGE_CURVE('',#4913,#4914,#5443,.T.);
#4054=EDGE_CURVE('',#4912,#4914,#652,.T.);
#4055=EDGE_CURVE('',#4915,#4916,#653,.T.);
#4056=EDGE_CURVE('',#4915,#4450,#172,.T.);
#4057=EDGE_CURVE('',#4916,#4452,#173,.T.);
#4058=EDGE_CURVE('',#4915,#4911,#5444,.F.);
#4059=EDGE_CURVE('',#4916,#4913,#5445,.F.);
#4060=EDGE_CURVE('',#4912,#4909,#5446,.F.);
#4061=EDGE_CURVE('',#4914,#4910,#5447,.F.);
#4062=EDGE_CURVE('',#4917,#4449,#174,.T.);
#4063=EDGE_CURVE('',#4918,#4917,#654,.F.);
#4064=EDGE_CURVE('',#4918,#4451,#175,.T.);
#4065=EDGE_CURVE('',#4919,#4920,#5448,.T.);
#4066=EDGE_CURVE('',#4921,#4919,#655,.F.);
#4067=EDGE_CURVE('',#4921,#4922,#5449,.T.);
#4068=EDGE_CURVE('',#4920,#4922,#656,.T.);
#4069=EDGE_CURVE('',#4923,#4924,#657,.T.);
#4070=EDGE_CURVE('',#4923,#4446,#176,.T.);
#4071=EDGE_CURVE('',#4924,#4448,#177,.T.);
#4072=EDGE_CURVE('',#4923,#4919,#5450,.F.);
#4073=EDGE_CURVE('',#4924,#4921,#5451,.F.);
#4074=EDGE_CURVE('',#4920,#4917,#5452,.F.);
#4075=EDGE_CURVE('',#4922,#4918,#5453,.F.);
#4076=EDGE_CURVE('',#4925,#4453,#178,.T.);
#4077=EDGE_CURVE('',#4926,#4925,#658,.F.);
#4078=EDGE_CURVE('',#4926,#4455,#179,.T.);
#4079=EDGE_CURVE('',#4927,#4928,#5454,.T.);
#4080=EDGE_CURVE('',#4929,#4927,#659,.F.);
#4081=EDGE_CURVE('',#4929,#4930,#5455,.T.);
#4082=EDGE_CURVE('',#4928,#4930,#660,.T.);
#4083=EDGE_CURVE('',#4931,#4932,#661,.T.);
#4084=EDGE_CURVE('',#4931,#4442,#180,.T.);
#4085=EDGE_CURVE('',#4932,#4444,#181,.T.);
#4086=EDGE_CURVE('',#4931,#4927,#5456,.F.);
#4087=EDGE_CURVE('',#4932,#4929,#5457,.F.);
#4088=EDGE_CURVE('',#4928,#4925,#5458,.F.);
#4089=EDGE_CURVE('',#4930,#4926,#5459,.F.);
#4090=EDGE_CURVE('',#4933,#4441,#182,.T.);
#4091=EDGE_CURVE('',#4934,#4933,#662,.F.);
#4092=EDGE_CURVE('',#4934,#4443,#183,.T.);
#4093=EDGE_CURVE('',#4935,#4936,#5460,.T.);
#4094=EDGE_CURVE('',#4937,#4935,#663,.F.);
#4095=EDGE_CURVE('',#4937,#4938,#5461,.T.);
#4096=EDGE_CURVE('',#4936,#4938,#664,.T.);
#4097=EDGE_CURVE('',#4939,#4940,#665,.T.);
#4098=EDGE_CURVE('',#4939,#4438,#184,.T.);
#4099=EDGE_CURVE('',#4940,#4440,#185,.T.);
#4100=EDGE_CURVE('',#4939,#4935,#5462,.F.);
#4101=EDGE_CURVE('',#4940,#4937,#5463,.F.);
#4102=EDGE_CURVE('',#4936,#4933,#5464,.F.);
#4103=EDGE_CURVE('',#4938,#4934,#5465,.F.);
#4104=EDGE_CURVE('',#4941,#4437,#186,.T.);
#4105=EDGE_CURVE('',#4942,#4941,#666,.F.);
#4106=EDGE_CURVE('',#4942,#4439,#187,.T.);
#4107=EDGE_CURVE('',#4943,#4944,#5466,.T.);
#4108=EDGE_CURVE('',#4945,#4943,#667,.F.);
#4109=EDGE_CURVE('',#4945,#4946,#5467,.T.);
#4110=EDGE_CURVE('',#4944,#4946,#668,.T.);
#4111=EDGE_CURVE('',#4947,#4948,#669,.T.);
#4112=EDGE_CURVE('',#4947,#4434,#188,.T.);
#4113=EDGE_CURVE('',#4948,#4436,#189,.T.);
#4114=EDGE_CURVE('',#4947,#4943,#5468,.F.);
#4115=EDGE_CURVE('',#4948,#4945,#5469,.F.);
#4116=EDGE_CURVE('',#4944,#4941,#5470,.F.);
#4117=EDGE_CURVE('',#4946,#4942,#5471,.F.);
#4118=EDGE_CURVE('',#4949,#4433,#190,.T.);
#4119=EDGE_CURVE('',#4950,#4949,#670,.F.);
#4120=EDGE_CURVE('',#4950,#4435,#191,.T.);
#4121=EDGE_CURVE('',#4951,#4952,#5472,.T.);
#4122=EDGE_CURVE('',#4953,#4951,#671,.F.);
#4123=EDGE_CURVE('',#4953,#4954,#5473,.T.);
#4124=EDGE_CURVE('',#4952,#4954,#672,.T.);
#4125=EDGE_CURVE('',#4955,#4956,#673,.T.);
#4126=EDGE_CURVE('',#4955,#4430,#192,.T.);
#4127=EDGE_CURVE('',#4956,#4432,#193,.T.);
#4128=EDGE_CURVE('',#4955,#4951,#5474,.F.);
#4129=EDGE_CURVE('',#4956,#4953,#5475,.F.);
#4130=EDGE_CURVE('',#4952,#4949,#5476,.F.);
#4131=EDGE_CURVE('',#4954,#4950,#5477,.F.);
#4132=EDGE_CURVE('',#4957,#4421,#194,.T.);
#4133=EDGE_CURVE('',#4958,#4957,#674,.F.);
#4134=EDGE_CURVE('',#4958,#4423,#195,.T.);
#4135=EDGE_CURVE('',#4959,#4960,#5478,.T.);
#4136=EDGE_CURVE('',#4961,#4959,#675,.F.);
#4137=EDGE_CURVE('',#4961,#4962,#5479,.T.);
#4138=EDGE_CURVE('',#4960,#4962,#676,.T.);
#4139=EDGE_CURVE('',#4963,#4964,#677,.T.);
#4140=EDGE_CURVE('',#4963,#4426,#196,.T.);
#4141=EDGE_CURVE('',#4964,#4428,#197,.T.);
#4142=EDGE_CURVE('',#4963,#4959,#5480,.F.);
#4143=EDGE_CURVE('',#4964,#4961,#5481,.F.);
#4144=EDGE_CURVE('',#4960,#4957,#5482,.F.);
#4145=EDGE_CURVE('',#4962,#4958,#5483,.F.);
#4146=EDGE_CURVE('',#4965,#4417,#198,.T.);
#4147=EDGE_CURVE('',#4966,#4965,#678,.F.);
#4148=EDGE_CURVE('',#4966,#4419,#199,.T.);
#4149=EDGE_CURVE('',#4967,#4968,#5484,.T.);
#4150=EDGE_CURVE('',#4969,#4967,#679,.F.);
#4151=EDGE_CURVE('',#4969,#4970,#5485,.T.);
#4152=EDGE_CURVE('',#4968,#4970,#680,.T.);
#4153=EDGE_CURVE('',#4971,#4972,#681,.T.);
#4154=EDGE_CURVE('',#4971,#4422,#200,.T.);
#4155=EDGE_CURVE('',#4972,#4424,#201,.T.);
#4156=EDGE_CURVE('',#4971,#4967,#5486,.F.);
#4157=EDGE_CURVE('',#4972,#4969,#5487,.F.);
#4158=EDGE_CURVE('',#4968,#4965,#5488,.F.);
#4159=EDGE_CURVE('',#4970,#4966,#5489,.F.);
#4160=EDGE_CURVE('',#4973,#4413,#202,.T.);
#4161=EDGE_CURVE('',#4974,#4973,#682,.F.);
#4162=EDGE_CURVE('',#4974,#4415,#203,.T.);
#4163=EDGE_CURVE('',#4975,#4976,#5490,.T.);
#4164=EDGE_CURVE('',#4977,#4975,#683,.F.);
#4165=EDGE_CURVE('',#4977,#4978,#5491,.T.);
#4166=EDGE_CURVE('',#4976,#4978,#684,.T.);
#4167=EDGE_CURVE('',#4979,#4980,#685,.T.);
#4168=EDGE_CURVE('',#4979,#4418,#204,.T.);
#4169=EDGE_CURVE('',#4980,#4420,#205,.T.);
#4170=EDGE_CURVE('',#4979,#4975,#5492,.F.);
#4171=EDGE_CURVE('',#4980,#4977,#5493,.F.);
#4172=EDGE_CURVE('',#4976,#4973,#5494,.F.);
#4173=EDGE_CURVE('',#4978,#4974,#5495,.F.);
#4174=EDGE_CURVE('',#4981,#4397,#206,.T.);
#4175=EDGE_CURVE('',#4982,#4981,#686,.F.);
#4176=EDGE_CURVE('',#4982,#4399,#207,.T.);
#4177=EDGE_CURVE('',#4983,#4984,#5496,.T.);
#4178=EDGE_CURVE('',#4985,#4983,#687,.F.);
#4179=EDGE_CURVE('',#4985,#4986,#5497,.T.);
#4180=EDGE_CURVE('',#4984,#4986,#688,.T.);
#4181=EDGE_CURVE('',#4987,#4988,#689,.T.);
#4182=EDGE_CURVE('',#4987,#4414,#208,.T.);
#4183=EDGE_CURVE('',#4988,#4416,#209,.T.);
#4184=EDGE_CURVE('',#4987,#4983,#5498,.F.);
#4185=EDGE_CURVE('',#4988,#4985,#5499,.F.);
#4186=EDGE_CURVE('',#4984,#4981,#5500,.F.);
#4187=EDGE_CURVE('',#4986,#4982,#5501,.F.);
#4188=EDGE_CURVE('',#4989,#4405,#210,.T.);
#4189=EDGE_CURVE('',#4990,#4989,#690,.F.);
#4190=EDGE_CURVE('',#4990,#4407,#211,.T.);
#4191=EDGE_CURVE('',#4991,#4992,#5502,.T.);
#4192=EDGE_CURVE('',#4993,#4991,#691,.F.);
#4193=EDGE_CURVE('',#4993,#4994,#5503,.T.);
#4194=EDGE_CURVE('',#4992,#4994,#692,.T.);
#4195=EDGE_CURVE('',#4995,#4996,#693,.T.);
#4196=EDGE_CURVE('',#4995,#4410,#212,.T.);
#4197=EDGE_CURVE('',#4996,#4412,#213,.T.);
#4198=EDGE_CURVE('',#4995,#4991,#5504,.F.);
#4199=EDGE_CURVE('',#4996,#4993,#5505,.F.);
#4200=EDGE_CURVE('',#4992,#4989,#5506,.F.);
#4201=EDGE_CURVE('',#4994,#4990,#5507,.F.);
#4202=EDGE_CURVE('',#4997,#4393,#214,.T.);
#4203=EDGE_CURVE('',#4998,#4997,#694,.F.);
#4204=EDGE_CURVE('',#4998,#4395,#215,.T.);
#4205=EDGE_CURVE('',#4999,#5000,#5508,.T.);
#4206=EDGE_CURVE('',#5001,#4999,#695,.F.);
#4207=EDGE_CURVE('',#5001,#5002,#5509,.T.);
#4208=EDGE_CURVE('',#5000,#5002,#696,.T.);
#4209=EDGE_CURVE('',#5003,#5004,#697,.T.);
#4210=EDGE_CURVE('',#5003,#4406,#216,.T.);
#4211=EDGE_CURVE('',#5004,#4408,#217,.T.);
#4212=EDGE_CURVE('',#5003,#4999,#5510,.F.);
#4213=EDGE_CURVE('',#5004,#5001,#5511,.F.);
#4214=EDGE_CURVE('',#5000,#4997,#5512,.F.);
#4215=EDGE_CURVE('',#5002,#4998,#5513,.F.);
#4216=EDGE_CURVE('',#5005,#4409,#218,.T.);
#4217=EDGE_CURVE('',#5006,#5005,#698,.F.);
#4218=EDGE_CURVE('',#5006,#4411,#219,.T.);
#4219=EDGE_CURVE('',#5007,#5008,#5514,.T.);
#4220=EDGE_CURVE('',#5009,#5007,#699,.F.);
#4221=EDGE_CURVE('',#5009,#5010,#5515,.T.);
#4222=EDGE_CURVE('',#5008,#5010,#700,.T.);
#4223=EDGE_CURVE('',#5011,#5012,#701,.T.);
#4224=EDGE_CURVE('',#5011,#4402,#220,.T.);
#4225=EDGE_CURVE('',#5012,#4404,#221,.T.);
#4226=EDGE_CURVE('',#5011,#5007,#5516,.F.);
#4227=EDGE_CURVE('',#5012,#5009,#5517,.F.);
#4228=EDGE_CURVE('',#5008,#5005,#5518,.F.);
#4229=EDGE_CURVE('',#5010,#5006,#5519,.F.);
#4230=EDGE_CURVE('',#5013,#4401,#222,.T.);
#4231=EDGE_CURVE('',#5014,#5013,#702,.F.);
#4232=EDGE_CURVE('',#5014,#4403,#223,.T.);
#4233=EDGE_CURVE('',#5015,#5016,#5520,.T.);
#4234=EDGE_CURVE('',#5017,#5015,#703,.F.);
#4235=EDGE_CURVE('',#5017,#5018,#5521,.T.);
#4236=EDGE_CURVE('',#5016,#5018,#704,.T.);
#4237=EDGE_CURVE('',#5019,#5020,#705,.T.);
#4238=EDGE_CURVE('',#5019,#4398,#224,.T.);
#4239=EDGE_CURVE('',#5020,#4400,#225,.T.);
#4240=EDGE_CURVE('',#5019,#5015,#5522,.F.);
#4241=EDGE_CURVE('',#5020,#5017,#5523,.F.);
#4242=EDGE_CURVE('',#5016,#5013,#5524,.F.);
#4243=EDGE_CURVE('',#5018,#5014,#5525,.F.);
#4244=EDGE_CURVE('',#5021,#4389,#226,.T.);
#4245=EDGE_CURVE('',#5022,#5021,#706,.F.);
#4246=EDGE_CURVE('',#5022,#4391,#227,.T.);
#4247=EDGE_CURVE('',#5023,#5024,#5526,.T.);
#4248=EDGE_CURVE('',#5025,#5023,#707,.F.);
#4249=EDGE_CURVE('',#5025,#5026,#5527,.T.);
#4250=EDGE_CURVE('',#5024,#5026,#708,.T.);
#4251=EDGE_CURVE('',#5027,#5028,#709,.T.);
#4252=EDGE_CURVE('',#5027,#4394,#228,.T.);
#4253=EDGE_CURVE('',#5028,#4396,#229,.T.);
#4254=EDGE_CURVE('',#5027,#5023,#5528,.F.);
#4255=EDGE_CURVE('',#5028,#5025,#5529,.F.);
#4256=EDGE_CURVE('',#5024,#5021,#5530,.F.);
#4257=EDGE_CURVE('',#5026,#5022,#5531,.F.);
#4258=EDGE_CURVE('',#5029,#4385,#230,.T.);
#4259=EDGE_CURVE('',#5030,#5029,#710,.F.);
#4260=EDGE_CURVE('',#5030,#4387,#231,.T.);
#4261=EDGE_CURVE('',#5031,#5032,#5532,.T.);
#4262=EDGE_CURVE('',#5033,#5031,#711,.F.);
#4263=EDGE_CURVE('',#5033,#5034,#5533,.T.);
#4264=EDGE_CURVE('',#5032,#5034,#712,.T.);
#4265=EDGE_CURVE('',#5035,#5036,#713,.T.);
#4266=EDGE_CURVE('',#5035,#4390,#232,.T.);
#4267=EDGE_CURVE('',#5036,#4392,#233,.T.);
#4268=EDGE_CURVE('',#5035,#5031,#5534,.F.);
#4269=EDGE_CURVE('',#5036,#5033,#5535,.F.);
#4270=EDGE_CURVE('',#5032,#5029,#5536,.F.);
#4271=EDGE_CURVE('',#5034,#5030,#5537,.F.);
#4272=EDGE_CURVE('',#5037,#4381,#234,.T.);
#4273=EDGE_CURVE('',#5038,#5037,#714,.F.);
#4274=EDGE_CURVE('',#5038,#4383,#235,.T.);
#4275=EDGE_CURVE('',#5039,#5040,#5538,.T.);
#4276=EDGE_CURVE('',#5041,#5039,#715,.F.);
#4277=EDGE_CURVE('',#5041,#5042,#5539,.T.);
#4278=EDGE_CURVE('',#5040,#5042,#716,.T.);
#4279=EDGE_CURVE('',#5043,#5044,#717,.T.);
#4280=EDGE_CURVE('',#5043,#4386,#236,.T.);
#4281=EDGE_CURVE('',#5044,#4388,#237,.T.);
#4282=EDGE_CURVE('',#5043,#5039,#5540,.F.);
#4283=EDGE_CURVE('',#5044,#5041,#5541,.F.);
#4284=EDGE_CURVE('',#5040,#5037,#5542,.F.);
#4285=EDGE_CURVE('',#5042,#5038,#5543,.F.);
#4286=EDGE_CURVE('',#5045,#4377,#238,.T.);
#4287=EDGE_CURVE('',#5046,#5045,#718,.F.);
#4288=EDGE_CURVE('',#5046,#4379,#239,.T.);
#4289=EDGE_CURVE('',#5047,#5048,#5544,.T.);
#4290=EDGE_CURVE('',#5049,#5047,#719,.F.);
#4291=EDGE_CURVE('',#5049,#5050,#5545,.T.);
#4292=EDGE_CURVE('',#5048,#5050,#720,.T.);
#4293=EDGE_CURVE('',#5051,#5052,#721,.T.);
#4294=EDGE_CURVE('',#5051,#4382,#240,.T.);
#4295=EDGE_CURVE('',#5052,#4384,#241,.T.);
#4296=EDGE_CURVE('',#5051,#5047,#5546,.F.);
#4297=EDGE_CURVE('',#5052,#5049,#5547,.F.);
#4298=EDGE_CURVE('',#5048,#5045,#5548,.F.);
#4299=EDGE_CURVE('',#5050,#5046,#5549,.F.);
#4300=EDGE_CURVE('',#5053,#4373,#242,.T.);
#4301=EDGE_CURVE('',#5054,#5053,#722,.F.);
#4302=EDGE_CURVE('',#5054,#4375,#243,.T.);
#4303=EDGE_CURVE('',#5055,#5056,#5550,.T.);
#4304=EDGE_CURVE('',#5057,#5055,#723,.F.);
#4305=EDGE_CURVE('',#5057,#5058,#5551,.T.);
#4306=EDGE_CURVE('',#5056,#5058,#724,.T.);
#4307=EDGE_CURVE('',#5059,#5060,#725,.T.);
#4308=EDGE_CURVE('',#5059,#4378,#244,.T.);
#4309=EDGE_CURVE('',#5060,#4380,#245,.T.);
#4310=EDGE_CURVE('',#5059,#5055,#5552,.F.);
#4311=EDGE_CURVE('',#5060,#5057,#5553,.F.);
#4312=EDGE_CURVE('',#5056,#5053,#5554,.F.);
#4313=EDGE_CURVE('',#5058,#5054,#5555,.F.);
#4314=EDGE_CURVE('',#5061,#4369,#246,.T.);
#4315=EDGE_CURVE('',#5062,#5061,#726,.F.);
#4316=EDGE_CURVE('',#5062,#4371,#247,.T.);
#4317=EDGE_CURVE('',#5063,#5064,#5556,.T.);
#4318=EDGE_CURVE('',#5065,#5063,#727,.F.);
#4319=EDGE_CURVE('',#5065,#5066,#5557,.T.);
#4320=EDGE_CURVE('',#5064,#5066,#728,.T.);
#4321=EDGE_CURVE('',#5067,#5068,#729,.T.);
#4322=EDGE_CURVE('',#5067,#4374,#248,.T.);
#4323=EDGE_CURVE('',#5068,#4376,#249,.T.);
#4324=EDGE_CURVE('',#5067,#5063,#5558,.F.);
#4325=EDGE_CURVE('',#5068,#5065,#5559,.F.);
#4326=EDGE_CURVE('',#5064,#5061,#5560,.F.);
#4327=EDGE_CURVE('',#5066,#5062,#5561,.F.);
#4328=EDGE_CURVE('',#5069,#4365,#250,.T.);
#4329=EDGE_CURVE('',#5070,#5069,#730,.F.);
#4330=EDGE_CURVE('',#5070,#4367,#251,.T.);
#4331=EDGE_CURVE('',#5071,#5072,#5562,.T.);
#4332=EDGE_CURVE('',#5073,#5071,#731,.F.);
#4333=EDGE_CURVE('',#5073,#5074,#5563,.T.);
#4334=EDGE_CURVE('',#5072,#5074,#732,.T.);
#4335=EDGE_CURVE('',#5075,#5076,#733,.T.);
#4336=EDGE_CURVE('',#5075,#4370,#252,.T.);
#4337=EDGE_CURVE('',#5076,#4372,#253,.T.);
#4338=EDGE_CURVE('',#5075,#5071,#5564,.F.);
#4339=EDGE_CURVE('',#5076,#5073,#5565,.F.);
#4340=EDGE_CURVE('',#5072,#5069,#5566,.F.);
#4341=EDGE_CURVE('',#5074,#5070,#5567,.F.);
#4342=EDGE_CURVE('',#5077,#4429,#254,.T.);
#4343=EDGE_CURVE('',#5078,#5077,#734,.F.);
#4344=EDGE_CURVE('',#5078,#4431,#255,.T.);
#4345=EDGE_CURVE('',#5079,#5080,#5568,.T.);
#4346=EDGE_CURVE('',#5081,#5079,#735,.F.);
#4347=EDGE_CURVE('',#5081,#5082,#5569,.T.);
#4348=EDGE_CURVE('',#5080,#5082,#736,.T.);
#4349=EDGE_CURVE('',#5083,#5084,#737,.T.);
#4350=EDGE_CURVE('',#5083,#4366,#256,.T.);
#4351=EDGE_CURVE('',#5084,#4368,#257,.T.);
#4352=EDGE_CURVE('',#5083,#5079,#5570,.F.);
#4353=EDGE_CURVE('',#5084,#5081,#5571,.F.);
#4354=EDGE_CURVE('',#5080,#5077,#5572,.F.);
#4355=EDGE_CURVE('',#5082,#5078,#5573,.F.);
#4356=EDGE_CURVE('',#5085,#5085,#5574,.T.);
#4357=EDGE_CURVE('',#5086,#5086,#5575,.T.);
#4358=EDGE_CURVE('',#5087,#5087,#5576,.F.);
#4359=EDGE_CURVE('',#5088,#5088,#5577,.T.);
#4360=EDGE_CURVE('',#5089,#5089,#5578,.T.);
#4361=EDGE_CURVE('',#5090,#5090,#5579,.T.);
#4362=EDGE_CURVE('',#5091,#5091,#5580,.T.);
#4363=EDGE_CURVE('',#5092,#5092,#5581,.T.);
#4364=EDGE_CURVE('',#5093,#5093,#5582,.T.);
#4365=VERTEX_POINT('',#9552);
#4366=VERTEX_POINT('',#9553);
#4367=VERTEX_POINT('',#9555);
#4368=VERTEX_POINT('',#9557);
#4369=VERTEX_POINT('',#9561);
#4370=VERTEX_POINT('',#9562);
#4371=VERTEX_POINT('',#9564);
#4372=VERTEX_POINT('',#9566);
#4373=VERTEX_POINT('',#9570);
#4374=VERTEX_POINT('',#9571);
#4375=VERTEX_POINT('',#9573);
#4376=VERTEX_POINT('',#9575);
#4377=VERTEX_POINT('',#9579);
#4378=VERTEX_POINT('',#9580);
#4379=VERTEX_POINT('',#9582);
#4380=VERTEX_POINT('',#9584);
#4381=VERTEX_POINT('',#9588);
#4382=VERTEX_POINT('',#9589);
#4383=VERTEX_POINT('',#9591);
#4384=VERTEX_POINT('',#9593);
#4385=VERTEX_POINT('',#9597);
#4386=VERTEX_POINT('',#9598);
#4387=VERTEX_POINT('',#9600);
#4388=VERTEX_POINT('',#9602);
#4389=VERTEX_POINT('',#9606);
#4390=VERTEX_POINT('',#9607);
#4391=VERTEX_POINT('',#9609);
#4392=VERTEX_POINT('',#9611);
#4393=VERTEX_POINT('',#9615);
#4394=VERTEX_POINT('',#9616);
#4395=VERTEX_POINT('',#9618);
#4396=VERTEX_POINT('',#9620);
#4397=VERTEX_POINT('',#9624);
#4398=VERTEX_POINT('',#9625);
#4399=VERTEX_POINT('',#9627);
#4400=VERTEX_POINT('',#9629);
#4401=VERTEX_POINT('',#9633);
#4402=VERTEX_POINT('',#9634);
#4403=VERTEX_POINT('',#9636);
#4404=VERTEX_POINT('',#9638);
#4405=VERTEX_POINT('',#9642);
#4406=VERTEX_POINT('',#9643);
#4407=VERTEX_POINT('',#9645);
#4408=VERTEX_POINT('',#9647);
#4409=VERTEX_POINT('',#9651);
#4410=VERTEX_POINT('',#9652);
#4411=VERTEX_POINT('',#9654);
#4412=VERTEX_POINT('',#9656);
#4413=VERTEX_POINT('',#9660);
#4414=VERTEX_POINT('',#9661);
#4415=VERTEX_POINT('',#9663);
#4416=VERTEX_POINT('',#9665);
#4417=VERTEX_POINT('',#9669);
#4418=VERTEX_POINT('',#9670);
#4419=VERTEX_POINT('',#9672);
#4420=VERTEX_POINT('',#9674);
#4421=VERTEX_POINT('',#9678);
#4422=VERTEX_POINT('',#9679);
#4423=VERTEX_POINT('',#9681);
#4424=VERTEX_POINT('',#9683);
#4425=VERTEX_POINT('',#9687);
#4426=VERTEX_POINT('',#9688);
#4427=VERTEX_POINT('',#9690);
#4428=VERTEX_POINT('',#9692);
#4429=VERTEX_POINT('',#9696);
#4430=VERTEX_POINT('',#9697);
#4431=VERTEX_POINT('',#9699);
#4432=VERTEX_POINT('',#9701);
#4433=VERTEX_POINT('',#9705);
#4434=VERTEX_POINT('',#9706);
#4435=VERTEX_POINT('',#9708);
#4436=VERTEX_POINT('',#9710);
#4437=VERTEX_POINT('',#9714);
#4438=VERTEX_POINT('',#9715);
#4439=VERTEX_POINT('',#9717);
#4440=VERTEX_POINT('',#9719);
#4441=VERTEX_POINT('',#9723);
#4442=VERTEX_POINT('',#9724);
#4443=VERTEX_POINT('',#9726);
#4444=VERTEX_POINT('',#9728);
#4445=VERTEX_POINT('',#9732);
#4446=VERTEX_POINT('',#9733);
#4447=VERTEX_POINT('',#9735);
#4448=VERTEX_POINT('',#9737);
#4449=VERTEX_POINT('',#9741);
#4450=VERTEX_POINT('',#9742);
#4451=VERTEX_POINT('',#9744);
#4452=VERTEX_POINT('',#9746);
#4453=VERTEX_POINT('',#9750);
#4454=VERTEX_POINT('',#9751);
#4455=VERTEX_POINT('',#9753);
#4456=VERTEX_POINT('',#9755);
#4457=VERTEX_POINT('',#9759);
#4458=VERTEX_POINT('',#9760);
#4459=VERTEX_POINT('',#9762);
#4460=VERTEX_POINT('',#9764);
#4461=VERTEX_POINT('',#9768);
#4462=VERTEX_POINT('',#9769);
#4463=VERTEX_POINT('',#9771);
#4464=VERTEX_POINT('',#9773);
#4465=VERTEX_POINT('',#9777);
#4466=VERTEX_POINT('',#9778);
#4467=VERTEX_POINT('',#9780);
#4468=VERTEX_POINT('',#9782);
#4469=VERTEX_POINT('',#9786);
#4470=VERTEX_POINT('',#9787);
#4471=VERTEX_POINT('',#9789);
#4472=VERTEX_POINT('',#9791);
#4473=VERTEX_POINT('',#9795);
#4474=VERTEX_POINT('',#9796);
#4475=VERTEX_POINT('',#9798);
#4476=VERTEX_POINT('',#9800);
#4477=VERTEX_POINT('',#9804);
#4478=VERTEX_POINT('',#9805);
#4479=VERTEX_POINT('',#9807);
#4480=VERTEX_POINT('',#9809);
#4481=VERTEX_POINT('',#9813);
#4482=VERTEX_POINT('',#9814);
#4483=VERTEX_POINT('',#9816);
#4484=VERTEX_POINT('',#9818);
#4485=VERTEX_POINT('',#9822);
#4486=VERTEX_POINT('',#9823);
#4487=VERTEX_POINT('',#9825);
#4488=VERTEX_POINT('',#9827);
#4489=VERTEX_POINT('',#9831);
#4490=VERTEX_POINT('',#9832);
#4491=VERTEX_POINT('',#9834);
#4492=VERTEX_POINT('',#9836);
#4493=VERTEX_POINT('',#9840);
#4494=VERTEX_POINT('',#9841);
#4495=VERTEX_POINT('',#9843);
#4496=VERTEX_POINT('',#9845);
#4497=VERTEX_POINT('',#9849);
#4498=VERTEX_POINT('',#9850);
#4499=VERTEX_POINT('',#9852);
#4500=VERTEX_POINT('',#9854);
#4501=VERTEX_POINT('',#9858);
#4502=VERTEX_POINT('',#9859);
#4503=VERTEX_POINT('',#9861);
#4504=VERTEX_POINT('',#9863);
#4505=VERTEX_POINT('',#9867);
#4506=VERTEX_POINT('',#9868);
#4507=VERTEX_POINT('',#9870);
#4508=VERTEX_POINT('',#9872);
#4509=VERTEX_POINT('',#9876);
#4510=VERTEX_POINT('',#9877);
#4511=VERTEX_POINT('',#9879);
#4512=VERTEX_POINT('',#9881);
#4513=VERTEX_POINT('',#9885);
#4514=VERTEX_POINT('',#9886);
#4515=VERTEX_POINT('',#9888);
#4516=VERTEX_POINT('',#9890);
#4517=VERTEX_POINT('',#9894);
#4518=VERTEX_POINT('',#9895);
#4519=VERTEX_POINT('',#9897);
#4520=VERTEX_POINT('',#9899);
#4521=VERTEX_POINT('',#9903);
#4522=VERTEX_POINT('',#9904);
#4523=VERTEX_POINT('',#9906);
#4524=VERTEX_POINT('',#9908);
#4525=VERTEX_POINT('',#9912);
#4526=VERTEX_POINT('',#9913);
#4527=VERTEX_POINT('',#9915);
#4528=VERTEX_POINT('',#9917);
#4529=VERTEX_POINT('',#9921);
#4530=VERTEX_POINT('',#9922);
#4531=VERTEX_POINT('',#9924);
#4532=VERTEX_POINT('',#9926);
#4533=VERTEX_POINT('',#9930);
#4534=VERTEX_POINT('',#9931);
#4535=VERTEX_POINT('',#9933);
#4536=VERTEX_POINT('',#9935);
#4537=VERTEX_POINT('',#9939);
#4538=VERTEX_POINT('',#9940);
#4539=VERTEX_POINT('',#9942);
#4540=VERTEX_POINT('',#9944);
#4541=VERTEX_POINT('',#9948);
#4542=VERTEX_POINT('',#9949);
#4543=VERTEX_POINT('',#9951);
#4544=VERTEX_POINT('',#9953);
#4545=VERTEX_POINT('',#9957);
#4546=VERTEX_POINT('',#9958);
#4547=VERTEX_POINT('',#9960);
#4548=VERTEX_POINT('',#9962);
#4549=VERTEX_POINT('',#9966);
#4550=VERTEX_POINT('',#9967);
#4551=VERTEX_POINT('',#9969);
#4552=VERTEX_POINT('',#9971);
#4553=VERTEX_POINT('',#9975);
#4554=VERTEX_POINT('',#9976);
#4555=VERTEX_POINT('',#9978);
#4556=VERTEX_POINT('',#9980);
#4557=VERTEX_POINT('',#9984);
#4558=VERTEX_POINT('',#9985);
#4559=VERTEX_POINT('',#9987);
#4560=VERTEX_POINT('',#9989);
#4561=VERTEX_POINT('',#9993);
#4562=VERTEX_POINT('',#9994);
#4563=VERTEX_POINT('',#9996);
#4564=VERTEX_POINT('',#9998);
#4565=VERTEX_POINT('',#10002);
#4566=VERTEX_POINT('',#10003);
#4567=VERTEX_POINT('',#10005);
#4568=VERTEX_POINT('',#10007);
#4569=VERTEX_POINT('',#10011);
#4570=VERTEX_POINT('',#10012);
#4571=VERTEX_POINT('',#10014);
#4572=VERTEX_POINT('',#10016);
#4573=VERTEX_POINT('',#10020);
#4574=VERTEX_POINT('',#10021);
#4575=VERTEX_POINT('',#10023);
#4576=VERTEX_POINT('',#10025);
#4577=VERTEX_POINT('',#10029);
#4578=VERTEX_POINT('',#10030);
#4579=VERTEX_POINT('',#10032);
#4580=VERTEX_POINT('',#10034);
#4581=VERTEX_POINT('',#10038);
#4582=VERTEX_POINT('',#10039);
#4583=VERTEX_POINT('',#10041);
#4584=VERTEX_POINT('',#10043);
#4585=VERTEX_POINT('',#10047);
#4586=VERTEX_POINT('',#10048);
#4587=VERTEX_POINT('',#10050);
#4588=VERTEX_POINT('',#10052);
#4589=VERTEX_POINT('',#10056);
#4590=VERTEX_POINT('',#10057);
#4591=VERTEX_POINT('',#10059);
#4592=VERTEX_POINT('',#10061);
#4593=VERTEX_POINT('',#10065);
#4594=VERTEX_POINT('',#10066);
#4595=VERTEX_POINT('',#10068);
#4596=VERTEX_POINT('',#10070);
#4597=VERTEX_POINT('',#10074);
#4598=VERTEX_POINT('',#10075);
#4599=VERTEX_POINT('',#10077);
#4600=VERTEX_POINT('',#10079);
#4601=VERTEX_POINT('',#10083);
#4602=VERTEX_POINT('',#10084);
#4603=VERTEX_POINT('',#10086);
#4604=VERTEX_POINT('',#10088);
#4605=VERTEX_POINT('',#10114);
#4606=VERTEX_POINT('',#10116);
#4607=VERTEX_POINT('',#10135);
#4608=VERTEX_POINT('',#10136);
#4609=VERTEX_POINT('',#10138);
#4610=VERTEX_POINT('',#10140);
#4611=VERTEX_POINT('',#10151);
#4612=VERTEX_POINT('',#10152);
#4613=VERTEX_POINT('',#10215);
#4614=VERTEX_POINT('',#10217);
#4615=VERTEX_POINT('',#10236);
#4616=VERTEX_POINT('',#10237);
#4617=VERTEX_POINT('',#10239);
#4618=VERTEX_POINT('',#10241);
#4619=VERTEX_POINT('',#10252);
#4620=VERTEX_POINT('',#10253);
#4621=VERTEX_POINT('',#10316);
#4622=VERTEX_POINT('',#10318);
#4623=VERTEX_POINT('',#10337);
#4624=VERTEX_POINT('',#10338);
#4625=VERTEX_POINT('',#10340);
#4626=VERTEX_POINT('',#10342);
#4627=VERTEX_POINT('',#10353);
#4628=VERTEX_POINT('',#10354);
#4629=VERTEX_POINT('',#10417);
#4630=VERTEX_POINT('',#10419);
#4631=VERTEX_POINT('',#10438);
#4632=VERTEX_POINT('',#10439);
#4633=VERTEX_POINT('',#10441);
#4634=VERTEX_POINT('',#10443);
#4635=VERTEX_POINT('',#10454);
#4636=VERTEX_POINT('',#10455);
#4637=VERTEX_POINT('',#10518);
#4638=VERTEX_POINT('',#10520);
#4639=VERTEX_POINT('',#10539);
#4640=VERTEX_POINT('',#10540);
#4641=VERTEX_POINT('',#10542);
#4642=VERTEX_POINT('',#10544);
#4643=VERTEX_POINT('',#10555);
#4644=VERTEX_POINT('',#10556);
#4645=VERTEX_POINT('',#10619);
#4646=VERTEX_POINT('',#10621);
#4647=VERTEX_POINT('',#10640);
#4648=VERTEX_POINT('',#10641);
#4649=VERTEX_POINT('',#10643);
#4650=VERTEX_POINT('',#10645);
#4651=VERTEX_POINT('',#10656);
#4652=VERTEX_POINT('',#10657);
#4653=VERTEX_POINT('',#10720);
#4654=VERTEX_POINT('',#10722);
#4655=VERTEX_POINT('',#10741);
#4656=VERTEX_POINT('',#10742);
#4657=VERTEX_POINT('',#10744);
#4658=VERTEX_POINT('',#10746);
#4659=VERTEX_POINT('',#10757);
#4660=VERTEX_POINT('',#10758);
#4661=VERTEX_POINT('',#10821);
#4662=VERTEX_POINT('',#10823);
#4663=VERTEX_POINT('',#10842);
#4664=VERTEX_POINT('',#10843);
#4665=VERTEX_POINT('',#10845);
#4666=VERTEX_POINT('',#10847);
#4667=VERTEX_POINT('',#10858);
#4668=VERTEX_POINT('',#10859);
#4669=VERTEX_POINT('',#10922);
#4670=VERTEX_POINT('',#10924);
#4671=VERTEX_POINT('',#10943);
#4672=VERTEX_POINT('',#10944);
#4673=VERTEX_POINT('',#10946);
#4674=VERTEX_POINT('',#10948);
#4675=VERTEX_POINT('',#10959);
#4676=VERTEX_POINT('',#10960);
#4677=VERTEX_POINT('',#11023);
#4678=VERTEX_POINT('',#11025);
#4679=VERTEX_POINT('',#11044);
#4680=VERTEX_POINT('',#11045);
#4681=VERTEX_POINT('',#11047);
#4682=VERTEX_POINT('',#11049);
#4683=VERTEX_POINT('',#11060);
#4684=VERTEX_POINT('',#11061);
#4685=VERTEX_POINT('',#11124);
#4686=VERTEX_POINT('',#11126);
#4687=VERTEX_POINT('',#11145);
#4688=VERTEX_POINT('',#11146);
#4689=VERTEX_POINT('',#11148);
#4690=VERTEX_POINT('',#11150);
#4691=VERTEX_POINT('',#11161);
#4692=VERTEX_POINT('',#11162);
#4693=VERTEX_POINT('',#11225);
#4694=VERTEX_POINT('',#11227);
#4695=VERTEX_POINT('',#11246);
#4696=VERTEX_POINT('',#11247);
#4697=VERTEX_POINT('',#11249);
#4698=VERTEX_POINT('',#11251);
#4699=VERTEX_POINT('',#11262);
#4700=VERTEX_POINT('',#11263);
#4701=VERTEX_POINT('',#11326);
#4702=VERTEX_POINT('',#11328);
#4703=VERTEX_POINT('',#11347);
#4704=VERTEX_POINT('',#11348);
#4705=VERTEX_POINT('',#11350);
#4706=VERTEX_POINT('',#11352);
#4707=VERTEX_POINT('',#11363);
#4708=VERTEX_POINT('',#11364);
#4709=VERTEX_POINT('',#11427);
#4710=VERTEX_POINT('',#11429);
#4711=VERTEX_POINT('',#11448);
#4712=VERTEX_POINT('',#11449);
#4713=VERTEX_POINT('',#11451);
#4714=VERTEX_POINT('',#11453);
#4715=VERTEX_POINT('',#11464);
#4716=VERTEX_POINT('',#11465);
#4717=VERTEX_POINT('',#11528);
#4718=VERTEX_POINT('',#11530);
#4719=VERTEX_POINT('',#11549);
#4720=VERTEX_POINT('',#11550);
#4721=VERTEX_POINT('',#11552);
#4722=VERTEX_POINT('',#11554);
#4723=VERTEX_POINT('',#11565);
#4724=VERTEX_POINT('',#11566);
#4725=VERTEX_POINT('',#11629);
#4726=VERTEX_POINT('',#11631);
#4727=VERTEX_POINT('',#11650);
#4728=VERTEX_POINT('',#11651);
#4729=VERTEX_POINT('',#11653);
#4730=VERTEX_POINT('',#11655);
#4731=VERTEX_POINT('',#11666);
#4732=VERTEX_POINT('',#11667);
#4733=VERTEX_POINT('',#11730);
#4734=VERTEX_POINT('',#11732);
#4735=VERTEX_POINT('',#11751);
#4736=VERTEX_POINT('',#11752);
#4737=VERTEX_POINT('',#11754);
#4738=VERTEX_POINT('',#11756);
#4739=VERTEX_POINT('',#11767);
#4740=VERTEX_POINT('',#11768);
#4741=VERTEX_POINT('',#11831);
#4742=VERTEX_POINT('',#11833);
#4743=VERTEX_POINT('',#11852);
#4744=VERTEX_POINT('',#11853);
#4745=VERTEX_POINT('',#11855);
#4746=VERTEX_POINT('',#11857);
#4747=VERTEX_POINT('',#11868);
#4748=VERTEX_POINT('',#11869);
#4749=VERTEX_POINT('',#11932);
#4750=VERTEX_POINT('',#11934);
#4751=VERTEX_POINT('',#11953);
#4752=VERTEX_POINT('',#11954);
#4753=VERTEX_POINT('',#11956);
#4754=VERTEX_POINT('',#11958);
#4755=VERTEX_POINT('',#11969);
#4756=VERTEX_POINT('',#11970);
#4757=VERTEX_POINT('',#12033);
#4758=VERTEX_POINT('',#12035);
#4759=VERTEX_POINT('',#12054);
#4760=VERTEX_POINT('',#12055);
#4761=VERTEX_POINT('',#12057);
#4762=VERTEX_POINT('',#12059);
#4763=VERTEX_POINT('',#12070);
#4764=VERTEX_POINT('',#12071);
#4765=VERTEX_POINT('',#12134);
#4766=VERTEX_POINT('',#12136);
#4767=VERTEX_POINT('',#12155);
#4768=VERTEX_POINT('',#12156);
#4769=VERTEX_POINT('',#12158);
#4770=VERTEX_POINT('',#12160);
#4771=VERTEX_POINT('',#12171);
#4772=VERTEX_POINT('',#12172);
#4773=VERTEX_POINT('',#12235);
#4774=VERTEX_POINT('',#12237);
#4775=VERTEX_POINT('',#12256);
#4776=VERTEX_POINT('',#12257);
#4777=VERTEX_POINT('',#12259);
#4778=VERTEX_POINT('',#12261);
#4779=VERTEX_POINT('',#12272);
#4780=VERTEX_POINT('',#12273);
#4781=VERTEX_POINT('',#12336);
#4782=VERTEX_POINT('',#12338);
#4783=VERTEX_POINT('',#12357);
#4784=VERTEX_POINT('',#12358);
#4785=VERTEX_POINT('',#12360);
#4786=VERTEX_POINT('',#12362);
#4787=VERTEX_POINT('',#12373);
#4788=VERTEX_POINT('',#12374);
#4789=VERTEX_POINT('',#12437);
#4790=VERTEX_POINT('',#12439);
#4791=VERTEX_POINT('',#12458);
#4792=VERTEX_POINT('',#12459);
#4793=VERTEX_POINT('',#12461);
#4794=VERTEX_POINT('',#12463);
#4795=VERTEX_POINT('',#12474);
#4796=VERTEX_POINT('',#12475);
#4797=VERTEX_POINT('',#12538);
#4798=VERTEX_POINT('',#12540);
#4799=VERTEX_POINT('',#12559);
#4800=VERTEX_POINT('',#12560);
#4801=VERTEX_POINT('',#12562);
#4802=VERTEX_POINT('',#12564);
#4803=VERTEX_POINT('',#12575);
#4804=VERTEX_POINT('',#12576);
#4805=VERTEX_POINT('',#12639);
#4806=VERTEX_POINT('',#12641);
#4807=VERTEX_POINT('',#12660);
#4808=VERTEX_POINT('',#12661);
#4809=VERTEX_POINT('',#12663);
#4810=VERTEX_POINT('',#12665);
#4811=VERTEX_POINT('',#12676);
#4812=VERTEX_POINT('',#12677);
#4813=VERTEX_POINT('',#12740);
#4814=VERTEX_POINT('',#12742);
#4815=VERTEX_POINT('',#12761);
#4816=VERTEX_POINT('',#12762);
#4817=VERTEX_POINT('',#12764);
#4818=VERTEX_POINT('',#12766);
#4819=VERTEX_POINT('',#12777);
#4820=VERTEX_POINT('',#12778);
#4821=VERTEX_POINT('',#12841);
#4822=VERTEX_POINT('',#12843);
#4823=VERTEX_POINT('',#12862);
#4824=VERTEX_POINT('',#12863);
#4825=VERTEX_POINT('',#12865);
#4826=VERTEX_POINT('',#12867);
#4827=VERTEX_POINT('',#12878);
#4828=VERTEX_POINT('',#12879);
#4829=VERTEX_POINT('',#12942);
#4830=VERTEX_POINT('',#12944);
#4831=VERTEX_POINT('',#12963);
#4832=VERTEX_POINT('',#12964);
#4833=VERTEX_POINT('',#12966);
#4834=VERTEX_POINT('',#12968);
#4835=VERTEX_POINT('',#12979);
#4836=VERTEX_POINT('',#12980);
#4837=VERTEX_POINT('',#13043);
#4838=VERTEX_POINT('',#13045);
#4839=VERTEX_POINT('',#13064);
#4840=VERTEX_POINT('',#13065);
#4841=VERTEX_POINT('',#13067);
#4842=VERTEX_POINT('',#13069);
#4843=VERTEX_POINT('',#13080);
#4844=VERTEX_POINT('',#13081);
#4845=VERTEX_POINT('',#13144);
#4846=VERTEX_POINT('',#13146);
#4847=VERTEX_POINT('',#13165);
#4848=VERTEX_POINT('',#13166);
#4849=VERTEX_POINT('',#13168);
#4850=VERTEX_POINT('',#13170);
#4851=VERTEX_POINT('',#13181);
#4852=VERTEX_POINT('',#13182);
#4853=VERTEX_POINT('',#13245);
#4854=VERTEX_POINT('',#13247);
#4855=VERTEX_POINT('',#13266);
#4856=VERTEX_POINT('',#13267);
#4857=VERTEX_POINT('',#13269);
#4858=VERTEX_POINT('',#13271);
#4859=VERTEX_POINT('',#13282);
#4860=VERTEX_POINT('',#13283);
#4861=VERTEX_POINT('',#13346);
#4862=VERTEX_POINT('',#13348);
#4863=VERTEX_POINT('',#13367);
#4864=VERTEX_POINT('',#13368);
#4865=VERTEX_POINT('',#13370);
#4866=VERTEX_POINT('',#13372);
#4867=VERTEX_POINT('',#13383);
#4868=VERTEX_POINT('',#13384);
#4869=VERTEX_POINT('',#13447);
#4870=VERTEX_POINT('',#13449);
#4871=VERTEX_POINT('',#13468);
#4872=VERTEX_POINT('',#13469);
#4873=VERTEX_POINT('',#13471);
#4874=VERTEX_POINT('',#13473);
#4875=VERTEX_POINT('',#13484);
#4876=VERTEX_POINT('',#13485);
#4877=VERTEX_POINT('',#13548);
#4878=VERTEX_POINT('',#13550);
#4879=VERTEX_POINT('',#13569);
#4880=VERTEX_POINT('',#13570);
#4881=VERTEX_POINT('',#13572);
#4882=VERTEX_POINT('',#13574);
#4883=VERTEX_POINT('',#13585);
#4884=VERTEX_POINT('',#13586);
#4885=VERTEX_POINT('',#13649);
#4886=VERTEX_POINT('',#13651);
#4887=VERTEX_POINT('',#13670);
#4888=VERTEX_POINT('',#13671);
#4889=VERTEX_POINT('',#13673);
#4890=VERTEX_POINT('',#13675);
#4891=VERTEX_POINT('',#13686);
#4892=VERTEX_POINT('',#13687);
#4893=VERTEX_POINT('',#13750);
#4894=VERTEX_POINT('',#13752);
#4895=VERTEX_POINT('',#13771);
#4896=VERTEX_POINT('',#13772);
#4897=VERTEX_POINT('',#13774);
#4898=VERTEX_POINT('',#13776);
#4899=VERTEX_POINT('',#13787);
#4900=VERTEX_POINT('',#13788);
#4901=VERTEX_POINT('',#13851);
#4902=VERTEX_POINT('',#13853);
#4903=VERTEX_POINT('',#13872);
#4904=VERTEX_POINT('',#13873);
#4905=VERTEX_POINT('',#13875);
#4906=VERTEX_POINT('',#13877);
#4907=VERTEX_POINT('',#13888);
#4908=VERTEX_POINT('',#13889);
#4909=VERTEX_POINT('',#13952);
#4910=VERTEX_POINT('',#13954);
#4911=VERTEX_POINT('',#13973);
#4912=VERTEX_POINT('',#13974);
#4913=VERTEX_POINT('',#13976);
#4914=VERTEX_POINT('',#13978);
#4915=VERTEX_POINT('',#13989);
#4916=VERTEX_POINT('',#13990);
#4917=VERTEX_POINT('',#14053);
#4918=VERTEX_POINT('',#14055);
#4919=VERTEX_POINT('',#14074);
#4920=VERTEX_POINT('',#14075);
#4921=VERTEX_POINT('',#14077);
#4922=VERTEX_POINT('',#14079);
#4923=VERTEX_POINT('',#14090);
#4924=VERTEX_POINT('',#14091);
#4925=VERTEX_POINT('',#14154);
#4926=VERTEX_POINT('',#14156);
#4927=VERTEX_POINT('',#14175);
#4928=VERTEX_POINT('',#14176);
#4929=VERTEX_POINT('',#14178);
#4930=VERTEX_POINT('',#14180);
#4931=VERTEX_POINT('',#14191);
#4932=VERTEX_POINT('',#14192);
#4933=VERTEX_POINT('',#14255);
#4934=VERTEX_POINT('',#14257);
#4935=VERTEX_POINT('',#14276);
#4936=VERTEX_POINT('',#14277);
#4937=VERTEX_POINT('',#14279);
#4938=VERTEX_POINT('',#14281);
#4939=VERTEX_POINT('',#14292);
#4940=VERTEX_POINT('',#14293);
#4941=VERTEX_POINT('',#14356);
#4942=VERTEX_POINT('',#14358);
#4943=VERTEX_POINT('',#14377);
#4944=VERTEX_POINT('',#14378);
#4945=VERTEX_POINT('',#14380);
#4946=VERTEX_POINT('',#14382);
#4947=VERTEX_POINT('',#14393);
#4948=VERTEX_POINT('',#14394);
#4949=VERTEX_POINT('',#14457);
#4950=VERTEX_POINT('',#14459);
#4951=VERTEX_POINT('',#14478);
#4952=VERTEX_POINT('',#14479);
#4953=VERTEX_POINT('',#14481);
#4954=VERTEX_POINT('',#14483);
#4955=VERTEX_POINT('',#14494);
#4956=VERTEX_POINT('',#14495);
#4957=VERTEX_POINT('',#14558);
#4958=VERTEX_POINT('',#14560);
#4959=VERTEX_POINT('',#14579);
#4960=VERTEX_POINT('',#14580);
#4961=VERTEX_POINT('',#14582);
#4962=VERTEX_POINT('',#14584);
#4963=VERTEX_POINT('',#14595);
#4964=VERTEX_POINT('',#14596);
#4965=VERTEX_POINT('',#14659);
#4966=VERTEX_POINT('',#14661);
#4967=VERTEX_POINT('',#14680);
#4968=VERTEX_POINT('',#14681);
#4969=VERTEX_POINT('',#14683);
#4970=VERTEX_POINT('',#14685);
#4971=VERTEX_POINT('',#14696);
#4972=VERTEX_POINT('',#14697);
#4973=VERTEX_POINT('',#14760);
#4974=VERTEX_POINT('',#14762);
#4975=VERTEX_POINT('',#14781);
#4976=VERTEX_POINT('',#14782);
#4977=VERTEX_POINT('',#14784);
#4978=VERTEX_POINT('',#14786);
#4979=VERTEX_POINT('',#14797);
#4980=VERTEX_POINT('',#14798);
#4981=VERTEX_POINT('',#14861);
#4982=VERTEX_POINT('',#14863);
#4983=VERTEX_POINT('',#14882);
#4984=VERTEX_POINT('',#14883);
#4985=VERTEX_POINT('',#14885);
#4986=VERTEX_POINT('',#14887);
#4987=VERTEX_POINT('',#14898);
#4988=VERTEX_POINT('',#14899);
#4989=VERTEX_POINT('',#14962);
#4990=VERTEX_POINT('',#14964);
#4991=VERTEX_POINT('',#14983);
#4992=VERTEX_POINT('',#14984);
#4993=VERTEX_POINT('',#14986);
#4994=VERTEX_POINT('',#14988);
#4995=VERTEX_POINT('',#14999);
#4996=VERTEX_POINT('',#15000);
#4997=VERTEX_POINT('',#15063);
#4998=VERTEX_POINT('',#15065);
#4999=VERTEX_POINT('',#15084);
#5000=VERTEX_POINT('',#15085);
#5001=VERTEX_POINT('',#15087);
#5002=VERTEX_POINT('',#15089);
#5003=VERTEX_POINT('',#15100);
#5004=VERTEX_POINT('',#15101);
#5005=VERTEX_POINT('',#15164);
#5006=VERTEX_POINT('',#15166);
#5007=VERTEX_POINT('',#15185);
#5008=VERTEX_POINT('',#15186);
#5009=VERTEX_POINT('',#15188);
#5010=VERTEX_POINT('',#15190);
#5011=VERTEX_POINT('',#15201);
#5012=VERTEX_POINT('',#15202);
#5013=VERTEX_POINT('',#15265);
#5014=VERTEX_POINT('',#15267);
#5015=VERTEX_POINT('',#15286);
#5016=VERTEX_POINT('',#15287);
#5017=VERTEX_POINT('',#15289);
#5018=VERTEX_POINT('',#15291);
#5019=VERTEX_POINT('',#15302);
#5020=VERTEX_POINT('',#15303);
#5021=VERTEX_POINT('',#15366);
#5022=VERTEX_POINT('',#15368);
#5023=VERTEX_POINT('',#15387);
#5024=VERTEX_POINT('',#15388);
#5025=VERTEX_POINT('',#15390);
#5026=VERTEX_POINT('',#15392);
#5027=VERTEX_POINT('',#15403);
#5028=VERTEX_POINT('',#15404);
#5029=VERTEX_POINT('',#15467);
#5030=VERTEX_POINT('',#15469);
#5031=VERTEX_POINT('',#15488);
#5032=VERTEX_POINT('',#15489);
#5033=VERTEX_POINT('',#15491);
#5034=VERTEX_POINT('',#15493);
#5035=VERTEX_POINT('',#15504);
#5036=VERTEX_POINT('',#15505);
#5037=VERTEX_POINT('',#15568);
#5038=VERTEX_POINT('',#15570);
#5039=VERTEX_POINT('',#15589);
#5040=VERTEX_POINT('',#15590);
#5041=VERTEX_POINT('',#15592);
#5042=VERTEX_POINT('',#15594);
#5043=VERTEX_POINT('',#15605);
#5044=VERTEX_POINT('',#15606);
#5045=VERTEX_POINT('',#15669);
#5046=VERTEX_POINT('',#15671);
#5047=VERTEX_POINT('',#15690);
#5048=VERTEX_POINT('',#15691);
#5049=VERTEX_POINT('',#15693);
#5050=VERTEX_POINT('',#15695);
#5051=VERTEX_POINT('',#15706);
#5052=VERTEX_POINT('',#15707);
#5053=VERTEX_POINT('',#15770);
#5054=VERTEX_POINT('',#15772);
#5055=VERTEX_POINT('',#15791);
#5056=VERTEX_POINT('',#15792);
#5057=VERTEX_POINT('',#15794);
#5058=VERTEX_POINT('',#15796);
#5059=VERTEX_POINT('',#15807);
#5060=VERTEX_POINT('',#15808);
#5061=VERTEX_POINT('',#15871);
#5062=VERTEX_POINT('',#15873);
#5063=VERTEX_POINT('',#15892);
#5064=VERTEX_POINT('',#15893);
#5065=VERTEX_POINT('',#15895);
#5066=VERTEX_POINT('',#15897);
#5067=VERTEX_POINT('',#15908);
#5068=VERTEX_POINT('',#15909);
#5069=VERTEX_POINT('',#15972);
#5070=VERTEX_POINT('',#15974);
#5071=VERTEX_POINT('',#15993);
#5072=VERTEX_POINT('',#15994);
#5073=VERTEX_POINT('',#15996);
#5074=VERTEX_POINT('',#15998);
#5075=VERTEX_POINT('',#16009);
#5076=VERTEX_POINT('',#16010);
#5077=VERTEX_POINT('',#16073);
#5078=VERTEX_POINT('',#16075);
#5079=VERTEX_POINT('',#16094);
#5080=VERTEX_POINT('',#16095);
#5081=VERTEX_POINT('',#16097);
#5082=VERTEX_POINT('',#16099);
#5083=VERTEX_POINT('',#16110);
#5084=VERTEX_POINT('',#16111);
#5085=VERTEX_POINT('',#16152);
#5086=VERTEX_POINT('',#16154);
#5087=VERTEX_POINT('',#16157);
#5088=VERTEX_POINT('',#16159);
#5089=VERTEX_POINT('',#16162);
#5090=VERTEX_POINT('',#16165);
#5091=VERTEX_POINT('',#16169);
#5092=VERTEX_POINT('',#16172);
#5093=VERTEX_POINT('',#16174);
#5094=CIRCLE('',#6971,4.54666666666667);
#5095=CIRCLE('',#6972,4.54666666666667);
#5096=CIRCLE('',#6974,4.54666666666667);
#5097=CIRCLE('',#6975,4.54666666666667);
#5098=CIRCLE('',#6977,4.54666666666667);
#5099=CIRCLE('',#6978,4.54666666666667);
#5100=CIRCLE('',#6980,4.54666666666667);
#5101=CIRCLE('',#6981,4.54666666666667);
#5102=CIRCLE('',#6983,4.54666666666667);
#5103=CIRCLE('',#6984,4.54666666666667);
#5104=CIRCLE('',#6986,4.54666666666667);
#5105=CIRCLE('',#6987,4.54666666666667);
#5106=CIRCLE('',#6989,4.54666666666667);
#5107=CIRCLE('',#6990,4.54666666666667);
#5108=CIRCLE('',#6992,4.54666666666667);
#5109=CIRCLE('',#6993,4.54666666666667);
#5110=CIRCLE('',#6995,4.54666666666667);
#5111=CIRCLE('',#6996,4.54666666666667);
#5112=CIRCLE('',#6998,4.54666666666667);
#5113=CIRCLE('',#6999,4.54666666666667);
#5114=CIRCLE('',#7001,4.54666666666667);
#5115=CIRCLE('',#7002,4.54666666666667);
#5116=CIRCLE('',#7004,4.54666666666667);
#5117=CIRCLE('',#7005,4.54666666666667);
#5118=CIRCLE('',#7007,4.54666666666667);
#5119=CIRCLE('',#7008,4.54666666666667);
#5120=CIRCLE('',#7010,4.54666666666667);
#5121=CIRCLE('',#7011,4.54666666666667);
#5122=CIRCLE('',#7013,4.54666666666667);
#5123=CIRCLE('',#7014,4.54666666666667);
#5124=CIRCLE('',#7016,4.54666666666667);
#5125=CIRCLE('',#7017,4.54666666666667);
#5126=CIRCLE('',#7019,4.54666666666667);
#5127=CIRCLE('',#7020,4.54666666666667);
#5128=CIRCLE('',#7022,4.54666666666667);
#5129=CIRCLE('',#7023,4.54666666666667);
#5130=CIRCLE('',#7025,4.54666666666667);
#5131=CIRCLE('',#7026,4.54666666666667);
#5132=CIRCLE('',#7028,4.54666666666667);
#5133=CIRCLE('',#7029,4.54666666666667);
#5134=CIRCLE('',#7031,4.54666666666667);
#5135=CIRCLE('',#7032,4.54666666666667);
#5136=CIRCLE('',#7034,4.54666666666667);
#5137=CIRCLE('',#7035,4.54666666666667);
#5138=CIRCLE('',#7037,4.54666666666667);
#5139=CIRCLE('',#7038,4.54666666666667);
#5140=CIRCLE('',#7040,4.54666666666667);
#5141=CIRCLE('',#7041,4.54666666666667);
#5142=CIRCLE('',#7043,4.54666666666667);
#5143=CIRCLE('',#7044,4.54666666666667);
#5144=CIRCLE('',#7046,4.54666666666667);
#5145=CIRCLE('',#7047,4.54666666666667);
#5146=CIRCLE('',#7049,4.54666666666667);
#5147=CIRCLE('',#7050,4.54666666666667);
#5148=CIRCLE('',#7052,4.54666666666667);
#5149=CIRCLE('',#7053,4.54666666666667);
#5150=CIRCLE('',#7055,4.54666666666667);
#5151=CIRCLE('',#7056,4.54666666666667);
#5152=CIRCLE('',#7058,4.54666666666667);
#5153=CIRCLE('',#7059,4.54666666666667);
#5154=CIRCLE('',#7061,4.54666666666667);
#5155=CIRCLE('',#7062,4.54666666666667);
#5156=CIRCLE('',#7064,4.54666666666667);
#5157=CIRCLE('',#7065,4.54666666666667);
#5158=CIRCLE('',#7067,4.54666666666667);
#5159=CIRCLE('',#7068,4.54666666666667);
#5160=CIRCLE('',#7070,4.54666666666667);
#5161=CIRCLE('',#7071,4.54666666666667);
#5162=CIRCLE('',#7073,4.54666666666667);
#5163=CIRCLE('',#7074,4.54666666666667);
#5164=CIRCLE('',#7076,4.54666666666667);
#5165=CIRCLE('',#7077,4.54666666666667);
#5166=CIRCLE('',#7079,4.54666666666667);
#5167=CIRCLE('',#7080,4.54666666666667);
#5168=CIRCLE('',#7082,4.54666666666667);
#5169=CIRCLE('',#7083,4.54666666666667);
#5170=CIRCLE('',#7085,4.54666666666667);
#5171=CIRCLE('',#7086,4.54666666666667);
#5172=CIRCLE('',#7088,4.54666666666667);
#5173=CIRCLE('',#7089,4.54666666666667);
#5174=CIRCLE('',#7091,4.54666666666667);
#5175=CIRCLE('',#7092,4.54666666666667);
#5176=CIRCLE('',#7094,4.54666666666667);
#5177=CIRCLE('',#7095,4.54666666666667);
#5178=CIRCLE('',#7097,4.54666666666667);
#5179=CIRCLE('',#7098,4.54666666666667);
#5180=CIRCLE('',#7100,4.54666666666667);
#5181=CIRCLE('',#7101,4.54666666666667);
#5182=CIRCLE('',#7103,4.54666666666667);
#5183=CIRCLE('',#7104,4.54666666666667);
#5184=CIRCLE('',#7106,4.54666666666667);
#5185=CIRCLE('',#7107,4.54666666666667);
#5186=CIRCLE('',#7109,4.54666666666667);
#5187=CIRCLE('',#7110,4.54666666666667);
#5188=CIRCLE('',#7112,4.54666666666667);
#5189=CIRCLE('',#7113,4.54666666666667);
#5190=CIRCLE('',#7115,4.54666666666667);
#5191=CIRCLE('',#7116,4.54666666666667);
#5192=CIRCLE('',#7118,4.54666666666667);
#5193=CIRCLE('',#7119,4.54666666666667);
#5194=CIRCLE('',#7121,4.54666666666667);
#5195=CIRCLE('',#7122,4.54666666666667);
#5196=CIRCLE('',#7124,4.54666666666667);
#5197=CIRCLE('',#7125,4.54666666666667);
#5198=CIRCLE('',#7127,4.54666666666667);
#5199=CIRCLE('',#7128,4.54666666666667);
#5200=CIRCLE('',#7130,4.54666666666667);
#5201=CIRCLE('',#7131,4.54666666666667);
#5202=CIRCLE('',#7133,4.54666666666667);
#5203=CIRCLE('',#7134,4.54666666666667);
#5204=CIRCLE('',#7136,4.54666666666667);
#5205=CIRCLE('',#7137,4.54666666666667);
#5206=CIRCLE('',#7139,4.54666666666667);
#5207=CIRCLE('',#7140,4.54666666666667);
#5208=CIRCLE('',#7142,4.54666666666667);
#5209=CIRCLE('',#7143,4.54666666666667);
#5210=CIRCLE('',#7145,4.54666666666667);
#5211=CIRCLE('',#7146,4.54666666666667);
#5212=CIRCLE('',#7148,4.54666666666667);
#5213=CIRCLE('',#7149,4.54666666666667);
#5214=CIRCLE('',#7151,4.21666666666418);
#5215=CIRCLE('',#7152,4.21666666666418);
#5216=CIRCLE('',#7154,0.0499900328421273);
#5217=CIRCLE('',#7155,0.0499900328421273);
#5218=CIRCLE('',#7157,0.0499900328421273);
#5219=CIRCLE('',#7158,0.0499900328421273);
#5220=CIRCLE('',#7160,4.21666666666418);
#5221=CIRCLE('',#7161,4.21666666666418);
#5222=CIRCLE('',#7163,0.0499900328421273);
#5223=CIRCLE('',#7164,0.0499900328421273);
#5224=CIRCLE('',#7166,0.0499900328421273);
#5225=CIRCLE('',#7167,0.0499900328421273);
#5226=CIRCLE('',#7169,4.21666666666418);
#5227=CIRCLE('',#7170,4.21666666666418);
#5228=CIRCLE('',#7172,0.0499900328421273);
#5229=CIRCLE('',#7173,0.0499900328421273);
#5230=CIRCLE('',#7175,0.0499900328421273);
#5231=CIRCLE('',#7176,0.0499900328421273);
#5232=CIRCLE('',#7178,4.21666666666418);
#5233=CIRCLE('',#7179,4.21666666666418);
#5234=CIRCLE('',#7181,0.0499900328421273);
#5235=CIRCLE('',#7182,0.0499900328421273);
#5236=CIRCLE('',#7184,0.0499900328421273);
#5237=CIRCLE('',#7185,0.0499900328421273);
#5238=CIRCLE('',#7187,4.21666666666418);
#5239=CIRCLE('',#7188,4.21666666666418);
#5240=CIRCLE('',#7190,0.0499900328421273);
#5241=CIRCLE('',#7191,0.0499900328421273);
#5242=CIRCLE('',#7193,0.0499900328421273);
#5243=CIRCLE('',#7194,0.0499900328421273);
#5244=CIRCLE('',#7196,4.21666666666418);
#5245=CIRCLE('',#7197,4.21666666666418);
#5246=CIRCLE('',#7199,0.0499900328421273);
#5247=CIRCLE('',#7200,0.0499900328421273);
#5248=CIRCLE('',#7202,0.0499900328421273);
#5249=CIRCLE('',#7203,0.0499900328421273);
#5250=CIRCLE('',#7205,4.21666666666418);
#5251=CIRCLE('',#7206,4.21666666666418);
#5252=CIRCLE('',#7208,0.0499900328421273);
#5253=CIRCLE('',#7209,0.0499900328421273);
#5254=CIRCLE('',#7211,0.0499900328421273);
#5255=CIRCLE('',#7212,0.0499900328421273);
#5256=CIRCLE('',#7214,4.21666666666418);
#5257=CIRCLE('',#7215,4.21666666666418);
#5258=CIRCLE('',#7217,0.0499900328421273);
#5259=CIRCLE('',#7218,0.0499900328421273);
#5260=CIRCLE('',#7220,0.0499900328421273);
#5261=CIRCLE('',#7221,0.0499900328421273);
#5262=CIRCLE('',#7223,4.21666666666418);
#5263=CIRCLE('',#7224,4.21666666666418);
#5264=CIRCLE('',#7226,0.0499900328421273);
#5265=CIRCLE('',#7227,0.0499900328421273);
#5266=CIRCLE('',#7229,0.0499900328421273);
#5267=CIRCLE('',#7230,0.0499900328421273);
#5268=CIRCLE('',#7232,4.21666666666418);
#5269=CIRCLE('',#7233,4.21666666666418);
#5270=CIRCLE('',#7235,0.0499900328421273);
#5271=CIRCLE('',#7236,0.0499900328421273);
#5272=CIRCLE('',#7238,0.0499900328421273);
#5273=CIRCLE('',#7239,0.0499900328421273);
#5274=CIRCLE('',#7241,4.21666666666418);
#5275=CIRCLE('',#7242,4.21666666666418);
#5276=CIRCLE('',#7244,0.0499900328421273);
#5277=CIRCLE('',#7245,0.0499900328421273);
#5278=CIRCLE('',#7247,0.0499900328421273);
#5279=CIRCLE('',#7248,0.0499900328421273);
#5280=CIRCLE('',#7250,4.21666666666418);
#5281=CIRCLE('',#7251,4.21666666666418);
#5282=CIRCLE('',#7253,0.0499900328421273);
#5283=CIRCLE('',#7254,0.0499900328421273);
#5284=CIRCLE('',#7256,0.0499900328421273);
#5285=CIRCLE('',#7257,0.0499900328421273);
#5286=CIRCLE('',#7259,4.21666666666418);
#5287=CIRCLE('',#7260,4.21666666666418);
#5288=CIRCLE('',#7262,0.0499900328421273);
#5289=CIRCLE('',#7263,0.0499900328421273);
#5290=CIRCLE('',#7265,0.0499900328421273);
#5291=CIRCLE('',#7266,0.0499900328421273);
#5292=CIRCLE('',#7268,4.21666666666418);
#5293=CIRCLE('',#7269,4.21666666666418);
#5294=CIRCLE('',#7271,0.0499900328421273);
#5295=CIRCLE('',#7272,0.0499900328421273);
#5296=CIRCLE('',#7274,0.0499900328421273);
#5297=CIRCLE('',#7275,0.0499900328421273);
#5298=CIRCLE('',#7277,4.21666666666418);
#5299=CIRCLE('',#7278,4.21666666666418);
#5300=CIRCLE('',#7280,0.0499900328421273);
#5301=CIRCLE('',#7281,0.0499900328421273);
#5302=CIRCLE('',#7283,0.0499900328421273);
#5303=CIRCLE('',#7284,0.0499900328421273);
#5304=CIRCLE('',#7286,4.21666666666418);
#5305=CIRCLE('',#7287,4.21666666666418);
#5306=CIRCLE('',#7289,0.0499900328421273);
#5307=CIRCLE('',#7290,0.0499900328421273);
#5308=CIRCLE('',#7292,0.0499900328421273);
#5309=CIRCLE('',#7293,0.0499900328421273);
#5310=CIRCLE('',#7295,4.21666666666418);
#5311=CIRCLE('',#7296,4.21666666666418);
#5312=CIRCLE('',#7298,0.0499900328421273);
#5313=CIRCLE('',#7299,0.0499900328421273);
#5314=CIRCLE('',#7301,0.0499900328421273);
#5315=CIRCLE('',#7302,0.0499900328421273);
#5316=CIRCLE('',#7304,4.21666666666418);
#5317=CIRCLE('',#7305,4.21666666666418);
#5318=CIRCLE('',#7307,0.0499900328421273);
#5319=CIRCLE('',#7308,0.0499900328421273);
#5320=CIRCLE('',#7310,0.0499900328421273);
#5321=CIRCLE('',#7311,0.0499900328421273);
#5322=CIRCLE('',#7313,4.21666666666418);
#5323=CIRCLE('',#7314,4.21666666666418);
#5324=CIRCLE('',#7316,0.0499900328421273);
#5325=CIRCLE('',#7317,0.0499900328421273);
#5326=CIRCLE('',#7319,0.0499900328421273);
#5327=CIRCLE('',#7320,0.0499900328421273);
#5328=CIRCLE('',#7322,4.21666666666418);
#5329=CIRCLE('',#7323,4.21666666666418);
#5330=CIRCLE('',#7325,0.0499900328421273);
#5331=CIRCLE('',#7326,0.0499900328421273);
#5332=CIRCLE('',#7328,0.0499900328421273);
#5333=CIRCLE('',#7329,0.0499900328421273);
#5334=CIRCLE('',#7331,4.21666666666418);
#5335=CIRCLE('',#7332,4.21666666666418);
#5336=CIRCLE('',#7334,0.0499900328421273);
#5337=CIRCLE('',#7335,0.0499900328421273);
#5338=CIRCLE('',#7337,0.0499900328421273);
#5339=CIRCLE('',#7338,0.0499900328421273);
#5340=CIRCLE('',#7340,4.21666666666418);
#5341=CIRCLE('',#7341,4.21666666666418);
#5342=CIRCLE('',#7343,0.0499900328421273);
#5343=CIRCLE('',#7344,0.0499900328421273);
#5344=CIRCLE('',#7346,0.0499900328421273);
#5345=CIRCLE('',#7347,0.0499900328421273);
#5346=CIRCLE('',#7349,4.21666666666418);
#5347=CIRCLE('',#7350,4.21666666666418);
#5348=CIRCLE('',#7352,0.0499900328421273);
#5349=CIRCLE('',#7353,0.0499900328421273);
#5350=CIRCLE('',#7355,0.0499900328421273);
#5351=CIRCLE('',#7356,0.0499900328421273);
#5352=CIRCLE('',#7358,4.21666666666418);
#5353=CIRCLE('',#7359,4.21666666666418);
#5354=CIRCLE('',#7361,0.0499900328421273);
#5355=CIRCLE('',#7362,0.0499900328421273);
#5356=CIRCLE('',#7364,0.0499900328421273);
#5357=CIRCLE('',#7365,0.0499900328421273);
#5358=CIRCLE('',#7367,4.21666666666418);
#5359=CIRCLE('',#7368,4.21666666666418);
#5360=CIRCLE('',#7370,0.0499900328421273);
#5361=CIRCLE('',#7371,0.0499900328421273);
#5362=CIRCLE('',#7373,0.0499900328421273);
#5363=CIRCLE('',#7374,0.0499900328421273);
#5364=CIRCLE('',#7376,4.21666666666418);
#5365=CIRCLE('',#7377,4.21666666666418);
#5366=CIRCLE('',#7379,0.0499900328421273);
#5367=CIRCLE('',#7380,0.0499900328421273);
#5368=CIRCLE('',#7382,0.0499900328421273);
#5369=CIRCLE('',#7383,0.0499900328421273);
#5370=CIRCLE('',#7385,4.21666666666418);
#5371=CIRCLE('',#7386,4.21666666666418);
#5372=CIRCLE('',#7388,0.0499900328421273);
#5373=CIRCLE('',#7389,0.0499900328421273);
#5374=CIRCLE('',#7391,0.0499900328421273);
#5375=CIRCLE('',#7392,0.0499900328421273);
#5376=CIRCLE('',#7394,4.21666666666418);
#5377=CIRCLE('',#7395,4.21666666666418);
#5378=CIRCLE('',#7397,0.0499900328421273);
#5379=CIRCLE('',#7398,0.0499900328421273);
#5380=CIRCLE('',#7400,0.0499900328421273);
#5381=CIRCLE('',#7401,0.0499900328421273);
#5382=CIRCLE('',#7403,4.21666666666418);
#5383=CIRCLE('',#7404,4.21666666666418);
#5384=CIRCLE('',#7406,0.0499900328421273);
#5385=CIRCLE('',#7407,0.0499900328421273);
#5386=CIRCLE('',#7409,0.0499900328421273);
#5387=CIRCLE('',#7410,0.0499900328421273);
#5388=CIRCLE('',#7412,4.21666666666418);
#5389=CIRCLE('',#7413,4.21666666666418);
#5390=CIRCLE('',#7415,0.0499900328421273);
#5391=CIRCLE('',#7416,0.0499900328421273);
#5392=CIRCLE('',#7418,0.0499900328421273);
#5393=CIRCLE('',#7419,0.0499900328421273);
#5394=CIRCLE('',#7421,4.21666666666418);
#5395=CIRCLE('',#7422,4.21666666666418);
#5396=CIRCLE('',#7424,0.0499900328421273);
#5397=CIRCLE('',#7425,0.0499900328421273);
#5398=CIRCLE('',#7427,0.0499900328421273);
#5399=CIRCLE('',#7428,0.0499900328421273);
#5400=CIRCLE('',#7430,4.21666666666418);
#5401=CIRCLE('',#7431,4.21666666666418);
#5402=CIRCLE('',#7433,0.0499900328421273);
#5403=CIRCLE('',#7434,0.0499900328421273);
#5404=CIRCLE('',#7436,0.0499900328421273);
#5405=CIRCLE('',#7437,0.0499900328421273);
#5406=CIRCLE('',#7439,4.21666666666418);
#5407=CIRCLE('',#7440,4.21666666666418);
#5408=CIRCLE('',#7442,0.0499900328421273);
#5409=CIRCLE('',#7443,0.0499900328421273);
#5410=CIRCLE('',#7445,0.0499900328421273);
#5411=CIRCLE('',#7446,0.0499900328421273);
#5412=CIRCLE('',#7448,4.21666666666418);
#5413=CIRCLE('',#7449,4.21666666666418);
#5414=CIRCLE('',#7451,0.0499900328421273);
#5415=CIRCLE('',#7452,0.0499900328421273);
#5416=CIRCLE('',#7454,0.0499900328421273);
#5417=CIRCLE('',#7455,0.0499900328421273);
#5418=CIRCLE('',#7457,4.21666666666418);
#5419=CIRCLE('',#7458,4.21666666666418);
#5420=CIRCLE('',#7460,0.0499900328421273);
#5421=CIRCLE('',#7461,0.0499900328421273);
#5422=CIRCLE('',#7463,0.0499900328421273);
#5423=CIRCLE('',#7464,0.0499900328421273);
#5424=CIRCLE('',#7466,4.21666666666418);
#5425=CIRCLE('',#7467,4.21666666666418);
#5426=CIRCLE('',#7469,0.0499900328421273);
#5427=CIRCLE('',#7470,0.0499900328421273);
#5428=CIRCLE('',#7472,0.0499900328421273);
#5429=CIRCLE('',#7473,0.0499900328421273);
#5430=CIRCLE('',#7475,4.21666666666418);
#5431=CIRCLE('',#7476,4.21666666666418);
#5432=CIRCLE('',#7478,0.0499900328421273);
#5433=CIRCLE('',#7479,0.0499900328421273);
#5434=CIRCLE('',#7481,0.0499900328421273);
#5435=CIRCLE('',#7482,0.0499900328421273);
#5436=CIRCLE('',#7484,4.21666666666418);
#5437=CIRCLE('',#7485,4.21666666666418);
#5438=CIRCLE('',#7487,0.0499900328421273);
#5439=CIRCLE('',#7488,0.0499900328421273);
#5440=CIRCLE('',#7490,0.0499900328421273);
#5441=CIRCLE('',#7491,0.0499900328421273);
#5442=CIRCLE('',#7493,4.21666666666418);
#5443=CIRCLE('',#7494,4.21666666666418);
#5444=CIRCLE('',#7496,0.0499900328421273);
#5445=CIRCLE('',#7497,0.0499900328421273);
#5446=CIRCLE('',#7499,0.0499900328421273);
#5447=CIRCLE('',#7500,0.0499900328421273);
#5448=CIRCLE('',#7502,4.21666666666418);
#5449=CIRCLE('',#7503,4.21666666666418);
#5450=CIRCLE('',#7505,0.0499900328421273);
#5451=CIRCLE('',#7506,0.0499900328421273);
#5452=CIRCLE('',#7508,0.0499900328421273);
#5453=CIRCLE('',#7509,0.0499900328421273);
#5454=CIRCLE('',#7511,4.21666666666418);
#5455=CIRCLE('',#7512,4.21666666666418);
#5456=CIRCLE('',#7514,0.0499900328421273);
#5457=CIRCLE('',#7515,0.0499900328421273);
#5458=CIRCLE('',#7517,0.0499900328421273);
#5459=CIRCLE('',#7518,0.0499900328421273);
#5460=CIRCLE('',#7520,4.21666666666418);
#5461=CIRCLE('',#7521,4.21666666666418);
#5462=CIRCLE('',#7523,0.0499900328421273);
#5463=CIRCLE('',#7524,0.0499900328421273);
#5464=CIRCLE('',#7526,0.0499900328421273);
#5465=CIRCLE('',#7527,0.0499900328421273);
#5466=CIRCLE('',#7529,4.21666666666418);
#5467=CIRCLE('',#7530,4.21666666666418);
#5468=CIRCLE('',#7532,0.0499900328421273);
#5469=CIRCLE('',#7533,0.0499900328421273);
#5470=CIRCLE('',#7535,0.0499900328421273);
#5471=CIRCLE('',#7536,0.0499900328421273);
#5472=CIRCLE('',#7538,4.21666666666418);
#5473=CIRCLE('',#7539,4.21666666666418);
#5474=CIRCLE('',#7541,0.0499900328421273);
#5475=CIRCLE('',#7542,0.0499900328421273);
#5476=CIRCLE('',#7544,0.0499900328421273);
#5477=CIRCLE('',#7545,0.0499900328421273);
#5478=CIRCLE('',#7547,4.21666666666418);
#5479=CIRCLE('',#7548,4.21666666666418);
#5480=CIRCLE('',#7550,0.0499900328421273);
#5481=CIRCLE('',#7551,0.0499900328421273);
#5482=CIRCLE('',#7553,0.0499900328421273);
#5483=CIRCLE('',#7554,0.0499900328421273);
#5484=CIRCLE('',#7556,4.21666666666418);
#5485=CIRCLE('',#7557,4.21666666666418);
#5486=CIRCLE('',#7559,0.0499900328421273);
#5487=CIRCLE('',#7560,0.0499900328421273);
#5488=CIRCLE('',#7562,0.0499900328421273);
#5489=CIRCLE('',#7563,0.0499900328421273);
#5490=CIRCLE('',#7565,4.21666666666418);
#5491=CIRCLE('',#7566,4.21666666666418);
#5492=CIRCLE('',#7568,0.0499900328421273);
#5493=CIRCLE('',#7569,0.0499900328421273);
#5494=CIRCLE('',#7571,0.0499900328421273);
#5495=CIRCLE('',#7572,0.0499900328421273);
#5496=CIRCLE('',#7574,4.21666666666418);
#5497=CIRCLE('',#7575,4.21666666666418);
#5498=CIRCLE('',#7577,0.0499900328421273);
#5499=CIRCLE('',#7578,0.0499900328421273);
#5500=CIRCLE('',#7580,0.0499900328421273);
#5501=CIRCLE('',#7581,0.0499900328421273);
#5502=CIRCLE('',#7583,4.21666666666418);
#5503=CIRCLE('',#7584,4.21666666666418);
#5504=CIRCLE('',#7586,0.0499900328421273);
#5505=CIRCLE('',#7587,0.0499900328421273);
#5506=CIRCLE('',#7589,0.0499900328421273);
#5507=CIRCLE('',#7590,0.0499900328421273);
#5508=CIRCLE('',#7592,4.21666666666418);
#5509=CIRCLE('',#7593,4.21666666666418);
#5510=CIRCLE('',#7595,0.0499900328421273);
#5511=CIRCLE('',#7596,0.0499900328421273);
#5512=CIRCLE('',#7598,0.0499900328421273);
#5513=CIRCLE('',#7599,0.0499900328421273);
#5514=CIRCLE('',#7601,4.21666666666418);
#5515=CIRCLE('',#7602,4.21666666666418);
#5516=CIRCLE('',#7604,0.0499900328421273);
#5517=CIRCLE('',#7605,0.0499900328421273);
#5518=CIRCLE('',#7607,0.0499900328421273);
#5519=CIRCLE('',#7608,0.0499900328421273);
#5520=CIRCLE('',#7610,4.21666666666418);
#5521=CIRCLE('',#7611,4.21666666666418);
#5522=CIRCLE('',#7613,0.0499900328421273);
#5523=CIRCLE('',#7614,0.0499900328421273);
#5524=CIRCLE('',#7616,0.0499900328421273);
#5525=CIRCLE('',#7617,0.0499900328421273);
#5526=CIRCLE('',#7619,4.21666666666418);
#5527=CIRCLE('',#7620,4.21666666666418);
#5528=CIRCLE('',#7622,0.0499900328421273);
#5529=CIRCLE('',#7623,0.0499900328421273);
#5530=CIRCLE('',#7625,0.0499900328421273);
#5531=CIRCLE('',#7626,0.0499900328421273);
#5532=CIRCLE('',#7628,4.21666666666418);
#5533=CIRCLE('',#7629,4.21666666666418);
#5534=CIRCLE('',#7631,0.0499900328421273);
#5535=CIRCLE('',#7632,0.0499900328421273);
#5536=CIRCLE('',#7634,0.0499900328421273);
#5537=CIRCLE('',#7635,0.0499900328421273);
#5538=CIRCLE('',#7637,4.21666666666418);
#5539=CIRCLE('',#7638,4.21666666666418);
#5540=CIRCLE('',#7640,0.0499900328421273);
#5541=CIRCLE('',#7641,0.0499900328421273);
#5542=CIRCLE('',#7643,0.0499900328421273);
#5543=CIRCLE('',#7644,0.0499900328421273);
#5544=CIRCLE('',#7646,4.21666666666418);
#5545=CIRCLE('',#7647,4.21666666666418);
#5546=CIRCLE('',#7649,0.0499900328421273);
#5547=CIRCLE('',#7650,0.0499900328421273);
#5548=CIRCLE('',#7652,0.0499900328421273);
#5549=CIRCLE('',#7653,0.0499900328421273);
#5550=CIRCLE('',#7655,4.21666666666418);
#5551=CIRCLE('',#7656,4.21666666666418);
#5552=CIRCLE('',#7658,0.0499900328421273);
#5553=CIRCLE('',#7659,0.0499900328421273);
#5554=CIRCLE('',#7661,0.0499900328421273);
#5555=CIRCLE('',#7662,0.0499900328421273);
#5556=CIRCLE('',#7664,4.21666666666418);
#5557=CIRCLE('',#7665,4.21666666666418);
#5558=CIRCLE('',#7667,0.0499900328421273);
#5559=CIRCLE('',#7668,0.0499900328421273);
#5560=CIRCLE('',#7670,0.0499900328421273);
#5561=CIRCLE('',#7671,0.0499900328421273);
#5562=CIRCLE('',#7673,4.21666666666418);
#5563=CIRCLE('',#7674,4.21666666666418);
#5564=CIRCLE('',#7676,0.0499900328421273);
#5565=CIRCLE('',#7677,0.0499900328421273);
#5566=CIRCLE('',#7679,0.0499900328421273);
#5567=CIRCLE('',#7680,0.0499900328421273);
#5568=CIRCLE('',#7682,4.21666666666418);
#5569=CIRCLE('',#7683,4.21666666666418);
#5570=CIRCLE('',#7685,0.0499900328421273);
#5571=CIRCLE('',#7686,0.0499900328421273);
#5572=CIRCLE('',#7688,0.0499900328421273);
#5573=CIRCLE('',#7689,0.0499900328421273);
#5574=CIRCLE('',#7691,3.2);
#5575=CIRCLE('',#7692,0.5);
#5576=CIRCLE('',#7694,3.5);
#5577=CIRCLE('',#7695,3.5);
#5578=CIRCLE('',#7697,5.);
#5579=CIRCLE('',#7699,5.);
#5580=CIRCLE('',#7702,5.);
#5581=CIRCLE('',#7704,0.5);
#5582=CIRCLE('',#7705,5.);
#5583=EDGE_LOOP('',(#1098,#1099,#1100,#1101));
#5584=EDGE_LOOP('',(#1102,#1103,#1104,#1105));
#5585=EDGE_LOOP('',(#1106,#1107,#1108,#1109));
#5586=EDGE_LOOP('',(#1110,#1111,#1112,#1113));
#5587=EDGE_LOOP('',(#1114,#1115,#1116,#1117));
#5588=EDGE_LOOP('',(#1118,#1119,#1120,#1121));
#5589=EDGE_LOOP('',(#1122,#1123,#1124,#1125));
#5590=EDGE_LOOP('',(#1126,#1127,#1128,#1129));
#5591=EDGE_LOOP('',(#1130,#1131,#1132,#1133));
#5592=EDGE_LOOP('',(#1134,#1135,#1136,#1137));
#5593=EDGE_LOOP('',(#1138,#1139,#1140,#1141));
#5594=EDGE_LOOP('',(#1142,#1143,#1144,#1145));
#5595=EDGE_LOOP('',(#1146,#1147,#1148,#1149));
#5596=EDGE_LOOP('',(#1150,#1151,#1152,#1153));
#5597=EDGE_LOOP('',(#1154,#1155,#1156,#1157));
#5598=EDGE_LOOP('',(#1158,#1159,#1160,#1161));
#5599=EDGE_LOOP('',(#1162,#1163,#1164,#1165));
#5600=EDGE_LOOP('',(#1166,#1167,#1168,#1169));
#5601=EDGE_LOOP('',(#1170,#1171,#1172,#1173));
#5602=EDGE_LOOP('',(#1174,#1175,#1176,#1177));
#5603=EDGE_LOOP('',(#1178,#1179,#1180,#1181));
#5604=EDGE_LOOP('',(#1182,#1183,#1184,#1185));
#5605=EDGE_LOOP('',(#1186,#1187,#1188,#1189));
#5606=EDGE_LOOP('',(#1190,#1191,#1192,#1193));
#5607=EDGE_LOOP('',(#1194,#1195,#1196,#1197));
#5608=EDGE_LOOP('',(#1198,#1199,#1200,#1201));
#5609=EDGE_LOOP('',(#1202,#1203,#1204,#1205));
#5610=EDGE_LOOP('',(#1206,#1207,#1208,#1209));
#5611=EDGE_LOOP('',(#1210,#1211,#1212,#1213));
#5612=EDGE_LOOP('',(#1214,#1215,#1216,#1217));
#5613=EDGE_LOOP('',(#1218,#1219,#1220,#1221));
#5614=EDGE_LOOP('',(#1222,#1223,#1224,#1225));
#5615=EDGE_LOOP('',(#1226,#1227,#1228,#1229));
#5616=EDGE_LOOP('',(#1230,#1231,#1232,#1233));
#5617=EDGE_LOOP('',(#1234,#1235,#1236,#1237));
#5618=EDGE_LOOP('',(#1238,#1239,#1240,#1241));
#5619=EDGE_LOOP('',(#1242,#1243,#1244,#1245));
#5620=EDGE_LOOP('',(#1246,#1247,#1248,#1249));
#5621=EDGE_LOOP('',(#1250,#1251,#1252,#1253));
#5622=EDGE_LOOP('',(#1254,#1255,#1256,#1257));
#5623=EDGE_LOOP('',(#1258,#1259,#1260,#1261));
#5624=EDGE_LOOP('',(#1262,#1263,#1264,#1265));
#5625=EDGE_LOOP('',(#1266,#1267,#1268,#1269));
#5626=EDGE_LOOP('',(#1270,#1271,#1272,#1273));
#5627=EDGE_LOOP('',(#1274,#1275,#1276,#1277));
#5628=EDGE_LOOP('',(#1278,#1279,#1280,#1281));
#5629=EDGE_LOOP('',(#1282,#1283,#1284,#1285));
#5630=EDGE_LOOP('',(#1286,#1287,#1288,#1289));
#5631=EDGE_LOOP('',(#1290,#1291,#1292,#1293));
#5632=EDGE_LOOP('',(#1294,#1295,#1296,#1297));
#5633=EDGE_LOOP('',(#1298,#1299,#1300,#1301));
#5634=EDGE_LOOP('',(#1302,#1303,#1304,#1305));
#5635=EDGE_LOOP('',(#1306,#1307,#1308,#1309));
#5636=EDGE_LOOP('',(#1310,#1311,#1312,#1313));
#5637=EDGE_LOOP('',(#1314,#1315,#1316,#1317));
#5638=EDGE_LOOP('',(#1318,#1319,#1320,#1321));
#5639=EDGE_LOOP('',(#1322,#1323,#1324,#1325));
#5640=EDGE_LOOP('',(#1326,#1327,#1328,#1329));
#5641=EDGE_LOOP('',(#1330,#1331,#1332,#1333));
#5642=EDGE_LOOP('',(#1334,#1335,#1336,#1337));
#5643=EDGE_LOOP('',(#1338,#1339,#1340,#1341));
#5644=EDGE_LOOP('',(#1342,#1343,#1344,#1345));
#5645=EDGE_LOOP('',(#1346,#1347,#1348,#1349));
#5646=EDGE_LOOP('',(#1350,#1351,#1352,#1353));
#5647=EDGE_LOOP('',(#1354,#1355,#1356,#1357));
#5648=EDGE_LOOP('',(#1358,#1359,#1360,#1361));
#5649=EDGE_LOOP('',(#1362,#1363,#1364,#1365));
#5650=EDGE_LOOP('',(#1366,#1367,#1368,#1369));
#5651=EDGE_LOOP('',(#1370,#1371,#1372,#1373));
#5652=EDGE_LOOP('',(#1374,#1375,#1376,#1377));
#5653=EDGE_LOOP('',(#1378,#1379,#1380,#1381));
#5654=EDGE_LOOP('',(#1382,#1383,#1384,#1385));
#5655=EDGE_LOOP('',(#1386,#1387,#1388,#1389));
#5656=EDGE_LOOP('',(#1390,#1391,#1392,#1393));
#5657=EDGE_LOOP('',(#1394,#1395,#1396,#1397));
#5658=EDGE_LOOP('',(#1398,#1399,#1400,#1401));
#5659=EDGE_LOOP('',(#1402,#1403,#1404,#1405));
#5660=EDGE_LOOP('',(#1406,#1407,#1408,#1409));
#5661=EDGE_LOOP('',(#1410,#1411,#1412,#1413));
#5662=EDGE_LOOP('',(#1414,#1415,#1416,#1417));
#5663=EDGE_LOOP('',(#1418,#1419,#1420,#1421));
#5664=EDGE_LOOP('',(#1422,#1423,#1424,#1425));
#5665=EDGE_LOOP('',(#1426,#1427,#1428,#1429));
#5666=EDGE_LOOP('',(#1430,#1431,#1432,#1433));
#5667=EDGE_LOOP('',(#1434,#1435,#1436,#1437));
#5668=EDGE_LOOP('',(#1438,#1439,#1440,#1441));
#5669=EDGE_LOOP('',(#1442,#1443,#1444,#1445));
#5670=EDGE_LOOP('',(#1446,#1447,#1448,#1449));
#5671=EDGE_LOOP('',(#1450,#1451,#1452,#1453));
#5672=EDGE_LOOP('',(#1454,#1455,#1456,#1457));
#5673=EDGE_LOOP('',(#1458,#1459,#1460,#1461));
#5674=EDGE_LOOP('',(#1462,#1463,#1464,#1465));
#5675=EDGE_LOOP('',(#1466,#1467,#1468,#1469));
#5676=EDGE_LOOP('',(#1470,#1471,#1472,#1473));
#5677=EDGE_LOOP('',(#1474,#1475,#1476,#1477));
#5678=EDGE_LOOP('',(#1478,#1479,#1480,#1481));
#5679=EDGE_LOOP('',(#1482,#1483,#1484,#1485));
#5680=EDGE_LOOP('',(#1486,#1487,#1488,#1489));
#5681=EDGE_LOOP('',(#1490,#1491,#1492,#1493));
#5682=EDGE_LOOP('',(#1494,#1495,#1496,#1497));
#5683=EDGE_LOOP('',(#1498,#1499,#1500,#1501));
#5684=EDGE_LOOP('',(#1502,#1503,#1504,#1505));
#5685=EDGE_LOOP('',(#1506,#1507,#1508,#1509));
#5686=EDGE_LOOP('',(#1510,#1511,#1512,#1513));
#5687=EDGE_LOOP('',(#1514,#1515,#1516,#1517));
#5688=EDGE_LOOP('',(#1518,#1519,#1520,#1521));
#5689=EDGE_LOOP('',(#1522,#1523,#1524,#1525));
#5690=EDGE_LOOP('',(#1526,#1527,#1528,#1529));
#5691=EDGE_LOOP('',(#1530,#1531,#1532,#1533));
#5692=EDGE_LOOP('',(#1534,#1535,#1536,#1537));
#5693=EDGE_LOOP('',(#1538,#1539,#1540,#1541));
#5694=EDGE_LOOP('',(#1542,#1543,#1544,#1545));
#5695=EDGE_LOOP('',(#1546,#1547,#1548,#1549));
#5696=EDGE_LOOP('',(#1550,#1551,#1552,#1553));
#5697=EDGE_LOOP('',(#1554,#1555,#1556,#1557));
#5698=EDGE_LOOP('',(#1558,#1559,#1560,#1561));
#5699=EDGE_LOOP('',(#1562,#1563,#1564,#1565));
#5700=EDGE_LOOP('',(#1566,#1567,#1568,#1569));
#5701=EDGE_LOOP('',(#1570,#1571,#1572,#1573));
#5702=EDGE_LOOP('',(#1574,#1575,#1576,#1577));
#5703=EDGE_LOOP('',(#1578,#1579,#1580,#1581));
#5704=EDGE_LOOP('',(#1582,#1583,#1584,#1585));
#5705=EDGE_LOOP('',(#1586,#1587,#1588,#1589));
#5706=EDGE_LOOP('',(#1590,#1591,#1592,#1593));
#5707=EDGE_LOOP('',(#1594,#1595,#1596,#1597));
#5708=EDGE_LOOP('',(#1598,#1599,#1600,#1601));
#5709=EDGE_LOOP('',(#1602,#1603,#1604,#1605));
#5710=EDGE_LOOP('',(#1606,#1607,#1608,#1609));
#5711=EDGE_LOOP('',(#1610,#1611,#1612,#1613));
#5712=EDGE_LOOP('',(#1614,#1615,#1616,#1617));
#5713=EDGE_LOOP('',(#1618,#1619,#1620,#1621));
#5714=EDGE_LOOP('',(#1622,#1623,#1624,#1625));
#5715=EDGE_LOOP('',(#1626,#1627,#1628,#1629));
#5716=EDGE_LOOP('',(#1630,#1631,#1632,#1633));
#5717=EDGE_LOOP('',(#1634,#1635,#1636,#1637));
#5718=EDGE_LOOP('',(#1638,#1639,#1640,#1641));
#5719=EDGE_LOOP('',(#1642,#1643,#1644,#1645));
#5720=EDGE_LOOP('',(#1646,#1647,#1648,#1649));
#5721=EDGE_LOOP('',(#1650,#1651,#1652,#1653));
#5722=EDGE_LOOP('',(#1654,#1655,#1656,#1657));
#5723=EDGE_LOOP('',(#1658,#1659,#1660,#1661));
#5724=EDGE_LOOP('',(#1662,#1663,#1664,#1665));
#5725=EDGE_LOOP('',(#1666,#1667,#1668,#1669));
#5726=EDGE_LOOP('',(#1670,#1671,#1672,#1673));
#5727=EDGE_LOOP('',(#1674,#1675,#1676,#1677));
#5728=EDGE_LOOP('',(#1678,#1679,#1680,#1681));
#5729=EDGE_LOOP('',(#1682,#1683,#1684,#1685));
#5730=EDGE_LOOP('',(#1686,#1687,#1688,#1689));
#5731=EDGE_LOOP('',(#1690,#1691,#1692,#1693));
#5732=EDGE_LOOP('',(#1694,#1695,#1696,#1697));
#5733=EDGE_LOOP('',(#1698,#1699,#1700,#1701));
#5734=EDGE_LOOP('',(#1702,#1703,#1704,#1705));
#5735=EDGE_LOOP('',(#1706,#1707,#1708,#1709));
#5736=EDGE_LOOP('',(#1710,#1711,#1712,#1713));
#5737=EDGE_LOOP('',(#1714,#1715,#1716,#1717));
#5738=EDGE_LOOP('',(#1718,#1719,#1720,#1721));
#5739=EDGE_LOOP('',(#1722,#1723,#1724,#1725));
#5740=EDGE_LOOP('',(#1726,#1727,#1728,#1729));
#5741=EDGE_LOOP('',(#1730,#1731,#1732,#1733));
#5742=EDGE_LOOP('',(#1734,#1735,#1736,#1737));
#5743=EDGE_LOOP('',(#1738,#1739,#1740,#1741));
#5744=EDGE_LOOP('',(#1742,#1743,#1744,#1745));
#5745=EDGE_LOOP('',(#1746,#1747,#1748,#1749));
#5746=EDGE_LOOP('',(#1750,#1751,#1752,#1753));
#5747=EDGE_LOOP('',(#1754,#1755,#1756,#1757));
#5748=EDGE_LOOP('',(#1758,#1759,#1760,#1761));
#5749=EDGE_LOOP('',(#1762,#1763,#1764,#1765));
#5750=EDGE_LOOP('',(#1766,#1767,#1768,#1769));
#5751=EDGE_LOOP('',(#1770,#1771,#1772,#1773));
#5752=EDGE_LOOP('',(#1774,#1775,#1776,#1777));
#5753=EDGE_LOOP('',(#1778,#1779,#1780,#1781));
#5754=EDGE_LOOP('',(#1782,#1783,#1784,#1785));
#5755=EDGE_LOOP('',(#1786,#1787,#1788,#1789));
#5756=EDGE_LOOP('',(#1790,#1791,#1792,#1793));
#5757=EDGE_LOOP('',(#1794,#1795,#1796,#1797));
#5758=EDGE_LOOP('',(#1798,#1799,#1800,#1801));
#5759=EDGE_LOOP('',(#1802,#1803,#1804,#1805));
#5760=EDGE_LOOP('',(#1806,#1807,#1808,#1809));
#5761=EDGE_LOOP('',(#1810,#1811,#1812,#1813));
#5762=EDGE_LOOP('',(#1814,#1815,#1816,#1817));
#5763=EDGE_LOOP('',(#1818,#1819,#1820,#1821));
#5764=EDGE_LOOP('',(#1822,#1823,#1824,#1825));
#5765=EDGE_LOOP('',(#1826,#1827,#1828,#1829));
#5766=EDGE_LOOP('',(#1830,#1831,#1832,#1833));
#5767=EDGE_LOOP('',(#1834,#1835,#1836,#1837));
#5768=EDGE_LOOP('',(#1838,#1839,#1840,#1841));
#5769=EDGE_LOOP('',(#1842,#1843,#1844,#1845));
#5770=EDGE_LOOP('',(#1846,#1847,#1848,#1849));
#5771=EDGE_LOOP('',(#1850,#1851,#1852,#1853));
#5772=EDGE_LOOP('',(#1854,#1855,#1856,#1857));
#5773=EDGE_LOOP('',(#1858,#1859,#1860,#1861));
#5774=EDGE_LOOP('',(#1862,#1863,#1864,#1865));
#5775=EDGE_LOOP('',(#1866,#1867,#1868,#1869));
#5776=EDGE_LOOP('',(#1870,#1871,#1872,#1873));
#5777=EDGE_LOOP('',(#1874,#1875,#1876,#1877));
#5778=EDGE_LOOP('',(#1878,#1879,#1880,#1881));
#5779=EDGE_LOOP('',(#1882,#1883,#1884,#1885));
#5780=EDGE_LOOP('',(#1886,#1887,#1888,#1889));
#5781=EDGE_LOOP('',(#1890,#1891,#1892,#1893));
#5782=EDGE_LOOP('',(#1894,#1895,#1896,#1897));
#5783=EDGE_LOOP('',(#1898,#1899,#1900,#1901));
#5784=EDGE_LOOP('',(#1902,#1903,#1904,#1905));
#5785=EDGE_LOOP('',(#1906,#1907,#1908,#1909));
#5786=EDGE_LOOP('',(#1910,#1911,#1912,#1913));
#5787=EDGE_LOOP('',(#1914,#1915,#1916,#1917));
#5788=EDGE_LOOP('',(#1918,#1919,#1920,#1921));
#5789=EDGE_LOOP('',(#1922,#1923,#1924,#1925));
#5790=EDGE_LOOP('',(#1926,#1927,#1928,#1929));
#5791=EDGE_LOOP('',(#1930,#1931,#1932,#1933));
#5792=EDGE_LOOP('',(#1934,#1935,#1936,#1937));
#5793=EDGE_LOOP('',(#1938,#1939,#1940,#1941));
#5794=EDGE_LOOP('',(#1942,#1943,#1944,#1945));
#5795=EDGE_LOOP('',(#1946,#1947,#1948,#1949));
#5796=EDGE_LOOP('',(#1950,#1951,#1952,#1953));
#5797=EDGE_LOOP('',(#1954,#1955,#1956,#1957));
#5798=EDGE_LOOP('',(#1958,#1959,#1960,#1961));
#5799=EDGE_LOOP('',(#1962,#1963,#1964,#1965));
#5800=EDGE_LOOP('',(#1966,#1967,#1968,#1969));
#5801=EDGE_LOOP('',(#1970,#1971,#1972,#1973));
#5802=EDGE_LOOP('',(#1974,#1975,#1976,#1977));
#5803=EDGE_LOOP('',(#1978,#1979,#1980,#1981));
#5804=EDGE_LOOP('',(#1982,#1983,#1984,#1985));
#5805=EDGE_LOOP('',(#1986,#1987,#1988,#1989));
#5806=EDGE_LOOP('',(#1990,#1991,#1992,#1993));
#5807=EDGE_LOOP('',(#1994,#1995,#1996,#1997));
#5808=EDGE_LOOP('',(#1998,#1999,#2000,#2001));
#5809=EDGE_LOOP('',(#2002,#2003,#2004,#2005));
#5810=EDGE_LOOP('',(#2006,#2007,#2008,#2009));
#5811=EDGE_LOOP('',(#2010,#2011,#2012,#2013));
#5812=EDGE_LOOP('',(#2014,#2015,#2016,#2017));
#5813=EDGE_LOOP('',(#2018,#2019,#2020,#2021));
#5814=EDGE_LOOP('',(#2022,#2023,#2024,#2025));
#5815=EDGE_LOOP('',(#2026,#2027,#2028,#2029));
#5816=EDGE_LOOP('',(#2030,#2031,#2032,#2033));
#5817=EDGE_LOOP('',(#2034,#2035,#2036,#2037));
#5818=EDGE_LOOP('',(#2038,#2039,#2040,#2041));
#5819=EDGE_LOOP('',(#2042,#2043,#2044,#2045));
#5820=EDGE_LOOP('',(#2046,#2047,#2048,#2049));
#5821=EDGE_LOOP('',(#2050,#2051,#2052,#2053));
#5822=EDGE_LOOP('',(#2054,#2055,#2056,#2057));
#5823=EDGE_LOOP('',(#2058,#2059,#2060,#2061));
#5824=EDGE_LOOP('',(#2062,#2063,#2064,#2065));
#5825=EDGE_LOOP('',(#2066,#2067,#2068,#2069));
#5826=EDGE_LOOP('',(#2070,#2071,#2072,#2073));
#5827=EDGE_LOOP('',(#2074,#2075,#2076,#2077));
#5828=EDGE_LOOP('',(#2078,#2079,#2080,#2081));
#5829=EDGE_LOOP('',(#2082,#2083,#2084,#2085));
#5830=EDGE_LOOP('',(#2086,#2087,#2088,#2089));
#5831=EDGE_LOOP('',(#2090,#2091,#2092,#2093));
#5832=EDGE_LOOP('',(#2094,#2095,#2096,#2097));
#5833=EDGE_LOOP('',(#2098,#2099,#2100,#2101));
#5834=EDGE_LOOP('',(#2102,#2103,#2104,#2105));
#5835=EDGE_LOOP('',(#2106,#2107,#2108,#2109));
#5836=EDGE_LOOP('',(#2110,#2111,#2112,#2113));
#5837=EDGE_LOOP('',(#2114,#2115,#2116,#2117));
#5838=EDGE_LOOP('',(#2118,#2119,#2120,#2121));
#5839=EDGE_LOOP('',(#2122,#2123,#2124,#2125));
#5840=EDGE_LOOP('',(#2126,#2127,#2128,#2129));
#5841=EDGE_LOOP('',(#2130,#2131,#2132,#2133));
#5842=EDGE_LOOP('',(#2134,#2135,#2136,#2137));
#5843=EDGE_LOOP('',(#2138,#2139,#2140,#2141));
#5844=EDGE_LOOP('',(#2142,#2143,#2144,#2145));
#5845=EDGE_LOOP('',(#2146,#2147,#2148,#2149));
#5846=EDGE_LOOP('',(#2150,#2151,#2152,#2153));
#5847=EDGE_LOOP('',(#2154,#2155,#2156,#2157));
#5848=EDGE_LOOP('',(#2158,#2159,#2160,#2161));
#5849=EDGE_LOOP('',(#2162,#2163,#2164,#2165));
#5850=EDGE_LOOP('',(#2166,#2167,#2168,#2169));
#5851=EDGE_LOOP('',(#2170,#2171,#2172,#2173));
#5852=EDGE_LOOP('',(#2174,#2175,#2176,#2177));
#5853=EDGE_LOOP('',(#2178,#2179,#2180,#2181));
#5854=EDGE_LOOP('',(#2182,#2183,#2184,#2185));
#5855=EDGE_LOOP('',(#2186,#2187,#2188,#2189));
#5856=EDGE_LOOP('',(#2190,#2191,#2192,#2193));
#5857=EDGE_LOOP('',(#2194,#2195,#2196,#2197));
#5858=EDGE_LOOP('',(#2198,#2199,#2200,#2201));
#5859=EDGE_LOOP('',(#2202,#2203,#2204,#2205));
#5860=EDGE_LOOP('',(#2206,#2207,#2208,#2209));
#5861=EDGE_LOOP('',(#2210,#2211,#2212,#2213));
#5862=EDGE_LOOP('',(#2214,#2215,#2216,#2217));
#5863=EDGE_LOOP('',(#2218,#2219,#2220,#2221));
#5864=EDGE_LOOP('',(#2222,#2223,#2224,#2225));
#5865=EDGE_LOOP('',(#2226,#2227,#2228,#2229));
#5866=EDGE_LOOP('',(#2230,#2231,#2232,#2233));
#5867=EDGE_LOOP('',(#2234,#2235,#2236,#2237));
#5868=EDGE_LOOP('',(#2238,#2239,#2240,#2241));
#5869=EDGE_LOOP('',(#2242,#2243,#2244,#2245));
#5870=EDGE_LOOP('',(#2246,#2247,#2248,#2249));
#5871=EDGE_LOOP('',(#2250,#2251,#2252,#2253));
#5872=EDGE_LOOP('',(#2254,#2255,#2256,#2257));
#5873=EDGE_LOOP('',(#2258,#2259,#2260,#2261));
#5874=EDGE_LOOP('',(#2262,#2263,#2264,#2265));
#5875=EDGE_LOOP('',(#2266,#2267,#2268,#2269));
#5876=EDGE_LOOP('',(#2270,#2271,#2272,#2273));
#5877=EDGE_LOOP('',(#2274,#2275,#2276,#2277));
#5878=EDGE_LOOP('',(#2278,#2279,#2280,#2281));
#5879=EDGE_LOOP('',(#2282,#2283,#2284,#2285));
#5880=EDGE_LOOP('',(#2286,#2287,#2288,#2289));
#5881=EDGE_LOOP('',(#2290,#2291,#2292,#2293));
#5882=EDGE_LOOP('',(#2294,#2295,#2296,#2297));
#5883=EDGE_LOOP('',(#2298,#2299,#2300,#2301));
#5884=EDGE_LOOP('',(#2302,#2303,#2304,#2305));
#5885=EDGE_LOOP('',(#2306,#2307,#2308,#2309));
#5886=EDGE_LOOP('',(#2310,#2311,#2312,#2313));
#5887=EDGE_LOOP('',(#2314,#2315,#2316,#2317));
#5888=EDGE_LOOP('',(#2318,#2319,#2320,#2321));
#5889=EDGE_LOOP('',(#2322,#2323,#2324,#2325));
#5890=EDGE_LOOP('',(#2326,#2327,#2328,#2329));
#5891=EDGE_LOOP('',(#2330,#2331,#2332,#2333));
#5892=EDGE_LOOP('',(#2334,#2335,#2336,#2337));
#5893=EDGE_LOOP('',(#2338,#2339,#2340,#2341));
#5894=EDGE_LOOP('',(#2342,#2343,#2344,#2345));
#5895=EDGE_LOOP('',(#2346,#2347,#2348,#2349));
#5896=EDGE_LOOP('',(#2350,#2351,#2352,#2353));
#5897=EDGE_LOOP('',(#2354,#2355,#2356,#2357));
#5898=EDGE_LOOP('',(#2358,#2359,#2360,#2361));
#5899=EDGE_LOOP('',(#2362,#2363,#2364,#2365));
#5900=EDGE_LOOP('',(#2366,#2367,#2368,#2369));
#5901=EDGE_LOOP('',(#2370,#2371,#2372,#2373));
#5902=EDGE_LOOP('',(#2374,#2375,#2376,#2377));
#5903=EDGE_LOOP('',(#2378,#2379,#2380,#2381));
#5904=EDGE_LOOP('',(#2382,#2383,#2384,#2385));
#5905=EDGE_LOOP('',(#2386,#2387,#2388,#2389));
#5906=EDGE_LOOP('',(#2390,#2391,#2392,#2393));
#5907=EDGE_LOOP('',(#2394,#2395,#2396,#2397));
#5908=EDGE_LOOP('',(#2398,#2399,#2400,#2401));
#5909=EDGE_LOOP('',(#2402,#2403,#2404,#2405));
#5910=EDGE_LOOP('',(#2406,#2407,#2408,#2409));
#5911=EDGE_LOOP('',(#2410,#2411,#2412,#2413));
#5912=EDGE_LOOP('',(#2414,#2415,#2416,#2417));
#5913=EDGE_LOOP('',(#2418,#2419,#2420,#2421));
#5914=EDGE_LOOP('',(#2422,#2423,#2424,#2425));
#5915=EDGE_LOOP('',(#2426,#2427,#2428,#2429));
#5916=EDGE_LOOP('',(#2430,#2431,#2432,#2433));
#5917=EDGE_LOOP('',(#2434,#2435,#2436,#2437));
#5918=EDGE_LOOP('',(#2438,#2439,#2440,#2441));
#5919=EDGE_LOOP('',(#2442,#2443,#2444,#2445));
#5920=EDGE_LOOP('',(#2446,#2447,#2448,#2449));
#5921=EDGE_LOOP('',(#2450,#2451,#2452,#2453));
#5922=EDGE_LOOP('',(#2454,#2455,#2456,#2457));
#5923=EDGE_LOOP('',(#2458,#2459,#2460,#2461));
#5924=EDGE_LOOP('',(#2462,#2463,#2464,#2465));
#5925=EDGE_LOOP('',(#2466,#2467,#2468,#2469));
#5926=EDGE_LOOP('',(#2470,#2471,#2472,#2473));
#5927=EDGE_LOOP('',(#2474,#2475,#2476,#2477));
#5928=EDGE_LOOP('',(#2478,#2479,#2480,#2481));
#5929=EDGE_LOOP('',(#2482,#2483,#2484,#2485));
#5930=EDGE_LOOP('',(#2486,#2487,#2488,#2489));
#5931=EDGE_LOOP('',(#2490,#2491,#2492,#2493));
#5932=EDGE_LOOP('',(#2494,#2495,#2496,#2497));
#5933=EDGE_LOOP('',(#2498,#2499,#2500,#2501));
#5934=EDGE_LOOP('',(#2502,#2503,#2504,#2505));
#5935=EDGE_LOOP('',(#2506,#2507,#2508,#2509));
#5936=EDGE_LOOP('',(#2510,#2511,#2512,#2513));
#5937=EDGE_LOOP('',(#2514,#2515,#2516,#2517));
#5938=EDGE_LOOP('',(#2518,#2519,#2520,#2521));
#5939=EDGE_LOOP('',(#2522,#2523,#2524,#2525));
#5940=EDGE_LOOP('',(#2526,#2527,#2528,#2529));
#5941=EDGE_LOOP('',(#2530,#2531,#2532,#2533));
#5942=EDGE_LOOP('',(#2534,#2535,#2536,#2537));
#5943=EDGE_LOOP('',(#2538));
#5944=EDGE_LOOP('',(#2539));
#5945=EDGE_LOOP('',(#2540));
#5946=EDGE_LOOP('',(#2541));
#5947=EDGE_LOOP('',(#2542));
#5948=EDGE_LOOP('',(#2543));
#5949=EDGE_LOOP('',(#2544));
#5950=EDGE_LOOP('',(#2545));
#5951=EDGE_LOOP('',(#2546));
#5952=EDGE_LOOP('',(#2547,#2548,#2549,#2550,#2551,#2552,#2553,#2554,#2555,
#2556,#2557,#2558,#2559,#2560,#2561,#2562,#2563,#2564,#2565,#2566,#2567,
#2568,#2569,#2570,#2571,#2572,#2573,#2574,#2575,#2576,#2577,#2578,#2579,
#2580,#2581,#2582,#2583,#2584,#2585,#2586,#2587,#2588,#2589,#2590,#2591,
#2592,#2593,#2594,#2595,#2596,#2597,#2598,#2599,#2600,#2601,#2602,#2603,
#2604,#2605,#2606,#2607,#2608,#2609,#2610,#2611,#2612,#2613,#2614,#2615,
#2616,#2617,#2618,#2619,#2620,#2621,#2622,#2623,#2624,#2625,#2626,#2627,
#2628,#2629,#2630,#2631,#2632,#2633,#2634,#2635,#2636,#2637,#2638,#2639,
#2640,#2641,#2642,#2643,#2644,#2645,#2646,#2647,#2648,#2649,#2650,#2651,
#2652,#2653,#2654,#2655,#2656,#2657,#2658,#2659,#2660,#2661,#2662,#2663,
#2664,#2665,#2666,#2667,#2668,#2669,#2670,#2671,#2672,#2673,#2674,#2675,
#2676,#2677,#2678,#2679,#2680,#2681,#2682,#2683,#2684,#2685,#2686,#2687,
#2688,#2689,#2690,#2691,#2692,#2693,#2694,#2695,#2696,#2697,#2698,#2699,
#2700,#2701,#2702,#2703,#2704,#2705,#2706,#2707,#2708,#2709,#2710,#2711,
#2712,#2713,#2714,#2715,#2716,#2717,#2718,#2719,#2720,#2721,#2722,#2723,
#2724,#2725,#2726,#2727,#2728,#2729,#2730,#2731,#2732,#2733,#2734,#2735,
#2736,#2737,#2738,#2739,#2740,#2741,#2742,#2743,#2744,#2745,#2746,#2747,
#2748,#2749,#2750,#2751,#2752,#2753,#2754,#2755,#2756,#2757,#2758,#2759,
#2760,#2761,#2762,#2763,#2764,#2765,#2766,#2767,#2768,#2769,#2770,#2771,
#2772,#2773,#2774,#2775,#2776,#2777,#2778,#2779,#2780,#2781,#2782,#2783,
#2784,#2785,#2786,#2787,#2788,#2789,#2790,#2791,#2792,#2793,#2794,#2795,
#2796,#2797,#2798,#2799,#2800,#2801,#2802,#2803,#2804,#2805,#2806,#2807,
#2808,#2809,#2810,#2811,#2812,#2813,#2814,#2815,#2816,#2817,#2818,#2819,
#2820,#2821,#2822,#2823,#2824,#2825,#2826,#2827,#2828,#2829,#2830,#2831,
#2832,#2833,#2834,#2835,#2836,#2837,#2838,#2839,#2840,#2841,#2842,#2843,
#2844,#2845,#2846,#2847,#2848,#2849,#2850,#2851,#2852,#2853,#2854,#2855,
#2856,#2857,#2858,#2859,#2860,#2861,#2862,#2863,#2864,#2865,#2866,#2867,
#2868,#2869,#2870,#2871,#2872,#2873,#2874,#2875,#2876,#2877,#2878,#2879,
#2880,#2881,#2882,#2883,#2884,#2885,#2886,#2887,#2888,#2889,#2890,#2891,
#2892,#2893,#2894,#2895,#2896,#2897,#2898,#2899,#2900,#2901,#2902,#2903,
#2904,#2905,#2906));
#5953=EDGE_LOOP('',(#2907));
#5954=EDGE_LOOP('',(#2908,#2909,#2910,#2911,#2912,#2913,#2914,#2915,#2916,
#2917,#2918,#2919,#2920,#2921,#2922,#2923,#2924,#2925,#2926,#2927,#2928,
#2929,#2930,#2931,#2932,#2933,#2934,#2935,#2936,#2937,#2938,#2939,#2940,
#2941,#2942,#2943,#2944,#2945,#2946,#2947,#2948,#2949,#2950,#2951,#2952,
#2953,#2954,#2955,#2956,#2957,#2958,#2959,#2960,#2961,#2962,#2963,#2964,
#2965,#2966,#2967,#2968,#2969,#2970,#2971,#2972,#2973,#2974,#2975,#2976,
#2977,#2978,#2979,#2980,#2981,#2982,#2983,#2984,#2985,#2986,#2987,#2988,
#2989,#2990,#2991,#2992,#2993,#2994,#2995,#2996,#2997,#2998,#2999,#3000,
#3001,#3002,#3003,#3004,#3005,#3006,#3007,#3008,#3009,#3010,#3011,#3012,
#3013,#3014,#3015,#3016,#3017,#3018,#3019,#3020,#3021,#3022,#3023,#3024,
#3025,#3026,#3027,#3028,#3029,#3030,#3031,#3032,#3033,#3034,#3035,#3036,
#3037,#3038,#3039,#3040,#3041,#3042,#3043,#3044,#3045,#3046,#3047,#3048,
#3049,#3050,#3051,#3052,#3053,#3054,#3055,#3056,#3057,#3058,#3059,#3060,
#3061,#3062,#3063,#3064,#3065,#3066,#3067,#3068,#3069,#3070,#3071,#3072,
#3073,#3074,#3075,#3076,#3077,#3078,#3079,#3080,#3081,#3082,#3083,#3084,
#3085,#3086,#3087,#3088,#3089,#3090,#3091,#3092,#3093,#3094,#3095,#3096,
#3097,#3098,#3099,#3100,#3101,#3102,#3103,#3104,#3105,#3106,#3107,#3108,
#3109,#3110,#3111,#3112,#3113,#3114,#3115,#3116,#3117,#3118,#3119,#3120,
#3121,#3122,#3123,#3124,#3125,#3126,#3127,#3128,#3129,#3130,#3131,#3132,
#3133,#3134,#3135,#3136,#3137,#3138,#3139,#3140,#3141,#3142,#3143,#3144,
#3145,#3146,#3147,#3148,#3149,#3150,#3151,#3152,#3153,#3154,#3155,#3156,
#3157,#3158,#3159,#3160,#3161,#3162,#3163,#3164,#3165,#3166,#3167,#3168,
#3169,#3170,#3171,#3172,#3173,#3174,#3175,#3176,#3177,#3178,#3179,#3180,
#3181,#3182,#3183,#3184,#3185,#3186,#3187,#3188,#3189,#3190,#3191,#3192,
#3193,#3194,#3195,#3196,#3197,#3198,#3199,#3200,#3201,#3202,#3203,#3204,
#3205,#3206,#3207,#3208,#3209,#3210,#3211,#3212,#3213,#3214,#3215,#3216,
#3217,#3218,#3219,#3220,#3221,#3222,#3223,#3224,#3225,#3226,#3227,#3228,
#3229,#3230,#3231,#3232,#3233,#3234,#3235,#3236,#3237,#3238,#3239,#3240,
#3241,#3242,#3243,#3244,#3245,#3246,#3247,#3248,#3249,#3250,#3251,#3252,
#3253,#3254,#3255,#3256,#3257,#3258,#3259,#3260,#3261,#3262,#3263,#3264,
#3265,#3266,#3267));
#5955=EDGE_LOOP('',(#3268));
#5956=EDGE_LOOP('',(#3269));
#5957=EDGE_LOOP('',(#3270));
#5958=EDGE_LOOP('',(#3271));
#5959=EDGE_LOOP('',(#3272));
#5960=EDGE_LOOP('',(#3273));
#5961=EDGE_LOOP('',(#3274));
#5962=EDGE_LOOP('',(#3275));
#5963=FACE_BOUND('',#5583,.T.);
#5964=FACE_BOUND('',#5584,.T.);
#5965=FACE_BOUND('',#5585,.T.);
#5966=FACE_BOUND('',#5586,.T.);
#5967=FACE_BOUND('',#5587,.T.);
#5968=FACE_BOUND('',#5588,.T.);
#5969=FACE_BOUND('',#5589,.T.);
#5970=FACE_BOUND('',#5590,.T.);
#5971=FACE_BOUND('',#5591,.T.);
#5972=FACE_BOUND('',#5592,.T.);
#5973=FACE_BOUND('',#5593,.T.);
#5974=FACE_BOUND('',#5594,.T.);
#5975=FACE_BOUND('',#5595,.T.);
#5976=FACE_BOUND('',#5596,.T.);
#5977=FACE_BOUND('',#5597,.T.);
#5978=FACE_BOUND('',#5598,.T.);
#5979=FACE_BOUND('',#5599,.T.);
#5980=FACE_BOUND('',#5600,.T.);
#5981=FACE_BOUND('',#5601,.T.);
#5982=FACE_BOUND('',#5602,.T.);
#5983=FACE_BOUND('',#5603,.T.);
#5984=FACE_BOUND('',#5604,.T.);
#5985=FACE_BOUND('',#5605,.T.);
#5986=FACE_BOUND('',#5606,.T.);
#5987=FACE_BOUND('',#5607,.T.);
#5988=FACE_BOUND('',#5608,.T.);
#5989=FACE_BOUND('',#5609,.T.);
#5990=FACE_BOUND('',#5610,.T.);
#5991=FACE_BOUND('',#5611,.T.);
#5992=FACE_BOUND('',#5612,.T.);
#5993=FACE_BOUND('',#5613,.T.);
#5994=FACE_BOUND('',#5614,.T.);
#5995=FACE_BOUND('',#5615,.T.);
#5996=FACE_BOUND('',#5616,.T.);
#5997=FACE_BOUND('',#5617,.T.);
#5998=FACE_BOUND('',#5618,.T.);
#5999=FACE_BOUND('',#5619,.T.);
#6000=FACE_BOUND('',#5620,.T.);
#6001=FACE_BOUND('',#5621,.T.);
#6002=FACE_BOUND('',#5622,.T.);
#6003=FACE_BOUND('',#5623,.T.);
#6004=FACE_BOUND('',#5624,.T.);
#6005=FACE_BOUND('',#5625,.T.);
#6006=FACE_BOUND('',#5626,.T.);
#6007=FACE_BOUND('',#5627,.T.);
#6008=FACE_BOUND('',#5628,.T.);
#6009=FACE_BOUND('',#5629,.T.);
#6010=FACE_BOUND('',#5630,.T.);
#6011=FACE_BOUND('',#5631,.T.);
#6012=FACE_BOUND('',#5632,.T.);
#6013=FACE_BOUND('',#5633,.T.);
#6014=FACE_BOUND('',#5634,.T.);
#6015=FACE_BOUND('',#5635,.T.);
#6016=FACE_BOUND('',#5636,.T.);
#6017=FACE_BOUND('',#5637,.T.);
#6018=FACE_BOUND('',#5638,.T.);
#6019=FACE_BOUND('',#5639,.T.);
#6020=FACE_BOUND('',#5640,.T.);
#6021=FACE_BOUND('',#5641,.T.);
#6022=FACE_BOUND('',#5642,.T.);
#6023=FACE_BOUND('',#5643,.T.);
#6024=FACE_BOUND('',#5644,.T.);
#6025=FACE_BOUND('',#5645,.T.);
#6026=FACE_BOUND('',#5646,.T.);
#6027=FACE_BOUND('',#5647,.T.);
#6028=FACE_BOUND('',#5648,.T.);
#6029=FACE_BOUND('',#5649,.T.);
#6030=FACE_BOUND('',#5650,.T.);
#6031=FACE_BOUND('',#5651,.T.);
#6032=FACE_BOUND('',#5652,.T.);
#6033=FACE_BOUND('',#5653,.T.);
#6034=FACE_BOUND('',#5654,.T.);
#6035=FACE_BOUND('',#5655,.T.);
#6036=FACE_BOUND('',#5656,.T.);
#6037=FACE_BOUND('',#5657,.T.);
#6038=FACE_BOUND('',#5658,.T.);
#6039=FACE_BOUND('',#5659,.T.);
#6040=FACE_BOUND('',#5660,.T.);
#6041=FACE_BOUND('',#5661,.T.);
#6042=FACE_BOUND('',#5662,.T.);
#6043=FACE_BOUND('',#5663,.T.);
#6044=FACE_BOUND('',#5664,.T.);
#6045=FACE_BOUND('',#5665,.T.);
#6046=FACE_BOUND('',#5666,.T.);
#6047=FACE_BOUND('',#5667,.T.);
#6048=FACE_BOUND('',#5668,.T.);
#6049=FACE_BOUND('',#5669,.T.);
#6050=FACE_BOUND('',#5670,.T.);
#6051=FACE_BOUND('',#5671,.T.);
#6052=FACE_BOUND('',#5672,.T.);
#6053=FACE_BOUND('',#5673,.T.);
#6054=FACE_BOUND('',#5674,.T.);
#6055=FACE_BOUND('',#5675,.T.);
#6056=FACE_BOUND('',#5676,.T.);
#6057=FACE_BOUND('',#5677,.T.);
#6058=FACE_BOUND('',#5678,.T.);
#6059=FACE_BOUND('',#5679,.T.);
#6060=FACE_BOUND('',#5680,.T.);
#6061=FACE_BOUND('',#5681,.T.);
#6062=FACE_BOUND('',#5682,.T.);
#6063=FACE_BOUND('',#5683,.T.);
#6064=FACE_BOUND('',#5684,.T.);
#6065=FACE_BOUND('',#5685,.T.);
#6066=FACE_BOUND('',#5686,.T.);
#6067=FACE_BOUND('',#5687,.T.);
#6068=FACE_BOUND('',#5688,.T.);
#6069=FACE_BOUND('',#5689,.T.);
#6070=FACE_BOUND('',#5690,.T.);
#6071=FACE_BOUND('',#5691,.T.);
#6072=FACE_BOUND('',#5692,.T.);
#6073=FACE_BOUND('',#5693,.T.);
#6074=FACE_BOUND('',#5694,.T.);
#6075=FACE_BOUND('',#5695,.T.);
#6076=FACE_BOUND('',#5696,.T.);
#6077=FACE_BOUND('',#5697,.T.);
#6078=FACE_BOUND('',#5698,.T.);
#6079=FACE_BOUND('',#5699,.T.);
#6080=FACE_BOUND('',#5700,.T.);
#6081=FACE_BOUND('',#5701,.T.);
#6082=FACE_BOUND('',#5702,.T.);
#6083=FACE_BOUND('',#5703,.T.);
#6084=FACE_BOUND('',#5704,.T.);
#6085=FACE_BOUND('',#5705,.T.);
#6086=FACE_BOUND('',#5706,.T.);
#6087=FACE_BOUND('',#5707,.T.);
#6088=FACE_BOUND('',#5708,.T.);
#6089=FACE_BOUND('',#5709,.T.);
#6090=FACE_BOUND('',#5710,.T.);
#6091=FACE_BOUND('',#5711,.T.);
#6092=FACE_BOUND('',#5712,.T.);
#6093=FACE_BOUND('',#5713,.T.);
#6094=FACE_BOUND('',#5714,.T.);
#6095=FACE_BOUND('',#5715,.T.);
#6096=FACE_BOUND('',#5716,.T.);
#6097=FACE_BOUND('',#5717,.T.);
#6098=FACE_BOUND('',#5718,.T.);
#6099=FACE_BOUND('',#5719,.T.);
#6100=FACE_BOUND('',#5720,.T.);
#6101=FACE_BOUND('',#5721,.T.);
#6102=FACE_BOUND('',#5722,.T.);
#6103=FACE_BOUND('',#5723,.T.);
#6104=FACE_BOUND('',#5724,.T.);
#6105=FACE_BOUND('',#5725,.T.);
#6106=FACE_BOUND('',#5726,.T.);
#6107=FACE_BOUND('',#5727,.T.);
#6108=FACE_BOUND('',#5728,.T.);
#6109=FACE_BOUND('',#5729,.T.);
#6110=FACE_BOUND('',#5730,.T.);
#6111=FACE_BOUND('',#5731,.T.);
#6112=FACE_BOUND('',#5732,.T.);
#6113=FACE_BOUND('',#5733,.T.);
#6114=FACE_BOUND('',#5734,.T.);
#6115=FACE_BOUND('',#5735,.T.);
#6116=FACE_BOUND('',#5736,.T.);
#6117=FACE_BOUND('',#5737,.T.);
#6118=FACE_BOUND('',#5738,.T.);
#6119=FACE_BOUND('',#5739,.T.);
#6120=FACE_BOUND('',#5740,.T.);
#6121=FACE_BOUND('',#5741,.T.);
#6122=FACE_BOUND('',#5742,.T.);
#6123=FACE_BOUND('',#5743,.T.);
#6124=FACE_BOUND('',#5744,.T.);
#6125=FACE_BOUND('',#5745,.T.);
#6126=FACE_BOUND('',#5746,.T.);
#6127=FACE_BOUND('',#5747,.T.);
#6128=FACE_BOUND('',#5748,.T.);
#6129=FACE_BOUND('',#5749,.T.);
#6130=FACE_BOUND('',#5750,.T.);
#6131=FACE_BOUND('',#5751,.T.);
#6132=FACE_BOUND('',#5752,.T.);
#6133=FACE_BOUND('',#5753,.T.);
#6134=FACE_BOUND('',#5754,.T.);
#6135=FACE_BOUND('',#5755,.T.);
#6136=FACE_BOUND('',#5756,.T.);
#6137=FACE_BOUND('',#5757,.T.);
#6138=FACE_BOUND('',#5758,.T.);
#6139=FACE_BOUND('',#5759,.T.);
#6140=FACE_BOUND('',#5760,.T.);
#6141=FACE_BOUND('',#5761,.T.);
#6142=FACE_BOUND('',#5762,.T.);
#6143=FACE_BOUND('',#5763,.T.);
#6144=FACE_BOUND('',#5764,.T.);
#6145=FACE_BOUND('',#5765,.T.);
#6146=FACE_BOUND('',#5766,.T.);
#6147=FACE_BOUND('',#5767,.T.);
#6148=FACE_BOUND('',#5768,.T.);
#6149=FACE_BOUND('',#5769,.T.);
#6150=FACE_BOUND('',#5770,.T.);
#6151=FACE_BOUND('',#5771,.T.);
#6152=FACE_BOUND('',#5772,.T.);
#6153=FACE_BOUND('',#5773,.T.);
#6154=FACE_BOUND('',#5774,.T.);
#6155=FACE_BOUND('',#5775,.T.);
#6156=FACE_BOUND('',#5776,.T.);
#6157=FACE_BOUND('',#5777,.T.);
#6158=FACE_BOUND('',#5778,.T.);
#6159=FACE_BOUND('',#5779,.T.);
#6160=FACE_BOUND('',#5780,.T.);
#6161=FACE_BOUND('',#5781,.T.);
#6162=FACE_BOUND('',#5782,.T.);
#6163=FACE_BOUND('',#5783,.T.);
#6164=FACE_BOUND('',#5784,.T.);
#6165=FACE_BOUND('',#5785,.T.);
#6166=FACE_BOUND('',#5786,.T.);
#6167=FACE_BOUND('',#5787,.T.);
#6168=FACE_BOUND('',#5788,.T.);
#6169=FACE_BOUND('',#5789,.T.);
#6170=FACE_BOUND('',#5790,.T.);
#6171=FACE_BOUND('',#5791,.T.);
#6172=FACE_BOUND('',#5792,.T.);
#6173=FACE_BOUND('',#5793,.T.);
#6174=FACE_BOUND('',#5794,.T.);
#6175=FACE_BOUND('',#5795,.T.);
#6176=FACE_BOUND('',#5796,.T.);
#6177=FACE_BOUND('',#5797,.T.);
#6178=FACE_BOUND('',#5798,.T.);
#6179=FACE_BOUND('',#5799,.T.);
#6180=FACE_BOUND('',#5800,.T.);
#6181=FACE_BOUND('',#5801,.T.);
#6182=FACE_BOUND('',#5802,.T.);
#6183=FACE_BOUND('',#5803,.T.);
#6184=FACE_BOUND('',#5804,.T.);
#6185=FACE_BOUND('',#5805,.T.);
#6186=FACE_BOUND('',#5806,.T.);
#6187=FACE_BOUND('',#5807,.T.);
#6188=FACE_BOUND('',#5808,.T.);
#6189=FACE_BOUND('',#5809,.T.);
#6190=FACE_BOUND('',#5810,.T.);
#6191=FACE_BOUND('',#5811,.T.);
#6192=FACE_BOUND('',#5812,.T.);
#6193=FACE_BOUND('',#5813,.T.);
#6194=FACE_BOUND('',#5814,.T.);
#6195=FACE_BOUND('',#5815,.T.);
#6196=FACE_BOUND('',#5816,.T.);
#6197=FACE_BOUND('',#5817,.T.);
#6198=FACE_BOUND('',#5818,.T.);
#6199=FACE_BOUND('',#5819,.T.);
#6200=FACE_BOUND('',#5820,.T.);
#6201=FACE_BOUND('',#5821,.T.);
#6202=FACE_BOUND('',#5822,.T.);
#6203=FACE_BOUND('',#5823,.T.);
#6204=FACE_BOUND('',#5824,.T.);
#6205=FACE_BOUND('',#5825,.T.);
#6206=FACE_BOUND('',#5826,.T.);
#6207=FACE_BOUND('',#5827,.T.);
#6208=FACE_BOUND('',#5828,.T.);
#6209=FACE_BOUND('',#5829,.T.);
#6210=FACE_BOUND('',#5830,.T.);
#6211=FACE_BOUND('',#5831,.T.);
#6212=FACE_BOUND('',#5832,.T.);
#6213=FACE_BOUND('',#5833,.T.);
#6214=FACE_BOUND('',#5834,.T.);
#6215=FACE_BOUND('',#5835,.T.);
#6216=FACE_BOUND('',#5836,.T.);
#6217=FACE_BOUND('',#5837,.T.);
#6218=FACE_BOUND('',#5838,.T.);
#6219=FACE_BOUND('',#5839,.T.);
#6220=FACE_BOUND('',#5840,.T.);
#6221=FACE_BOUND('',#5841,.T.);
#6222=FACE_BOUND('',#5842,.T.);
#6223=FACE_BOUND('',#5843,.T.);
#6224=FACE_BOUND('',#5844,.T.);
#6225=FACE_BOUND('',#5845,.T.);
#6226=FACE_BOUND('',#5846,.T.);
#6227=FACE_BOUND('',#5847,.T.);
#6228=FACE_BOUND('',#5848,.T.);
#6229=FACE_BOUND('',#5849,.T.);
#6230=FACE_BOUND('',#5850,.T.);
#6231=FACE_BOUND('',#5851,.T.);
#6232=FACE_BOUND('',#5852,.T.);
#6233=FACE_BOUND('',#5853,.T.);
#6234=FACE_BOUND('',#5854,.T.);
#6235=FACE_BOUND('',#5855,.T.);
#6236=FACE_BOUND('',#5856,.T.);
#6237=FACE_BOUND('',#5857,.T.);
#6238=FACE_BOUND('',#5858,.T.);
#6239=FACE_BOUND('',#5859,.T.);
#6240=FACE_BOUND('',#5860,.T.);
#6241=FACE_BOUND('',#5861,.T.);
#6242=FACE_BOUND('',#5862,.T.);
#6243=FACE_BOUND('',#5863,.T.);
#6244=FACE_BOUND('',#5864,.T.);
#6245=FACE_BOUND('',#5865,.T.);
#6246=FACE_BOUND('',#5866,.T.);
#6247=FACE_BOUND('',#5867,.T.);
#6248=FACE_BOUND('',#5868,.T.);
#6249=FACE_BOUND('',#5869,.T.);
#6250=FACE_BOUND('',#5870,.T.);
#6251=FACE_BOUND('',#5871,.T.);
#6252=FACE_BOUND('',#5872,.T.);
#6253=FACE_BOUND('',#5873,.T.);
#6254=FACE_BOUND('',#5874,.T.);
#6255=FACE_BOUND('',#5875,.T.);
#6256=FACE_BOUND('',#5876,.T.);
#6257=FACE_BOUND('',#5877,.T.);
#6258=FACE_BOUND('',#5878,.T.);
#6259=FACE_BOUND('',#5879,.T.);
#6260=FACE_BOUND('',#5880,.T.);
#6261=FACE_BOUND('',#5881,.T.);
#6262=FACE_BOUND('',#5882,.T.);
#6263=FACE_BOUND('',#5883,.T.);
#6264=FACE_BOUND('',#5884,.T.);
#6265=FACE_BOUND('',#5885,.T.);
#6266=FACE_BOUND('',#5886,.T.);
#6267=FACE_BOUND('',#5887,.T.);
#6268=FACE_BOUND('',#5888,.T.);
#6269=FACE_BOUND('',#5889,.T.);
#6270=FACE_BOUND('',#5890,.T.);
#6271=FACE_BOUND('',#5891,.T.);
#6272=FACE_BOUND('',#5892,.T.);
#6273=FACE_BOUND('',#5893,.T.);
#6274=FACE_BOUND('',#5894,.T.);
#6275=FACE_BOUND('',#5895,.T.);
#6276=FACE_BOUND('',#5896,.T.);
#6277=FACE_BOUND('',#5897,.T.);
#6278=FACE_BOUND('',#5898,.T.);
#6279=FACE_BOUND('',#5899,.T.);
#6280=FACE_BOUND('',#5900,.T.);
#6281=FACE_BOUND('',#5901,.T.);
#6282=FACE_BOUND('',#5902,.T.);
#6283=FACE_BOUND('',#5903,.T.);
#6284=FACE_BOUND('',#5904,.T.);
#6285=FACE_BOUND('',#5905,.T.);
#6286=FACE_BOUND('',#5906,.T.);
#6287=FACE_BOUND('',#5907,.T.);
#6288=FACE_BOUND('',#5908,.T.);
#6289=FACE_BOUND('',#5909,.T.);
#6290=FACE_BOUND('',#5910,.T.);
#6291=FACE_BOUND('',#5911,.T.);
#6292=FACE_BOUND('',#5912,.T.);
#6293=FACE_BOUND('',#5913,.T.);
#6294=FACE_BOUND('',#5914,.T.);
#6295=FACE_BOUND('',#5915,.T.);
#6296=FACE_BOUND('',#5916,.T.);
#6297=FACE_BOUND('',#5917,.T.);
#6298=FACE_BOUND('',#5918,.T.);
#6299=FACE_BOUND('',#5919,.T.);
#6300=FACE_BOUND('',#5920,.T.);
#6301=FACE_BOUND('',#5921,.T.);
#6302=FACE_BOUND('',#5922,.T.);
#6303=FACE_BOUND('',#5923,.T.);
#6304=FACE_BOUND('',#5924,.T.);
#6305=FACE_BOUND('',#5925,.T.);
#6306=FACE_BOUND('',#5926,.T.);
#6307=FACE_BOUND('',#5927,.T.);
#6308=FACE_BOUND('',#5928,.T.);
#6309=FACE_BOUND('',#5929,.T.);
#6310=FACE_BOUND('',#5930,.T.);
#6311=FACE_BOUND('',#5931,.T.);
#6312=FACE_BOUND('',#5932,.T.);
#6313=FACE_BOUND('',#5933,.T.);
#6314=FACE_BOUND('',#5934,.T.);
#6315=FACE_BOUND('',#5935,.T.);
#6316=FACE_BOUND('',#5936,.T.);
#6317=FACE_BOUND('',#5937,.T.);
#6318=FACE_BOUND('',#5938,.T.);
#6319=FACE_BOUND('',#5939,.T.);
#6320=FACE_BOUND('',#5940,.T.);
#6321=FACE_BOUND('',#5941,.T.);
#6322=FACE_BOUND('',#5942,.T.);
#6323=FACE_BOUND('',#5943,.T.);
#6324=FACE_BOUND('',#5944,.T.);
#6325=FACE_BOUND('',#5945,.T.);
#6326=FACE_BOUND('',#5946,.T.);
#6327=FACE_BOUND('',#5947,.T.);
#6328=FACE_BOUND('',#5948,.T.);
#6329=FACE_BOUND('',#5949,.T.);
#6330=FACE_BOUND('',#5950,.T.);
#6331=FACE_BOUND('',#5951,.T.);
#6332=FACE_BOUND('',#5952,.T.);
#6333=FACE_BOUND('',#5953,.T.);
#6334=FACE_BOUND('',#5954,.T.);
#6335=FACE_BOUND('',#5955,.T.);
#6336=FACE_BOUND('',#5956,.T.);
#6337=FACE_BOUND('',#5957,.T.);
#6338=FACE_BOUND('',#5958,.T.);
#6339=FACE_BOUND('',#5959,.T.);
#6340=FACE_BOUND('',#5960,.T.);
#6341=FACE_BOUND('',#5961,.T.);
#6342=FACE_BOUND('',#5962,.T.);
#6343=CYLINDRICAL_SURFACE('',#6970,4.54666666666667);
#6344=CYLINDRICAL_SURFACE('',#6973,4.54666666666667);
#6345=CYLINDRICAL_SURFACE('',#6976,4.54666666666667);
#6346=CYLINDRICAL_SURFACE('',#6979,4.54666666666667);
#6347=CYLINDRICAL_SURFACE('',#6982,4.54666666666667);
#6348=CYLINDRICAL_SURFACE('',#6985,4.54666666666667);
#6349=CYLINDRICAL_SURFACE('',#6988,4.54666666666667);
#6350=CYLINDRICAL_SURFACE('',#6991,4.54666666666667);
#6351=CYLINDRICAL_SURFACE('',#6994,4.54666666666667);
#6352=CYLINDRICAL_SURFACE('',#6997,4.54666666666667);
#6353=CYLINDRICAL_SURFACE('',#7000,4.54666666666667);
#6354=CYLINDRICAL_SURFACE('',#7003,4.54666666666667);
#6355=CYLINDRICAL_SURFACE('',#7006,4.54666666666667);
#6356=CYLINDRICAL_SURFACE('',#7009,4.54666666666667);
#6357=CYLINDRICAL_SURFACE('',#7012,4.54666666666667);
#6358=CYLINDRICAL_SURFACE('',#7015,4.54666666666667);
#6359=CYLINDRICAL_SURFACE('',#7018,4.54666666666667);
#6360=CYLINDRICAL_SURFACE('',#7021,4.54666666666667);
#6361=CYLINDRICAL_SURFACE('',#7024,4.54666666666667);
#6362=CYLINDRICAL_SURFACE('',#7027,4.54666666666667);
#6363=CYLINDRICAL_SURFACE('',#7030,4.54666666666667);
#6364=CYLINDRICAL_SURFACE('',#7033,4.54666666666667);
#6365=CYLINDRICAL_SURFACE('',#7036,4.54666666666667);
#6366=CYLINDRICAL_SURFACE('',#7039,4.54666666666667);
#6367=CYLINDRICAL_SURFACE('',#7042,4.54666666666667);
#6368=CYLINDRICAL_SURFACE('',#7045,4.54666666666667);
#6369=CYLINDRICAL_SURFACE('',#7048,4.54666666666667);
#6370=CYLINDRICAL_SURFACE('',#7051,4.54666666666667);
#6371=CYLINDRICAL_SURFACE('',#7054,4.54666666666667);
#6372=CYLINDRICAL_SURFACE('',#7057,4.54666666666667);
#6373=CYLINDRICAL_SURFACE('',#7060,4.54666666666667);
#6374=CYLINDRICAL_SURFACE('',#7063,4.54666666666667);
#6375=CYLINDRICAL_SURFACE('',#7066,4.54666666666667);
#6376=CYLINDRICAL_SURFACE('',#7069,4.54666666666667);
#6377=CYLINDRICAL_SURFACE('',#7072,4.54666666666667);
#6378=CYLINDRICAL_SURFACE('',#7075,4.54666666666667);
#6379=CYLINDRICAL_SURFACE('',#7078,4.54666666666667);
#6380=CYLINDRICAL_SURFACE('',#7081,4.54666666666667);
#6381=CYLINDRICAL_SURFACE('',#7084,4.54666666666667);
#6382=CYLINDRICAL_SURFACE('',#7087,4.54666666666667);
#6383=CYLINDRICAL_SURFACE('',#7090,4.54666666666667);
#6384=CYLINDRICAL_SURFACE('',#7093,4.54666666666667);
#6385=CYLINDRICAL_SURFACE('',#7096,4.54666666666667);
#6386=CYLINDRICAL_SURFACE('',#7099,4.54666666666667);
#6387=CYLINDRICAL_SURFACE('',#7102,4.54666666666667);
#6388=CYLINDRICAL_SURFACE('',#7105,4.54666666666667);
#6389=CYLINDRICAL_SURFACE('',#7108,4.54666666666667);
#6390=CYLINDRICAL_SURFACE('',#7111,4.54666666666667);
#6391=CYLINDRICAL_SURFACE('',#7114,4.54666666666667);
#6392=CYLINDRICAL_SURFACE('',#7117,4.54666666666667);
#6393=CYLINDRICAL_SURFACE('',#7120,4.54666666666667);
#6394=CYLINDRICAL_SURFACE('',#7123,4.54666666666667);
#6395=CYLINDRICAL_SURFACE('',#7126,4.54666666666667);
#6396=CYLINDRICAL_SURFACE('',#7129,4.54666666666667);
#6397=CYLINDRICAL_SURFACE('',#7132,4.54666666666667);
#6398=CYLINDRICAL_SURFACE('',#7135,4.54666666666667);
#6399=CYLINDRICAL_SURFACE('',#7138,4.54666666666667);
#6400=CYLINDRICAL_SURFACE('',#7141,4.54666666666667);
#6401=CYLINDRICAL_SURFACE('',#7144,4.54666666666667);
#6402=CYLINDRICAL_SURFACE('',#7147,4.54666666666667);
#6403=CYLINDRICAL_SURFACE('',#7150,4.21666666666418);
#6404=CYLINDRICAL_SURFACE('',#7153,0.0499900328421273);
#6405=CYLINDRICAL_SURFACE('',#7156,0.0499900328421273);
#6406=CYLINDRICAL_SURFACE('',#7159,4.21666666666418);
#6407=CYLINDRICAL_SURFACE('',#7162,0.0499900328421273);
#6408=CYLINDRICAL_SURFACE('',#7165,0.0499900328421273);
#6409=CYLINDRICAL_SURFACE('',#7168,4.21666666666418);
#6410=CYLINDRICAL_SURFACE('',#7171,0.0499900328421273);
#6411=CYLINDRICAL_SURFACE('',#7174,0.0499900328421273);
#6412=CYLINDRICAL_SURFACE('',#7177,4.21666666666418);
#6413=CYLINDRICAL_SURFACE('',#7180,0.0499900328421273);
#6414=CYLINDRICAL_SURFACE('',#7183,0.0499900328421273);
#6415=CYLINDRICAL_SURFACE('',#7186,4.21666666666418);
#6416=CYLINDRICAL_SURFACE('',#7189,0.0499900328421273);
#6417=CYLINDRICAL_SURFACE('',#7192,0.0499900328421273);
#6418=CYLINDRICAL_SURFACE('',#7195,4.21666666666418);
#6419=CYLINDRICAL_SURFACE('',#7198,0.0499900328421273);
#6420=CYLINDRICAL_SURFACE('',#7201,0.0499900328421273);
#6421=CYLINDRICAL_SURFACE('',#7204,4.21666666666418);
#6422=CYLINDRICAL_SURFACE('',#7207,0.0499900328421273);
#6423=CYLINDRICAL_SURFACE('',#7210,0.0499900328421273);
#6424=CYLINDRICAL_SURFACE('',#7213,4.21666666666418);
#6425=CYLINDRICAL_SURFACE('',#7216,0.0499900328421273);
#6426=CYLINDRICAL_SURFACE('',#7219,0.0499900328421273);
#6427=CYLINDRICAL_SURFACE('',#7222,4.21666666666418);
#6428=CYLINDRICAL_SURFACE('',#7225,0.0499900328421273);
#6429=CYLINDRICAL_SURFACE('',#7228,0.0499900328421273);
#6430=CYLINDRICAL_SURFACE('',#7231,4.21666666666418);
#6431=CYLINDRICAL_SURFACE('',#7234,0.0499900328421273);
#6432=CYLINDRICAL_SURFACE('',#7237,0.0499900328421273);
#6433=CYLINDRICAL_SURFACE('',#7240,4.21666666666418);
#6434=CYLINDRICAL_SURFACE('',#7243,0.0499900328421273);
#6435=CYLINDRICAL_SURFACE('',#7246,0.0499900328421273);
#6436=CYLINDRICAL_SURFACE('',#7249,4.21666666666418);
#6437=CYLINDRICAL_SURFACE('',#7252,0.0499900328421273);
#6438=CYLINDRICAL_SURFACE('',#7255,0.0499900328421273);
#6439=CYLINDRICAL_SURFACE('',#7258,4.21666666666418);
#6440=CYLINDRICAL_SURFACE('',#7261,0.0499900328421273);
#6441=CYLINDRICAL_SURFACE('',#7264,0.0499900328421273);
#6442=CYLINDRICAL_SURFACE('',#7267,4.21666666666418);
#6443=CYLINDRICAL_SURFACE('',#7270,0.0499900328421273);
#6444=CYLINDRICAL_SURFACE('',#7273,0.0499900328421273);
#6445=CYLINDRICAL_SURFACE('',#7276,4.21666666666418);
#6446=CYLINDRICAL_SURFACE('',#7279,0.0499900328421273);
#6447=CYLINDRICAL_SURFACE('',#7282,0.0499900328421273);
#6448=CYLINDRICAL_SURFACE('',#7285,4.21666666666418);
#6449=CYLINDRICAL_SURFACE('',#7288,0.0499900328421273);
#6450=CYLINDRICAL_SURFACE('',#7291,0.0499900328421273);
#6451=CYLINDRICAL_SURFACE('',#7294,4.21666666666418);
#6452=CYLINDRICAL_SURFACE('',#7297,0.0499900328421273);
#6453=CYLINDRICAL_SURFACE('',#7300,0.0499900328421273);
#6454=CYLINDRICAL_SURFACE('',#7303,4.21666666666418);
#6455=CYLINDRICAL_SURFACE('',#7306,0.0499900328421273);
#6456=CYLINDRICAL_SURFACE('',#7309,0.0499900328421273);
#6457=CYLINDRICAL_SURFACE('',#7312,4.21666666666418);
#6458=CYLINDRICAL_SURFACE('',#7315,0.0499900328421273);
#6459=CYLINDRICAL_SURFACE('',#7318,0.0499900328421273);
#6460=CYLINDRICAL_SURFACE('',#7321,4.21666666666418);
#6461=CYLINDRICAL_SURFACE('',#7324,0.0499900328421273);
#6462=CYLINDRICAL_SURFACE('',#7327,0.0499900328421273);
#6463=CYLINDRICAL_SURFACE('',#7330,4.21666666666418);
#6464=CYLINDRICAL_SURFACE('',#7333,0.0499900328421273);
#6465=CYLINDRICAL_SURFACE('',#7336,0.0499900328421273);
#6466=CYLINDRICAL_SURFACE('',#7339,4.21666666666418);
#6467=CYLINDRICAL_SURFACE('',#7342,0.0499900328421273);
#6468=CYLINDRICAL_SURFACE('',#7345,0.0499900328421273);
#6469=CYLINDRICAL_SURFACE('',#7348,4.21666666666418);
#6470=CYLINDRICAL_SURFACE('',#7351,0.0499900328421273);
#6471=CYLINDRICAL_SURFACE('',#7354,0.0499900328421273);
#6472=CYLINDRICAL_SURFACE('',#7357,4.21666666666418);
#6473=CYLINDRICAL_SURFACE('',#7360,0.0499900328421273);
#6474=CYLINDRICAL_SURFACE('',#7363,0.0499900328421273);
#6475=CYLINDRICAL_SURFACE('',#7366,4.21666666666418);
#6476=CYLINDRICAL_SURFACE('',#7369,0.0499900328421273);
#6477=CYLINDRICAL_SURFACE('',#7372,0.0499900328421273);
#6478=CYLINDRICAL_SURFACE('',#7375,4.21666666666418);
#6479=CYLINDRICAL_SURFACE('',#7378,0.0499900328421273);
#6480=CYLINDRICAL_SURFACE('',#7381,0.0499900328421273);
#6481=CYLINDRICAL_SURFACE('',#7384,4.21666666666418);
#6482=CYLINDRICAL_SURFACE('',#7387,0.0499900328421273);
#6483=CYLINDRICAL_SURFACE('',#7390,0.0499900328421273);
#6484=CYLINDRICAL_SURFACE('',#7393,4.21666666666418);
#6485=CYLINDRICAL_SURFACE('',#7396,0.0499900328421273);
#6486=CYLINDRICAL_SURFACE('',#7399,0.0499900328421273);
#6487=CYLINDRICAL_SURFACE('',#7402,4.21666666666418);
#6488=CYLINDRICAL_SURFACE('',#7405,0.0499900328421273);
#6489=CYLINDRICAL_SURFACE('',#7408,0.0499900328421273);
#6490=CYLINDRICAL_SURFACE('',#7411,4.21666666666418);
#6491=CYLINDRICAL_SURFACE('',#7414,0.0499900328421273);
#6492=CYLINDRICAL_SURFACE('',#7417,0.0499900328421273);
#6493=CYLINDRICAL_SURFACE('',#7420,4.21666666666418);
#6494=CYLINDRICAL_SURFACE('',#7423,0.0499900328421273);
#6495=CYLINDRICAL_SURFACE('',#7426,0.0499900328421273);
#6496=CYLINDRICAL_SURFACE('',#7429,4.21666666666418);
#6497=CYLINDRICAL_SURFACE('',#7432,0.0499900328421273);
#6498=CYLINDRICAL_SURFACE('',#7435,0.0499900328421273);
#6499=CYLINDRICAL_SURFACE('',#7438,4.21666666666418);
#6500=CYLINDRICAL_SURFACE('',#7441,0.0499900328421273);
#6501=CYLINDRICAL_SURFACE('',#7444,0.0499900328421273);
#6502=CYLINDRICAL_SURFACE('',#7447,4.21666666666418);
#6503=CYLINDRICAL_SURFACE('',#7450,0.0499900328421273);
#6504=CYLINDRICAL_SURFACE('',#7453,0.0499900328421273);
#6505=CYLINDRICAL_SURFACE('',#7456,4.21666666666418);
#6506=CYLINDRICAL_SURFACE('',#7459,0.0499900328421273);
#6507=CYLINDRICAL_SURFACE('',#7462,0.0499900328421273);
#6508=CYLINDRICAL_SURFACE('',#7465,4.21666666666418);
#6509=CYLINDRICAL_SURFACE('',#7468,0.0499900328421273);
#6510=CYLINDRICAL_SURFACE('',#7471,0.0499900328421273);
#6511=CYLINDRICAL_SURFACE('',#7474,4.21666666666418);
#6512=CYLINDRICAL_SURFACE('',#7477,0.0499900328421273);
#6513=CYLINDRICAL_SURFACE('',#7480,0.0499900328421273);
#6514=CYLINDRICAL_SURFACE('',#7483,4.21666666666418);
#6515=CYLINDRICAL_SURFACE('',#7486,0.0499900328421273);
#6516=CYLINDRICAL_SURFACE('',#7489,0.0499900328421273);
#6517=CYLINDRICAL_SURFACE('',#7492,4.21666666666418);
#6518=CYLINDRICAL_SURFACE('',#7495,0.0499900328421273);
#6519=CYLINDRICAL_SURFACE('',#7498,0.0499900328421273);
#6520=CYLINDRICAL_SURFACE('',#7501,4.21666666666418);
#6521=CYLINDRICAL_SURFACE('',#7504,0.0499900328421273);
#6522=CYLINDRICAL_SURFACE('',#7507,0.0499900328421273);
#6523=CYLINDRICAL_SURFACE('',#7510,4.21666666666418);
#6524=CYLINDRICAL_SURFACE('',#7513,0.0499900328421273);
#6525=CYLINDRICAL_SURFACE('',#7516,0.0499900328421273);
#6526=CYLINDRICAL_SURFACE('',#7519,4.21666666666418);
#6527=CYLINDRICAL_SURFACE('',#7522,0.0499900328421273);
#6528=CYLINDRICAL_SURFACE('',#7525,0.0499900328421273);
#6529=CYLINDRICAL_SURFACE('',#7528,4.21666666666418);
#6530=CYLINDRICAL_SURFACE('',#7531,0.0499900328421273);
#6531=CYLINDRICAL_SURFACE('',#7534,0.0499900328421273);
#6532=CYLINDRICAL_SURFACE('',#7537,4.21666666666418);
#6533=CYLINDRICAL_SURFACE('',#7540,0.0499900328421273);
#6534=CYLINDRICAL_SURFACE('',#7543,0.0499900328421273);
#6535=CYLINDRICAL_SURFACE('',#7546,4.21666666666418);
#6536=CYLINDRICAL_SURFACE('',#7549,0.0499900328421273);
#6537=CYLINDRICAL_SURFACE('',#7552,0.0499900328421273);
#6538=CYLINDRICAL_SURFACE('',#7555,4.21666666666418);
#6539=CYLINDRICAL_SURFACE('',#7558,0.0499900328421273);
#6540=CYLINDRICAL_SURFACE('',#7561,0.0499900328421273);
#6541=CYLINDRICAL_SURFACE('',#7564,4.21666666666418);
#6542=CYLINDRICAL_SURFACE('',#7567,0.0499900328421273);
#6543=CYLINDRICAL_SURFACE('',#7570,0.0499900328421273);
#6544=CYLINDRICAL_SURFACE('',#7573,4.21666666666418);
#6545=CYLINDRICAL_SURFACE('',#7576,0.0499900328421273);
#6546=CYLINDRICAL_SURFACE('',#7579,0.0499900328421273);
#6547=CYLINDRICAL_SURFACE('',#7582,4.21666666666418);
#6548=CYLINDRICAL_SURFACE('',#7585,0.0499900328421273);
#6549=CYLINDRICAL_SURFACE('',#7588,0.0499900328421273);
#6550=CYLINDRICAL_SURFACE('',#7591,4.21666666666418);
#6551=CYLINDRICAL_SURFACE('',#7594,0.0499900328421273);
#6552=CYLINDRICAL_SURFACE('',#7597,0.0499900328421273);
#6553=CYLINDRICAL_SURFACE('',#7600,4.21666666666418);
#6554=CYLINDRICAL_SURFACE('',#7603,0.0499900328421273);
#6555=CYLINDRICAL_SURFACE('',#7606,0.0499900328421273);
#6556=CYLINDRICAL_SURFACE('',#7609,4.21666666666418);
#6557=CYLINDRICAL_SURFACE('',#7612,0.0499900328421273);
#6558=CYLINDRICAL_SURFACE('',#7615,0.0499900328421273);
#6559=CYLINDRICAL_SURFACE('',#7618,4.21666666666418);
#6560=CYLINDRICAL_SURFACE('',#7621,0.0499900328421273);
#6561=CYLINDRICAL_SURFACE('',#7624,0.0499900328421273);
#6562=CYLINDRICAL_SURFACE('',#7627,4.21666666666418);
#6563=CYLINDRICAL_SURFACE('',#7630,0.0499900328421273);
#6564=CYLINDRICAL_SURFACE('',#7633,0.0499900328421273);
#6565=CYLINDRICAL_SURFACE('',#7636,4.21666666666418);
#6566=CYLINDRICAL_SURFACE('',#7639,0.0499900328421273);
#6567=CYLINDRICAL_SURFACE('',#7642,0.0499900328421273);
#6568=CYLINDRICAL_SURFACE('',#7645,4.21666666666418);
#6569=CYLINDRICAL_SURFACE('',#7648,0.0499900328421273);
#6570=CYLINDRICAL_SURFACE('',#7651,0.0499900328421273);
#6571=CYLINDRICAL_SURFACE('',#7654,4.21666666666418);
#6572=CYLINDRICAL_SURFACE('',#7657,0.0499900328421273);
#6573=CYLINDRICAL_SURFACE('',#7660,0.0499900328421273);
#6574=CYLINDRICAL_SURFACE('',#7663,4.21666666666418);
#6575=CYLINDRICAL_SURFACE('',#7666,0.0499900328421273);
#6576=CYLINDRICAL_SURFACE('',#7669,0.0499900328421273);
#6577=CYLINDRICAL_SURFACE('',#7672,4.21666666666418);
#6578=CYLINDRICAL_SURFACE('',#7675,0.0499900328421273);
#6579=CYLINDRICAL_SURFACE('',#7678,0.0499900328421273);
#6580=CYLINDRICAL_SURFACE('',#7681,4.21666666666418);
#6581=CYLINDRICAL_SURFACE('',#7684,0.0499900328421273);
#6582=CYLINDRICAL_SURFACE('',#7687,0.0499900328421273);
#6583=CYLINDRICAL_SURFACE('',#7693,3.5);
#6584=CYLINDRICAL_SURFACE('',#7698,5.);
#6585=CYLINDRICAL_SURFACE('',#7706,5.);
#6586=CYLINDRICAL_SURFACE('',#7707,0.5);
#6587=ADVANCED_FACE('',(#5963),#6343,.T.);
#6588=ADVANCED_FACE('',(#5964),#6344,.T.);
#6589=ADVANCED_FACE('',(#5965),#6345,.T.);
#6590=ADVANCED_FACE('',(#5966),#6346,.T.);
#6591=ADVANCED_FACE('',(#5967),#6347,.T.);
#6592=ADVANCED_FACE('',(#5968),#6348,.T.);
#6593=ADVANCED_FACE('',(#5969),#6349,.T.);
#6594=ADVANCED_FACE('',(#5970),#6350,.T.);
#6595=ADVANCED_FACE('',(#5971),#6351,.T.);
#6596=ADVANCED_FACE('',(#5972),#6352,.T.);
#6597=ADVANCED_FACE('',(#5973),#6353,.T.);
#6598=ADVANCED_FACE('',(#5974),#6354,.T.);
#6599=ADVANCED_FACE('',(#5975),#6355,.T.);
#6600=ADVANCED_FACE('',(#5976),#6356,.T.);
#6601=ADVANCED_FACE('',(#5977),#6357,.T.);
#6602=ADVANCED_FACE('',(#5978),#6358,.T.);
#6603=ADVANCED_FACE('',(#5979),#6359,.T.);
#6604=ADVANCED_FACE('',(#5980),#6360,.T.);
#6605=ADVANCED_FACE('',(#5981),#6361,.T.);
#6606=ADVANCED_FACE('',(#5982),#6362,.T.);
#6607=ADVANCED_FACE('',(#5983),#6363,.T.);
#6608=ADVANCED_FACE('',(#5984),#6364,.T.);
#6609=ADVANCED_FACE('',(#5985),#6365,.T.);
#6610=ADVANCED_FACE('',(#5986),#6366,.T.);
#6611=ADVANCED_FACE('',(#5987),#6367,.T.);
#6612=ADVANCED_FACE('',(#5988),#6368,.T.);
#6613=ADVANCED_FACE('',(#5989),#6369,.T.);
#6614=ADVANCED_FACE('',(#5990),#6370,.T.);
#6615=ADVANCED_FACE('',(#5991),#6371,.T.);
#6616=ADVANCED_FACE('',(#5992),#6372,.T.);
#6617=ADVANCED_FACE('',(#5993),#6373,.T.);
#6618=ADVANCED_FACE('',(#5994),#6374,.T.);
#6619=ADVANCED_FACE('',(#5995),#6375,.T.);
#6620=ADVANCED_FACE('',(#5996),#6376,.T.);
#6621=ADVANCED_FACE('',(#5997),#6377,.T.);
#6622=ADVANCED_FACE('',(#5998),#6378,.T.);
#6623=ADVANCED_FACE('',(#5999),#6379,.T.);
#6624=ADVANCED_FACE('',(#6000),#6380,.T.);
#6625=ADVANCED_FACE('',(#6001),#6381,.T.);
#6626=ADVANCED_FACE('',(#6002),#6382,.T.);
#6627=ADVANCED_FACE('',(#6003),#6383,.T.);
#6628=ADVANCED_FACE('',(#6004),#6384,.T.);
#6629=ADVANCED_FACE('',(#6005),#6385,.T.);
#6630=ADVANCED_FACE('',(#6006),#6386,.T.);
#6631=ADVANCED_FACE('',(#6007),#6387,.T.);
#6632=ADVANCED_FACE('',(#6008),#6388,.T.);
#6633=ADVANCED_FACE('',(#6009),#6389,.T.);
#6634=ADVANCED_FACE('',(#6010),#6390,.T.);
#6635=ADVANCED_FACE('',(#6011),#6391,.T.);
#6636=ADVANCED_FACE('',(#6012),#6392,.T.);
#6637=ADVANCED_FACE('',(#6013),#6393,.T.);
#6638=ADVANCED_FACE('',(#6014),#6394,.T.);
#6639=ADVANCED_FACE('',(#6015),#6395,.T.);
#6640=ADVANCED_FACE('',(#6016),#6396,.T.);
#6641=ADVANCED_FACE('',(#6017),#6397,.T.);
#6642=ADVANCED_FACE('',(#6018),#6398,.T.);
#6643=ADVANCED_FACE('',(#6019),#6399,.T.);
#6644=ADVANCED_FACE('',(#6020),#6400,.T.);
#6645=ADVANCED_FACE('',(#6021),#6401,.T.);
#6646=ADVANCED_FACE('',(#6022),#6402,.T.);
#6647=ADVANCED_FACE('',(#6023),#258,.F.);
#6648=ADVANCED_FACE('',(#6024),#6403,.T.);
#6649=ADVANCED_FACE('',(#6025),#259,.T.);
#6650=ADVANCED_FACE('',(#6026),#6404,.F.);
#6651=ADVANCED_FACE('',(#6027),#6405,.F.);
#6652=ADVANCED_FACE('',(#6028),#260,.F.);
#6653=ADVANCED_FACE('',(#6029),#6406,.T.);
#6654=ADVANCED_FACE('',(#6030),#261,.T.);
#6655=ADVANCED_FACE('',(#6031),#6407,.F.);
#6656=ADVANCED_FACE('',(#6032),#6408,.F.);
#6657=ADVANCED_FACE('',(#6033),#262,.F.);
#6658=ADVANCED_FACE('',(#6034),#6409,.T.);
#6659=ADVANCED_FACE('',(#6035),#263,.T.);
#6660=ADVANCED_FACE('',(#6036),#6410,.F.);
#6661=ADVANCED_FACE('',(#6037),#6411,.F.);
#6662=ADVANCED_FACE('',(#6038),#264,.F.);
#6663=ADVANCED_FACE('',(#6039),#6412,.T.);
#6664=ADVANCED_FACE('',(#6040),#265,.T.);
#6665=ADVANCED_FACE('',(#6041),#6413,.F.);
#6666=ADVANCED_FACE('',(#6042),#6414,.F.);
#6667=ADVANCED_FACE('',(#6043),#266,.F.);
#6668=ADVANCED_FACE('',(#6044),#6415,.T.);
#6669=ADVANCED_FACE('',(#6045),#267,.T.);
#6670=ADVANCED_FACE('',(#6046),#6416,.F.);
#6671=ADVANCED_FACE('',(#6047),#6417,.F.);
#6672=ADVANCED_FACE('',(#6048),#268,.F.);
#6673=ADVANCED_FACE('',(#6049),#6418,.T.);
#6674=ADVANCED_FACE('',(#6050),#269,.T.);
#6675=ADVANCED_FACE('',(#6051),#6419,.F.);
#6676=ADVANCED_FACE('',(#6052),#6420,.F.);
#6677=ADVANCED_FACE('',(#6053),#270,.F.);
#6678=ADVANCED_FACE('',(#6054),#6421,.T.);
#6679=ADVANCED_FACE('',(#6055),#271,.T.);
#6680=ADVANCED_FACE('',(#6056),#6422,.F.);
#6681=ADVANCED_FACE('',(#6057),#6423,.F.);
#6682=ADVANCED_FACE('',(#6058),#272,.F.);
#6683=ADVANCED_FACE('',(#6059),#6424,.T.);
#6684=ADVANCED_FACE('',(#6060),#273,.T.);
#6685=ADVANCED_FACE('',(#6061),#6425,.F.);
#6686=ADVANCED_FACE('',(#6062),#6426,.F.);
#6687=ADVANCED_FACE('',(#6063),#274,.F.);
#6688=ADVANCED_FACE('',(#6064),#6427,.T.);
#6689=ADVANCED_FACE('',(#6065),#275,.T.);
#6690=ADVANCED_FACE('',(#6066),#6428,.F.);
#6691=ADVANCED_FACE('',(#6067),#6429,.F.);
#6692=ADVANCED_FACE('',(#6068),#276,.F.);
#6693=ADVANCED_FACE('',(#6069),#6430,.T.);
#6694=ADVANCED_FACE('',(#6070),#277,.T.);
#6695=ADVANCED_FACE('',(#6071),#6431,.F.);
#6696=ADVANCED_FACE('',(#6072),#6432,.F.);
#6697=ADVANCED_FACE('',(#6073),#278,.F.);
#6698=ADVANCED_FACE('',(#6074),#6433,.T.);
#6699=ADVANCED_FACE('',(#6075),#279,.T.);
#6700=ADVANCED_FACE('',(#6076),#6434,.F.);
#6701=ADVANCED_FACE('',(#6077),#6435,.F.);
#6702=ADVANCED_FACE('',(#6078),#280,.F.);
#6703=ADVANCED_FACE('',(#6079),#6436,.T.);
#6704=ADVANCED_FACE('',(#6080),#281,.T.);
#6705=ADVANCED_FACE('',(#6081),#6437,.F.);
#6706=ADVANCED_FACE('',(#6082),#6438,.F.);
#6707=ADVANCED_FACE('',(#6083),#282,.F.);
#6708=ADVANCED_FACE('',(#6084),#6439,.T.);
#6709=ADVANCED_FACE('',(#6085),#283,.T.);
#6710=ADVANCED_FACE('',(#6086),#6440,.F.);
#6711=ADVANCED_FACE('',(#6087),#6441,.F.);
#6712=ADVANCED_FACE('',(#6088),#284,.F.);
#6713=ADVANCED_FACE('',(#6089),#6442,.T.);
#6714=ADVANCED_FACE('',(#6090),#285,.T.);
#6715=ADVANCED_FACE('',(#6091),#6443,.F.);
#6716=ADVANCED_FACE('',(#6092),#6444,.F.);
#6717=ADVANCED_FACE('',(#6093),#286,.F.);
#6718=ADVANCED_FACE('',(#6094),#6445,.T.);
#6719=ADVANCED_FACE('',(#6095),#287,.T.);
#6720=ADVANCED_FACE('',(#6096),#6446,.F.);
#6721=ADVANCED_FACE('',(#6097),#6447,.F.);
#6722=ADVANCED_FACE('',(#6098),#288,.F.);
#6723=ADVANCED_FACE('',(#6099),#6448,.T.);
#6724=ADVANCED_FACE('',(#6100),#289,.T.);
#6725=ADVANCED_FACE('',(#6101),#6449,.F.);
#6726=ADVANCED_FACE('',(#6102),#6450,.F.);
#6727=ADVANCED_FACE('',(#6103),#290,.F.);
#6728=ADVANCED_FACE('',(#6104),#6451,.T.);
#6729=ADVANCED_FACE('',(#6105),#291,.T.);
#6730=ADVANCED_FACE('',(#6106),#6452,.F.);
#6731=ADVANCED_FACE('',(#6107),#6453,.F.);
#6732=ADVANCED_FACE('',(#6108),#292,.F.);
#6733=ADVANCED_FACE('',(#6109),#6454,.T.);
#6734=ADVANCED_FACE('',(#6110),#293,.T.);
#6735=ADVANCED_FACE('',(#6111),#6455,.F.);
#6736=ADVANCED_FACE('',(#6112),#6456,.F.);
#6737=ADVANCED_FACE('',(#6113),#294,.F.);
#6738=ADVANCED_FACE('',(#6114),#6457,.T.);
#6739=ADVANCED_FACE('',(#6115),#295,.T.);
#6740=ADVANCED_FACE('',(#6116),#6458,.F.);
#6741=ADVANCED_FACE('',(#6117),#6459,.F.);
#6742=ADVANCED_FACE('',(#6118),#296,.F.);
#6743=ADVANCED_FACE('',(#6119),#6460,.T.);
#6744=ADVANCED_FACE('',(#6120),#297,.T.);
#6745=ADVANCED_FACE('',(#6121),#6461,.F.);
#6746=ADVANCED_FACE('',(#6122),#6462,.F.);
#6747=ADVANCED_FACE('',(#6123),#298,.F.);
#6748=ADVANCED_FACE('',(#6124),#6463,.T.);
#6749=ADVANCED_FACE('',(#6125),#299,.T.);
#6750=ADVANCED_FACE('',(#6126),#6464,.F.);
#6751=ADVANCED_FACE('',(#6127),#6465,.F.);
#6752=ADVANCED_FACE('',(#6128),#300,.F.);
#6753=ADVANCED_FACE('',(#6129),#6466,.T.);
#6754=ADVANCED_FACE('',(#6130),#301,.T.);
#6755=ADVANCED_FACE('',(#6131),#6467,.F.);
#6756=ADVANCED_FACE('',(#6132),#6468,.F.);
#6757=ADVANCED_FACE('',(#6133),#302,.F.);
#6758=ADVANCED_FACE('',(#6134),#6469,.T.);
#6759=ADVANCED_FACE('',(#6135),#303,.T.);
#6760=ADVANCED_FACE('',(#6136),#6470,.F.);
#6761=ADVANCED_FACE('',(#6137),#6471,.F.);
#6762=ADVANCED_FACE('',(#6138),#304,.F.);
#6763=ADVANCED_FACE('',(#6139),#6472,.T.);
#6764=ADVANCED_FACE('',(#6140),#305,.T.);
#6765=ADVANCED_FACE('',(#6141),#6473,.F.);
#6766=ADVANCED_FACE('',(#6142),#6474,.F.);
#6767=ADVANCED_FACE('',(#6143),#306,.F.);
#6768=ADVANCED_FACE('',(#6144),#6475,.T.);
#6769=ADVANCED_FACE('',(#6145),#307,.T.);
#6770=ADVANCED_FACE('',(#6146),#6476,.F.);
#6771=ADVANCED_FACE('',(#6147),#6477,.F.);
#6772=ADVANCED_FACE('',(#6148),#308,.F.);
#6773=ADVANCED_FACE('',(#6149),#6478,.T.);
#6774=ADVANCED_FACE('',(#6150),#309,.T.);
#6775=ADVANCED_FACE('',(#6151),#6479,.F.);
#6776=ADVANCED_FACE('',(#6152),#6480,.F.);
#6777=ADVANCED_FACE('',(#6153),#310,.F.);
#6778=ADVANCED_FACE('',(#6154),#6481,.T.);
#6779=ADVANCED_FACE('',(#6155),#311,.T.);
#6780=ADVANCED_FACE('',(#6156),#6482,.F.);
#6781=ADVANCED_FACE('',(#6157),#6483,.F.);
#6782=ADVANCED_FACE('',(#6158),#312,.F.);
#6783=ADVANCED_FACE('',(#6159),#6484,.T.);
#6784=ADVANCED_FACE('',(#6160),#313,.T.);
#6785=ADVANCED_FACE('',(#6161),#6485,.F.);
#6786=ADVANCED_FACE('',(#6162),#6486,.F.);
#6787=ADVANCED_FACE('',(#6163),#314,.F.);
#6788=ADVANCED_FACE('',(#6164),#6487,.T.);
#6789=ADVANCED_FACE('',(#6165),#315,.T.);
#6790=ADVANCED_FACE('',(#6166),#6488,.F.);
#6791=ADVANCED_FACE('',(#6167),#6489,.F.);
#6792=ADVANCED_FACE('',(#6168),#316,.F.);
#6793=ADVANCED_FACE('',(#6169),#6490,.T.);
#6794=ADVANCED_FACE('',(#6170),#317,.T.);
#6795=ADVANCED_FACE('',(#6171),#6491,.F.);
#6796=ADVANCED_FACE('',(#6172),#6492,.F.);
#6797=ADVANCED_FACE('',(#6173),#318,.F.);
#6798=ADVANCED_FACE('',(#6174),#6493,.T.);
#6799=ADVANCED_FACE('',(#6175),#319,.T.);
#6800=ADVANCED_FACE('',(#6176),#6494,.F.);
#6801=ADVANCED_FACE('',(#6177),#6495,.F.);
#6802=ADVANCED_FACE('',(#6178),#320,.F.);
#6803=ADVANCED_FACE('',(#6179),#6496,.T.);
#6804=ADVANCED_FACE('',(#6180),#321,.T.);
#6805=ADVANCED_FACE('',(#6181),#6497,.F.);
#6806=ADVANCED_FACE('',(#6182),#6498,.F.);
#6807=ADVANCED_FACE('',(#6183),#322,.F.);
#6808=ADVANCED_FACE('',(#6184),#6499,.T.);
#6809=ADVANCED_FACE('',(#6185),#323,.T.);
#6810=ADVANCED_FACE('',(#6186),#6500,.F.);
#6811=ADVANCED_FACE('',(#6187),#6501,.F.);
#6812=ADVANCED_FACE('',(#6188),#324,.F.);
#6813=ADVANCED_FACE('',(#6189),#6502,.T.);
#6814=ADVANCED_FACE('',(#6190),#325,.T.);
#6815=ADVANCED_FACE('',(#6191),#6503,.F.);
#6816=ADVANCED_FACE('',(#6192),#6504,.F.);
#6817=ADVANCED_FACE('',(#6193),#326,.F.);
#6818=ADVANCED_FACE('',(#6194),#6505,.T.);
#6819=ADVANCED_FACE('',(#6195),#327,.T.);
#6820=ADVANCED_FACE('',(#6196),#6506,.F.);
#6821=ADVANCED_FACE('',(#6197),#6507,.F.);
#6822=ADVANCED_FACE('',(#6198),#328,.F.);
#6823=ADVANCED_FACE('',(#6199),#6508,.T.);
#6824=ADVANCED_FACE('',(#6200),#329,.T.);
#6825=ADVANCED_FACE('',(#6201),#6509,.F.);
#6826=ADVANCED_FACE('',(#6202),#6510,.F.);
#6827=ADVANCED_FACE('',(#6203),#330,.F.);
#6828=ADVANCED_FACE('',(#6204),#6511,.T.);
#6829=ADVANCED_FACE('',(#6205),#331,.T.);
#6830=ADVANCED_FACE('',(#6206),#6512,.F.);
#6831=ADVANCED_FACE('',(#6207),#6513,.F.);
#6832=ADVANCED_FACE('',(#6208),#332,.F.);
#6833=ADVANCED_FACE('',(#6209),#6514,.T.);
#6834=ADVANCED_FACE('',(#6210),#333,.T.);
#6835=ADVANCED_FACE('',(#6211),#6515,.F.);
#6836=ADVANCED_FACE('',(#6212),#6516,.F.);
#6837=ADVANCED_FACE('',(#6213),#334,.F.);
#6838=ADVANCED_FACE('',(#6214),#6517,.T.);
#6839=ADVANCED_FACE('',(#6215),#335,.T.);
#6840=ADVANCED_FACE('',(#6216),#6518,.F.);
#6841=ADVANCED_FACE('',(#6217),#6519,.F.);
#6842=ADVANCED_FACE('',(#6218),#336,.F.);
#6843=ADVANCED_FACE('',(#6219),#6520,.T.);
#6844=ADVANCED_FACE('',(#6220),#337,.T.);
#6845=ADVANCED_FACE('',(#6221),#6521,.F.);
#6846=ADVANCED_FACE('',(#6222),#6522,.F.);
#6847=ADVANCED_FACE('',(#6223),#338,.F.);
#6848=ADVANCED_FACE('',(#6224),#6523,.T.);
#6849=ADVANCED_FACE('',(#6225),#339,.T.);
#6850=ADVANCED_FACE('',(#6226),#6524,.F.);
#6851=ADVANCED_FACE('',(#6227),#6525,.F.);
#6852=ADVANCED_FACE('',(#6228),#340,.F.);
#6853=ADVANCED_FACE('',(#6229),#6526,.T.);
#6854=ADVANCED_FACE('',(#6230),#341,.T.);
#6855=ADVANCED_FACE('',(#6231),#6527,.F.);
#6856=ADVANCED_FACE('',(#6232),#6528,.F.);
#6857=ADVANCED_FACE('',(#6233),#342,.F.);
#6858=ADVANCED_FACE('',(#6234),#6529,.T.);
#6859=ADVANCED_FACE('',(#6235),#343,.T.);
#6860=ADVANCED_FACE('',(#6236),#6530,.F.);
#6861=ADVANCED_FACE('',(#6237),#6531,.F.);
#6862=ADVANCED_FACE('',(#6238),#344,.F.);
#6863=ADVANCED_FACE('',(#6239),#6532,.T.);
#6864=ADVANCED_FACE('',(#6240),#345,.T.);
#6865=ADVANCED_FACE('',(#6241),#6533,.F.);
#6866=ADVANCED_FACE('',(#6242),#6534,.F.);
#6867=ADVANCED_FACE('',(#6243),#346,.F.);
#6868=ADVANCED_FACE('',(#6244),#6535,.T.);
#6869=ADVANCED_FACE('',(#6245),#347,.T.);
#6870=ADVANCED_FACE('',(#6246),#6536,.F.);
#6871=ADVANCED_FACE('',(#6247),#6537,.F.);
#6872=ADVANCED_FACE('',(#6248),#348,.F.);
#6873=ADVANCED_FACE('',(#6249),#6538,.T.);
#6874=ADVANCED_FACE('',(#6250),#349,.T.);
#6875=ADVANCED_FACE('',(#6251),#6539,.F.);
#6876=ADVANCED_FACE('',(#6252),#6540,.F.);
#6877=ADVANCED_FACE('',(#6253),#350,.F.);
#6878=ADVANCED_FACE('',(#6254),#6541,.T.);
#6879=ADVANCED_FACE('',(#6255),#351,.T.);
#6880=ADVANCED_FACE('',(#6256),#6542,.F.);
#6881=ADVANCED_FACE('',(#6257),#6543,.F.);
#6882=ADVANCED_FACE('',(#6258),#352,.F.);
#6883=ADVANCED_FACE('',(#6259),#6544,.T.);
#6884=ADVANCED_FACE('',(#6260),#353,.T.);
#6885=ADVANCED_FACE('',(#6261),#6545,.F.);
#6886=ADVANCED_FACE('',(#6262),#6546,.F.);
#6887=ADVANCED_FACE('',(#6263),#354,.F.);
#6888=ADVANCED_FACE('',(#6264),#6547,.T.);
#6889=ADVANCED_FACE('',(#6265),#355,.T.);
#6890=ADVANCED_FACE('',(#6266),#6548,.F.);
#6891=ADVANCED_FACE('',(#6267),#6549,.F.);
#6892=ADVANCED_FACE('',(#6268),#356,.F.);
#6893=ADVANCED_FACE('',(#6269),#6550,.T.);
#6894=ADVANCED_FACE('',(#6270),#357,.T.);
#6895=ADVANCED_FACE('',(#6271),#6551,.F.);
#6896=ADVANCED_FACE('',(#6272),#6552,.F.);
#6897=ADVANCED_FACE('',(#6273),#358,.F.);
#6898=ADVANCED_FACE('',(#6274),#6553,.T.);
#6899=ADVANCED_FACE('',(#6275),#359,.T.);
#6900=ADVANCED_FACE('',(#6276),#6554,.F.);
#6901=ADVANCED_FACE('',(#6277),#6555,.F.);
#6902=ADVANCED_FACE('',(#6278),#360,.F.);
#6903=ADVANCED_FACE('',(#6279),#6556,.T.);
#6904=ADVANCED_FACE('',(#6280),#361,.T.);
#6905=ADVANCED_FACE('',(#6281),#6557,.F.);
#6906=ADVANCED_FACE('',(#6282),#6558,.F.);
#6907=ADVANCED_FACE('',(#6283),#362,.F.);
#6908=ADVANCED_FACE('',(#6284),#6559,.T.);
#6909=ADVANCED_FACE('',(#6285),#363,.T.);
#6910=ADVANCED_FACE('',(#6286),#6560,.F.);
#6911=ADVANCED_FACE('',(#6287),#6561,.F.);
#6912=ADVANCED_FACE('',(#6288),#364,.F.);
#6913=ADVANCED_FACE('',(#6289),#6562,.T.);
#6914=ADVANCED_FACE('',(#6290),#365,.T.);
#6915=ADVANCED_FACE('',(#6291),#6563,.F.);
#6916=ADVANCED_FACE('',(#6292),#6564,.F.);
#6917=ADVANCED_FACE('',(#6293),#366,.F.);
#6918=ADVANCED_FACE('',(#6294),#6565,.T.);
#6919=ADVANCED_FACE('',(#6295),#367,.T.);
#6920=ADVANCED_FACE('',(#6296),#6566,.F.);
#6921=ADVANCED_FACE('',(#6297),#6567,.F.);
#6922=ADVANCED_FACE('',(#6298),#368,.F.);
#6923=ADVANCED_FACE('',(#6299),#6568,.T.);
#6924=ADVANCED_FACE('',(#6300),#369,.T.);
#6925=ADVANCED_FACE('',(#6301),#6569,.F.);
#6926=ADVANCED_FACE('',(#6302),#6570,.F.);
#6927=ADVANCED_FACE('',(#6303),#370,.F.);
#6928=ADVANCED_FACE('',(#6304),#6571,.T.);
#6929=ADVANCED_FACE('',(#6305),#371,.T.);
#6930=ADVANCED_FACE('',(#6306),#6572,.F.);
#6931=ADVANCED_FACE('',(#6307),#6573,.F.);
#6932=ADVANCED_FACE('',(#6308),#372,.F.);
#6933=ADVANCED_FACE('',(#6309),#6574,.T.);
#6934=ADVANCED_FACE('',(#6310),#373,.T.);
#6935=ADVANCED_FACE('',(#6311),#6575,.F.);
#6936=ADVANCED_FACE('',(#6312),#6576,.F.);
#6937=ADVANCED_FACE('',(#6313),#374,.F.);
#6938=ADVANCED_FACE('',(#6314),#6577,.T.);
#6939=ADVANCED_FACE('',(#6315),#375,.T.);
#6940=ADVANCED_FACE('',(#6316),#6578,.F.);
#6941=ADVANCED_FACE('',(#6317),#6579,.F.);
#6942=ADVANCED_FACE('',(#6318),#376,.F.);
#6943=ADVANCED_FACE('',(#6319),#6580,.T.);
#6944=ADVANCED_FACE('',(#6320),#377,.T.);
#6945=ADVANCED_FACE('',(#6321),#6581,.F.);
#6946=ADVANCED_FACE('',(#6322),#6582,.F.);
#6947=ADVANCED_FACE('',(#6323,#6324),#13,.T.);
#6948=ADVANCED_FACE('',(#6325,#6326),#6583,.T.);
#6949=ADVANCED_FACE('',(#6327,#6328),#14,.F.);
#6950=ADVANCED_FACE('',(#6329,#6330),#6584,.T.);
#6951=ADVANCED_FACE('',(#6331,#6332),#15,.F.);
#6952=ADVANCED_FACE('',(#6333,#6334),#16,.T.);
#6953=ADVANCED_FACE('',(#6335,#6336),#17,.T.);
#6954=ADVANCED_FACE('',(#6337,#6338),#6585,.T.);
#6955=ADVANCED_FACE('',(#6339,#6340),#6586,.F.);
#6956=ADVANCED_FACE('',(#6341,#6342),#12,.T.);
#6957=CLOSED_SHELL('',(#6587,#6588,#6589,#6590,#6591,#6592,#6593,#6594,
#6595,#6596,#6597,#6598,#6599,#6600,#6601,#6602,#6603,#6604,#6605,#6606,
#6607,#6608,#6609,#6610,#6611,#6612,#6613,#6614,#6615,#6616,#6617,#6618,
#6619,#6620,#6621,#6622,#6623,#6624,#6625,#6626,#6627,#6628,#6629,#6630,
#6631,#6632,#6633,#6634,#6635,#6636,#6637,#6638,#6639,#6640,#6641,#6642,
#6643,#6644,#6645,#6646,#6647,#6648,#6649,#6650,#6651,#6652,#6653,#6654,
#6655,#6656,#6657,#6658,#6659,#6660,#6661,#6662,#6663,#6664,#6665,#6666,
#6667,#6668,#6669,#6670,#6671,#6672,#6673,#6674,#6675,#6676,#6677,#6678,
#6679,#6680,#6681,#6682,#6683,#6684,#6685,#6686,#6687,#6688,#6689,#6690,
#6691,#6692,#6693,#6694,#6695,#6696,#6697,#6698,#6699,#6700,#6701,#6702,
#6703,#6704,#6705,#6706,#6707,#6708,#6709,#6710,#6711,#6712,#6713,#6714,
#6715,#6716,#6717,#6718,#6719,#6720,#6721,#6722,#6723,#6724,#6725,#6726,
#6727,#6728,#6729,#6730,#6731,#6732,#6733,#6734,#6735,#6736,#6737,#6738,
#6739,#6740,#6741,#6742,#6743,#6744,#6745,#6746,#6747,#6748,#6749,#6750,
#6751,#6752,#6753,#6754,#6755,#6756,#6757,#6758,#6759,#6760,#6761,#6762,
#6763,#6764,#6765,#6766,#6767,#6768,#6769,#6770,#6771,#6772,#6773,#6774,
#6775,#6776,#6777,#6778,#6779,#6780,#6781,#6782,#6783,#6784,#6785,#6786,
#6787,#6788,#6789,#6790,#6791,#6792,#6793,#6794,#6795,#6796,#6797,#6798,
#6799,#6800,#6801,#6802,#6803,#6804,#6805,#6806,#6807,#6808,#6809,#6810,
#6811,#6812,#6813,#6814,#6815,#6816,#6817,#6818,#6819,#6820,#6821,#6822,
#6823,#6824,#6825,#6826,#6827,#6828,#6829,#6830,#6831,#6832,#6833,#6834,
#6835,#6836,#6837,#6838,#6839,#6840,#6841,#6842,#6843,#6844,#6845,#6846,
#6847,#6848,#6849,#6850,#6851,#6852,#6853,#6854,#6855,#6856,#6857,#6858,
#6859,#6860,#6861,#6862,#6863,#6864,#6865,#6866,#6867,#6868,#6869,#6870,
#6871,#6872,#6873,#6874,#6875,#6876,#6877,#6878,#6879,#6880,#6881,#6882,
#6883,#6884,#6885,#6886,#6887,#6888,#6889,#6890,#6891,#6892,#6893,#6894,
#6895,#6896,#6897,#6898,#6899,#6900,#6901,#6902,#6903,#6904,#6905,#6906,
#6907,#6908,#6909,#6910,#6911,#6912,#6913,#6914,#6915,#6916,#6917,#6918,
#6919,#6920,#6921,#6922,#6923,#6924,#6925,#6926,#6927,#6928,#6929,#6930,
#6931,#6932,#6933,#6934,#6935,#6936,#6937,#6938,#6939,#6940,#6941,#6942,
#6943,#6944,#6945,#6946,#6947,#6948,#6949,#6950,#6951,#6952,#6953,#6954,
#6955,#6956));
#6958=STYLED_ITEM('',(#6959),#6966);
#6959=PRESENTATION_STYLE_ASSIGNMENT((#6960));
#6960=SURFACE_STYLE_USAGE(.BOTH.,#6961);
#6961=SURFACE_SIDE_STYLE('',(#6962));
#6962=SURFACE_STYLE_FILL_AREA(#6963);
#6963=FILL_AREA_STYLE('',(#6964));
#6964=FILL_AREA_STYLE_COLOUR('',#6965);
#6965=COLOUR_RGB('',0.647058823529412,0.647058823529412,0.647058823529412);
#6966=MANIFOLD_SOLID_BREP('Spur gear (60 teeth)',#6957);
#6967=SHAPE_DEFINITION_REPRESENTATION(#16184,#6968);
#6968=SHAPE_REPRESENTATION('Spur gear (60 teeth)',(#6969),#16179);
#6969=AXIS2_PLACEMENT_3D('',#9549,#7709,#7710);
#6970=AXIS2_PLACEMENT_3D('',#9550,#7711,#7712);
#6971=AXIS2_PLACEMENT_3D('',#9551,#7713,#7714);
#6972=AXIS2_PLACEMENT_3D('',#9556,#7716,#7717);
#6973=AXIS2_PLACEMENT_3D('',#9559,#7719,#7720);
#6974=AXIS2_PLACEMENT_3D('',#9560,#7721,#7722);
#6975=AXIS2_PLACEMENT_3D('',#9565,#7724,#7725);
#6976=AXIS2_PLACEMENT_3D('',#9568,#7727,#7728);
#6977=AXIS2_PLACEMENT_3D('',#9569,#7729,#7730);
#6978=AXIS2_PLACEMENT_3D('',#9574,#7732,#7733);
#6979=AXIS2_PLACEMENT_3D('',#9577,#7735,#7736);
#6980=AXIS2_PLACEMENT_3D('',#9578,#7737,#7738);
#6981=AXIS2_PLACEMENT_3D('',#9583,#7740,#7741);
#6982=AXIS2_PLACEMENT_3D('',#9586,#7743,#7744);
#6983=AXIS2_PLACEMENT_3D('',#9587,#7745,#7746);
#6984=AXIS2_PLACEMENT_3D('',#9592,#7748,#7749);
#6985=AXIS2_PLACEMENT_3D('',#9595,#7751,#7752);
#6986=AXIS2_PLACEMENT_3D('',#9596,#7753,#7754);
#6987=AXIS2_PLACEMENT_3D('',#9601,#7756,#7757);
#6988=AXIS2_PLACEMENT_3D('',#9604,#7759,#7760);
#6989=AXIS2_PLACEMENT_3D('',#9605,#7761,#7762);
#6990=AXIS2_PLACEMENT_3D('',#9610,#7764,#7765);
#6991=AXIS2_PLACEMENT_3D('',#9613,#7767,#7768);
#6992=AXIS2_PLACEMENT_3D('',#9614,#7769,#7770);
#6993=AXIS2_PLACEMENT_3D('',#9619,#7772,#7773);
#6994=AXIS2_PLACEMENT_3D('',#9622,#7775,#7776);
#6995=AXIS2_PLACEMENT_3D('',#9623,#7777,#7778);
#6996=AXIS2_PLACEMENT_3D('',#9628,#7780,#7781);
#6997=AXIS2_PLACEMENT_3D('',#9631,#7783,#7784);
#6998=AXIS2_PLACEMENT_3D('',#9632,#7785,#7786);
#6999=AXIS2_PLACEMENT_3D('',#9637,#7788,#7789);
#7000=AXIS2_PLACEMENT_3D('',#9640,#7791,#7792);
#7001=AXIS2_PLACEMENT_3D('',#9641,#7793,#7794);
#7002=AXIS2_PLACEMENT_3D('',#9646,#7796,#7797);
#7003=AXIS2_PLACEMENT_3D('',#9649,#7799,#7800);
#7004=AXIS2_PLACEMENT_3D('',#9650,#7801,#7802);
#7005=AXIS2_PLACEMENT_3D('',#9655,#7804,#7805);
#7006=AXIS2_PLACEMENT_3D('',#9658,#7807,#7808);
#7007=AXIS2_PLACEMENT_3D('',#9659,#7809,#7810);
#7008=AXIS2_PLACEMENT_3D('',#9664,#7812,#7813);
#7009=AXIS2_PLACEMENT_3D('',#9667,#7815,#7816);
#7010=AXIS2_PLACEMENT_3D('',#9668,#7817,#7818);
#7011=AXIS2_PLACEMENT_3D('',#9673,#7820,#7821);
#7012=AXIS2_PLACEMENT_3D('',#9676,#7823,#7824);
#7013=AXIS2_PLACEMENT_3D('',#9677,#7825,#7826);
#7014=AXIS2_PLACEMENT_3D('',#9682,#7828,#7829);
#7015=AXIS2_PLACEMENT_3D('',#9685,#7831,#7832);
#7016=AXIS2_PLACEMENT_3D('',#9686,#7833,#7834);
#7017=AXIS2_PLACEMENT_3D('',#9691,#7836,#7837);
#7018=AXIS2_PLACEMENT_3D('',#9694,#7839,#7840);
#7019=AXIS2_PLACEMENT_3D('',#9695,#7841,#7842);
#7020=AXIS2_PLACEMENT_3D('',#9700,#7844,#7845);
#7021=AXIS2_PLACEMENT_3D('',#9703,#7847,#7848);
#7022=AXIS2_PLACEMENT_3D('',#9704,#7849,#7850);
#7023=AXIS2_PLACEMENT_3D('',#9709,#7852,#7853);
#7024=AXIS2_PLACEMENT_3D('',#9712,#7855,#7856);
#7025=AXIS2_PLACEMENT_3D('',#9713,#7857,#7858);
#7026=AXIS2_PLACEMENT_3D('',#9718,#7860,#7861);
#7027=AXIS2_PLACEMENT_3D('',#9721,#7863,#7864);
#7028=AXIS2_PLACEMENT_3D('',#9722,#7865,#7866);
#7029=AXIS2_PLACEMENT_3D('',#9727,#7868,#7869);
#7030=AXIS2_PLACEMENT_3D('',#9730,#7871,#7872);
#7031=AXIS2_PLACEMENT_3D('',#9731,#7873,#7874);
#7032=AXIS2_PLACEMENT_3D('',#9736,#7876,#7877);
#7033=AXIS2_PLACEMENT_3D('',#9739,#7879,#7880);
#7034=AXIS2_PLACEMENT_3D('',#9740,#7881,#7882);
#7035=AXIS2_PLACEMENT_3D('',#9745,#7884,#7885);
#7036=AXIS2_PLACEMENT_3D('',#9748,#7887,#7888);
#7037=AXIS2_PLACEMENT_3D('',#9749,#7889,#7890);
#7038=AXIS2_PLACEMENT_3D('',#9754,#7892,#7893);
#7039=AXIS2_PLACEMENT_3D('',#9757,#7895,#7896);
#7040=AXIS2_PLACEMENT_3D('',#9758,#7897,#7898);
#7041=AXIS2_PLACEMENT_3D('',#9763,#7900,#7901);
#7042=AXIS2_PLACEMENT_3D('',#9766,#7903,#7904);
#7043=AXIS2_PLACEMENT_3D('',#9767,#7905,#7906);
#7044=AXIS2_PLACEMENT_3D('',#9772,#7908,#7909);
#7045=AXIS2_PLACEMENT_3D('',#9775,#7911,#7912);
#7046=AXIS2_PLACEMENT_3D('',#9776,#7913,#7914);
#7047=AXIS2_PLACEMENT_3D('',#9781,#7916,#7917);
#7048=AXIS2_PLACEMENT_3D('',#9784,#7919,#7920);
#7049=AXIS2_PLACEMENT_3D('',#9785,#7921,#7922);
#7050=AXIS2_PLACEMENT_3D('',#9790,#7924,#7925);
#7051=AXIS2_PLACEMENT_3D('',#9793,#7927,#7928);
#7052=AXIS2_PLACEMENT_3D('',#9794,#7929,#7930);
#7053=AXIS2_PLACEMENT_3D('',#9799,#7932,#7933);
#7054=AXIS2_PLACEMENT_3D('',#9802,#7935,#7936);
#7055=AXIS2_PLACEMENT_3D('',#9803,#7937,#7938);
#7056=AXIS2_PLACEMENT_3D('',#9808,#7940,#7941);
#7057=AXIS2_PLACEMENT_3D('',#9811,#7943,#7944);
#7058=AXIS2_PLACEMENT_3D('',#9812,#7945,#7946);
#7059=AXIS2_PLACEMENT_3D('',#9817,#7948,#7949);
#7060=AXIS2_PLACEMENT_3D('',#9820,#7951,#7952);
#7061=AXIS2_PLACEMENT_3D('',#9821,#7953,#7954);
#7062=AXIS2_PLACEMENT_3D('',#9826,#7956,#7957);
#7063=AXIS2_PLACEMENT_3D('',#9829,#7959,#7960);
#7064=AXIS2_PLACEMENT_3D('',#9830,#7961,#7962);
#7065=AXIS2_PLACEMENT_3D('',#9835,#7964,#7965);
#7066=AXIS2_PLACEMENT_3D('',#9838,#7967,#7968);
#7067=AXIS2_PLACEMENT_3D('',#9839,#7969,#7970);
#7068=AXIS2_PLACEMENT_3D('',#9844,#7972,#7973);
#7069=AXIS2_PLACEMENT_3D('',#9847,#7975,#7976);
#7070=AXIS2_PLACEMENT_3D('',#9848,#7977,#7978);
#7071=AXIS2_PLACEMENT_3D('',#9853,#7980,#7981);
#7072=AXIS2_PLACEMENT_3D('',#9856,#7983,#7984);
#7073=AXIS2_PLACEMENT_3D('',#9857,#7985,#7986);
#7074=AXIS2_PLACEMENT_3D('',#9862,#7988,#7989);
#7075=AXIS2_PLACEMENT_3D('',#9865,#7991,#7992);
#7076=AXIS2_PLACEMENT_3D('',#9866,#7993,#7994);
#7077=AXIS2_PLACEMENT_3D('',#9871,#7996,#7997);
#7078=AXIS2_PLACEMENT_3D('',#9874,#7999,#8000);
#7079=AXIS2_PLACEMENT_3D('',#9875,#8001,#8002);
#7080=AXIS2_PLACEMENT_3D('',#9880,#8004,#8005);
#7081=AXIS2_PLACEMENT_3D('',#9883,#8007,#8008);
#7082=AXIS2_PLACEMENT_3D('',#9884,#8009,#8010);
#7083=AXIS2_PLACEMENT_3D('',#9889,#8012,#8013);
#7084=AXIS2_PLACEMENT_3D('',#9892,#8015,#8016);
#7085=AXIS2_PLACEMENT_3D('',#9893,#8017,#8018);
#7086=AXIS2_PLACEMENT_3D('',#9898,#8020,#8021);
#7087=AXIS2_PLACEMENT_3D('',#9901,#8023,#8024);
#7088=AXIS2_PLACEMENT_3D('',#9902,#8025,#8026);
#7089=AXIS2_PLACEMENT_3D('',#9907,#8028,#8029);
#7090=AXIS2_PLACEMENT_3D('',#9910,#8031,#8032);
#7091=AXIS2_PLACEMENT_3D('',#9911,#8033,#8034);
#7092=AXIS2_PLACEMENT_3D('',#9916,#8036,#8037);
#7093=AXIS2_PLACEMENT_3D('',#9919,#8039,#8040);
#7094=AXIS2_PLACEMENT_3D('',#9920,#8041,#8042);
#7095=AXIS2_PLACEMENT_3D('',#9925,#8044,#8045);
#7096=AXIS2_PLACEMENT_3D('',#9928,#8047,#8048);
#7097=AXIS2_PLACEMENT_3D('',#9929,#8049,#8050);
#7098=AXIS2_PLACEMENT_3D('',#9934,#8052,#8053);
#7099=AXIS2_PLACEMENT_3D('',#9937,#8055,#8056);
#7100=AXIS2_PLACEMENT_3D('',#9938,#8057,#8058);
#7101=AXIS2_PLACEMENT_3D('',#9943,#8060,#8061);
#7102=AXIS2_PLACEMENT_3D('',#9946,#8063,#8064);
#7103=AXIS2_PLACEMENT_3D('',#9947,#8065,#8066);
#7104=AXIS2_PLACEMENT_3D('',#9952,#8068,#8069);
#7105=AXIS2_PLACEMENT_3D('',#9955,#8071,#8072);
#7106=AXIS2_PLACEMENT_3D('',#9956,#8073,#8074);
#7107=AXIS2_PLACEMENT_3D('',#9961,#8076,#8077);
#7108=AXIS2_PLACEMENT_3D('',#9964,#8079,#8080);
#7109=AXIS2_PLACEMENT_3D('',#9965,#8081,#8082);
#7110=AXIS2_PLACEMENT_3D('',#9970,#8084,#8085);
#7111=AXIS2_PLACEMENT_3D('',#9973,#8087,#8088);
#7112=AXIS2_PLACEMENT_3D('',#9974,#8089,#8090);
#7113=AXIS2_PLACEMENT_3D('',#9979,#8092,#8093);
#7114=AXIS2_PLACEMENT_3D('',#9982,#8095,#8096);
#7115=AXIS2_PLACEMENT_3D('',#9983,#8097,#8098);
#7116=AXIS2_PLACEMENT_3D('',#9988,#8100,#8101);
#7117=AXIS2_PLACEMENT_3D('',#9991,#8103,#8104);
#7118=AXIS2_PLACEMENT_3D('',#9992,#8105,#8106);
#7119=AXIS2_PLACEMENT_3D('',#9997,#8108,#8109);
#7120=AXIS2_PLACEMENT_3D('',#10000,#8111,#8112);
#7121=AXIS2_PLACEMENT_3D('',#10001,#8113,#8114);
#7122=AXIS2_PLACEMENT_3D('',#10006,#8116,#8117);
#7123=AXIS2_PLACEMENT_3D('',#10009,#8119,#8120);
#7124=AXIS2_PLACEMENT_3D('',#10010,#8121,#8122);
#7125=AXIS2_PLACEMENT_3D('',#10015,#8124,#8125);
#7126=AXIS2_PLACEMENT_3D('',#10018,#8127,#8128);
#7127=AXIS2_PLACEMENT_3D('',#10019,#8129,#8130);
#7128=AXIS2_PLACEMENT_3D('',#10024,#8132,#8133);
#7129=AXIS2_PLACEMENT_3D('',#10027,#8135,#8136);
#7130=AXIS2_PLACEMENT_3D('',#10028,#8137,#8138);
#7131=AXIS2_PLACEMENT_3D('',#10033,#8140,#8141);
#7132=AXIS2_PLACEMENT_3D('',#10036,#8143,#8144);
#7133=AXIS2_PLACEMENT_3D('',#10037,#8145,#8146);
#7134=AXIS2_PLACEMENT_3D('',#10042,#8148,#8149);
#7135=AXIS2_PLACEMENT_3D('',#10045,#8151,#8152);
#7136=AXIS2_PLACEMENT_3D('',#10046,#8153,#8154);
#7137=AXIS2_PLACEMENT_3D('',#10051,#8156,#8157);
#7138=AXIS2_PLACEMENT_3D('',#10054,#8159,#8160);
#7139=AXIS2_PLACEMENT_3D('',#10055,#8161,#8162);
#7140=AXIS2_PLACEMENT_3D('',#10060,#8164,#8165);
#7141=AXIS2_PLACEMENT_3D('',#10063,#8167,#8168);
#7142=AXIS2_PLACEMENT_3D('',#10064,#8169,#8170);
#7143=AXIS2_PLACEMENT_3D('',#10069,#8172,#8173);
#7144=AXIS2_PLACEMENT_3D('',#10072,#8175,#8176);
#7145=AXIS2_PLACEMENT_3D('',#10073,#8177,#8178);
#7146=AXIS2_PLACEMENT_3D('',#10078,#8180,#8181);
#7147=AXIS2_PLACEMENT_3D('',#10081,#8183,#8184);
#7148=AXIS2_PLACEMENT_3D('',#10082,#8185,#8186);
#7149=AXIS2_PLACEMENT_3D('',#10087,#8188,#8189);
#7150=AXIS2_PLACEMENT_3D('',#10133,#8192,#8193);
#7151=AXIS2_PLACEMENT_3D('',#10134,#8194,#8195);
#7152=AXIS2_PLACEMENT_3D('',#10139,#8197,#8198);
#7153=AXIS2_PLACEMENT_3D('',#10185,#8201,#8202);
#7154=AXIS2_PLACEMENT_3D('',#10186,#8203,#8204);
#7155=AXIS2_PLACEMENT_3D('',#10187,#8205,#8206);
#7156=AXIS2_PLACEMENT_3D('',#10188,#8207,#8208);
#7157=AXIS2_PLACEMENT_3D('',#10189,#8209,#8210);
#7158=AXIS2_PLACEMENT_3D('',#10190,#8211,#8212);
#7159=AXIS2_PLACEMENT_3D('',#10234,#8214,#8215);
#7160=AXIS2_PLACEMENT_3D('',#10235,#8216,#8217);
#7161=AXIS2_PLACEMENT_3D('',#10240,#8219,#8220);
#7162=AXIS2_PLACEMENT_3D('',#10286,#8223,#8224);
#7163=AXIS2_PLACEMENT_3D('',#10287,#8225,#8226);
#7164=AXIS2_PLACEMENT_3D('',#10288,#8227,#8228);
#7165=AXIS2_PLACEMENT_3D('',#10289,#8229,#8230);
#7166=AXIS2_PLACEMENT_3D('',#10290,#8231,#8232);
#7167=AXIS2_PLACEMENT_3D('',#10291,#8233,#8234);
#7168=AXIS2_PLACEMENT_3D('',#10335,#8236,#8237);
#7169=AXIS2_PLACEMENT_3D('',#10336,#8238,#8239);
#7170=AXIS2_PLACEMENT_3D('',#10341,#8241,#8242);
#7171=AXIS2_PLACEMENT_3D('',#10387,#8245,#8246);
#7172=AXIS2_PLACEMENT_3D('',#10388,#8247,#8248);
#7173=AXIS2_PLACEMENT_3D('',#10389,#8249,#8250);
#7174=AXIS2_PLACEMENT_3D('',#10390,#8251,#8252);
#7175=AXIS2_PLACEMENT_3D('',#10391,#8253,#8254);
#7176=AXIS2_PLACEMENT_3D('',#10392,#8255,#8256);
#7177=AXIS2_PLACEMENT_3D('',#10436,#8258,#8259);
#7178=AXIS2_PLACEMENT_3D('',#10437,#8260,#8261);
#7179=AXIS2_PLACEMENT_3D('',#10442,#8263,#8264);
#7180=AXIS2_PLACEMENT_3D('',#10488,#8267,#8268);
#7181=AXIS2_PLACEMENT_3D('',#10489,#8269,#8270);
#7182=AXIS2_PLACEMENT_3D('',#10490,#8271,#8272);
#7183=AXIS2_PLACEMENT_3D('',#10491,#8273,#8274);
#7184=AXIS2_PLACEMENT_3D('',#10492,#8275,#8276);
#7185=AXIS2_PLACEMENT_3D('',#10493,#8277,#8278);
#7186=AXIS2_PLACEMENT_3D('',#10537,#8280,#8281);
#7187=AXIS2_PLACEMENT_3D('',#10538,#8282,#8283);
#7188=AXIS2_PLACEMENT_3D('',#10543,#8285,#8286);
#7189=AXIS2_PLACEMENT_3D('',#10589,#8289,#8290);
#7190=AXIS2_PLACEMENT_3D('',#10590,#8291,#8292);
#7191=AXIS2_PLACEMENT_3D('',#10591,#8293,#8294);
#7192=AXIS2_PLACEMENT_3D('',#10592,#8295,#8296);
#7193=AXIS2_PLACEMENT_3D('',#10593,#8297,#8298);
#7194=AXIS2_PLACEMENT_3D('',#10594,#8299,#8300);
#7195=AXIS2_PLACEMENT_3D('',#10638,#8302,#8303);
#7196=AXIS2_PLACEMENT_3D('',#10639,#8304,#8305);
#7197=AXIS2_PLACEMENT_3D('',#10644,#8307,#8308);
#7198=AXIS2_PLACEMENT_3D('',#10690,#8311,#8312);
#7199=AXIS2_PLACEMENT_3D('',#10691,#8313,#8314);
#7200=AXIS2_PLACEMENT_3D('',#10692,#8315,#8316);
#7201=AXIS2_PLACEMENT_3D('',#10693,#8317,#8318);
#7202=AXIS2_PLACEMENT_3D('',#10694,#8319,#8320);
#7203=AXIS2_PLACEMENT_3D('',#10695,#8321,#8322);
#7204=AXIS2_PLACEMENT_3D('',#10739,#8324,#8325);
#7205=AXIS2_PLACEMENT_3D('',#10740,#8326,#8327);
#7206=AXIS2_PLACEMENT_3D('',#10745,#8329,#8330);
#7207=AXIS2_PLACEMENT_3D('',#10791,#8333,#8334);
#7208=AXIS2_PLACEMENT_3D('',#10792,#8335,#8336);
#7209=AXIS2_PLACEMENT_3D('',#10793,#8337,#8338);
#7210=AXIS2_PLACEMENT_3D('',#10794,#8339,#8340);
#7211=AXIS2_PLACEMENT_3D('',#10795,#8341,#8342);
#7212=AXIS2_PLACEMENT_3D('',#10796,#8343,#8344);
#7213=AXIS2_PLACEMENT_3D('',#10840,#8346,#8347);
#7214=AXIS2_PLACEMENT_3D('',#10841,#8348,#8349);
#7215=AXIS2_PLACEMENT_3D('',#10846,#8351,#8352);
#7216=AXIS2_PLACEMENT_3D('',#10892,#8355,#8356);
#7217=AXIS2_PLACEMENT_3D('',#10893,#8357,#8358);
#7218=AXIS2_PLACEMENT_3D('',#10894,#8359,#8360);
#7219=AXIS2_PLACEMENT_3D('',#10895,#8361,#8362);
#7220=AXIS2_PLACEMENT_3D('',#10896,#8363,#8364);
#7221=AXIS2_PLACEMENT_3D('',#10897,#8365,#8366);
#7222=AXIS2_PLACEMENT_3D('',#10941,#8368,#8369);
#7223=AXIS2_PLACEMENT_3D('',#10942,#8370,#8371);
#7224=AXIS2_PLACEMENT_3D('',#10947,#8373,#8374);
#7225=AXIS2_PLACEMENT_3D('',#10993,#8377,#8378);
#7226=AXIS2_PLACEMENT_3D('',#10994,#8379,#8380);
#7227=AXIS2_PLACEMENT_3D('',#10995,#8381,#8382);
#7228=AXIS2_PLACEMENT_3D('',#10996,#8383,#8384);
#7229=AXIS2_PLACEMENT_3D('',#10997,#8385,#8386);
#7230=AXIS2_PLACEMENT_3D('',#10998,#8387,#8388);
#7231=AXIS2_PLACEMENT_3D('',#11042,#8390,#8391);
#7232=AXIS2_PLACEMENT_3D('',#11043,#8392,#8393);
#7233=AXIS2_PLACEMENT_3D('',#11048,#8395,#8396);
#7234=AXIS2_PLACEMENT_3D('',#11094,#8399,#8400);
#7235=AXIS2_PLACEMENT_3D('',#11095,#8401,#8402);
#7236=AXIS2_PLACEMENT_3D('',#11096,#8403,#8404);
#7237=AXIS2_PLACEMENT_3D('',#11097,#8405,#8406);
#7238=AXIS2_PLACEMENT_3D('',#11098,#8407,#8408);
#7239=AXIS2_PLACEMENT_3D('',#11099,#8409,#8410);
#7240=AXIS2_PLACEMENT_3D('',#11143,#8412,#8413);
#7241=AXIS2_PLACEMENT_3D('',#11144,#8414,#8415);
#7242=AXIS2_PLACEMENT_3D('',#11149,#8417,#8418);
#7243=AXIS2_PLACEMENT_3D('',#11195,#8421,#8422);
#7244=AXIS2_PLACEMENT_3D('',#11196,#8423,#8424);
#7245=AXIS2_PLACEMENT_3D('',#11197,#8425,#8426);
#7246=AXIS2_PLACEMENT_3D('',#11198,#8427,#8428);
#7247=AXIS2_PLACEMENT_3D('',#11199,#8429,#8430);
#7248=AXIS2_PLACEMENT_3D('',#11200,#8431,#8432);
#7249=AXIS2_PLACEMENT_3D('',#11244,#8434,#8435);
#7250=AXIS2_PLACEMENT_3D('',#11245,#8436,#8437);
#7251=AXIS2_PLACEMENT_3D('',#11250,#8439,#8440);
#7252=AXIS2_PLACEMENT_3D('',#11296,#8443,#8444);
#7253=AXIS2_PLACEMENT_3D('',#11297,#8445,#8446);
#7254=AXIS2_PLACEMENT_3D('',#11298,#8447,#8448);
#7255=AXIS2_PLACEMENT_3D('',#11299,#8449,#8450);
#7256=AXIS2_PLACEMENT_3D('',#11300,#8451,#8452);
#7257=AXIS2_PLACEMENT_3D('',#11301,#8453,#8454);
#7258=AXIS2_PLACEMENT_3D('',#11345,#8456,#8457);
#7259=AXIS2_PLACEMENT_3D('',#11346,#8458,#8459);
#7260=AXIS2_PLACEMENT_3D('',#11351,#8461,#8462);
#7261=AXIS2_PLACEMENT_3D('',#11397,#8465,#8466);
#7262=AXIS2_PLACEMENT_3D('',#11398,#8467,#8468);
#7263=AXIS2_PLACEMENT_3D('',#11399,#8469,#8470);
#7264=AXIS2_PLACEMENT_3D('',#11400,#8471,#8472);
#7265=AXIS2_PLACEMENT_3D('',#11401,#8473,#8474);
#7266=AXIS2_PLACEMENT_3D('',#11402,#8475,#8476);
#7267=AXIS2_PLACEMENT_3D('',#11446,#8478,#8479);
#7268=AXIS2_PLACEMENT_3D('',#11447,#8480,#8481);
#7269=AXIS2_PLACEMENT_3D('',#11452,#8483,#8484);
#7270=AXIS2_PLACEMENT_3D('',#11498,#8487,#8488);
#7271=AXIS2_PLACEMENT_3D('',#11499,#8489,#8490);
#7272=AXIS2_PLACEMENT_3D('',#11500,#8491,#8492);
#7273=AXIS2_PLACEMENT_3D('',#11501,#8493,#8494);
#7274=AXIS2_PLACEMENT_3D('',#11502,#8495,#8496);
#7275=AXIS2_PLACEMENT_3D('',#11503,#8497,#8498);
#7276=AXIS2_PLACEMENT_3D('',#11547,#8500,#8501);
#7277=AXIS2_PLACEMENT_3D('',#11548,#8502,#8503);
#7278=AXIS2_PLACEMENT_3D('',#11553,#8505,#8506);
#7279=AXIS2_PLACEMENT_3D('',#11599,#8509,#8510);
#7280=AXIS2_PLACEMENT_3D('',#11600,#8511,#8512);
#7281=AXIS2_PLACEMENT_3D('',#11601,#8513,#8514);
#7282=AXIS2_PLACEMENT_3D('',#11602,#8515,#8516);
#7283=AXIS2_PLACEMENT_3D('',#11603,#8517,#8518);
#7284=AXIS2_PLACEMENT_3D('',#11604,#8519,#8520);
#7285=AXIS2_PLACEMENT_3D('',#11648,#8522,#8523);
#7286=AXIS2_PLACEMENT_3D('',#11649,#8524,#8525);
#7287=AXIS2_PLACEMENT_3D('',#11654,#8527,#8528);
#7288=AXIS2_PLACEMENT_3D('',#11700,#8531,#8532);
#7289=AXIS2_PLACEMENT_3D('',#11701,#8533,#8534);
#7290=AXIS2_PLACEMENT_3D('',#11702,#8535,#8536);
#7291=AXIS2_PLACEMENT_3D('',#11703,#8537,#8538);
#7292=AXIS2_PLACEMENT_3D('',#11704,#8539,#8540);
#7293=AXIS2_PLACEMENT_3D('',#11705,#8541,#8542);
#7294=AXIS2_PLACEMENT_3D('',#11749,#8544,#8545);
#7295=AXIS2_PLACEMENT_3D('',#11750,#8546,#8547);
#7296=AXIS2_PLACEMENT_3D('',#11755,#8549,#8550);
#7297=AXIS2_PLACEMENT_3D('',#11801,#8553,#8554);
#7298=AXIS2_PLACEMENT_3D('',#11802,#8555,#8556);
#7299=AXIS2_PLACEMENT_3D('',#11803,#8557,#8558);
#7300=AXIS2_PLACEMENT_3D('',#11804,#8559,#8560);
#7301=AXIS2_PLACEMENT_3D('',#11805,#8561,#8562);
#7302=AXIS2_PLACEMENT_3D('',#11806,#8563,#8564);
#7303=AXIS2_PLACEMENT_3D('',#11850,#8566,#8567);
#7304=AXIS2_PLACEMENT_3D('',#11851,#8568,#8569);
#7305=AXIS2_PLACEMENT_3D('',#11856,#8571,#8572);
#7306=AXIS2_PLACEMENT_3D('',#11902,#8575,#8576);
#7307=AXIS2_PLACEMENT_3D('',#11903,#8577,#8578);
#7308=AXIS2_PLACEMENT_3D('',#11904,#8579,#8580);
#7309=AXIS2_PLACEMENT_3D('',#11905,#8581,#8582);
#7310=AXIS2_PLACEMENT_3D('',#11906,#8583,#8584);
#7311=AXIS2_PLACEMENT_3D('',#11907,#8585,#8586);
#7312=AXIS2_PLACEMENT_3D('',#11951,#8588,#8589);
#7313=AXIS2_PLACEMENT_3D('',#11952,#8590,#8591);
#7314=AXIS2_PLACEMENT_3D('',#11957,#8593,#8594);
#7315=AXIS2_PLACEMENT_3D('',#12003,#8597,#8598);
#7316=AXIS2_PLACEMENT_3D('',#12004,#8599,#8600);
#7317=AXIS2_PLACEMENT_3D('',#12005,#8601,#8602);
#7318=AXIS2_PLACEMENT_3D('',#12006,#8603,#8604);
#7319=AXIS2_PLACEMENT_3D('',#12007,#8605,#8606);
#7320=AXIS2_PLACEMENT_3D('',#12008,#8607,#8608);
#7321=AXIS2_PLACEMENT_3D('',#12052,#8610,#8611);
#7322=AXIS2_PLACEMENT_3D('',#12053,#8612,#8613);
#7323=AXIS2_PLACEMENT_3D('',#12058,#8615,#8616);
#7324=AXIS2_PLACEMENT_3D('',#12104,#8619,#8620);
#7325=AXIS2_PLACEMENT_3D('',#12105,#8621,#8622);
#7326=AXIS2_PLACEMENT_3D('',#12106,#8623,#8624);
#7327=AXIS2_PLACEMENT_3D('',#12107,#8625,#8626);
#7328=AXIS2_PLACEMENT_3D('',#12108,#8627,#8628);
#7329=AXIS2_PLACEMENT_3D('',#12109,#8629,#8630);
#7330=AXIS2_PLACEMENT_3D('',#12153,#8632,#8633);
#7331=AXIS2_PLACEMENT_3D('',#12154,#8634,#8635);
#7332=AXIS2_PLACEMENT_3D('',#12159,#8637,#8638);
#7333=AXIS2_PLACEMENT_3D('',#12205,#8641,#8642);
#7334=AXIS2_PLACEMENT_3D('',#12206,#8643,#8644);
#7335=AXIS2_PLACEMENT_3D('',#12207,#8645,#8646);
#7336=AXIS2_PLACEMENT_3D('',#12208,#8647,#8648);
#7337=AXIS2_PLACEMENT_3D('',#12209,#8649,#8650);
#7338=AXIS2_PLACEMENT_3D('',#12210,#8651,#8652);
#7339=AXIS2_PLACEMENT_3D('',#12254,#8654,#8655);
#7340=AXIS2_PLACEMENT_3D('',#12255,#8656,#8657);
#7341=AXIS2_PLACEMENT_3D('',#12260,#8659,#8660);
#7342=AXIS2_PLACEMENT_3D('',#12306,#8663,#8664);
#7343=AXIS2_PLACEMENT_3D('',#12307,#8665,#8666);
#7344=AXIS2_PLACEMENT_3D('',#12308,#8667,#8668);
#7345=AXIS2_PLACEMENT_3D('',#12309,#8669,#8670);
#7346=AXIS2_PLACEMENT_3D('',#12310,#8671,#8672);
#7347=AXIS2_PLACEMENT_3D('',#12311,#8673,#8674);
#7348=AXIS2_PLACEMENT_3D('',#12355,#8676,#8677);
#7349=AXIS2_PLACEMENT_3D('',#12356,#8678,#8679);
#7350=AXIS2_PLACEMENT_3D('',#12361,#8681,#8682);
#7351=AXIS2_PLACEMENT_3D('',#12407,#8685,#8686);
#7352=AXIS2_PLACEMENT_3D('',#12408,#8687,#8688);
#7353=AXIS2_PLACEMENT_3D('',#12409,#8689,#8690);
#7354=AXIS2_PLACEMENT_3D('',#12410,#8691,#8692);
#7355=AXIS2_PLACEMENT_3D('',#12411,#8693,#8694);
#7356=AXIS2_PLACEMENT_3D('',#12412,#8695,#8696);
#7357=AXIS2_PLACEMENT_3D('',#12456,#8698,#8699);
#7358=AXIS2_PLACEMENT_3D('',#12457,#8700,#8701);
#7359=AXIS2_PLACEMENT_3D('',#12462,#8703,#8704);
#7360=AXIS2_PLACEMENT_3D('',#12508,#8707,#8708);
#7361=AXIS2_PLACEMENT_3D('',#12509,#8709,#8710);
#7362=AXIS2_PLACEMENT_3D('',#12510,#8711,#8712);
#7363=AXIS2_PLACEMENT_3D('',#12511,#8713,#8714);
#7364=AXIS2_PLACEMENT_3D('',#12512,#8715,#8716);
#7365=AXIS2_PLACEMENT_3D('',#12513,#8717,#8718);
#7366=AXIS2_PLACEMENT_3D('',#12557,#8720,#8721);
#7367=AXIS2_PLACEMENT_3D('',#12558,#8722,#8723);
#7368=AXIS2_PLACEMENT_3D('',#12563,#8725,#8726);
#7369=AXIS2_PLACEMENT_3D('',#12609,#8729,#8730);
#7370=AXIS2_PLACEMENT_3D('',#12610,#8731,#8732);
#7371=AXIS2_PLACEMENT_3D('',#12611,#8733,#8734);
#7372=AXIS2_PLACEMENT_3D('',#12612,#8735,#8736);
#7373=AXIS2_PLACEMENT_3D('',#12613,#8737,#8738);
#7374=AXIS2_PLACEMENT_3D('',#12614,#8739,#8740);
#7375=AXIS2_PLACEMENT_3D('',#12658,#8742,#8743);
#7376=AXIS2_PLACEMENT_3D('',#12659,#8744,#8745);
#7377=AXIS2_PLACEMENT_3D('',#12664,#8747,#8748);
#7378=AXIS2_PLACEMENT_3D('',#12710,#8751,#8752);
#7379=AXIS2_PLACEMENT_3D('',#12711,#8753,#8754);
#7380=AXIS2_PLACEMENT_3D('',#12712,#8755,#8756);
#7381=AXIS2_PLACEMENT_3D('',#12713,#8757,#8758);
#7382=AXIS2_PLACEMENT_3D('',#12714,#8759,#8760);
#7383=AXIS2_PLACEMENT_3D('',#12715,#8761,#8762);
#7384=AXIS2_PLACEMENT_3D('',#12759,#8764,#8765);
#7385=AXIS2_PLACEMENT_3D('',#12760,#8766,#8767);
#7386=AXIS2_PLACEMENT_3D('',#12765,#8769,#8770);
#7387=AXIS2_PLACEMENT_3D('',#12811,#8773,#8774);
#7388=AXIS2_PLACEMENT_3D('',#12812,#8775,#8776);
#7389=AXIS2_PLACEMENT_3D('',#12813,#8777,#8778);
#7390=AXIS2_PLACEMENT_3D('',#12814,#8779,#8780);
#7391=AXIS2_PLACEMENT_3D('',#12815,#8781,#8782);
#7392=AXIS2_PLACEMENT_3D('',#12816,#8783,#8784);
#7393=AXIS2_PLACEMENT_3D('',#12860,#8786,#8787);
#7394=AXIS2_PLACEMENT_3D('',#12861,#8788,#8789);
#7395=AXIS2_PLACEMENT_3D('',#12866,#8791,#8792);
#7396=AXIS2_PLACEMENT_3D('',#12912,#8795,#8796);
#7397=AXIS2_PLACEMENT_3D('',#12913,#8797,#8798);
#7398=AXIS2_PLACEMENT_3D('',#12914,#8799,#8800);
#7399=AXIS2_PLACEMENT_3D('',#12915,#8801,#8802);
#7400=AXIS2_PLACEMENT_3D('',#12916,#8803,#8804);
#7401=AXIS2_PLACEMENT_3D('',#12917,#8805,#8806);
#7402=AXIS2_PLACEMENT_3D('',#12961,#8808,#8809);
#7403=AXIS2_PLACEMENT_3D('',#12962,#8810,#8811);
#7404=AXIS2_PLACEMENT_3D('',#12967,#8813,#8814);
#7405=AXIS2_PLACEMENT_3D('',#13013,#8817,#8818);
#7406=AXIS2_PLACEMENT_3D('',#13014,#8819,#8820);
#7407=AXIS2_PLACEMENT_3D('',#13015,#8821,#8822);
#7408=AXIS2_PLACEMENT_3D('',#13016,#8823,#8824);
#7409=AXIS2_PLACEMENT_3D('',#13017,#8825,#8826);
#7410=AXIS2_PLACEMENT_3D('',#13018,#8827,#8828);
#7411=AXIS2_PLACEMENT_3D('',#13062,#8830,#8831);
#7412=AXIS2_PLACEMENT_3D('',#13063,#8832,#8833);
#7413=AXIS2_PLACEMENT_3D('',#13068,#8835,#8836);
#7414=AXIS2_PLACEMENT_3D('',#13114,#8839,#8840);
#7415=AXIS2_PLACEMENT_3D('',#13115,#8841,#8842);
#7416=AXIS2_PLACEMENT_3D('',#13116,#8843,#8844);
#7417=AXIS2_PLACEMENT_3D('',#13117,#8845,#8846);
#7418=AXIS2_PLACEMENT_3D('',#13118,#8847,#8848);
#7419=AXIS2_PLACEMENT_3D('',#13119,#8849,#8850);
#7420=AXIS2_PLACEMENT_3D('',#13163,#8852,#8853);
#7421=AXIS2_PLACEMENT_3D('',#13164,#8854,#8855);
#7422=AXIS2_PLACEMENT_3D('',#13169,#8857,#8858);
#7423=AXIS2_PLACEMENT_3D('',#13215,#8861,#8862);
#7424=AXIS2_PLACEMENT_3D('',#13216,#8863,#8864);
#7425=AXIS2_PLACEMENT_3D('',#13217,#8865,#8866);
#7426=AXIS2_PLACEMENT_3D('',#13218,#8867,#8868);
#7427=AXIS2_PLACEMENT_3D('',#13219,#8869,#8870);
#7428=AXIS2_PLACEMENT_3D('',#13220,#8871,#8872);
#7429=AXIS2_PLACEMENT_3D('',#13264,#8874,#8875);
#7430=AXIS2_PLACEMENT_3D('',#13265,#8876,#8877);
#7431=AXIS2_PLACEMENT_3D('',#13270,#8879,#8880);
#7432=AXIS2_PLACEMENT_3D('',#13316,#8883,#8884);
#7433=AXIS2_PLACEMENT_3D('',#13317,#8885,#8886);
#7434=AXIS2_PLACEMENT_3D('',#13318,#8887,#8888);
#7435=AXIS2_PLACEMENT_3D('',#13319,#8889,#8890);
#7436=AXIS2_PLACEMENT_3D('',#13320,#8891,#8892);
#7437=AXIS2_PLACEMENT_3D('',#13321,#8893,#8894);
#7438=AXIS2_PLACEMENT_3D('',#13365,#8896,#8897);
#7439=AXIS2_PLACEMENT_3D('',#13366,#8898,#8899);
#7440=AXIS2_PLACEMENT_3D('',#13371,#8901,#8902);
#7441=AXIS2_PLACEMENT_3D('',#13417,#8905,#8906);
#7442=AXIS2_PLACEMENT_3D('',#13418,#8907,#8908);
#7443=AXIS2_PLACEMENT_3D('',#13419,#8909,#8910);
#7444=AXIS2_PLACEMENT_3D('',#13420,#8911,#8912);
#7445=AXIS2_PLACEMENT_3D('',#13421,#8913,#8914);
#7446=AXIS2_PLACEMENT_3D('',#13422,#8915,#8916);
#7447=AXIS2_PLACEMENT_3D('',#13466,#8918,#8919);
#7448=AXIS2_PLACEMENT_3D('',#13467,#8920,#8921);
#7449=AXIS2_PLACEMENT_3D('',#13472,#8923,#8924);
#7450=AXIS2_PLACEMENT_3D('',#13518,#8927,#8928);
#7451=AXIS2_PLACEMENT_3D('',#13519,#8929,#8930);
#7452=AXIS2_PLACEMENT_3D('',#13520,#8931,#8932);
#7453=AXIS2_PLACEMENT_3D('',#13521,#8933,#8934);
#7454=AXIS2_PLACEMENT_3D('',#13522,#8935,#8936);
#7455=AXIS2_PLACEMENT_3D('',#13523,#8937,#8938);
#7456=AXIS2_PLACEMENT_3D('',#13567,#8940,#8941);
#7457=AXIS2_PLACEMENT_3D('',#13568,#8942,#8943);
#7458=AXIS2_PLACEMENT_3D('',#13573,#8945,#8946);
#7459=AXIS2_PLACEMENT_3D('',#13619,#8949,#8950);
#7460=AXIS2_PLACEMENT_3D('',#13620,#8951,#8952);
#7461=AXIS2_PLACEMENT_3D('',#13621,#8953,#8954);
#7462=AXIS2_PLACEMENT_3D('',#13622,#8955,#8956);
#7463=AXIS2_PLACEMENT_3D('',#13623,#8957,#8958);
#7464=AXIS2_PLACEMENT_3D('',#13624,#8959,#8960);
#7465=AXIS2_PLACEMENT_3D('',#13668,#8962,#8963);
#7466=AXIS2_PLACEMENT_3D('',#13669,#8964,#8965);
#7467=AXIS2_PLACEMENT_3D('',#13674,#8967,#8968);
#7468=AXIS2_PLACEMENT_3D('',#13720,#8971,#8972);
#7469=AXIS2_PLACEMENT_3D('',#13721,#8973,#8974);
#7470=AXIS2_PLACEMENT_3D('',#13722,#8975,#8976);
#7471=AXIS2_PLACEMENT_3D('',#13723,#8977,#8978);
#7472=AXIS2_PLACEMENT_3D('',#13724,#8979,#8980);
#7473=AXIS2_PLACEMENT_3D('',#13725,#8981,#8982);
#7474=AXIS2_PLACEMENT_3D('',#13769,#8984,#8985);
#7475=AXIS2_PLACEMENT_3D('',#13770,#8986,#8987);
#7476=AXIS2_PLACEMENT_3D('',#13775,#8989,#8990);
#7477=AXIS2_PLACEMENT_3D('',#13821,#8993,#8994);
#7478=AXIS2_PLACEMENT_3D('',#13822,#8995,#8996);
#7479=AXIS2_PLACEMENT_3D('',#13823,#8997,#8998);
#7480=AXIS2_PLACEMENT_3D('',#13824,#8999,#9000);
#7481=AXIS2_PLACEMENT_3D('',#13825,#9001,#9002);
#7482=AXIS2_PLACEMENT_3D('',#13826,#9003,#9004);
#7483=AXIS2_PLACEMENT_3D('',#13870,#9006,#9007);
#7484=AXIS2_PLACEMENT_3D('',#13871,#9008,#9009);
#7485=AXIS2_PLACEMENT_3D('',#13876,#9011,#9012);
#7486=AXIS2_PLACEMENT_3D('',#13922,#9015,#9016);
#7487=AXIS2_PLACEMENT_3D('',#13923,#9017,#9018);
#7488=AXIS2_PLACEMENT_3D('',#13924,#9019,#9020);
#7489=AXIS2_PLACEMENT_3D('',#13925,#9021,#9022);
#7490=AXIS2_PLACEMENT_3D('',#13926,#9023,#9024);
#7491=AXIS2_PLACEMENT_3D('',#13927,#9025,#9026);
#7492=AXIS2_PLACEMENT_3D('',#13971,#9028,#9029);
#7493=AXIS2_PLACEMENT_3D('',#13972,#9030,#9031);
#7494=AXIS2_PLACEMENT_3D('',#13977,#9033,#9034);
#7495=AXIS2_PLACEMENT_3D('',#14023,#9037,#9038);
#7496=AXIS2_PLACEMENT_3D('',#14024,#9039,#9040);
#7497=AXIS2_PLACEMENT_3D('',#14025,#9041,#9042);
#7498=AXIS2_PLACEMENT_3D('',#14026,#9043,#9044);
#7499=AXIS2_PLACEMENT_3D('',#14027,#9045,#9046);
#7500=AXIS2_PLACEMENT_3D('',#14028,#9047,#9048);
#7501=AXIS2_PLACEMENT_3D('',#14072,#9050,#9051);
#7502=AXIS2_PLACEMENT_3D('',#14073,#9052,#9053);
#7503=AXIS2_PLACEMENT_3D('',#14078,#9055,#9056);
#7504=AXIS2_PLACEMENT_3D('',#14124,#9059,#9060);
#7505=AXIS2_PLACEMENT_3D('',#14125,#9061,#9062);
#7506=AXIS2_PLACEMENT_3D('',#14126,#9063,#9064);
#7507=AXIS2_PLACEMENT_3D('',#14127,#9065,#9066);
#7508=AXIS2_PLACEMENT_3D('',#14128,#9067,#9068);
#7509=AXIS2_PLACEMENT_3D('',#14129,#9069,#9070);
#7510=AXIS2_PLACEMENT_3D('',#14173,#9072,#9073);
#7511=AXIS2_PLACEMENT_3D('',#14174,#9074,#9075);
#7512=AXIS2_PLACEMENT_3D('',#14179,#9077,#9078);
#7513=AXIS2_PLACEMENT_3D('',#14225,#9081,#9082);
#7514=AXIS2_PLACEMENT_3D('',#14226,#9083,#9084);
#7515=AXIS2_PLACEMENT_3D('',#14227,#9085,#9086);
#7516=AXIS2_PLACEMENT_3D('',#14228,#9087,#9088);
#7517=AXIS2_PLACEMENT_3D('',#14229,#9089,#9090);
#7518=AXIS2_PLACEMENT_3D('',#14230,#9091,#9092);
#7519=AXIS2_PLACEMENT_3D('',#14274,#9094,#9095);
#7520=AXIS2_PLACEMENT_3D('',#14275,#9096,#9097);
#7521=AXIS2_PLACEMENT_3D('',#14280,#9099,#9100);
#7522=AXIS2_PLACEMENT_3D('',#14326,#9103,#9104);
#7523=AXIS2_PLACEMENT_3D('',#14327,#9105,#9106);
#7524=AXIS2_PLACEMENT_3D('',#14328,#9107,#9108);
#7525=AXIS2_PLACEMENT_3D('',#14329,#9109,#9110);
#7526=AXIS2_PLACEMENT_3D('',#14330,#9111,#9112);
#7527=AXIS2_PLACEMENT_3D('',#14331,#9113,#9114);
#7528=AXIS2_PLACEMENT_3D('',#14375,#9116,#9117);
#7529=AXIS2_PLACEMENT_3D('',#14376,#9118,#9119);
#7530=AXIS2_PLACEMENT_3D('',#14381,#9121,#9122);
#7531=AXIS2_PLACEMENT_3D('',#14427,#9125,#9126);
#7532=AXIS2_PLACEMENT_3D('',#14428,#9127,#9128);
#7533=AXIS2_PLACEMENT_3D('',#14429,#9129,#9130);
#7534=AXIS2_PLACEMENT_3D('',#14430,#9131,#9132);
#7535=AXIS2_PLACEMENT_3D('',#14431,#9133,#9134);
#7536=AXIS2_PLACEMENT_3D('',#14432,#9135,#9136);
#7537=AXIS2_PLACEMENT_3D('',#14476,#9138,#9139);
#7538=AXIS2_PLACEMENT_3D('',#14477,#9140,#9141);
#7539=AXIS2_PLACEMENT_3D('',#14482,#9143,#9144);
#7540=AXIS2_PLACEMENT_3D('',#14528,#9147,#9148);
#7541=AXIS2_PLACEMENT_3D('',#14529,#9149,#9150);
#7542=AXIS2_PLACEMENT_3D('',#14530,#9151,#9152);
#7543=AXIS2_PLACEMENT_3D('',#14531,#9153,#9154);
#7544=AXIS2_PLACEMENT_3D('',#14532,#9155,#9156);
#7545=AXIS2_PLACEMENT_3D('',#14533,#9157,#9158);
#7546=AXIS2_PLACEMENT_3D('',#14577,#9160,#9161);
#7547=AXIS2_PLACEMENT_3D('',#14578,#9162,#9163);
#7548=AXIS2_PLACEMENT_3D('',#14583,#9165,#9166);
#7549=AXIS2_PLACEMENT_3D('',#14629,#9169,#9170);
#7550=AXIS2_PLACEMENT_3D('',#14630,#9171,#9172);
#7551=AXIS2_PLACEMENT_3D('',#14631,#9173,#9174);
#7552=AXIS2_PLACEMENT_3D('',#14632,#9175,#9176);
#7553=AXIS2_PLACEMENT_3D('',#14633,#9177,#9178);
#7554=AXIS2_PLACEMENT_3D('',#14634,#9179,#9180);
#7555=AXIS2_PLACEMENT_3D('',#14678,#9182,#9183);
#7556=AXIS2_PLACEMENT_3D('',#14679,#9184,#9185);
#7557=AXIS2_PLACEMENT_3D('',#14684,#9187,#9188);
#7558=AXIS2_PLACEMENT_3D('',#14730,#9191,#9192);
#7559=AXIS2_PLACEMENT_3D('',#14731,#9193,#9194);
#7560=AXIS2_PLACEMENT_3D('',#14732,#9195,#9196);
#7561=AXIS2_PLACEMENT_3D('',#14733,#9197,#9198);
#7562=AXIS2_PLACEMENT_3D('',#14734,#9199,#9200);
#7563=AXIS2_PLACEMENT_3D('',#14735,#9201,#9202);
#7564=AXIS2_PLACEMENT_3D('',#14779,#9204,#9205);
#7565=AXIS2_PLACEMENT_3D('',#14780,#9206,#9207);
#7566=AXIS2_PLACEMENT_3D('',#14785,#9209,#9210);
#7567=AXIS2_PLACEMENT_3D('',#14831,#9213,#9214);
#7568=AXIS2_PLACEMENT_3D('',#14832,#9215,#9216);
#7569=AXIS2_PLACEMENT_3D('',#14833,#9217,#9218);
#7570=AXIS2_PLACEMENT_3D('',#14834,#9219,#9220);
#7571=AXIS2_PLACEMENT_3D('',#14835,#9221,#9222);
#7572=AXIS2_PLACEMENT_3D('',#14836,#9223,#9224);
#7573=AXIS2_PLACEMENT_3D('',#14880,#9226,#9227);
#7574=AXIS2_PLACEMENT_3D('',#14881,#9228,#9229);
#7575=AXIS2_PLACEMENT_3D('',#14886,#9231,#9232);
#7576=AXIS2_PLACEMENT_3D('',#14932,#9235,#9236);
#7577=AXIS2_PLACEMENT_3D('',#14933,#9237,#9238);
#7578=AXIS2_PLACEMENT_3D('',#14934,#9239,#9240);
#7579=AXIS2_PLACEMENT_3D('',#14935,#9241,#9242);
#7580=AXIS2_PLACEMENT_3D('',#14936,#9243,#9244);
#7581=AXIS2_PLACEMENT_3D('',#14937,#9245,#9246);
#7582=AXIS2_PLACEMENT_3D('',#14981,#9248,#9249);
#7583=AXIS2_PLACEMENT_3D('',#14982,#9250,#9251);
#7584=AXIS2_PLACEMENT_3D('',#14987,#9253,#9254);
#7585=AXIS2_PLACEMENT_3D('',#15033,#9257,#9258);
#7586=AXIS2_PLACEMENT_3D('',#15034,#9259,#9260);
#7587=AXIS2_PLACEMENT_3D('',#15035,#9261,#9262);
#7588=AXIS2_PLACEMENT_3D('',#15036,#9263,#9264);
#7589=AXIS2_PLACEMENT_3D('',#15037,#9265,#9266);
#7590=AXIS2_PLACEMENT_3D('',#15038,#9267,#9268);
#7591=AXIS2_PLACEMENT_3D('',#15082,#9270,#9271);
#7592=AXIS2_PLACEMENT_3D('',#15083,#9272,#9273);
#7593=AXIS2_PLACEMENT_3D('',#15088,#9275,#9276);
#7594=AXIS2_PLACEMENT_3D('',#15134,#9279,#9280);
#7595=AXIS2_PLACEMENT_3D('',#15135,#9281,#9282);
#7596=AXIS2_PLACEMENT_3D('',#15136,#9283,#9284);
#7597=AXIS2_PLACEMENT_3D('',#15137,#9285,#9286);
#7598=AXIS2_PLACEMENT_3D('',#15138,#9287,#9288);
#7599=AXIS2_PLACEMENT_3D('',#15139,#9289,#9290);
#7600=AXIS2_PLACEMENT_3D('',#15183,#9292,#9293);
#7601=AXIS2_PLACEMENT_3D('',#15184,#9294,#9295);
#7602=AXIS2_PLACEMENT_3D('',#15189,#9297,#9298);
#7603=AXIS2_PLACEMENT_3D('',#15235,#9301,#9302);
#7604=AXIS2_PLACEMENT_3D('',#15236,#9303,#9304);
#7605=AXIS2_PLACEMENT_3D('',#15237,#9305,#9306);
#7606=AXIS2_PLACEMENT_3D('',#15238,#9307,#9308);
#7607=AXIS2_PLACEMENT_3D('',#15239,#9309,#9310);
#7608=AXIS2_PLACEMENT_3D('',#15240,#9311,#9312);
#7609=AXIS2_PLACEMENT_3D('',#15284,#9314,#9315);
#7610=AXIS2_PLACEMENT_3D('',#15285,#9316,#9317);
#7611=AXIS2_PLACEMENT_3D('',#15290,#9319,#9320);
#7612=AXIS2_PLACEMENT_3D('',#15336,#9323,#9324);
#7613=AXIS2_PLACEMENT_3D('',#15337,#9325,#9326);
#7614=AXIS2_PLACEMENT_3D('',#15338,#9327,#9328);
#7615=AXIS2_PLACEMENT_3D('',#15339,#9329,#9330);
#7616=AXIS2_PLACEMENT_3D('',#15340,#9331,#9332);
#7617=AXIS2_PLACEMENT_3D('',#15341,#9333,#9334);
#7618=AXIS2_PLACEMENT_3D('',#15385,#9336,#9337);
#7619=AXIS2_PLACEMENT_3D('',#15386,#9338,#9339);
#7620=AXIS2_PLACEMENT_3D('',#15391,#9341,#9342);
#7621=AXIS2_PLACEMENT_3D('',#15437,#9345,#9346);
#7622=AXIS2_PLACEMENT_3D('',#15438,#9347,#9348);
#7623=AXIS2_PLACEMENT_3D('',#15439,#9349,#9350);
#7624=AXIS2_PLACEMENT_3D('',#15440,#9351,#9352);
#7625=AXIS2_PLACEMENT_3D('',#15441,#9353,#9354);
#7626=AXIS2_PLACEMENT_3D('',#15442,#9355,#9356);
#7627=AXIS2_PLACEMENT_3D('',#15486,#9358,#9359);
#7628=AXIS2_PLACEMENT_3D('',#15487,#9360,#9361);
#7629=AXIS2_PLACEMENT_3D('',#15492,#9363,#9364);
#7630=AXIS2_PLACEMENT_3D('',#15538,#9367,#9368);
#7631=AXIS2_PLACEMENT_3D('',#15539,#9369,#9370);
#7632=AXIS2_PLACEMENT_3D('',#15540,#9371,#9372);
#7633=AXIS2_PLACEMENT_3D('',#15541,#9373,#9374);
#7634=AXIS2_PLACEMENT_3D('',#15542,#9375,#9376);
#7635=AXIS2_PLACEMENT_3D('',#15543,#9377,#9378);
#7636=AXIS2_PLACEMENT_3D('',#15587,#9380,#9381);
#7637=AXIS2_PLACEMENT_3D('',#15588,#9382,#9383);
#7638=AXIS2_PLACEMENT_3D('',#15593,#9385,#9386);
#7639=AXIS2_PLACEMENT_3D('',#15639,#9389,#9390);
#7640=AXIS2_PLACEMENT_3D('',#15640,#9391,#9392);
#7641=AXIS2_PLACEMENT_3D('',#15641,#9393,#9394);
#7642=AXIS2_PLACEMENT_3D('',#15642,#9395,#9396);
#7643=AXIS2_PLACEMENT_3D('',#15643,#9397,#9398);
#7644=AXIS2_PLACEMENT_3D('',#15644,#9399,#9400);
#7645=AXIS2_PLACEMENT_3D('',#15688,#9402,#9403);
#7646=AXIS2_PLACEMENT_3D('',#15689,#9404,#9405);
#7647=AXIS2_PLACEMENT_3D('',#15694,#9407,#9408);
#7648=AXIS2_PLACEMENT_3D('',#15740,#9411,#9412);
#7649=AXIS2_PLACEMENT_3D('',#15741,#9413,#9414);
#7650=AXIS2_PLACEMENT_3D('',#15742,#9415,#9416);
#7651=AXIS2_PLACEMENT_3D('',#15743,#9417,#9418);
#7652=AXIS2_PLACEMENT_3D('',#15744,#9419,#9420);
#7653=AXIS2_PLACEMENT_3D('',#15745,#9421,#9422);
#7654=AXIS2_PLACEMENT_3D('',#15789,#9424,#9425);
#7655=AXIS2_PLACEMENT_3D('',#15790,#9426,#9427);
#7656=AXIS2_PLACEMENT_3D('',#15795,#9429,#9430);
#7657=AXIS2_PLACEMENT_3D('',#15841,#9433,#9434);
#7658=AXIS2_PLACEMENT_3D('',#15842,#9435,#9436);
#7659=AXIS2_PLACEMENT_3D('',#15843,#9437,#9438);
#7660=AXIS2_PLACEMENT_3D('',#15844,#9439,#9440);
#7661=AXIS2_PLACEMENT_3D('',#15845,#9441,#9442);
#7662=AXIS2_PLACEMENT_3D('',#15846,#9443,#9444);
#7663=AXIS2_PLACEMENT_3D('',#15890,#9446,#9447);
#7664=AXIS2_PLACEMENT_3D('',#15891,#9448,#9449);
#7665=AXIS2_PLACEMENT_3D('',#15896,#9451,#9452);
#7666=AXIS2_PLACEMENT_3D('',#15942,#9455,#9456);
#7667=AXIS2_PLACEMENT_3D('',#15943,#9457,#9458);
#7668=AXIS2_PLACEMENT_3D('',#15944,#9459,#9460);
#7669=AXIS2_PLACEMENT_3D('',#15945,#9461,#9462);
#7670=AXIS2_PLACEMENT_3D('',#15946,#9463,#9464);
#7671=AXIS2_PLACEMENT_3D('',#15947,#9465,#9466);
#7672=AXIS2_PLACEMENT_3D('',#15991,#9468,#9469);
#7673=AXIS2_PLACEMENT_3D('',#15992,#9470,#9471);
#7674=AXIS2_PLACEMENT_3D('',#15997,#9473,#9474);
#7675=AXIS2_PLACEMENT_3D('',#16043,#9477,#9478);
#7676=AXIS2_PLACEMENT_3D('',#16044,#9479,#9480);
#7677=AXIS2_PLACEMENT_3D('',#16045,#9481,#9482);
#7678=AXIS2_PLACEMENT_3D('',#16046,#9483,#9484);
#7679=AXIS2_PLACEMENT_3D('',#16047,#9485,#9486);
#7680=AXIS2_PLACEMENT_3D('',#16048,#9487,#9488);
#7681=AXIS2_PLACEMENT_3D('',#16092,#9490,#9491);
#7682=AXIS2_PLACEMENT_3D('',#16093,#9492,#9493);
#7683=AXIS2_PLACEMENT_3D('',#16098,#9495,#9496);
#7684=AXIS2_PLACEMENT_3D('',#16144,#9499,#9500);
#7685=AXIS2_PLACEMENT_3D('',#16145,#9501,#9502);
#7686=AXIS2_PLACEMENT_3D('',#16146,#9503,#9504);
#7687=AXIS2_PLACEMENT_3D('',#16147,#9505,#9506);
#7688=AXIS2_PLACEMENT_3D('',#16148,#9507,#9508);
#7689=AXIS2_PLACEMENT_3D('',#16149,#9509,#9510);
#7690=AXIS2_PLACEMENT_3D('',#16150,#9511,#9512);
#7691=AXIS2_PLACEMENT_3D('',#16151,#9513,#9514);
#7692=AXIS2_PLACEMENT_3D('',#16153,#9515,#9516);
#7693=AXIS2_PLACEMENT_3D('',#16155,#9517,#9518);
#7694=AXIS2_PLACEMENT_3D('',#16156,#9519,#9520);
#7695=AXIS2_PLACEMENT_3D('',#16158,#9521,#9522);
#7696=AXIS2_PLACEMENT_3D('',#16160,#9523,#9524);
#7697=AXIS2_PLACEMENT_3D('',#16161,#9525,#9526);
#7698=AXIS2_PLACEMENT_3D('',#16163,#9527,#9528);
#7699=AXIS2_PLACEMENT_3D('',#16164,#9529,#9530);
#7700=AXIS2_PLACEMENT_3D('',#16166,#9531,#9532);
#7701=AXIS2_PLACEMENT_3D('',#16167,#9533,#9534);
#7702=AXIS2_PLACEMENT_3D('',#16168,#9535,#9536);
#7703=AXIS2_PLACEMENT_3D('',#16170,#9537,#9538);
#7704=AXIS2_PLACEMENT_3D('',#16171,#9539,#9540);
#7705=AXIS2_PLACEMENT_3D('',#16173,#9541,#9542);
#7706=AXIS2_PLACEMENT_3D('',#16175,#9543,#9544);
#7707=AXIS2_PLACEMENT_3D('',#16176,#9545,#9546);
#7708=AXIS2_PLACEMENT_3D('',#16177,#9547,#9548);
#7709=DIRECTION('',(0.,0.,1.));
#7710=DIRECTION('',(1.,0.,0.));
#7711=DIRECTION('',(1.,0.,0.));
#7712=DIRECTION('',(0.,0.,-1.));
#7713=DIRECTION('',(-1.,0.,0.));
#7714=DIRECTION('',(0.,0.,1.));
#7715=DIRECTION('',(1.,0.,0.));
#7716=DIRECTION('',(-1.,0.,0.));
#7717=DIRECTION('',(0.,0.,1.));
#7718=DIRECTION('',(1.,0.,0.));
#7719=DIRECTION('',(1.,0.,0.));
#7720=DIRECTION('',(0.,0.,-1.));
#7721=DIRECTION('',(-1.,0.,0.));
#7722=DIRECTION('',(0.,0.,1.));
#7723=DIRECTION('',(1.,0.,0.));
#7724=DIRECTION('',(-1.,0.,0.));
#7725=DIRECTION('',(0.,0.,1.));
#7726=DIRECTION('',(1.,0.,0.));
#7727=DIRECTION('',(1.,0.,0.));
#7728=DIRECTION('',(0.,0.,-1.));
#7729=DIRECTION('',(-1.,0.,0.));
#7730=DIRECTION('',(0.,0.,1.));
#7731=DIRECTION('',(1.,0.,0.));
#7732=DIRECTION('',(-1.,0.,0.));
#7733=DIRECTION('',(0.,0.,1.));
#7734=DIRECTION('',(1.,0.,0.));
#7735=DIRECTION('',(1.,0.,0.));
#7736=DIRECTION('',(0.,0.,-1.));
#7737=DIRECTION('',(-1.,0.,0.));
#7738=DIRECTION('',(0.,0.,1.));
#7739=DIRECTION('',(1.,0.,0.));
#7740=DIRECTION('',(-1.,0.,0.));
#7741=DIRECTION('',(0.,0.,1.));
#7742=DIRECTION('',(1.,0.,0.));
#7743=DIRECTION('',(1.,0.,0.));
#7744=DIRECTION('',(0.,0.,-1.));
#7745=DIRECTION('',(-1.,0.,0.));
#7746=DIRECTION('',(0.,0.,1.));
#7747=DIRECTION('',(1.,0.,0.));
#7748=DIRECTION('',(-1.,0.,0.));
#7749=DIRECTION('',(0.,0.,1.));
#7750=DIRECTION('',(1.,0.,0.));
#7751=DIRECTION('',(1.,0.,0.));
#7752=DIRECTION('',(0.,0.,-1.));
#7753=DIRECTION('',(-1.,0.,0.));
#7754=DIRECTION('',(0.,0.,1.));
#7755=DIRECTION('',(1.,0.,0.));
#7756=DIRECTION('',(-1.,0.,0.));
#7757=DIRECTION('',(0.,0.,1.));
#7758=DIRECTION('',(1.,0.,0.));
#7759=DIRECTION('',(1.,0.,0.));
#7760=DIRECTION('',(0.,0.,-1.));
#7761=DIRECTION('',(-1.,0.,0.));
#7762=DIRECTION('',(0.,0.,1.));
#7763=DIRECTION('',(1.,0.,0.));
#7764=DIRECTION('',(-1.,0.,0.));
#7765=DIRECTION('',(0.,0.,1.));
#7766=DIRECTION('',(1.,0.,0.));
#7767=DIRECTION('',(1.,0.,0.));
#7768=DIRECTION('',(0.,0.,-1.));
#7769=DIRECTION('',(-1.,0.,0.));
#7770=DIRECTION('',(0.,0.,1.));
#7771=DIRECTION('',(1.,0.,0.));
#7772=DIRECTION('',(-1.,0.,0.));
#7773=DIRECTION('',(0.,0.,1.));
#7774=DIRECTION('',(1.,0.,0.));
#7775=DIRECTION('',(1.,0.,0.));
#7776=DIRECTION('',(0.,0.,-1.));
#7777=DIRECTION('',(-1.,0.,0.));
#7778=DIRECTION('',(0.,0.,1.));
#7779=DIRECTION('',(1.,0.,0.));
#7780=DIRECTION('',(-1.,0.,0.));
#7781=DIRECTION('',(0.,0.,1.));
#7782=DIRECTION('',(1.,0.,0.));
#7783=DIRECTION('',(1.,0.,0.));
#7784=DIRECTION('',(0.,0.,-1.));
#7785=DIRECTION('',(-1.,0.,0.));
#7786=DIRECTION('',(0.,0.,1.));
#7787=DIRECTION('',(1.,0.,0.));
#7788=DIRECTION('',(-1.,0.,0.));
#7789=DIRECTION('',(0.,0.,1.));
#7790=DIRECTION('',(1.,0.,0.));
#7791=DIRECTION('',(1.,0.,0.));
#7792=DIRECTION('',(0.,0.,-1.));
#7793=DIRECTION('',(-1.,0.,0.));
#7794=DIRECTION('',(0.,0.,1.));
#7795=DIRECTION('',(1.,0.,0.));
#7796=DIRECTION('',(-1.,0.,0.));
#7797=DIRECTION('',(0.,0.,1.));
#7798=DIRECTION('',(1.,0.,0.));
#7799=DIRECTION('',(1.,0.,0.));
#7800=DIRECTION('',(0.,0.,-1.));
#7801=DIRECTION('',(-1.,0.,0.));
#7802=DIRECTION('',(0.,0.,1.));
#7803=DIRECTION('',(1.,0.,0.));
#7804=DIRECTION('',(-1.,0.,0.));
#7805=DIRECTION('',(0.,0.,1.));
#7806=DIRECTION('',(1.,0.,0.));
#7807=DIRECTION('',(1.,0.,0.));
#7808=DIRECTION('',(0.,0.,-1.));
#7809=DIRECTION('',(-1.,0.,0.));
#7810=DIRECTION('',(0.,0.,1.));
#7811=DIRECTION('',(1.,0.,0.));
#7812=DIRECTION('',(-1.,0.,0.));
#7813=DIRECTION('',(0.,0.,1.));
#7814=DIRECTION('',(1.,0.,0.));
#7815=DIRECTION('',(1.,0.,0.));
#7816=DIRECTION('',(0.,0.,-1.));
#7817=DIRECTION('',(-1.,0.,0.));
#7818=DIRECTION('',(0.,0.,1.));
#7819=DIRECTION('',(1.,0.,0.));
#7820=DIRECTION('',(-1.,0.,0.));
#7821=DIRECTION('',(0.,0.,1.));
#7822=DIRECTION('',(1.,0.,0.));
#7823=DIRECTION('',(1.,0.,0.));
#7824=DIRECTION('',(0.,0.,-1.));
#7825=DIRECTION('',(-1.,0.,0.));
#7826=DIRECTION('',(0.,0.,1.));
#7827=DIRECTION('',(1.,0.,0.));
#7828=DIRECTION('',(-1.,0.,0.));
#7829=DIRECTION('',(0.,0.,1.));
#7830=DIRECTION('',(1.,0.,0.));
#7831=DIRECTION('',(1.,0.,0.));
#7832=DIRECTION('',(0.,0.,-1.));
#7833=DIRECTION('',(-1.,0.,0.));
#7834=DIRECTION('',(0.,0.,1.));
#7835=DIRECTION('',(1.,0.,0.));
#7836=DIRECTION('',(-1.,0.,0.));
#7837=DIRECTION('',(0.,0.,1.));
#7838=DIRECTION('',(1.,0.,0.));
#7839=DIRECTION('',(1.,0.,0.));
#7840=DIRECTION('',(0.,0.,-1.));
#7841=DIRECTION('',(-1.,0.,0.));
#7842=DIRECTION('',(0.,0.,1.));
#7843=DIRECTION('',(1.,0.,0.));
#7844=DIRECTION('',(-1.,0.,0.));
#7845=DIRECTION('',(0.,0.,1.));
#7846=DIRECTION('',(1.,0.,0.));
#7847=DIRECTION('',(1.,0.,0.));
#7848=DIRECTION('',(0.,0.,-1.));
#7849=DIRECTION('',(-1.,0.,0.));
#7850=DIRECTION('',(0.,0.,1.));
#7851=DIRECTION('',(1.,0.,0.));
#7852=DIRECTION('',(-1.,0.,0.));
#7853=DIRECTION('',(0.,0.,1.));
#7854=DIRECTION('',(1.,0.,0.));
#7855=DIRECTION('',(1.,0.,0.));
#7856=DIRECTION('',(0.,0.,-1.));
#7857=DIRECTION('',(-1.,0.,0.));
#7858=DIRECTION('',(0.,0.,1.));
#7859=DIRECTION('',(1.,0.,0.));
#7860=DIRECTION('',(-1.,0.,0.));
#7861=DIRECTION('',(0.,0.,1.));
#7862=DIRECTION('',(1.,0.,0.));
#7863=DIRECTION('',(1.,0.,0.));
#7864=DIRECTION('',(0.,0.,-1.));
#7865=DIRECTION('',(-1.,0.,0.));
#7866=DIRECTION('',(0.,0.,1.));
#7867=DIRECTION('',(1.,0.,0.));
#7868=DIRECTION('',(-1.,0.,0.));
#7869=DIRECTION('',(0.,0.,1.));
#7870=DIRECTION('',(1.,0.,0.));
#7871=DIRECTION('',(1.,0.,0.));
#7872=DIRECTION('',(0.,0.,-1.));
#7873=DIRECTION('',(-1.,0.,0.));
#7874=DIRECTION('',(0.,0.,1.));
#7875=DIRECTION('',(1.,0.,0.));
#7876=DIRECTION('',(-1.,0.,0.));
#7877=DIRECTION('',(0.,0.,1.));
#7878=DIRECTION('',(1.,0.,0.));
#7879=DIRECTION('',(1.,0.,0.));
#7880=DIRECTION('',(0.,0.,-1.));
#7881=DIRECTION('',(-1.,0.,0.));
#7882=DIRECTION('',(0.,0.,1.));
#7883=DIRECTION('',(1.,0.,0.));
#7884=DIRECTION('',(-1.,0.,0.));
#7885=DIRECTION('',(0.,0.,1.));
#7886=DIRECTION('',(1.,0.,0.));
#7887=DIRECTION('',(1.,0.,0.));
#7888=DIRECTION('',(0.,0.,-1.));
#7889=DIRECTION('',(-1.,0.,0.));
#7890=DIRECTION('',(0.,0.,1.));
#7891=DIRECTION('',(1.,0.,0.));
#7892=DIRECTION('',(-1.,0.,0.));
#7893=DIRECTION('',(0.,0.,1.));
#7894=DIRECTION('',(1.,0.,0.));
#7895=DIRECTION('',(1.,0.,0.));
#7896=DIRECTION('',(0.,0.,-1.));
#7897=DIRECTION('',(-1.,0.,0.));
#7898=DIRECTION('',(0.,0.,1.));
#7899=DIRECTION('',(1.,0.,0.));
#7900=DIRECTION('',(-1.,0.,0.));
#7901=DIRECTION('',(0.,0.,1.));
#7902=DIRECTION('',(1.,0.,0.));
#7903=DIRECTION('',(1.,0.,0.));
#7904=DIRECTION('',(0.,0.,-1.));
#7905=DIRECTION('',(-1.,0.,0.));
#7906=DIRECTION('',(0.,0.,1.));
#7907=DIRECTION('',(1.,0.,0.));
#7908=DIRECTION('',(-1.,0.,0.));
#7909=DIRECTION('',(0.,0.,1.));
#7910=DIRECTION('',(1.,0.,0.));
#7911=DIRECTION('',(1.,0.,0.));
#7912=DIRECTION('',(0.,0.,-1.));
#7913=DIRECTION('',(-1.,0.,0.));
#7914=DIRECTION('',(0.,0.,1.));
#7915=DIRECTION('',(1.,0.,0.));
#7916=DIRECTION('',(-1.,0.,0.));
#7917=DIRECTION('',(0.,0.,1.));
#7918=DIRECTION('',(1.,0.,0.));
#7919=DIRECTION('',(1.,0.,0.));
#7920=DIRECTION('',(0.,0.,-1.));
#7921=DIRECTION('',(-1.,0.,0.));
#7922=DIRECTION('',(0.,0.,1.));
#7923=DIRECTION('',(1.,0.,0.));
#7924=DIRECTION('',(-1.,0.,0.));
#7925=DIRECTION('',(0.,0.,1.));
#7926=DIRECTION('',(1.,0.,0.));
#7927=DIRECTION('',(1.,0.,0.));
#7928=DIRECTION('',(0.,0.,-1.));
#7929=DIRECTION('',(-1.,0.,0.));
#7930=DIRECTION('',(0.,0.,1.));
#7931=DIRECTION('',(1.,0.,0.));
#7932=DIRECTION('',(-1.,0.,0.));
#7933=DIRECTION('',(0.,0.,1.));
#7934=DIRECTION('',(1.,0.,0.));
#7935=DIRECTION('',(1.,0.,0.));
#7936=DIRECTION('',(0.,0.,-1.));
#7937=DIRECTION('',(-1.,0.,0.));
#7938=DIRECTION('',(0.,0.,1.));
#7939=DIRECTION('',(1.,0.,0.));
#7940=DIRECTION('',(-1.,0.,0.));
#7941=DIRECTION('',(0.,0.,1.));
#7942=DIRECTION('',(1.,0.,0.));
#7943=DIRECTION('',(1.,0.,0.));
#7944=DIRECTION('',(0.,0.,-1.));
#7945=DIRECTION('',(-1.,0.,0.));
#7946=DIRECTION('',(0.,0.,1.));
#7947=DIRECTION('',(1.,0.,0.));
#7948=DIRECTION('',(-1.,0.,0.));
#7949=DIRECTION('',(0.,0.,1.));
#7950=DIRECTION('',(1.,0.,0.));
#7951=DIRECTION('',(1.,0.,0.));
#7952=DIRECTION('',(0.,0.,-1.));
#7953=DIRECTION('',(-1.,0.,0.));
#7954=DIRECTION('',(0.,0.,1.));
#7955=DIRECTION('',(1.,0.,0.));
#7956=DIRECTION('',(-1.,0.,0.));
#7957=DIRECTION('',(0.,0.,1.));
#7958=DIRECTION('',(1.,0.,0.));
#7959=DIRECTION('',(1.,0.,0.));
#7960=DIRECTION('',(0.,0.,-1.));
#7961=DIRECTION('',(-1.,0.,0.));
#7962=DIRECTION('',(0.,0.,1.));
#7963=DIRECTION('',(1.,0.,0.));
#7964=DIRECTION('',(-1.,0.,0.));
#7965=DIRECTION('',(0.,0.,1.));
#7966=DIRECTION('',(1.,0.,0.));
#7967=DIRECTION('',(1.,0.,0.));
#7968=DIRECTION('',(0.,0.,-1.));
#7969=DIRECTION('',(-1.,0.,0.));
#7970=DIRECTION('',(0.,0.,1.));
#7971=DIRECTION('',(1.,0.,0.));
#7972=DIRECTION('',(-1.,0.,0.));
#7973=DIRECTION('',(0.,0.,1.));
#7974=DIRECTION('',(1.,0.,0.));
#7975=DIRECTION('',(1.,0.,0.));
#7976=DIRECTION('',(0.,0.,-1.));
#7977=DIRECTION('',(-1.,0.,0.));
#7978=DIRECTION('',(0.,0.,1.));
#7979=DIRECTION('',(1.,0.,0.));
#7980=DIRECTION('',(-1.,0.,0.));
#7981=DIRECTION('',(0.,0.,1.));
#7982=DIRECTION('',(1.,0.,0.));
#7983=DIRECTION('',(1.,0.,0.));
#7984=DIRECTION('',(0.,0.,-1.));
#7985=DIRECTION('',(-1.,0.,0.));
#7986=DIRECTION('',(0.,0.,1.));
#7987=DIRECTION('',(1.,0.,0.));
#7988=DIRECTION('',(-1.,0.,0.));
#7989=DIRECTION('',(0.,0.,1.));
#7990=DIRECTION('',(1.,0.,0.));
#7991=DIRECTION('',(1.,0.,0.));
#7992=DIRECTION('',(0.,0.,-1.));
#7993=DIRECTION('',(-1.,0.,0.));
#7994=DIRECTION('',(0.,0.,1.));
#7995=DIRECTION('',(1.,0.,0.));
#7996=DIRECTION('',(-1.,0.,0.));
#7997=DIRECTION('',(0.,0.,1.));
#7998=DIRECTION('',(1.,0.,0.));
#7999=DIRECTION('',(1.,0.,0.));
#8000=DIRECTION('',(0.,0.,-1.));
#8001=DIRECTION('',(-1.,0.,0.));
#8002=DIRECTION('',(0.,0.,1.));
#8003=DIRECTION('',(1.,0.,0.));
#8004=DIRECTION('',(-1.,0.,0.));
#8005=DIRECTION('',(0.,0.,1.));
#8006=DIRECTION('',(1.,0.,0.));
#8007=DIRECTION('',(1.,0.,0.));
#8008=DIRECTION('',(0.,0.,-1.));
#8009=DIRECTION('',(-1.,0.,0.));
#8010=DIRECTION('',(0.,0.,1.));
#8011=DIRECTION('',(1.,0.,0.));
#8012=DIRECTION('',(-1.,0.,0.));
#8013=DIRECTION('',(0.,0.,1.));
#8014=DIRECTION('',(1.,0.,0.));
#8015=DIRECTION('',(1.,0.,0.));
#8016=DIRECTION('',(0.,0.,-1.));
#8017=DIRECTION('',(-1.,0.,0.));
#8018=DIRECTION('',(0.,0.,1.));
#8019=DIRECTION('',(1.,0.,0.));
#8020=DIRECTION('',(-1.,0.,0.));
#8021=DIRECTION('',(0.,0.,1.));
#8022=DIRECTION('',(1.,0.,0.));
#8023=DIRECTION('',(1.,0.,0.));
#8024=DIRECTION('',(0.,0.,-1.));
#8025=DIRECTION('',(-1.,0.,0.));
#8026=DIRECTION('',(0.,0.,1.));
#8027=DIRECTION('',(1.,0.,0.));
#8028=DIRECTION('',(-1.,0.,0.));
#8029=DIRECTION('',(0.,0.,1.));
#8030=DIRECTION('',(1.,0.,0.));
#8031=DIRECTION('',(1.,0.,0.));
#8032=DIRECTION('',(0.,0.,-1.));
#8033=DIRECTION('',(-1.,0.,0.));
#8034=DIRECTION('',(0.,0.,1.));
#8035=DIRECTION('',(1.,0.,0.));
#8036=DIRECTION('',(-1.,0.,0.));
#8037=DIRECTION('',(0.,0.,1.));
#8038=DIRECTION('',(1.,0.,0.));
#8039=DIRECTION('',(1.,0.,0.));
#8040=DIRECTION('',(0.,0.,-1.));
#8041=DIRECTION('',(-1.,0.,0.));
#8042=DIRECTION('',(0.,0.,1.));
#8043=DIRECTION('',(1.,0.,0.));
#8044=DIRECTION('',(-1.,0.,0.));
#8045=DIRECTION('',(0.,0.,1.));
#8046=DIRECTION('',(1.,0.,0.));
#8047=DIRECTION('',(1.,0.,0.));
#8048=DIRECTION('',(0.,0.,-1.));
#8049=DIRECTION('',(-1.,0.,0.));
#8050=DIRECTION('',(0.,0.,1.));
#8051=DIRECTION('',(1.,0.,0.));
#8052=DIRECTION('',(-1.,0.,0.));
#8053=DIRECTION('',(0.,0.,1.));
#8054=DIRECTION('',(1.,0.,0.));
#8055=DIRECTION('',(1.,0.,0.));
#8056=DIRECTION('',(0.,0.,-1.));
#8057=DIRECTION('',(-1.,0.,0.));
#8058=DIRECTION('',(0.,0.,1.));
#8059=DIRECTION('',(1.,0.,0.));
#8060=DIRECTION('',(-1.,0.,0.));
#8061=DIRECTION('',(0.,0.,1.));
#8062=DIRECTION('',(1.,0.,0.));
#8063=DIRECTION('',(1.,0.,0.));
#8064=DIRECTION('',(0.,0.,-1.));
#8065=DIRECTION('',(-1.,0.,0.));
#8066=DIRECTION('',(0.,0.,1.));
#8067=DIRECTION('',(1.,0.,0.));
#8068=DIRECTION('',(-1.,0.,0.));
#8069=DIRECTION('',(0.,0.,1.));
#8070=DIRECTION('',(1.,0.,0.));
#8071=DIRECTION('',(1.,0.,0.));
#8072=DIRECTION('',(0.,0.,-1.));
#8073=DIRECTION('',(-1.,0.,0.));
#8074=DIRECTION('',(0.,0.,1.));
#8075=DIRECTION('',(1.,0.,0.));
#8076=DIRECTION('',(-1.,0.,0.));
#8077=DIRECTION('',(0.,0.,1.));
#8078=DIRECTION('',(1.,0.,0.));
#8079=DIRECTION('',(1.,0.,0.));
#8080=DIRECTION('',(0.,0.,-1.));
#8081=DIRECTION('',(-1.,0.,0.));
#8082=DIRECTION('',(0.,0.,1.));
#8083=DIRECTION('',(1.,0.,0.));
#8084=DIRECTION('',(-1.,0.,0.));
#8085=DIRECTION('',(0.,0.,1.));
#8086=DIRECTION('',(1.,0.,0.));
#8087=DIRECTION('',(1.,0.,0.));
#8088=DIRECTION('',(0.,0.,-1.));
#8089=DIRECTION('',(-1.,0.,0.));
#8090=DIRECTION('',(0.,0.,1.));
#8091=DIRECTION('',(1.,0.,0.));
#8092=DIRECTION('',(-1.,0.,0.));
#8093=DIRECTION('',(0.,0.,1.));
#8094=DIRECTION('',(1.,0.,0.));
#8095=DIRECTION('',(1.,0.,0.));
#8096=DIRECTION('',(0.,0.,-1.));
#8097=DIRECTION('',(-1.,0.,0.));
#8098=DIRECTION('',(0.,0.,1.));
#8099=DIRECTION('',(1.,0.,0.));
#8100=DIRECTION('',(-1.,0.,0.));
#8101=DIRECTION('',(0.,0.,1.));
#8102=DIRECTION('',(1.,0.,0.));
#8103=DIRECTION('',(1.,0.,0.));
#8104=DIRECTION('',(0.,0.,-1.));
#8105=DIRECTION('',(-1.,0.,0.));
#8106=DIRECTION('',(0.,0.,1.));
#8107=DIRECTION('',(1.,0.,0.));
#8108=DIRECTION('',(-1.,0.,0.));
#8109=DIRECTION('',(0.,0.,1.));
#8110=DIRECTION('',(1.,0.,0.));
#8111=DIRECTION('',(1.,0.,0.));
#8112=DIRECTION('',(0.,0.,-1.));
#8113=DIRECTION('',(-1.,0.,0.));
#8114=DIRECTION('',(0.,0.,1.));
#8115=DIRECTION('',(1.,0.,0.));
#8116=DIRECTION('',(-1.,0.,0.));
#8117=DIRECTION('',(0.,0.,1.));
#8118=DIRECTION('',(1.,0.,0.));
#8119=DIRECTION('',(1.,0.,0.));
#8120=DIRECTION('',(0.,0.,-1.));
#8121=DIRECTION('',(-1.,0.,0.));
#8122=DIRECTION('',(0.,0.,1.));
#8123=DIRECTION('',(1.,0.,0.));
#8124=DIRECTION('',(-1.,0.,0.));
#8125=DIRECTION('',(0.,0.,1.));
#8126=DIRECTION('',(1.,0.,0.));
#8127=DIRECTION('',(1.,0.,0.));
#8128=DIRECTION('',(0.,0.,-1.));
#8129=DIRECTION('',(-1.,0.,0.));
#8130=DIRECTION('',(0.,0.,1.));
#8131=DIRECTION('',(1.,0.,0.));
#8132=DIRECTION('',(-1.,0.,0.));
#8133=DIRECTION('',(0.,0.,1.));
#8134=DIRECTION('',(1.,0.,0.));
#8135=DIRECTION('',(1.,0.,0.));
#8136=DIRECTION('',(0.,0.,-1.));
#8137=DIRECTION('',(-1.,0.,0.));
#8138=DIRECTION('',(0.,0.,1.));
#8139=DIRECTION('',(1.,0.,0.));
#8140=DIRECTION('',(-1.,0.,0.));
#8141=DIRECTION('',(0.,0.,1.));
#8142=DIRECTION('',(1.,0.,0.));
#8143=DIRECTION('',(1.,0.,0.));
#8144=DIRECTION('',(0.,0.,-1.));
#8145=DIRECTION('',(-1.,0.,0.));
#8146=DIRECTION('',(0.,0.,1.));
#8147=DIRECTION('',(1.,0.,0.));
#8148=DIRECTION('',(-1.,0.,0.));
#8149=DIRECTION('',(0.,0.,1.));
#8150=DIRECTION('',(1.,0.,0.));
#8151=DIRECTION('',(1.,0.,0.));
#8152=DIRECTION('',(0.,0.,-1.));
#8153=DIRECTION('',(-1.,0.,0.));
#8154=DIRECTION('',(0.,0.,1.));
#8155=DIRECTION('',(1.,0.,0.));
#8156=DIRECTION('',(-1.,0.,0.));
#8157=DIRECTION('',(0.,0.,1.));
#8158=DIRECTION('',(1.,0.,0.));
#8159=DIRECTION('',(1.,0.,0.));
#8160=DIRECTION('',(0.,0.,-1.));
#8161=DIRECTION('',(-1.,0.,0.));
#8162=DIRECTION('',(0.,0.,1.));
#8163=DIRECTION('',(1.,0.,0.));
#8164=DIRECTION('',(-1.,0.,0.));
#8165=DIRECTION('',(0.,0.,1.));
#8166=DIRECTION('',(1.,0.,0.));
#8167=DIRECTION('',(1.,0.,0.));
#8168=DIRECTION('',(0.,0.,-1.));
#8169=DIRECTION('',(-1.,0.,0.));
#8170=DIRECTION('',(0.,0.,1.));
#8171=DIRECTION('',(1.,0.,0.));
#8172=DIRECTION('',(-1.,0.,0.));
#8173=DIRECTION('',(0.,0.,1.));
#8174=DIRECTION('',(1.,0.,0.));
#8175=DIRECTION('',(1.,0.,0.));
#8176=DIRECTION('',(0.,0.,-1.));
#8177=DIRECTION('',(-1.,0.,0.));
#8178=DIRECTION('',(0.,0.,1.));
#8179=DIRECTION('',(1.,0.,0.));
#8180=DIRECTION('',(-1.,0.,0.));
#8181=DIRECTION('',(0.,0.,1.));
#8182=DIRECTION('',(1.,0.,0.));
#8183=DIRECTION('',(1.,0.,0.));
#8184=DIRECTION('',(0.,0.,-1.));
#8185=DIRECTION('',(-1.,0.,0.));
#8186=DIRECTION('',(0.,0.,1.));
#8187=DIRECTION('',(1.,0.,0.));
#8188=DIRECTION('',(-1.,0.,0.));
#8189=DIRECTION('',(0.,0.,1.));
#8190=DIRECTION('',(1.,0.,0.));
#8191=DIRECTION('',(1.,0.,0.));
#8192=DIRECTION('',(1.,0.,0.));
#8193=DIRECTION('',(0.,0.,-1.));
#8194=DIRECTION('',(-1.,0.,0.));
#8195=DIRECTION('',(0.,0.,1.));
#8196=DIRECTION('',(1.,0.,0.));
#8197=DIRECTION('',(-1.,0.,0.));
#8198=DIRECTION('',(0.,0.,1.));
#8199=DIRECTION('',(1.,0.,0.));
#8200=DIRECTION('',(1.,0.,0.));
#8201=DIRECTION('',(1.,0.,0.));
#8202=DIRECTION('',(0.,0.,-1.));
#8203=DIRECTION('',(-1.,0.,0.));
#8204=DIRECTION('',(0.,0.,1.));
#8205=DIRECTION('',(-1.,0.,0.));
#8206=DIRECTION('',(0.,0.,1.));
#8207=DIRECTION('',(1.,0.,0.));
#8208=DIRECTION('',(0.,0.,-1.));
#8209=DIRECTION('',(-1.,0.,0.));
#8210=DIRECTION('',(0.,0.,1.));
#8211=DIRECTION('',(-1.,0.,0.));
#8212=DIRECTION('',(0.,0.,1.));
#8213=DIRECTION('',(1.,0.,0.));
#8214=DIRECTION('',(1.,0.,0.));
#8215=DIRECTION('',(0.,0.104528463267653,-0.994521895368273));
#8216=DIRECTION('',(-1.,0.,0.));
#8217=DIRECTION('',(0.,0.,1.));
#8218=DIRECTION('',(1.,0.,0.));
#8219=DIRECTION('',(-1.,0.,0.));
#8220=DIRECTION('',(0.,-0.104528463267653,0.994521895368273));
#8221=DIRECTION('',(1.,0.,0.));
#8222=DIRECTION('',(1.,0.,0.));
#8223=DIRECTION('',(1.,0.,0.));
#8224=DIRECTION('',(0.,0.104528463267653,-0.994521895368273));
#8225=DIRECTION('',(-1.,0.,0.));
#8226=DIRECTION('',(0.,0.,1.));
#8227=DIRECTION('',(-1.,0.,0.));
#8228=DIRECTION('',(0.,-0.104528463267653,0.994521895368273));
#8229=DIRECTION('',(1.,0.,0.));
#8230=DIRECTION('',(0.,0.104528463267653,-0.994521895368273));
#8231=DIRECTION('',(-1.,0.,0.));
#8232=DIRECTION('',(0.,0.,1.));
#8233=DIRECTION('',(-1.,0.,0.));
#8234=DIRECTION('',(0.,-0.104528463267653,0.994521895368273));
#8235=DIRECTION('',(1.,0.,0.));
#8236=DIRECTION('',(1.,0.,0.));
#8237=DIRECTION('',(0.,0.20791169081776,-0.978147600733806));
#8238=DIRECTION('',(-1.,0.,0.));
#8239=DIRECTION('',(0.,0.,1.));
#8240=DIRECTION('',(1.,0.,0.));
#8241=DIRECTION('',(-1.,0.,0.));
#8242=DIRECTION('',(0.,-0.20791169081776,0.978147600733806));
#8243=DIRECTION('',(1.,0.,0.));
#8244=DIRECTION('',(1.,0.,0.));
#8245=DIRECTION('',(1.,0.,0.));
#8246=DIRECTION('',(0.,0.20791169081776,-0.978147600733806));
#8247=DIRECTION('',(-1.,0.,0.));
#8248=DIRECTION('',(0.,0.,1.));
#8249=DIRECTION('',(-1.,0.,0.));
#8250=DIRECTION('',(0.,-0.20791169081776,0.978147600733806));
#8251=DIRECTION('',(1.,0.,0.));
#8252=DIRECTION('',(0.,0.20791169081776,-0.978147600733806));
#8253=DIRECTION('',(-1.,0.,0.));
#8254=DIRECTION('',(0.,0.,1.));
#8255=DIRECTION('',(-1.,0.,0.));
#8256=DIRECTION('',(0.,-0.20791169081776,0.978147600733806));
#8257=DIRECTION('',(1.,0.,0.));
#8258=DIRECTION('',(1.,0.,0.));
#8259=DIRECTION('',(0.,0.309016994374948,-0.951056516295154));
#8260=DIRECTION('',(-1.,0.,0.));
#8261=DIRECTION('',(0.,0.,1.));
#8262=DIRECTION('',(1.,0.,0.));
#8263=DIRECTION('',(-1.,0.,0.));
#8264=DIRECTION('',(0.,-0.309016994374948,0.951056516295154));
#8265=DIRECTION('',(1.,0.,0.));
#8266=DIRECTION('',(1.,0.,0.));
#8267=DIRECTION('',(1.,0.,0.));
#8268=DIRECTION('',(0.,0.309016994374948,-0.951056516295154));
#8269=DIRECTION('',(-1.,0.,0.));
#8270=DIRECTION('',(0.,0.,1.));
#8271=DIRECTION('',(-1.,0.,0.));
#8272=DIRECTION('',(0.,-0.309016994374948,0.951056516295154));
#8273=DIRECTION('',(1.,0.,0.));
#8274=DIRECTION('',(0.,0.309016994374948,-0.951056516295154));
#8275=DIRECTION('',(-1.,0.,0.));
#8276=DIRECTION('',(0.,0.,1.));
#8277=DIRECTION('',(-1.,0.,0.));
#8278=DIRECTION('',(0.,-0.309016994374948,0.951056516295154));
#8279=DIRECTION('',(1.,0.,0.));
#8280=DIRECTION('',(1.,0.,0.));
#8281=DIRECTION('',(0.,0.913545457642601,-0.4067366430758));
#8282=DIRECTION('',(-1.,0.,0.));
#8283=DIRECTION('',(0.,0.,1.));
#8284=DIRECTION('',(1.,0.,0.));
#8285=DIRECTION('',(-1.,0.,0.));
#8286=DIRECTION('',(0.,-0.913545457642601,0.4067366430758));
#8287=DIRECTION('',(1.,0.,0.));
#8288=DIRECTION('',(1.,0.,0.));
#8289=DIRECTION('',(1.,0.,0.));
#8290=DIRECTION('',(0.,0.913545457642601,-0.4067366430758));
#8291=DIRECTION('',(-1.,0.,0.));
#8292=DIRECTION('',(0.,0.,1.));
#8293=DIRECTION('',(-1.,0.,0.));
#8294=DIRECTION('',(0.,-0.913545457642601,0.4067366430758));
#8295=DIRECTION('',(1.,0.,0.));
#8296=DIRECTION('',(0.,0.913545457642601,-0.4067366430758));
#8297=DIRECTION('',(-1.,0.,0.));
#8298=DIRECTION('',(0.,0.,1.));
#8299=DIRECTION('',(-1.,0.,0.));
#8300=DIRECTION('',(0.,-0.913545457642601,0.4067366430758));
#8301=DIRECTION('',(1.,0.,0.));
#8302=DIRECTION('',(1.,0.,0.));
#8303=DIRECTION('',(0.,0.866025403784439,-0.5));
#8304=DIRECTION('',(-1.,0.,0.));
#8305=DIRECTION('',(0.,0.,1.));
#8306=DIRECTION('',(1.,0.,0.));
#8307=DIRECTION('',(-1.,0.,0.));
#8308=DIRECTION('',(0.,-0.866025403784439,0.5));
#8309=DIRECTION('',(1.,0.,0.));
#8310=DIRECTION('',(1.,0.,0.));
#8311=DIRECTION('',(1.,0.,0.));
#8312=DIRECTION('',(0.,0.866025403784439,-0.5));
#8313=DIRECTION('',(-1.,0.,0.));
#8314=DIRECTION('',(0.,0.,1.));
#8315=DIRECTION('',(-1.,0.,0.));
#8316=DIRECTION('',(0.,-0.866025403784439,0.5));
#8317=DIRECTION('',(1.,0.,0.));
#8318=DIRECTION('',(0.,0.866025403784439,-0.5));
#8319=DIRECTION('',(-1.,0.,0.));
#8320=DIRECTION('',(0.,0.,1.));
#8321=DIRECTION('',(-1.,0.,0.));
#8322=DIRECTION('',(0.,-0.866025403784439,0.5));
#8323=DIRECTION('',(1.,0.,0.));
#8324=DIRECTION('',(1.,0.,0.));
#8325=DIRECTION('',(0.,0.743144825477395,-0.669130606358858));
#8326=DIRECTION('',(-1.,0.,0.));
#8327=DIRECTION('',(0.,0.,1.));
#8328=DIRECTION('',(1.,0.,0.));
#8329=DIRECTION('',(-1.,0.,0.));
#8330=DIRECTION('',(0.,-0.743144825477395,0.669130606358858));
#8331=DIRECTION('',(1.,0.,0.));
#8332=DIRECTION('',(1.,0.,0.));
#8333=DIRECTION('',(1.,0.,0.));
#8334=DIRECTION('',(0.,0.743144825477395,-0.669130606358858));
#8335=DIRECTION('',(-1.,0.,0.));
#8336=DIRECTION('',(0.,0.,1.));
#8337=DIRECTION('',(-1.,0.,0.));
#8338=DIRECTION('',(0.,-0.743144825477395,0.669130606358858));
#8339=DIRECTION('',(1.,0.,0.));
#8340=DIRECTION('',(0.,0.743144825477395,-0.669130606358858));
#8341=DIRECTION('',(-1.,0.,0.));
#8342=DIRECTION('',(0.,0.,1.));
#8343=DIRECTION('',(-1.,0.,0.));
#8344=DIRECTION('',(0.,-0.743144825477395,0.669130606358858));
#8345=DIRECTION('',(1.,0.,0.));
#8346=DIRECTION('',(1.,0.,0.));
#8347=DIRECTION('',(0.,0.809016994374948,-0.587785252292473));
#8348=DIRECTION('',(-1.,0.,0.));
#8349=DIRECTION('',(0.,0.,1.));
#8350=DIRECTION('',(1.,0.,0.));
#8351=DIRECTION('',(-1.,0.,0.));
#8352=DIRECTION('',(0.,-0.809016994374948,0.587785252292473));
#8353=DIRECTION('',(1.,0.,0.));
#8354=DIRECTION('',(1.,0.,0.));
#8355=DIRECTION('',(1.,0.,0.));
#8356=DIRECTION('',(0.,0.809016994374948,-0.587785252292473));
#8357=DIRECTION('',(-1.,0.,0.));
#8358=DIRECTION('',(0.,0.,1.));
#8359=DIRECTION('',(-1.,0.,0.));
#8360=DIRECTION('',(0.,-0.809016994374948,0.587785252292473));
#8361=DIRECTION('',(1.,0.,0.));
#8362=DIRECTION('',(0.,0.809016994374948,-0.587785252292473));
#8363=DIRECTION('',(-1.,0.,0.));
#8364=DIRECTION('',(0.,0.,1.));
#8365=DIRECTION('',(-1.,0.,0.));
#8366=DIRECTION('',(0.,-0.809016994374948,0.587785252292473));
#8367=DIRECTION('',(1.,0.,0.));
#8368=DIRECTION('',(1.,0.,0.));
#8369=DIRECTION('',(0.,0.587785252292473,-0.809016994374947));
#8370=DIRECTION('',(-1.,0.,0.));
#8371=DIRECTION('',(0.,0.,1.));
#8372=DIRECTION('',(1.,0.,0.));
#8373=DIRECTION('',(-1.,0.,0.));
#8374=DIRECTION('',(0.,-0.587785252292473,0.809016994374947));
#8375=DIRECTION('',(1.,0.,0.));
#8376=DIRECTION('',(1.,0.,0.));
#8377=DIRECTION('',(1.,0.,0.));
#8378=DIRECTION('',(0.,0.587785252292473,-0.809016994374947));
#8379=DIRECTION('',(-1.,0.,0.));
#8380=DIRECTION('',(0.,0.,1.));
#8381=DIRECTION('',(-1.,0.,0.));
#8382=DIRECTION('',(0.,-0.587785252292473,0.809016994374947));
#8383=DIRECTION('',(1.,0.,0.));
#8384=DIRECTION('',(0.,0.587785252292473,-0.809016994374947));
#8385=DIRECTION('',(-1.,0.,0.));
#8386=DIRECTION('',(0.,0.,1.));
#8387=DIRECTION('',(-1.,0.,0.));
#8388=DIRECTION('',(0.,-0.587785252292473,0.809016994374947));
#8389=DIRECTION('',(1.,0.,0.));
#8390=DIRECTION('',(1.,0.,0.));
#8391=DIRECTION('',(0.,0.669130606358858,-0.743144825477394));
#8392=DIRECTION('',(-1.,0.,0.));
#8393=DIRECTION('',(0.,0.,1.));
#8394=DIRECTION('',(1.,0.,0.));
#8395=DIRECTION('',(-1.,0.,0.));
#8396=DIRECTION('',(0.,-0.669130606358858,0.743144825477394));
#8397=DIRECTION('',(1.,0.,0.));
#8398=DIRECTION('',(1.,0.,0.));
#8399=DIRECTION('',(1.,0.,0.));
#8400=DIRECTION('',(0.,0.669130606358858,-0.743144825477394));
#8401=DIRECTION('',(-1.,0.,0.));
#8402=DIRECTION('',(0.,0.,1.));
#8403=DIRECTION('',(-1.,0.,0.));
#8404=DIRECTION('',(0.,-0.669130606358858,0.743144825477394));
#8405=DIRECTION('',(1.,0.,0.));
#8406=DIRECTION('',(0.,0.669130606358858,-0.743144825477394));
#8407=DIRECTION('',(-1.,0.,0.));
#8408=DIRECTION('',(0.,0.,1.));
#8409=DIRECTION('',(-1.,0.,0.));
#8410=DIRECTION('',(0.,-0.669130606358858,0.743144825477394));
#8411=DIRECTION('',(1.,0.,0.));
#8412=DIRECTION('',(1.,0.,0.));
#8413=DIRECTION('',(0.,0.5,-0.866025403784438));
#8414=DIRECTION('',(-1.,0.,0.));
#8415=DIRECTION('',(0.,0.,1.));
#8416=DIRECTION('',(1.,0.,0.));
#8417=DIRECTION('',(-1.,0.,0.));
#8418=DIRECTION('',(0.,-0.5,0.866025403784438));
#8419=DIRECTION('',(1.,0.,0.));
#8420=DIRECTION('',(1.,0.,0.));
#8421=DIRECTION('',(1.,0.,0.));
#8422=DIRECTION('',(0.,0.5,-0.866025403784438));
#8423=DIRECTION('',(-1.,0.,0.));
#8424=DIRECTION('',(0.,0.,1.));
#8425=DIRECTION('',(-1.,0.,0.));
#8426=DIRECTION('',(0.,-0.5,0.866025403784438));
#8427=DIRECTION('',(1.,0.,0.));
#8428=DIRECTION('',(0.,0.5,-0.866025403784438));
#8429=DIRECTION('',(-1.,0.,0.));
#8430=DIRECTION('',(0.,0.,1.));
#8431=DIRECTION('',(-1.,0.,0.));
#8432=DIRECTION('',(0.,-0.5,0.866025403784438));
#8433=DIRECTION('',(1.,0.,0.));
#8434=DIRECTION('',(1.,0.,0.));
#8435=DIRECTION('',(0.,0.4067366430758,-0.913545457642601));
#8436=DIRECTION('',(-1.,0.,0.));
#8437=DIRECTION('',(0.,0.,1.));
#8438=DIRECTION('',(1.,0.,0.));
#8439=DIRECTION('',(-1.,0.,0.));
#8440=DIRECTION('',(0.,-0.4067366430758,0.913545457642601));
#8441=DIRECTION('',(1.,0.,0.));
#8442=DIRECTION('',(1.,0.,0.));
#8443=DIRECTION('',(1.,0.,0.));
#8444=DIRECTION('',(0.,0.4067366430758,-0.913545457642601));
#8445=DIRECTION('',(-1.,0.,0.));
#8446=DIRECTION('',(0.,0.,1.));
#8447=DIRECTION('',(-1.,0.,0.));
#8448=DIRECTION('',(0.,-0.4067366430758,0.913545457642601));
#8449=DIRECTION('',(1.,0.,0.));
#8450=DIRECTION('',(0.,0.4067366430758,-0.913545457642601));
#8451=DIRECTION('',(-1.,0.,0.));
#8452=DIRECTION('',(0.,0.,1.));
#8453=DIRECTION('',(-1.,0.,0.));
#8454=DIRECTION('',(0.,-0.4067366430758,0.913545457642601));
#8455=DIRECTION('',(1.,0.,0.));
#8456=DIRECTION('',(1.,0.,0.));
#8457=DIRECTION('',(0.,0.951056516295154,-0.309016994374948));
#8458=DIRECTION('',(-1.,0.,0.));
#8459=DIRECTION('',(0.,0.,1.));
#8460=DIRECTION('',(1.,0.,0.));
#8461=DIRECTION('',(-1.,0.,0.));
#8462=DIRECTION('',(0.,-0.951056516295154,0.309016994374948));
#8463=DIRECTION('',(1.,0.,0.));
#8464=DIRECTION('',(1.,0.,0.));
#8465=DIRECTION('',(1.,0.,0.));
#8466=DIRECTION('',(0.,0.951056516295154,-0.309016994374948));
#8467=DIRECTION('',(-1.,0.,0.));
#8468=DIRECTION('',(0.,0.,1.));
#8469=DIRECTION('',(-1.,0.,0.));
#8470=DIRECTION('',(0.,-0.951056516295154,0.309016994374948));
#8471=DIRECTION('',(1.,0.,0.));
#8472=DIRECTION('',(0.,0.951056516295154,-0.309016994374948));
#8473=DIRECTION('',(-1.,0.,0.));
#8474=DIRECTION('',(0.,0.,1.));
#8475=DIRECTION('',(-1.,0.,0.));
#8476=DIRECTION('',(0.,-0.951056516295154,0.309016994374948));
#8477=DIRECTION('',(1.,0.,0.));
#8478=DIRECTION('',(1.,0.,0.));
#8479=DIRECTION('',(0.,0.978147600733806,-0.207911690817759));
#8480=DIRECTION('',(-1.,0.,0.));
#8481=DIRECTION('',(0.,0.,1.));
#8482=DIRECTION('',(1.,0.,0.));
#8483=DIRECTION('',(-1.,0.,0.));
#8484=DIRECTION('',(0.,-0.978147600733806,0.207911690817759));
#8485=DIRECTION('',(1.,0.,0.));
#8486=DIRECTION('',(1.,0.,0.));
#8487=DIRECTION('',(1.,0.,0.));
#8488=DIRECTION('',(0.,0.978147600733806,-0.207911690817759));
#8489=DIRECTION('',(-1.,0.,0.));
#8490=DIRECTION('',(0.,0.,1.));
#8491=DIRECTION('',(-1.,0.,0.));
#8492=DIRECTION('',(0.,-0.978147600733806,0.207911690817759));
#8493=DIRECTION('',(1.,0.,0.));
#8494=DIRECTION('',(0.,0.978147600733806,-0.207911690817759));
#8495=DIRECTION('',(-1.,0.,0.));
#8496=DIRECTION('',(0.,0.,1.));
#8497=DIRECTION('',(-1.,0.,0.));
#8498=DIRECTION('',(0.,-0.978147600733806,0.207911690817759));
#8499=DIRECTION('',(1.,0.,0.));
#8500=DIRECTION('',(1.,0.,0.));
#8501=DIRECTION('',(0.,0.994521895368273,-0.104528463267653));
#8502=DIRECTION('',(-1.,0.,0.));
#8503=DIRECTION('',(0.,0.,1.));
#8504=DIRECTION('',(1.,0.,0.));
#8505=DIRECTION('',(-1.,0.,0.));
#8506=DIRECTION('',(0.,-0.994521895368273,0.104528463267653));
#8507=DIRECTION('',(1.,0.,0.));
#8508=DIRECTION('',(1.,0.,0.));
#8509=DIRECTION('',(1.,0.,0.));
#8510=DIRECTION('',(0.,0.994521895368273,-0.104528463267653));
#8511=DIRECTION('',(-1.,0.,0.));
#8512=DIRECTION('',(0.,0.,1.));
#8513=DIRECTION('',(-1.,0.,0.));
#8514=DIRECTION('',(0.,-0.994521895368273,0.104528463267653));
#8515=DIRECTION('',(1.,0.,0.));
#8516=DIRECTION('',(0.,0.994521895368273,-0.104528463267653));
#8517=DIRECTION('',(-1.,0.,0.));
#8518=DIRECTION('',(0.,0.,1.));
#8519=DIRECTION('',(-1.,0.,0.));
#8520=DIRECTION('',(0.,-0.994521895368273,0.104528463267653));
#8521=DIRECTION('',(1.,0.,0.));
#8522=DIRECTION('',(1.,0.,0.));
#8523=DIRECTION('',(0.,1.,1.83697019872103E-16));
#8524=DIRECTION('',(-1.,0.,0.));
#8525=DIRECTION('',(0.,0.,1.));
#8526=DIRECTION('',(1.,0.,0.));
#8527=DIRECTION('',(-1.,0.,0.));
#8528=DIRECTION('',(0.,-1.,-1.83697019872103E-16));
#8529=DIRECTION('',(1.,0.,0.));
#8530=DIRECTION('',(1.,0.,0.));
#8531=DIRECTION('',(1.,0.,0.));
#8532=DIRECTION('',(0.,1.,1.83697019872103E-16));
#8533=DIRECTION('',(-1.,0.,0.));
#8534=DIRECTION('',(0.,0.,1.));
#8535=DIRECTION('',(-1.,0.,0.));
#8536=DIRECTION('',(0.,-1.,-1.83697019872103E-16));
#8537=DIRECTION('',(1.,0.,0.));
#8538=DIRECTION('',(0.,1.,1.83697019872103E-16));
#8539=DIRECTION('',(-1.,0.,0.));
#8540=DIRECTION('',(0.,0.,1.));
#8541=DIRECTION('',(-1.,0.,0.));
#8542=DIRECTION('',(0.,-1.,-1.83697019872103E-16));
#8543=DIRECTION('',(1.,0.,0.));
#8544=DIRECTION('',(1.,0.,0.));
#8545=DIRECTION('',(0.,0.994521895368273,0.104528463267653));
#8546=DIRECTION('',(-1.,0.,0.));
#8547=DIRECTION('',(0.,0.,1.));
#8548=DIRECTION('',(1.,0.,0.));
#8549=DIRECTION('',(-1.,0.,0.));
#8550=DIRECTION('',(0.,-0.994521895368273,-0.104528463267653));
#8551=DIRECTION('',(1.,0.,0.));
#8552=DIRECTION('',(1.,0.,0.));
#8553=DIRECTION('',(1.,0.,0.));
#8554=DIRECTION('',(0.,0.994521895368273,0.104528463267653));
#8555=DIRECTION('',(-1.,0.,0.));
#8556=DIRECTION('',(0.,0.,1.));
#8557=DIRECTION('',(-1.,0.,0.));
#8558=DIRECTION('',(0.,-0.994521895368273,-0.104528463267653));
#8559=DIRECTION('',(1.,0.,0.));
#8560=DIRECTION('',(0.,0.994521895368273,0.104528463267653));
#8561=DIRECTION('',(-1.,0.,0.));
#8562=DIRECTION('',(0.,0.,1.));
#8563=DIRECTION('',(-1.,0.,0.));
#8564=DIRECTION('',(0.,-0.994521895368273,-0.104528463267653));
#8565=DIRECTION('',(1.,0.,0.));
#8566=DIRECTION('',(1.,0.,0.));
#8567=DIRECTION('',(0.,0.978147600733806,0.20791169081776));
#8568=DIRECTION('',(-1.,0.,0.));
#8569=DIRECTION('',(0.,0.,1.));
#8570=DIRECTION('',(1.,0.,0.));
#8571=DIRECTION('',(-1.,0.,0.));
#8572=DIRECTION('',(0.,-0.978147600733806,-0.20791169081776));
#8573=DIRECTION('',(1.,0.,0.));
#8574=DIRECTION('',(1.,0.,0.));
#8575=DIRECTION('',(1.,0.,0.));
#8576=DIRECTION('',(0.,0.978147600733806,0.20791169081776));
#8577=DIRECTION('',(-1.,0.,0.));
#8578=DIRECTION('',(0.,0.,1.));
#8579=DIRECTION('',(-1.,0.,0.));
#8580=DIRECTION('',(0.,-0.978147600733806,-0.20791169081776));
#8581=DIRECTION('',(1.,0.,0.));
#8582=DIRECTION('',(0.,0.978147600733806,0.20791169081776));
#8583=DIRECTION('',(-1.,0.,0.));
#8584=DIRECTION('',(0.,0.,1.));
#8585=DIRECTION('',(-1.,0.,0.));
#8586=DIRECTION('',(0.,-0.978147600733806,-0.20791169081776));
#8587=DIRECTION('',(1.,0.,0.));
#8588=DIRECTION('',(1.,0.,0.));
#8589=DIRECTION('',(0.,0.951056516295154,0.309016994374948));
#8590=DIRECTION('',(-1.,0.,0.));
#8591=DIRECTION('',(0.,0.,1.));
#8592=DIRECTION('',(1.,0.,0.));
#8593=DIRECTION('',(-1.,0.,0.));
#8594=DIRECTION('',(0.,-0.951056516295154,-0.309016994374948));
#8595=DIRECTION('',(1.,0.,0.));
#8596=DIRECTION('',(1.,0.,0.));
#8597=DIRECTION('',(1.,0.,0.));
#8598=DIRECTION('',(0.,0.951056516295154,0.309016994374948));
#8599=DIRECTION('',(-1.,0.,0.));
#8600=DIRECTION('',(0.,0.,1.));
#8601=DIRECTION('',(-1.,0.,0.));
#8602=DIRECTION('',(0.,-0.951056516295154,-0.309016994374948));
#8603=DIRECTION('',(1.,0.,0.));
#8604=DIRECTION('',(0.,0.951056516295154,0.309016994374948));
#8605=DIRECTION('',(-1.,0.,0.));
#8606=DIRECTION('',(0.,0.,1.));
#8607=DIRECTION('',(-1.,0.,0.));
#8608=DIRECTION('',(0.,-0.951056516295154,-0.309016994374948));
#8609=DIRECTION('',(1.,0.,0.));
#8610=DIRECTION('',(1.,0.,0.));
#8611=DIRECTION('',(0.,0.913545457642601,0.4067366430758));
#8612=DIRECTION('',(-1.,0.,0.));
#8613=DIRECTION('',(0.,0.,1.));
#8614=DIRECTION('',(1.,0.,0.));
#8615=DIRECTION('',(-1.,0.,0.));
#8616=DIRECTION('',(0.,-0.913545457642601,-0.4067366430758));
#8617=DIRECTION('',(1.,0.,0.));
#8618=DIRECTION('',(1.,0.,0.));
#8619=DIRECTION('',(1.,0.,0.));
#8620=DIRECTION('',(0.,0.913545457642601,0.4067366430758));
#8621=DIRECTION('',(-1.,0.,0.));
#8622=DIRECTION('',(0.,0.,1.));
#8623=DIRECTION('',(-1.,0.,0.));
#8624=DIRECTION('',(0.,-0.913545457642601,-0.4067366430758));
#8625=DIRECTION('',(1.,0.,0.));
#8626=DIRECTION('',(0.,0.913545457642601,0.4067366430758));
#8627=DIRECTION('',(-1.,0.,0.));
#8628=DIRECTION('',(0.,0.,1.));
#8629=DIRECTION('',(-1.,0.,0.));
#8630=DIRECTION('',(0.,-0.913545457642601,-0.4067366430758));
#8631=DIRECTION('',(1.,0.,0.));
#8632=DIRECTION('',(1.,0.,0.));
#8633=DIRECTION('',(0.,0.309016994374948,0.951056516295154));
#8634=DIRECTION('',(-1.,0.,0.));
#8635=DIRECTION('',(0.,0.,1.));
#8636=DIRECTION('',(1.,0.,0.));
#8637=DIRECTION('',(-1.,0.,0.));
#8638=DIRECTION('',(0.,-0.309016994374948,-0.951056516295154));
#8639=DIRECTION('',(1.,0.,0.));
#8640=DIRECTION('',(1.,0.,0.));
#8641=DIRECTION('',(1.,0.,0.));
#8642=DIRECTION('',(0.,0.309016994374948,0.951056516295154));
#8643=DIRECTION('',(-1.,0.,0.));
#8644=DIRECTION('',(0.,0.,1.));
#8645=DIRECTION('',(-1.,0.,0.));
#8646=DIRECTION('',(0.,-0.309016994374948,-0.951056516295154));
#8647=DIRECTION('',(1.,0.,0.));
#8648=DIRECTION('',(0.,0.309016994374948,0.951056516295154));
#8649=DIRECTION('',(-1.,0.,0.));
#8650=DIRECTION('',(0.,0.,1.));
#8651=DIRECTION('',(-1.,0.,0.));
#8652=DIRECTION('',(0.,-0.309016994374948,-0.951056516295154));
#8653=DIRECTION('',(1.,0.,0.));
#8654=DIRECTION('',(1.,0.,0.));
#8655=DIRECTION('',(0.,0.4067366430758,0.913545457642601));
#8656=DIRECTION('',(-1.,0.,0.));
#8657=DIRECTION('',(0.,0.,1.));
#8658=DIRECTION('',(1.,0.,0.));
#8659=DIRECTION('',(-1.,0.,0.));
#8660=DIRECTION('',(0.,-0.4067366430758,-0.913545457642601));
#8661=DIRECTION('',(1.,0.,0.));
#8662=DIRECTION('',(1.,0.,0.));
#8663=DIRECTION('',(1.,0.,0.));
#8664=DIRECTION('',(0.,0.4067366430758,0.913545457642601));
#8665=DIRECTION('',(-1.,0.,0.));
#8666=DIRECTION('',(0.,0.,1.));
#8667=DIRECTION('',(-1.,0.,0.));
#8668=DIRECTION('',(0.,-0.4067366430758,-0.913545457642601));
#8669=DIRECTION('',(1.,0.,0.));
#8670=DIRECTION('',(0.,0.4067366430758,0.913545457642601));
#8671=DIRECTION('',(-1.,0.,0.));
#8672=DIRECTION('',(0.,0.,1.));
#8673=DIRECTION('',(-1.,0.,0.));
#8674=DIRECTION('',(0.,-0.4067366430758,-0.913545457642601));
#8675=DIRECTION('',(1.,0.,0.));
#8676=DIRECTION('',(1.,0.,0.));
#8677=DIRECTION('',(0.,0.5,0.866025403784439));
#8678=DIRECTION('',(-1.,0.,0.));
#8679=DIRECTION('',(0.,0.,1.));
#8680=DIRECTION('',(1.,0.,0.));
#8681=DIRECTION('',(-1.,0.,0.));
#8682=DIRECTION('',(0.,-0.5,-0.866025403784439));
#8683=DIRECTION('',(1.,0.,0.));
#8684=DIRECTION('',(1.,0.,0.));
#8685=DIRECTION('',(1.,0.,0.));
#8686=DIRECTION('',(0.,0.5,0.866025403784439));
#8687=DIRECTION('',(-1.,0.,0.));
#8688=DIRECTION('',(0.,0.,1.));
#8689=DIRECTION('',(-1.,0.,0.));
#8690=DIRECTION('',(0.,-0.5,-0.866025403784439));
#8691=DIRECTION('',(1.,0.,0.));
#8692=DIRECTION('',(0.,0.5,0.866025403784439));
#8693=DIRECTION('',(-1.,0.,0.));
#8694=DIRECTION('',(0.,0.,1.));
#8695=DIRECTION('',(-1.,0.,0.));
#8696=DIRECTION('',(0.,-0.5,-0.866025403784439));
#8697=DIRECTION('',(1.,0.,0.));
#8698=DIRECTION('',(1.,0.,0.));
#8699=DIRECTION('',(0.,0.587785252292473,0.809016994374948));
#8700=DIRECTION('',(-1.,0.,0.));
#8701=DIRECTION('',(0.,0.,1.));
#8702=DIRECTION('',(1.,0.,0.));
#8703=DIRECTION('',(-1.,0.,0.));
#8704=DIRECTION('',(0.,-0.587785252292473,-0.809016994374948));
#8705=DIRECTION('',(1.,0.,0.));
#8706=DIRECTION('',(1.,0.,0.));
#8707=DIRECTION('',(1.,0.,0.));
#8708=DIRECTION('',(0.,0.587785252292473,0.809016994374948));
#8709=DIRECTION('',(-1.,0.,0.));
#8710=DIRECTION('',(0.,0.,1.));
#8711=DIRECTION('',(-1.,0.,0.));
#8712=DIRECTION('',(0.,-0.587785252292473,-0.809016994374948));
#8713=DIRECTION('',(1.,0.,0.));
#8714=DIRECTION('',(0.,0.587785252292473,0.809016994374948));
#8715=DIRECTION('',(-1.,0.,0.));
#8716=DIRECTION('',(0.,0.,1.));
#8717=DIRECTION('',(-1.,0.,0.));
#8718=DIRECTION('',(0.,-0.587785252292473,-0.809016994374948));
#8719=DIRECTION('',(1.,0.,0.));
#8720=DIRECTION('',(1.,0.,0.));
#8721=DIRECTION('',(0.,0.866025403784438,0.5));
#8722=DIRECTION('',(-1.,0.,0.));
#8723=DIRECTION('',(0.,0.,1.));
#8724=DIRECTION('',(1.,0.,0.));
#8725=DIRECTION('',(-1.,0.,0.));
#8726=DIRECTION('',(0.,-0.866025403784438,-0.5));
#8727=DIRECTION('',(1.,0.,0.));
#8728=DIRECTION('',(1.,0.,0.));
#8729=DIRECTION('',(1.,0.,0.));
#8730=DIRECTION('',(0.,0.866025403784438,0.5));
#8731=DIRECTION('',(-1.,0.,0.));
#8732=DIRECTION('',(0.,0.,1.));
#8733=DIRECTION('',(-1.,0.,0.));
#8734=DIRECTION('',(0.,-0.866025403784438,-0.5));
#8735=DIRECTION('',(1.,0.,0.));
#8736=DIRECTION('',(0.,0.866025403784438,0.5));
#8737=DIRECTION('',(-1.,0.,0.));
#8738=DIRECTION('',(0.,0.,1.));
#8739=DIRECTION('',(-1.,0.,0.));
#8740=DIRECTION('',(0.,-0.866025403784438,-0.5));
#8741=DIRECTION('',(1.,0.,0.));
#8742=DIRECTION('',(1.,0.,0.));
#8743=DIRECTION('',(0.,0.809016994374947,0.587785252292473));
#8744=DIRECTION('',(-1.,0.,0.));
#8745=DIRECTION('',(0.,0.,1.));
#8746=DIRECTION('',(1.,0.,0.));
#8747=DIRECTION('',(-1.,0.,0.));
#8748=DIRECTION('',(0.,-0.809016994374947,-0.587785252292473));
#8749=DIRECTION('',(1.,0.,0.));
#8750=DIRECTION('',(1.,0.,0.));
#8751=DIRECTION('',(1.,0.,0.));
#8752=DIRECTION('',(0.,0.809016994374947,0.587785252292473));
#8753=DIRECTION('',(-1.,0.,0.));
#8754=DIRECTION('',(0.,0.,1.));
#8755=DIRECTION('',(-1.,0.,0.));
#8756=DIRECTION('',(0.,-0.809016994374947,-0.587785252292473));
#8757=DIRECTION('',(1.,0.,0.));
#8758=DIRECTION('',(0.,0.809016994374947,0.587785252292473));
#8759=DIRECTION('',(-1.,0.,0.));
#8760=DIRECTION('',(0.,0.,1.));
#8761=DIRECTION('',(-1.,0.,0.));
#8762=DIRECTION('',(0.,-0.809016994374947,-0.587785252292473));
#8763=DIRECTION('',(1.,0.,0.));
#8764=DIRECTION('',(1.,0.,0.));
#8765=DIRECTION('',(0.,0.669130606358858,0.743144825477394));
#8766=DIRECTION('',(-1.,0.,0.));
#8767=DIRECTION('',(0.,0.,1.));
#8768=DIRECTION('',(1.,0.,0.));
#8769=DIRECTION('',(-1.,0.,0.));
#8770=DIRECTION('',(0.,-0.669130606358858,-0.743144825477394));
#8771=DIRECTION('',(1.,0.,0.));
#8772=DIRECTION('',(1.,0.,0.));
#8773=DIRECTION('',(1.,0.,0.));
#8774=DIRECTION('',(0.,0.669130606358858,0.743144825477394));
#8775=DIRECTION('',(-1.,0.,0.));
#8776=DIRECTION('',(0.,0.,1.));
#8777=DIRECTION('',(-1.,0.,0.));
#8778=DIRECTION('',(0.,-0.669130606358858,-0.743144825477394));
#8779=DIRECTION('',(1.,0.,0.));
#8780=DIRECTION('',(0.,0.669130606358858,0.743144825477394));
#8781=DIRECTION('',(-1.,0.,0.));
#8782=DIRECTION('',(0.,0.,1.));
#8783=DIRECTION('',(-1.,0.,0.));
#8784=DIRECTION('',(0.,-0.669130606358858,-0.743144825477394));
#8785=DIRECTION('',(1.,0.,0.));
#8786=DIRECTION('',(1.,0.,0.));
#8787=DIRECTION('',(0.,0.743144825477394,0.669130606358858));
#8788=DIRECTION('',(-1.,0.,0.));
#8789=DIRECTION('',(0.,0.,1.));
#8790=DIRECTION('',(1.,0.,0.));
#8791=DIRECTION('',(-1.,0.,0.));
#8792=DIRECTION('',(0.,-0.743144825477394,-0.669130606358858));
#8793=DIRECTION('',(1.,0.,0.));
#8794=DIRECTION('',(1.,0.,0.));
#8795=DIRECTION('',(1.,0.,0.));
#8796=DIRECTION('',(0.,0.743144825477394,0.669130606358858));
#8797=DIRECTION('',(-1.,0.,0.));
#8798=DIRECTION('',(0.,0.,1.));
#8799=DIRECTION('',(-1.,0.,0.));
#8800=DIRECTION('',(0.,-0.743144825477394,-0.669130606358858));
#8801=DIRECTION('',(1.,0.,0.));
#8802=DIRECTION('',(0.,0.743144825477394,0.669130606358858));
#8803=DIRECTION('',(-1.,0.,0.));
#8804=DIRECTION('',(0.,0.,1.));
#8805=DIRECTION('',(-1.,0.,0.));
#8806=DIRECTION('',(0.,-0.743144825477394,-0.669130606358858));
#8807=DIRECTION('',(1.,0.,0.));
#8808=DIRECTION('',(1.,0.,0.));
#8809=DIRECTION('',(0.,0.207911690817759,0.978147600733806));
#8810=DIRECTION('',(-1.,0.,0.));
#8811=DIRECTION('',(0.,0.,1.));
#8812=DIRECTION('',(1.,0.,0.));
#8813=DIRECTION('',(-1.,0.,0.));
#8814=DIRECTION('',(0.,-0.207911690817759,-0.978147600733806));
#8815=DIRECTION('',(1.,0.,0.));
#8816=DIRECTION('',(1.,0.,0.));
#8817=DIRECTION('',(1.,0.,0.));
#8818=DIRECTION('',(0.,0.207911690817759,0.978147600733806));
#8819=DIRECTION('',(-1.,0.,0.));
#8820=DIRECTION('',(0.,0.,1.));
#8821=DIRECTION('',(-1.,0.,0.));
#8822=DIRECTION('',(0.,-0.207911690817759,-0.978147600733806));
#8823=DIRECTION('',(1.,0.,0.));
#8824=DIRECTION('',(0.,0.207911690817759,0.978147600733806));
#8825=DIRECTION('',(-1.,0.,0.));
#8826=DIRECTION('',(0.,0.,1.));
#8827=DIRECTION('',(-1.,0.,0.));
#8828=DIRECTION('',(0.,-0.207911690817759,-0.978147600733806));
#8829=DIRECTION('',(1.,0.,0.));
#8830=DIRECTION('',(1.,0.,0.));
#8831=DIRECTION('',(0.,0.104528463267653,0.994521895368273));
#8832=DIRECTION('',(-1.,0.,0.));
#8833=DIRECTION('',(0.,0.,1.));
#8834=DIRECTION('',(1.,0.,0.));
#8835=DIRECTION('',(-1.,0.,0.));
#8836=DIRECTION('',(0.,-0.104528463267653,-0.994521895368273));
#8837=DIRECTION('',(1.,0.,0.));
#8838=DIRECTION('',(1.,0.,0.));
#8839=DIRECTION('',(1.,0.,0.));
#8840=DIRECTION('',(0.,0.104528463267653,0.994521895368273));
#8841=DIRECTION('',(-1.,0.,0.));
#8842=DIRECTION('',(0.,0.,1.));
#8843=DIRECTION('',(-1.,0.,0.));
#8844=DIRECTION('',(0.,-0.104528463267653,-0.994521895368273));
#8845=DIRECTION('',(1.,0.,0.));
#8846=DIRECTION('',(0.,0.104528463267653,0.994521895368273));
#8847=DIRECTION('',(-1.,0.,0.));
#8848=DIRECTION('',(0.,0.,1.));
#8849=DIRECTION('',(-1.,0.,0.));
#8850=DIRECTION('',(0.,-0.104528463267653,-0.994521895368273));
#8851=DIRECTION('',(1.,0.,0.));
#8852=DIRECTION('',(1.,0.,0.));
#8853=DIRECTION('',(0.,-1.22464679914735E-16,1.));
#8854=DIRECTION('',(-1.,0.,0.));
#8855=DIRECTION('',(0.,0.,1.));
#8856=DIRECTION('',(1.,0.,0.));
#8857=DIRECTION('',(-1.,0.,0.));
#8858=DIRECTION('',(0.,1.22464679914735E-16,-1.));
#8859=DIRECTION('',(1.,0.,0.));
#8860=DIRECTION('',(1.,0.,0.));
#8861=DIRECTION('',(1.,0.,0.));
#8862=DIRECTION('',(0.,-1.22464679914735E-16,1.));
#8863=DIRECTION('',(-1.,0.,0.));
#8864=DIRECTION('',(0.,0.,1.));
#8865=DIRECTION('',(-1.,0.,0.));
#8866=DIRECTION('',(0.,1.22464679914735E-16,-1.));
#8867=DIRECTION('',(1.,0.,0.));
#8868=DIRECTION('',(0.,-1.22464679914735E-16,1.));
#8869=DIRECTION('',(-1.,0.,0.));
#8870=DIRECTION('',(0.,0.,1.));
#8871=DIRECTION('',(-1.,0.,0.));
#8872=DIRECTION('',(0.,1.22464679914735E-16,-1.));
#8873=DIRECTION('',(1.,0.,0.));
#8874=DIRECTION('',(1.,0.,0.));
#8875=DIRECTION('',(0.,-0.104528463267654,0.994521895368273));
#8876=DIRECTION('',(-1.,0.,0.));
#8877=DIRECTION('',(0.,0.,1.));
#8878=DIRECTION('',(1.,0.,0.));
#8879=DIRECTION('',(-1.,0.,0.));
#8880=DIRECTION('',(0.,0.104528463267654,-0.994521895368273));
#8881=DIRECTION('',(1.,0.,0.));
#8882=DIRECTION('',(1.,0.,0.));
#8883=DIRECTION('',(1.,0.,0.));
#8884=DIRECTION('',(0.,-0.104528463267654,0.994521895368273));
#8885=DIRECTION('',(-1.,0.,0.));
#8886=DIRECTION('',(0.,0.,1.));
#8887=DIRECTION('',(-1.,0.,0.));
#8888=DIRECTION('',(0.,0.104528463267654,-0.994521895368273));
#8889=DIRECTION('',(1.,0.,0.));
#8890=DIRECTION('',(0.,-0.104528463267654,0.994521895368273));
#8891=DIRECTION('',(-1.,0.,0.));
#8892=DIRECTION('',(0.,0.,1.));
#8893=DIRECTION('',(-1.,0.,0.));
#8894=DIRECTION('',(0.,0.104528463267654,-0.994521895368273));
#8895=DIRECTION('',(1.,0.,0.));
#8896=DIRECTION('',(1.,0.,0.));
#8897=DIRECTION('',(0.,-0.207911690817759,0.978147600733806));
#8898=DIRECTION('',(-1.,0.,0.));
#8899=DIRECTION('',(0.,0.,1.));
#8900=DIRECTION('',(1.,0.,0.));
#8901=DIRECTION('',(-1.,0.,0.));
#8902=DIRECTION('',(0.,0.207911690817759,-0.978147600733806));
#8903=DIRECTION('',(1.,0.,0.));
#8904=DIRECTION('',(1.,0.,0.));
#8905=DIRECTION('',(1.,0.,0.));
#8906=DIRECTION('',(0.,-0.207911690817759,0.978147600733806));
#8907=DIRECTION('',(-1.,0.,0.));
#8908=DIRECTION('',(0.,0.,1.));
#8909=DIRECTION('',(-1.,0.,0.));
#8910=DIRECTION('',(0.,0.207911690817759,-0.978147600733806));
#8911=DIRECTION('',(1.,0.,0.));
#8912=DIRECTION('',(0.,-0.207911690817759,0.978147600733806));
#8913=DIRECTION('',(-1.,0.,0.));
#8914=DIRECTION('',(0.,0.,1.));
#8915=DIRECTION('',(-1.,0.,0.));
#8916=DIRECTION('',(0.,0.207911690817759,-0.978147600733806));
#8917=DIRECTION('',(1.,0.,0.));
#8918=DIRECTION('',(1.,0.,0.));
#8919=DIRECTION('',(0.,-0.309016994374948,0.951056516295154));
#8920=DIRECTION('',(-1.,0.,0.));
#8921=DIRECTION('',(0.,0.,1.));
#8922=DIRECTION('',(1.,0.,0.));
#8923=DIRECTION('',(-1.,0.,0.));
#8924=DIRECTION('',(0.,0.309016994374948,-0.951056516295154));
#8925=DIRECTION('',(1.,0.,0.));
#8926=DIRECTION('',(1.,0.,0.));
#8927=DIRECTION('',(1.,0.,0.));
#8928=DIRECTION('',(0.,-0.309016994374948,0.951056516295154));
#8929=DIRECTION('',(-1.,0.,0.));
#8930=DIRECTION('',(0.,0.,1.));
#8931=DIRECTION('',(-1.,0.,0.));
#8932=DIRECTION('',(0.,0.309016994374948,-0.951056516295154));
#8933=DIRECTION('',(1.,0.,0.));
#8934=DIRECTION('',(0.,-0.309016994374948,0.951056516295154));
#8935=DIRECTION('',(-1.,0.,0.));
#8936=DIRECTION('',(0.,0.,1.));
#8937=DIRECTION('',(-1.,0.,0.));
#8938=DIRECTION('',(0.,0.309016994374948,-0.951056516295154));
#8939=DIRECTION('',(1.,0.,0.));
#8940=DIRECTION('',(1.,0.,0.));
#8941=DIRECTION('',(0.,-0.4067366430758,0.913545457642601));
#8942=DIRECTION('',(-1.,0.,0.));
#8943=DIRECTION('',(0.,0.,1.));
#8944=DIRECTION('',(1.,0.,0.));
#8945=DIRECTION('',(-1.,0.,0.));
#8946=DIRECTION('',(0.,0.4067366430758,-0.913545457642601));
#8947=DIRECTION('',(1.,0.,0.));
#8948=DIRECTION('',(1.,0.,0.));
#8949=DIRECTION('',(1.,0.,0.));
#8950=DIRECTION('',(0.,-0.4067366430758,0.913545457642601));
#8951=DIRECTION('',(-1.,0.,0.));
#8952=DIRECTION('',(0.,0.,1.));
#8953=DIRECTION('',(-1.,0.,0.));
#8954=DIRECTION('',(0.,0.4067366430758,-0.913545457642601));
#8955=DIRECTION('',(1.,0.,0.));
#8956=DIRECTION('',(0.,-0.4067366430758,0.913545457642601));
#8957=DIRECTION('',(-1.,0.,0.));
#8958=DIRECTION('',(0.,0.,1.));
#8959=DIRECTION('',(-1.,0.,0.));
#8960=DIRECTION('',(0.,0.4067366430758,-0.913545457642601));
#8961=DIRECTION('',(1.,0.,0.));
#8962=DIRECTION('',(1.,0.,0.));
#8963=DIRECTION('',(0.,-0.5,0.866025403784439));
#8964=DIRECTION('',(-1.,0.,0.));
#8965=DIRECTION('',(0.,0.,1.));
#8966=DIRECTION('',(1.,0.,0.));
#8967=DIRECTION('',(-1.,0.,0.));
#8968=DIRECTION('',(0.,0.5,-0.866025403784439));
#8969=DIRECTION('',(1.,0.,0.));
#8970=DIRECTION('',(1.,0.,0.));
#8971=DIRECTION('',(1.,0.,0.));
#8972=DIRECTION('',(0.,-0.5,0.866025403784439));
#8973=DIRECTION('',(-1.,0.,0.));
#8974=DIRECTION('',(0.,0.,1.));
#8975=DIRECTION('',(-1.,0.,0.));
#8976=DIRECTION('',(0.,0.5,-0.866025403784439));
#8977=DIRECTION('',(1.,0.,0.));
#8978=DIRECTION('',(0.,-0.5,0.866025403784439));
#8979=DIRECTION('',(-1.,0.,0.));
#8980=DIRECTION('',(0.,0.,1.));
#8981=DIRECTION('',(-1.,0.,0.));
#8982=DIRECTION('',(0.,0.5,-0.866025403784439));
#8983=DIRECTION('',(1.,0.,0.));
#8984=DIRECTION('',(1.,0.,0.));
#8985=DIRECTION('',(0.,-0.743144825477394,0.669130606358858));
#8986=DIRECTION('',(-1.,0.,0.));
#8987=DIRECTION('',(0.,0.,1.));
#8988=DIRECTION('',(1.,0.,0.));
#8989=DIRECTION('',(-1.,0.,0.));
#8990=DIRECTION('',(0.,0.743144825477394,-0.669130606358858));
#8991=DIRECTION('',(1.,0.,0.));
#8992=DIRECTION('',(1.,0.,0.));
#8993=DIRECTION('',(1.,0.,0.));
#8994=DIRECTION('',(0.,-0.743144825477394,0.669130606358858));
#8995=DIRECTION('',(-1.,0.,0.));
#8996=DIRECTION('',(0.,0.,1.));
#8997=DIRECTION('',(-1.,0.,0.));
#8998=DIRECTION('',(0.,0.743144825477394,-0.669130606358858));
#8999=DIRECTION('',(1.,0.,0.));
#9000=DIRECTION('',(0.,-0.743144825477394,0.669130606358858));
#9001=DIRECTION('',(-1.,0.,0.));
#9002=DIRECTION('',(0.,0.,1.));
#9003=DIRECTION('',(-1.,0.,0.));
#9004=DIRECTION('',(0.,0.743144825477394,-0.669130606358858));
#9005=DIRECTION('',(1.,0.,0.));
#9006=DIRECTION('',(1.,0.,0.));
#9007=DIRECTION('',(0.,-0.809016994374948,0.587785252292473));
#9008=DIRECTION('',(-1.,0.,0.));
#9009=DIRECTION('',(0.,0.,1.));
#9010=DIRECTION('',(1.,0.,0.));
#9011=DIRECTION('',(-1.,0.,0.));
#9012=DIRECTION('',(0.,0.809016994374948,-0.587785252292473));
#9013=DIRECTION('',(1.,0.,0.));
#9014=DIRECTION('',(1.,0.,0.));
#9015=DIRECTION('',(1.,0.,0.));
#9016=DIRECTION('',(0.,-0.809016994374948,0.587785252292473));
#9017=DIRECTION('',(-1.,0.,0.));
#9018=DIRECTION('',(0.,0.,1.));
#9019=DIRECTION('',(-1.,0.,0.));
#9020=DIRECTION('',(0.,0.809016994374948,-0.587785252292473));
#9021=DIRECTION('',(1.,0.,0.));
#9022=DIRECTION('',(0.,-0.809016994374948,0.587785252292473));
#9023=DIRECTION('',(-1.,0.,0.));
#9024=DIRECTION('',(0.,0.,1.));
#9025=DIRECTION('',(-1.,0.,0.));
#9026=DIRECTION('',(0.,0.809016994374948,-0.587785252292473));
#9027=DIRECTION('',(1.,0.,0.));
#9028=DIRECTION('',(1.,0.,0.));
#9029=DIRECTION('',(0.,-0.587785252292473,0.809016994374947));
#9030=DIRECTION('',(-1.,0.,0.));
#9031=DIRECTION('',(0.,0.,1.));
#9032=DIRECTION('',(1.,0.,0.));
#9033=DIRECTION('',(-1.,0.,0.));
#9034=DIRECTION('',(0.,0.587785252292473,-0.809016994374947));
#9035=DIRECTION('',(1.,0.,0.));
#9036=DIRECTION('',(1.,0.,0.));
#9037=DIRECTION('',(1.,0.,0.));
#9038=DIRECTION('',(0.,-0.587785252292473,0.809016994374947));
#9039=DIRECTION('',(-1.,0.,0.));
#9040=DIRECTION('',(0.,0.,1.));
#9041=DIRECTION('',(-1.,0.,0.));
#9042=DIRECTION('',(0.,0.587785252292473,-0.809016994374947));
#9043=DIRECTION('',(1.,0.,0.));
#9044=DIRECTION('',(0.,-0.587785252292473,0.809016994374947));
#9045=DIRECTION('',(-1.,0.,0.));
#9046=DIRECTION('',(0.,0.,1.));
#9047=DIRECTION('',(-1.,0.,0.));
#9048=DIRECTION('',(0.,0.587785252292473,-0.809016994374947));
#9049=DIRECTION('',(1.,0.,0.));
#9050=DIRECTION('',(1.,0.,0.));
#9051=DIRECTION('',(0.,-0.669130606358858,0.743144825477394));
#9052=DIRECTION('',(-1.,0.,0.));
#9053=DIRECTION('',(0.,0.,1.));
#9054=DIRECTION('',(1.,0.,0.));
#9055=DIRECTION('',(-1.,0.,0.));
#9056=DIRECTION('',(0.,0.669130606358858,-0.743144825477394));
#9057=DIRECTION('',(1.,0.,0.));
#9058=DIRECTION('',(1.,0.,0.));
#9059=DIRECTION('',(1.,0.,0.));
#9060=DIRECTION('',(0.,-0.669130606358858,0.743144825477394));
#9061=DIRECTION('',(-1.,0.,0.));
#9062=DIRECTION('',(0.,0.,1.));
#9063=DIRECTION('',(-1.,0.,0.));
#9064=DIRECTION('',(0.,0.669130606358858,-0.743144825477394));
#9065=DIRECTION('',(1.,0.,0.));
#9066=DIRECTION('',(0.,-0.669130606358858,0.743144825477394));
#9067=DIRECTION('',(-1.,0.,0.));
#9068=DIRECTION('',(0.,0.,1.));
#9069=DIRECTION('',(-1.,0.,0.));
#9070=DIRECTION('',(0.,0.669130606358858,-0.743144825477394));
#9071=DIRECTION('',(1.,0.,0.));
#9072=DIRECTION('',(1.,0.,0.));
#9073=DIRECTION('',(0.,-0.866025403784439,0.5));
#9074=DIRECTION('',(-1.,0.,0.));
#9075=DIRECTION('',(0.,0.,1.));
#9076=DIRECTION('',(1.,0.,0.));
#9077=DIRECTION('',(-1.,0.,0.));
#9078=DIRECTION('',(0.,0.866025403784439,-0.5));
#9079=DIRECTION('',(1.,0.,0.));
#9080=DIRECTION('',(1.,0.,0.));
#9081=DIRECTION('',(1.,0.,0.));
#9082=DIRECTION('',(0.,-0.866025403784439,0.5));
#9083=DIRECTION('',(-1.,0.,0.));
#9084=DIRECTION('',(0.,0.,1.));
#9085=DIRECTION('',(-1.,0.,0.));
#9086=DIRECTION('',(0.,0.866025403784439,-0.5));
#9087=DIRECTION('',(1.,0.,0.));
#9088=DIRECTION('',(0.,-0.866025403784439,0.5));
#9089=DIRECTION('',(-1.,0.,0.));
#9090=DIRECTION('',(0.,0.,1.));
#9091=DIRECTION('',(-1.,0.,0.));
#9092=DIRECTION('',(0.,0.866025403784439,-0.5));
#9093=DIRECTION('',(1.,0.,0.));
#9094=DIRECTION('',(1.,0.,0.));
#9095=DIRECTION('',(0.,-0.913545457642601,0.4067366430758));
#9096=DIRECTION('',(-1.,0.,0.));
#9097=DIRECTION('',(0.,0.,1.));
#9098=DIRECTION('',(1.,0.,0.));
#9099=DIRECTION('',(-1.,0.,0.));
#9100=DIRECTION('',(0.,0.913545457642601,-0.4067366430758));
#9101=DIRECTION('',(1.,0.,0.));
#9102=DIRECTION('',(1.,0.,0.));
#9103=DIRECTION('',(1.,0.,0.));
#9104=DIRECTION('',(0.,-0.913545457642601,0.4067366430758));
#9105=DIRECTION('',(-1.,0.,0.));
#9106=DIRECTION('',(0.,0.,1.));
#9107=DIRECTION('',(-1.,0.,0.));
#9108=DIRECTION('',(0.,0.913545457642601,-0.4067366430758));
#9109=DIRECTION('',(1.,0.,0.));
#9110=DIRECTION('',(0.,-0.913545457642601,0.4067366430758));
#9111=DIRECTION('',(-1.,0.,0.));
#9112=DIRECTION('',(0.,0.,1.));
#9113=DIRECTION('',(-1.,0.,0.));
#9114=DIRECTION('',(0.,0.913545457642601,-0.4067366430758));
#9115=DIRECTION('',(1.,0.,0.));
#9116=DIRECTION('',(1.,0.,0.));
#9117=DIRECTION('',(0.,-0.951056516295154,0.309016994374948));
#9118=DIRECTION('',(-1.,0.,0.));
#9119=DIRECTION('',(0.,0.,1.));
#9120=DIRECTION('',(1.,0.,0.));
#9121=DIRECTION('',(-1.,0.,0.));
#9122=DIRECTION('',(0.,0.951056516295154,-0.309016994374948));
#9123=DIRECTION('',(1.,0.,0.));
#9124=DIRECTION('',(1.,0.,0.));
#9125=DIRECTION('',(1.,0.,0.));
#9126=DIRECTION('',(0.,-0.951056516295154,0.309016994374948));
#9127=DIRECTION('',(-1.,0.,0.));
#9128=DIRECTION('',(0.,0.,1.));
#9129=DIRECTION('',(-1.,0.,0.));
#9130=DIRECTION('',(0.,0.951056516295154,-0.309016994374948));
#9131=DIRECTION('',(1.,0.,0.));
#9132=DIRECTION('',(0.,-0.951056516295154,0.309016994374948));
#9133=DIRECTION('',(-1.,0.,0.));
#9134=DIRECTION('',(0.,0.,1.));
#9135=DIRECTION('',(-1.,0.,0.));
#9136=DIRECTION('',(0.,0.951056516295154,-0.309016994374948));
#9137=DIRECTION('',(1.,0.,0.));
#9138=DIRECTION('',(1.,0.,0.));
#9139=DIRECTION('',(0.,-0.978147600733806,0.207911690817759));
#9140=DIRECTION('',(-1.,0.,0.));
#9141=DIRECTION('',(0.,0.,1.));
#9142=DIRECTION('',(1.,0.,0.));
#9143=DIRECTION('',(-1.,0.,0.));
#9144=DIRECTION('',(0.,0.978147600733806,-0.207911690817759));
#9145=DIRECTION('',(1.,0.,0.));
#9146=DIRECTION('',(1.,0.,0.));
#9147=DIRECTION('',(1.,0.,0.));
#9148=DIRECTION('',(0.,-0.978147600733806,0.207911690817759));
#9149=DIRECTION('',(-1.,0.,0.));
#9150=DIRECTION('',(0.,0.,1.));
#9151=DIRECTION('',(-1.,0.,0.));
#9152=DIRECTION('',(0.,0.978147600733806,-0.207911690817759));
#9153=DIRECTION('',(1.,0.,0.));
#9154=DIRECTION('',(0.,-0.978147600733806,0.207911690817759));
#9155=DIRECTION('',(-1.,0.,0.));
#9156=DIRECTION('',(0.,0.,1.));
#9157=DIRECTION('',(-1.,0.,0.));
#9158=DIRECTION('',(0.,0.978147600733806,-0.207911690817759));
#9159=DIRECTION('',(1.,0.,0.));
#9160=DIRECTION('',(1.,0.,0.));
#9161=DIRECTION('',(0.,-0.104528463267653,-0.994521895368273));
#9162=DIRECTION('',(-1.,0.,0.));
#9163=DIRECTION('',(0.,0.,1.));
#9164=DIRECTION('',(1.,0.,0.));
#9165=DIRECTION('',(-1.,0.,0.));
#9166=DIRECTION('',(0.,0.104528463267653,0.994521895368273));
#9167=DIRECTION('',(1.,0.,0.));
#9168=DIRECTION('',(1.,0.,0.));
#9169=DIRECTION('',(1.,0.,0.));
#9170=DIRECTION('',(0.,-0.104528463267653,-0.994521895368273));
#9171=DIRECTION('',(-1.,0.,0.));
#9172=DIRECTION('',(0.,0.,1.));
#9173=DIRECTION('',(-1.,0.,0.));
#9174=DIRECTION('',(0.,0.104528463267653,0.994521895368273));
#9175=DIRECTION('',(1.,0.,0.));
#9176=DIRECTION('',(0.,-0.104528463267653,-0.994521895368273));
#9177=DIRECTION('',(-1.,0.,0.));
#9178=DIRECTION('',(0.,0.,1.));
#9179=DIRECTION('',(-1.,0.,0.));
#9180=DIRECTION('',(0.,0.104528463267653,0.994521895368273));
#9181=DIRECTION('',(1.,0.,0.));
#9182=DIRECTION('',(1.,0.,0.));
#9183=DIRECTION('',(0.,-0.207911690817759,-0.978147600733806));
#9184=DIRECTION('',(-1.,0.,0.));
#9185=DIRECTION('',(0.,0.,1.));
#9186=DIRECTION('',(1.,0.,0.));
#9187=DIRECTION('',(-1.,0.,0.));
#9188=DIRECTION('',(0.,0.207911690817759,0.978147600733806));
#9189=DIRECTION('',(1.,0.,0.));
#9190=DIRECTION('',(1.,0.,0.));
#9191=DIRECTION('',(1.,0.,0.));
#9192=DIRECTION('',(0.,-0.207911690817759,-0.978147600733806));
#9193=DIRECTION('',(-1.,0.,0.));
#9194=DIRECTION('',(0.,0.,1.));
#9195=DIRECTION('',(-1.,0.,0.));
#9196=DIRECTION('',(0.,0.207911690817759,0.978147600733806));
#9197=DIRECTION('',(1.,0.,0.));
#9198=DIRECTION('',(0.,-0.207911690817759,-0.978147600733806));
#9199=DIRECTION('',(-1.,0.,0.));
#9200=DIRECTION('',(0.,0.,1.));
#9201=DIRECTION('',(-1.,0.,0.));
#9202=DIRECTION('',(0.,0.207911690817759,0.978147600733806));
#9203=DIRECTION('',(1.,0.,0.));
#9204=DIRECTION('',(1.,0.,0.));
#9205=DIRECTION('',(0.,-0.309016994374948,-0.951056516295154));
#9206=DIRECTION('',(-1.,0.,0.));
#9207=DIRECTION('',(0.,0.,1.));
#9208=DIRECTION('',(1.,0.,0.));
#9209=DIRECTION('',(-1.,0.,0.));
#9210=DIRECTION('',(0.,0.309016994374948,0.951056516295154));
#9211=DIRECTION('',(1.,0.,0.));
#9212=DIRECTION('',(1.,0.,0.));
#9213=DIRECTION('',(1.,0.,0.));
#9214=DIRECTION('',(0.,-0.309016994374948,-0.951056516295154));
#9215=DIRECTION('',(-1.,0.,0.));
#9216=DIRECTION('',(0.,0.,1.));
#9217=DIRECTION('',(-1.,0.,0.));
#9218=DIRECTION('',(0.,0.309016994374948,0.951056516295154));
#9219=DIRECTION('',(1.,0.,0.));
#9220=DIRECTION('',(0.,-0.309016994374948,-0.951056516295154));
#9221=DIRECTION('',(-1.,0.,0.));
#9222=DIRECTION('',(0.,0.,1.));
#9223=DIRECTION('',(-1.,0.,0.));
#9224=DIRECTION('',(0.,0.309016994374948,0.951056516295154));
#9225=DIRECTION('',(1.,0.,0.));
#9226=DIRECTION('',(1.,0.,0.));
#9227=DIRECTION('',(0.,-0.4067366430758,-0.913545457642601));
#9228=DIRECTION('',(-1.,0.,0.));
#9229=DIRECTION('',(0.,0.,1.));
#9230=DIRECTION('',(1.,0.,0.));
#9231=DIRECTION('',(-1.,0.,0.));
#9232=DIRECTION('',(0.,0.4067366430758,0.913545457642601));
#9233=DIRECTION('',(1.,0.,0.));
#9234=DIRECTION('',(1.,0.,0.));
#9235=DIRECTION('',(1.,0.,0.));
#9236=DIRECTION('',(0.,-0.4067366430758,-0.913545457642601));
#9237=DIRECTION('',(-1.,0.,0.));
#9238=DIRECTION('',(0.,0.,1.));
#9239=DIRECTION('',(-1.,0.,0.));
#9240=DIRECTION('',(0.,0.4067366430758,0.913545457642601));
#9241=DIRECTION('',(1.,0.,0.));
#9242=DIRECTION('',(0.,-0.4067366430758,-0.913545457642601));
#9243=DIRECTION('',(-1.,0.,0.));
#9244=DIRECTION('',(0.,0.,1.));
#9245=DIRECTION('',(-1.,0.,0.));
#9246=DIRECTION('',(0.,0.4067366430758,0.913545457642601));
#9247=DIRECTION('',(1.,0.,0.));
#9248=DIRECTION('',(1.,0.,0.));
#9249=DIRECTION('',(0.,-0.669130606358858,-0.743144825477394));
#9250=DIRECTION('',(-1.,0.,0.));
#9251=DIRECTION('',(0.,0.,1.));
#9252=DIRECTION('',(1.,0.,0.));
#9253=DIRECTION('',(-1.,0.,0.));
#9254=DIRECTION('',(0.,0.669130606358858,0.743144825477394));
#9255=DIRECTION('',(1.,0.,0.));
#9256=DIRECTION('',(1.,0.,0.));
#9257=DIRECTION('',(1.,0.,0.));
#9258=DIRECTION('',(0.,-0.669130606358858,-0.743144825477394));
#9259=DIRECTION('',(-1.,0.,0.));
#9260=DIRECTION('',(0.,0.,1.));
#9261=DIRECTION('',(-1.,0.,0.));
#9262=DIRECTION('',(0.,0.669130606358858,0.743144825477394));
#9263=DIRECTION('',(1.,0.,0.));
#9264=DIRECTION('',(0.,-0.669130606358858,-0.743144825477394));
#9265=DIRECTION('',(-1.,0.,0.));
#9266=DIRECTION('',(0.,0.,1.));
#9267=DIRECTION('',(-1.,0.,0.));
#9268=DIRECTION('',(0.,0.669130606358858,0.743144825477394));
#9269=DIRECTION('',(1.,0.,0.));
#9270=DIRECTION('',(1.,0.,0.));
#9271=DIRECTION('',(0.,-0.743144825477394,-0.669130606358858));
#9272=DIRECTION('',(-1.,0.,0.));
#9273=DIRECTION('',(0.,0.,1.));
#9274=DIRECTION('',(1.,0.,0.));
#9275=DIRECTION('',(-1.,0.,0.));
#9276=DIRECTION('',(0.,0.743144825477394,0.669130606358858));
#9277=DIRECTION('',(1.,0.,0.));
#9278=DIRECTION('',(1.,0.,0.));
#9279=DIRECTION('',(1.,0.,0.));
#9280=DIRECTION('',(0.,-0.743144825477394,-0.669130606358858));
#9281=DIRECTION('',(-1.,0.,0.));
#9282=DIRECTION('',(0.,0.,1.));
#9283=DIRECTION('',(-1.,0.,0.));
#9284=DIRECTION('',(0.,0.743144825477394,0.669130606358858));
#9285=DIRECTION('',(1.,0.,0.));
#9286=DIRECTION('',(0.,-0.743144825477394,-0.669130606358858));
#9287=DIRECTION('',(-1.,0.,0.));
#9288=DIRECTION('',(0.,0.,1.));
#9289=DIRECTION('',(-1.,0.,0.));
#9290=DIRECTION('',(0.,0.743144825477394,0.669130606358858));
#9291=DIRECTION('',(1.,0.,0.));
#9292=DIRECTION('',(1.,0.,0.));
#9293=DIRECTION('',(0.,-0.587785252292473,-0.809016994374948));
#9294=DIRECTION('',(-1.,0.,0.));
#9295=DIRECTION('',(0.,0.,1.));
#9296=DIRECTION('',(1.,0.,0.));
#9297=DIRECTION('',(-1.,0.,0.));
#9298=DIRECTION('',(0.,0.587785252292473,0.809016994374948));
#9299=DIRECTION('',(1.,0.,0.));
#9300=DIRECTION('',(1.,0.,0.));
#9301=DIRECTION('',(1.,0.,0.));
#9302=DIRECTION('',(0.,-0.587785252292473,-0.809016994374948));
#9303=DIRECTION('',(-1.,0.,0.));
#9304=DIRECTION('',(0.,0.,1.));
#9305=DIRECTION('',(-1.,0.,0.));
#9306=DIRECTION('',(0.,0.587785252292473,0.809016994374948));
#9307=DIRECTION('',(1.,0.,0.));
#9308=DIRECTION('',(0.,-0.587785252292473,-0.809016994374948));
#9309=DIRECTION('',(-1.,0.,0.));
#9310=DIRECTION('',(0.,0.,1.));
#9311=DIRECTION('',(-1.,0.,0.));
#9312=DIRECTION('',(0.,0.587785252292473,0.809016994374948));
#9313=DIRECTION('',(1.,0.,0.));
#9314=DIRECTION('',(1.,0.,0.));
#9315=DIRECTION('',(0.,-0.5,-0.866025403784439));
#9316=DIRECTION('',(-1.,0.,0.));
#9317=DIRECTION('',(0.,0.,1.));
#9318=DIRECTION('',(1.,0.,0.));
#9319=DIRECTION('',(-1.,0.,0.));
#9320=DIRECTION('',(0.,0.5,0.866025403784439));
#9321=DIRECTION('',(1.,0.,0.));
#9322=DIRECTION('',(1.,0.,0.));
#9323=DIRECTION('',(1.,0.,0.));
#9324=DIRECTION('',(0.,-0.5,-0.866025403784439));
#9325=DIRECTION('',(-1.,0.,0.));
#9326=DIRECTION('',(0.,0.,1.));
#9327=DIRECTION('',(-1.,0.,0.));
#9328=DIRECTION('',(0.,0.5,0.866025403784439));
#9329=DIRECTION('',(1.,0.,0.));
#9330=DIRECTION('',(0.,-0.5,-0.866025403784439));
#9331=DIRECTION('',(-1.,0.,0.));
#9332=DIRECTION('',(0.,0.,1.));
#9333=DIRECTION('',(-1.,0.,0.));
#9334=DIRECTION('',(0.,0.5,0.866025403784439));
#9335=DIRECTION('',(1.,0.,0.));
#9336=DIRECTION('',(1.,0.,0.));
#9337=DIRECTION('',(0.,-0.809016994374948,-0.587785252292473));
#9338=DIRECTION('',(-1.,0.,0.));
#9339=DIRECTION('',(0.,0.,1.));
#9340=DIRECTION('',(1.,0.,0.));
#9341=DIRECTION('',(-1.,0.,0.));
#9342=DIRECTION('',(0.,0.809016994374948,0.587785252292473));
#9343=DIRECTION('',(1.,0.,0.));
#9344=DIRECTION('',(1.,0.,0.));
#9345=DIRECTION('',(1.,0.,0.));
#9346=DIRECTION('',(0.,-0.809016994374948,-0.587785252292473));
#9347=DIRECTION('',(-1.,0.,0.));
#9348=DIRECTION('',(0.,0.,1.));
#9349=DIRECTION('',(-1.,0.,0.));
#9350=DIRECTION('',(0.,0.809016994374948,0.587785252292473));
#9351=DIRECTION('',(1.,0.,0.));
#9352=DIRECTION('',(0.,-0.809016994374948,-0.587785252292473));
#9353=DIRECTION('',(-1.,0.,0.));
#9354=DIRECTION('',(0.,0.,1.));
#9355=DIRECTION('',(-1.,0.,0.));
#9356=DIRECTION('',(0.,0.809016994374948,0.587785252292473));
#9357=DIRECTION('',(1.,0.,0.));
#9358=DIRECTION('',(1.,0.,0.));
#9359=DIRECTION('',(0.,-0.866025403784439,-0.5));
#9360=DIRECTION('',(-1.,0.,0.));
#9361=DIRECTION('',(0.,0.,1.));
#9362=DIRECTION('',(1.,0.,0.));
#9363=DIRECTION('',(-1.,0.,0.));
#9364=DIRECTION('',(0.,0.866025403784439,0.5));
#9365=DIRECTION('',(1.,0.,0.));
#9366=DIRECTION('',(1.,0.,0.));
#9367=DIRECTION('',(1.,0.,0.));
#9368=DIRECTION('',(0.,-0.866025403784439,-0.5));
#9369=DIRECTION('',(-1.,0.,0.));
#9370=DIRECTION('',(0.,0.,1.));
#9371=DIRECTION('',(-1.,0.,0.));
#9372=DIRECTION('',(0.,0.866025403784439,0.5));
#9373=DIRECTION('',(1.,0.,0.));
#9374=DIRECTION('',(0.,-0.866025403784439,-0.5));
#9375=DIRECTION('',(-1.,0.,0.));
#9376=DIRECTION('',(0.,0.,1.));
#9377=DIRECTION('',(-1.,0.,0.));
#9378=DIRECTION('',(0.,0.866025403784439,0.5));
#9379=DIRECTION('',(1.,0.,0.));
#9380=DIRECTION('',(1.,0.,0.));
#9381=DIRECTION('',(0.,-0.913545457642601,-0.4067366430758));
#9382=DIRECTION('',(-1.,0.,0.));
#9383=DIRECTION('',(0.,0.,1.));
#9384=DIRECTION('',(1.,0.,0.));
#9385=DIRECTION('',(-1.,0.,0.));
#9386=DIRECTION('',(0.,0.913545457642601,0.4067366430758));
#9387=DIRECTION('',(1.,0.,0.));
#9388=DIRECTION('',(1.,0.,0.));
#9389=DIRECTION('',(1.,0.,0.));
#9390=DIRECTION('',(0.,-0.913545457642601,-0.4067366430758));
#9391=DIRECTION('',(-1.,0.,0.));
#9392=DIRECTION('',(0.,0.,1.));
#9393=DIRECTION('',(-1.,0.,0.));
#9394=DIRECTION('',(0.,0.913545457642601,0.4067366430758));
#9395=DIRECTION('',(1.,0.,0.));
#9396=DIRECTION('',(0.,-0.913545457642601,-0.4067366430758));
#9397=DIRECTION('',(-1.,0.,0.));
#9398=DIRECTION('',(0.,0.,1.));
#9399=DIRECTION('',(-1.,0.,0.));
#9400=DIRECTION('',(0.,0.913545457642601,0.4067366430758));
#9401=DIRECTION('',(1.,0.,0.));
#9402=DIRECTION('',(1.,0.,0.));
#9403=DIRECTION('',(0.,-0.951056516295154,-0.309016994374948));
#9404=DIRECTION('',(-1.,0.,0.));
#9405=DIRECTION('',(0.,0.,1.));
#9406=DIRECTION('',(1.,0.,0.));
#9407=DIRECTION('',(-1.,0.,0.));
#9408=DIRECTION('',(0.,0.951056516295154,0.309016994374948));
#9409=DIRECTION('',(1.,0.,0.));
#9410=DIRECTION('',(1.,0.,0.));
#9411=DIRECTION('',(1.,0.,0.));
#9412=DIRECTION('',(0.,-0.951056516295154,-0.309016994374948));
#9413=DIRECTION('',(-1.,0.,0.));
#9414=DIRECTION('',(0.,0.,1.));
#9415=DIRECTION('',(-1.,0.,0.));
#9416=DIRECTION('',(0.,0.951056516295154,0.309016994374948));
#9417=DIRECTION('',(1.,0.,0.));
#9418=DIRECTION('',(0.,-0.951056516295154,-0.309016994374948));
#9419=DIRECTION('',(-1.,0.,0.));
#9420=DIRECTION('',(0.,0.,1.));
#9421=DIRECTION('',(-1.,0.,0.));
#9422=DIRECTION('',(0.,0.951056516295154,0.309016994374948));
#9423=DIRECTION('',(1.,0.,0.));
#9424=DIRECTION('',(1.,0.,0.));
#9425=DIRECTION('',(0.,-0.978147600733806,-0.207911690817759));
#9426=DIRECTION('',(-1.,0.,0.));
#9427=DIRECTION('',(0.,0.,1.));
#9428=DIRECTION('',(1.,0.,0.));
#9429=DIRECTION('',(-1.,0.,0.));
#9430=DIRECTION('',(0.,0.978147600733806,0.207911690817759));
#9431=DIRECTION('',(1.,0.,0.));
#9432=DIRECTION('',(1.,0.,0.));
#9433=DIRECTION('',(1.,0.,0.));
#9434=DIRECTION('',(0.,-0.978147600733806,-0.207911690817759));
#9435=DIRECTION('',(-1.,0.,0.));
#9436=DIRECTION('',(0.,0.,1.));
#9437=DIRECTION('',(-1.,0.,0.));
#9438=DIRECTION('',(0.,0.978147600733806,0.207911690817759));
#9439=DIRECTION('',(1.,0.,0.));
#9440=DIRECTION('',(0.,-0.978147600733806,-0.207911690817759));
#9441=DIRECTION('',(-1.,0.,0.));
#9442=DIRECTION('',(0.,0.,1.));
#9443=DIRECTION('',(-1.,0.,0.));
#9444=DIRECTION('',(0.,0.978147600733806,0.207911690817759));
#9445=DIRECTION('',(1.,0.,0.));
#9446=DIRECTION('',(1.,0.,0.));
#9447=DIRECTION('',(0.,-0.994521895368273,-0.104528463267653));
#9448=DIRECTION('',(-1.,0.,0.));
#9449=DIRECTION('',(0.,0.,1.));
#9450=DIRECTION('',(1.,0.,0.));
#9451=DIRECTION('',(-1.,0.,0.));
#9452=DIRECTION('',(0.,0.994521895368273,0.104528463267653));
#9453=DIRECTION('',(1.,0.,0.));
#9454=DIRECTION('',(1.,0.,0.));
#9455=DIRECTION('',(1.,0.,0.));
#9456=DIRECTION('',(0.,-0.994521895368273,-0.104528463267653));
#9457=DIRECTION('',(-1.,0.,0.));
#9458=DIRECTION('',(0.,0.,1.));
#9459=DIRECTION('',(-1.,0.,0.));
#9460=DIRECTION('',(0.,0.994521895368273,0.104528463267653));
#9461=DIRECTION('',(1.,0.,0.));
#9462=DIRECTION('',(0.,-0.994521895368273,-0.104528463267653));
#9463=DIRECTION('',(-1.,0.,0.));
#9464=DIRECTION('',(0.,0.,1.));
#9465=DIRECTION('',(-1.,0.,0.));
#9466=DIRECTION('',(0.,0.994521895368273,0.104528463267653));
#9467=DIRECTION('',(1.,0.,0.));
#9468=DIRECTION('',(1.,0.,0.));
#9469=DIRECTION('',(0.,-1.,-6.12323399573677E-17));
#9470=DIRECTION('',(-1.,0.,0.));
#9471=DIRECTION('',(0.,0.,1.));
#9472=DIRECTION('',(1.,0.,0.));
#9473=DIRECTION('',(-1.,0.,0.));
#9474=DIRECTION('',(0.,1.,6.12323399573677E-17));
#9475=DIRECTION('',(1.,0.,0.));
#9476=DIRECTION('',(1.,0.,0.));
#9477=DIRECTION('',(1.,0.,0.));
#9478=DIRECTION('',(0.,-1.,-6.12323399573677E-17));
#9479=DIRECTION('',(-1.,0.,0.));
#9480=DIRECTION('',(0.,0.,1.));
#9481=DIRECTION('',(-1.,0.,0.));
#9482=DIRECTION('',(0.,1.,6.12323399573677E-17));
#9483=DIRECTION('',(1.,0.,0.));
#9484=DIRECTION('',(0.,-1.,-6.12323399573677E-17));
#9485=DIRECTION('',(-1.,0.,0.));
#9486=DIRECTION('',(0.,0.,1.));
#9487=DIRECTION('',(-1.,0.,0.));
#9488=DIRECTION('',(0.,1.,6.12323399573677E-17));
#9489=DIRECTION('',(1.,0.,0.));
#9490=DIRECTION('',(1.,0.,0.));
#9491=DIRECTION('',(0.,-0.994521895368273,0.104528463267654));
#9492=DIRECTION('',(-1.,0.,0.));
#9493=DIRECTION('',(0.,0.,1.));
#9494=DIRECTION('',(1.,0.,0.));
#9495=DIRECTION('',(-1.,0.,0.));
#9496=DIRECTION('',(0.,0.994521895368273,-0.104528463267654));
#9497=DIRECTION('',(1.,0.,0.));
#9498=DIRECTION('',(1.,0.,0.));
#9499=DIRECTION('',(1.,0.,0.));
#9500=DIRECTION('',(0.,-0.994521895368273,0.104528463267654));
#9501=DIRECTION('',(-1.,0.,0.));
#9502=DIRECTION('',(0.,0.,1.));
#9503=DIRECTION('',(-1.,0.,0.));
#9504=DIRECTION('',(0.,0.994521895368273,-0.104528463267654));
#9505=DIRECTION('',(1.,0.,0.));
#9506=DIRECTION('',(0.,-0.994521895368273,0.104528463267654));
#9507=DIRECTION('',(-1.,0.,0.));
#9508=DIRECTION('',(0.,0.,1.));
#9509=DIRECTION('',(-1.,0.,0.));
#9510=DIRECTION('',(0.,0.994521895368273,-0.104528463267654));
#9511=DIRECTION('',(-1.,0.,0.));
#9512=DIRECTION('',(0.,0.,1.));
#9513=DIRECTION('',(-1.,0.,0.));
#9514=DIRECTION('',(0.,0.,1.));
#9515=DIRECTION('',(-1.,0.,0.));
#9516=DIRECTION('',(0.,0.,1.));
#9517=DIRECTION('',(1.,0.,0.));
#9518=DIRECTION('',(0.,0.,-1.));
#9519=DIRECTION('',(-1.,0.,0.));
#9520=DIRECTION('',(0.,0.,1.));
#9521=DIRECTION('',(1.,0.,0.));
#9522=DIRECTION('',(0.,0.,-1.));
#9523=DIRECTION('',(1.,0.,0.));
#9524=DIRECTION('',(0.,0.,-1.));
#9525=DIRECTION('',(1.,0.,0.));
#9526=DIRECTION('',(0.,0.,-1.));
#9527=DIRECTION('',(1.,0.,0.));
#9528=DIRECTION('',(0.,0.,-1.));
#9529=DIRECTION('',(1.,0.,0.));
#9530=DIRECTION('',(0.,0.,-1.));
#9531=DIRECTION('',(-1.,0.,0.));
#9532=DIRECTION('',(0.,0.,1.));
#9533=DIRECTION('',(-1.,0.,0.));
#9534=DIRECTION('',(0.,0.,1.));
#9535=DIRECTION('',(1.,0.,0.));
#9536=DIRECTION('',(0.,0.,-1.));
#9537=DIRECTION('',(1.,0.,0.));
#9538=DIRECTION('',(0.,0.,-1.));
#9539=DIRECTION('',(1.,0.,0.));
#9540=DIRECTION('',(0.,0.,-1.));
#9541=DIRECTION('',(1.,0.,0.));
#9542=DIRECTION('',(0.,0.,-1.));
#9543=DIRECTION('',(1.,0.,0.));
#9544=DIRECTION('',(0.,0.,-1.));
#9545=DIRECTION('',(1.,0.,0.));
#9546=DIRECTION('',(0.,0.,-1.));
#9547=DIRECTION('',(1.,0.,0.));
#9548=DIRECTION('',(0.,0.,-1.));
#9549=CARTESIAN_POINT('',(0.,0.,0.));
#9550=CARTESIAN_POINT('',(-1.35,-6.93889390390723E-16,-2.78403039006165E-16));
#9551=CARTESIAN_POINT('',(-1.25,-6.93889390390723E-16,-2.78403039006165E-16));
#9552=CARTESIAN_POINT('',(-1.25,-0.180424615364981,-4.54308537625568));
#9553=CARTESIAN_POINT('',(-1.25,-0.295445502429881,-4.53705738699344));
#9554=CARTESIAN_POINT('',(-1.35,-0.180424615364981,-4.54308537625568));
#9555=CARTESIAN_POINT('',(1.25,-0.180424615364981,-4.54308537625568));
#9556=CARTESIAN_POINT('',(1.25,-6.93889390390723E-16,-2.78403039006165E-16));
#9557=CARTESIAN_POINT('',(1.25,-0.295445502429881,-4.53705738699344));
#9558=CARTESIAN_POINT('',(-1.35,-0.295445502429881,-4.53705738699344));
#9559=CARTESIAN_POINT('',(-1.35,-6.93889390390723E-16,-2.78403039006165E-16));
#9560=CARTESIAN_POINT('',(-1.25,-6.93889390390723E-16,-2.78403039006165E-16));
#9561=CARTESIAN_POINT('',(-1.25,0.295445502429882,-4.53705738699344));
#9562=CARTESIAN_POINT('',(-1.25,0.180424615364983,-4.54308537625568));
#9563=CARTESIAN_POINT('',(-1.35,0.295445502429882,-4.53705738699344));
#9564=CARTESIAN_POINT('',(1.25,0.295445502429882,-4.53705738699344));
#9565=CARTESIAN_POINT('',(1.25,-6.93889390390723E-16,-2.78403039006165E-16));
#9566=CARTESIAN_POINT('',(1.25,0.180424615364983,-4.54308537625568));
#9567=CARTESIAN_POINT('',(-1.35,0.180424615364983,-4.54308537625568));
#9568=CARTESIAN_POINT('',(-1.35,-6.93889390390723E-16,-2.78403039006165E-16));
#9569=CARTESIAN_POINT('',(-1.25,-6.93889390390723E-16,-2.78403039006165E-16));
#9570=CARTESIAN_POINT('',(-1.25,0.768078657474178,-4.48132044755901));
#9571=CARTESIAN_POINT('',(-1.25,0.654317963317629,-4.49933837143392));
#9572=CARTESIAN_POINT('',(-1.35,0.768078657474178,-4.48132044755901));
#9573=CARTESIAN_POINT('',(1.25,0.768078657474178,-4.48132044755901));
#9574=CARTESIAN_POINT('',(1.25,-6.93889390390723E-16,-2.78403039006165E-16));
#9575=CARTESIAN_POINT('',(1.25,0.654317963317629,-4.49933837143392));
#9576=CARTESIAN_POINT('',(-1.35,0.654317963317629,-4.49933837143392));
#9577=CARTESIAN_POINT('',(-1.35,-6.93889390390723E-16,-2.78403039006165E-16));
#9578=CARTESIAN_POINT('',(-1.25,-6.93889390390723E-16,-2.78403039006165E-16));
#9579=CARTESIAN_POINT('',(-1.25,1.23229658201639,-4.37648522352452));
#9580=CARTESIAN_POINT('',(-1.25,1.12104246673933,-4.40629567386765));
#9581=CARTESIAN_POINT('',(-1.35,1.23229658201639,-4.37648522352452));
#9582=CARTESIAN_POINT('',(1.25,1.23229658201639,-4.37648522352452));
#9583=CARTESIAN_POINT('',(1.25,-6.93889390390723E-16,-2.78403039006165E-16));
#9584=CARTESIAN_POINT('',(1.25,1.12104246673933,-4.40629567386765));
#9585=CARTESIAN_POINT('',(-1.35,1.12104246673933,-4.40629567386765));
#9586=CARTESIAN_POINT('',(-1.35,-6.93889390390723E-16,-2.78403039006165E-16));
#9587=CARTESIAN_POINT('',(-1.25,-6.93889390390723E-16,-2.78403039006165E-16));
#9588=CARTESIAN_POINT('',(-1.25,1.6830132073314,-4.2237003115427));
#9589=CARTESIAN_POINT('',(-1.25,1.57548459430222,-4.26497667882184));
#9590=CARTESIAN_POINT('',(-1.35,1.6830132073314,-4.2237003115427));
#9591=CARTESIAN_POINT('',(1.25,1.6830132073314,-4.2237003115427));
#9592=CARTESIAN_POINT('',(1.25,-6.93889390390723E-16,-2.78403039006165E-16));
#9593=CARTESIAN_POINT('',(1.25,1.57548459430222,-4.26497667882184));
#9594=CARTESIAN_POINT('',(-1.35,1.57548459430222,-4.26497667882184));
#9595=CARTESIAN_POINT('',(-1.35,-6.93889390390723E-16,-2.78403039006165E-16));
#9596=CARTESIAN_POINT('',(-1.25,-6.93889390390723E-16,-2.78403039006165E-16));
#9597=CARTESIAN_POINT('',(-1.25,2.11529038775373,-4.02463965508149));
#9598=CARTESIAN_POINT('',(-1.25,2.01266538295858,-4.07692970677911));
#9599=CARTESIAN_POINT('',(-1.35,2.11529038775373,-4.02463965508149));
#9600=CARTESIAN_POINT('',(1.25,2.11529038775373,-4.02463965508149));
#9601=CARTESIAN_POINT('',(1.25,-6.93889390390723E-16,-2.78403039006165E-16));
#9602=CARTESIAN_POINT('',(1.25,2.01266538295858,-4.07692970677911));
#9603=CARTESIAN_POINT('',(-1.35,2.01266538295858,-4.07692970677911));
#9604=CARTESIAN_POINT('',(-1.35,-6.93889390390723E-16,-2.78403039006165E-16));
#9605=CARTESIAN_POINT('',(-1.25,-6.93889390390723E-16,-2.78403039006165E-16));
#9606=CARTESIAN_POINT('',(-1.25,2.52439200403485,-3.78148420434922));
#9607=CARTESIAN_POINT('',(-1.25,2.42779498850195,-3.84421503971651));
#9608=CARTESIAN_POINT('',(-1.35,2.52439200403485,-3.78148420434922));
#9609=CARTESIAN_POINT('',(1.25,2.52439200403485,-3.78148420434922));
#9610=CARTESIAN_POINT('',(1.25,-6.93889390390723E-16,-2.78403039006165E-16));
#9611=CARTESIAN_POINT('',(1.25,2.42779498850195,-3.84421503971651));
#9612=CARTESIAN_POINT('',(-1.35,2.42779498850195,-3.84421503971651));
#9613=CARTESIAN_POINT('',(-1.35,-6.93889390390723E-16,-2.78403039006165E-16));
#9614=CARTESIAN_POINT('',(-1.25,-6.93889390390723E-16,-2.78403039006165E-16));
#9615=CARTESIAN_POINT('',(-1.25,2.90583585325678,-3.49689802134766));
#9616=CARTESIAN_POINT('',(-1.25,2.81632516410252,-3.56938234822506));
#9617=CARTESIAN_POINT('',(-1.35,2.90583585325678,-3.49689802134766));
#9618=CARTESIAN_POINT('',(1.25,2.90583585325678,-3.49689802134766));
#9619=CARTESIAN_POINT('',(1.25,-6.93889390390723E-16,-2.78403039006165E-16));
#9620=CARTESIAN_POINT('',(1.25,2.81632516410252,-3.56938234822506));
#9621=CARTESIAN_POINT('',(-1.35,2.81632516410252,-3.56938234822506));
#9622=CARTESIAN_POINT('',(-1.35,-6.93889390390723E-16,-2.78403039006165E-16));
#9623=CARTESIAN_POINT('',(-1.25,-6.93889390390723E-16,-2.78403039006165E-16));
#9624=CARTESIAN_POINT('',(-1.25,4.07692970677911,-2.01266538295858));
#9625=CARTESIAN_POINT('',(-1.25,4.02463965508149,-2.11529038775373));
#9626=CARTESIAN_POINT('',(-1.35,4.07692970677911,-2.01266538295858));
#9627=CARTESIAN_POINT('',(1.25,4.07692970677911,-2.01266538295858));
#9628=CARTESIAN_POINT('',(1.25,-6.93889390390723E-16,-2.78403039006165E-16));
#9629=CARTESIAN_POINT('',(1.25,4.02463965508149,-2.11529038775373));
#9630=CARTESIAN_POINT('',(-1.35,4.02463965508149,-2.11529038775373));
#9631=CARTESIAN_POINT('',(-1.35,-6.93889390390723E-16,-2.78403039006165E-16));
#9632=CARTESIAN_POINT('',(-1.25,-6.93889390390723E-16,-2.78403039006165E-16));
#9633=CARTESIAN_POINT('',(-1.25,3.84421503971651,-2.42779498850195));
#9634=CARTESIAN_POINT('',(-1.25,3.78148420434923,-2.52439200403485));
#9635=CARTESIAN_POINT('',(-1.35,3.84421503971651,-2.42779498850195));
#9636=CARTESIAN_POINT('',(1.25,3.84421503971651,-2.42779498850195));
#9637=CARTESIAN_POINT('',(1.25,-6.93889390390723E-16,-2.78403039006165E-16));
#9638=CARTESIAN_POINT('',(1.25,3.78148420434923,-2.52439200403485));
#9639=CARTESIAN_POINT('',(-1.35,3.78148420434923,-2.52439200403485));
#9640=CARTESIAN_POINT('',(-1.35,-6.93889390390723E-16,-2.78403039006165E-16));
#9641=CARTESIAN_POINT('',(-1.25,-6.93889390390723E-16,-2.78403039006165E-16));
#9642=CARTESIAN_POINT('',(-1.25,3.25544275678519,-3.17399909185126));
#9643=CARTESIAN_POINT('',(-1.25,3.17399909185126,-3.25544275678519));
#9644=CARTESIAN_POINT('',(-1.35,3.25544275678519,-3.17399909185126));
#9645=CARTESIAN_POINT('',(1.25,3.25544275678519,-3.17399909185126));
#9646=CARTESIAN_POINT('',(1.25,-6.93889390390723E-16,-2.78403039006165E-16));
#9647=CARTESIAN_POINT('',(1.25,3.17399909185126,-3.25544275678519));
#9648=CARTESIAN_POINT('',(-1.35,3.17399909185126,-3.25544275678519));
#9649=CARTESIAN_POINT('',(-1.35,-6.93889390390723E-16,-2.78403039006165E-16));
#9650=CARTESIAN_POINT('',(-1.25,-6.93889390390723E-16,-2.78403039006165E-16));
#9651=CARTESIAN_POINT('',(-1.25,3.56938234822506,-2.81632516410252));
#9652=CARTESIAN_POINT('',(-1.25,3.49689802134766,-2.90583585325678));
#9653=CARTESIAN_POINT('',(-1.35,3.56938234822506,-2.81632516410252));
#9654=CARTESIAN_POINT('',(1.25,3.56938234822506,-2.81632516410252));
#9655=CARTESIAN_POINT('',(1.25,-6.93889390390723E-16,-2.78403039006165E-16));
#9656=CARTESIAN_POINT('',(1.25,3.49689802134766,-2.90583585325678));
#9657=CARTESIAN_POINT('',(-1.35,3.49689802134766,-2.90583585325678));
#9658=CARTESIAN_POINT('',(-1.35,-6.93889390390723E-16,-2.78403039006165E-16));
#9659=CARTESIAN_POINT('',(-1.25,-6.93889390390723E-16,-2.78403039006165E-16));
#9660=CARTESIAN_POINT('',(-1.25,4.26497667882184,-1.57548459430222));
#9661=CARTESIAN_POINT('',(-1.25,4.2237003115427,-1.6830132073314));
#9662=CARTESIAN_POINT('',(-1.35,4.26497667882184,-1.57548459430222));
#9663=CARTESIAN_POINT('',(1.25,4.26497667882184,-1.57548459430222));
#9664=CARTESIAN_POINT('',(1.25,-6.93889390390723E-16,-2.78403039006165E-16));
#9665=CARTESIAN_POINT('',(1.25,4.2237003115427,-1.6830132073314));
#9666=CARTESIAN_POINT('',(-1.35,4.2237003115427,-1.6830132073314));
#9667=CARTESIAN_POINT('',(-1.35,-6.93889390390723E-16,-2.78403039006165E-16));
#9668=CARTESIAN_POINT('',(-1.25,-6.93889390390723E-16,-2.78403039006165E-16));
#9669=CARTESIAN_POINT('',(-1.25,4.40629567386765,-1.12104246673933));
#9670=CARTESIAN_POINT('',(-1.25,4.37648522352453,-1.23229658201639));
#9671=CARTESIAN_POINT('',(-1.35,4.40629567386765,-1.12104246673933));
#9672=CARTESIAN_POINT('',(1.25,4.40629567386765,-1.12104246673933));
#9673=CARTESIAN_POINT('',(1.25,-6.93889390390723E-16,-2.78403039006165E-16));
#9674=CARTESIAN_POINT('',(1.25,4.37648522352453,-1.23229658201639));
#9675=CARTESIAN_POINT('',(-1.35,4.37648522352453,-1.23229658201639));
#9676=CARTESIAN_POINT('',(-1.35,-6.93889390390723E-16,-2.78403039006165E-16));
#9677=CARTESIAN_POINT('',(-1.25,-6.93889390390723E-16,-2.78403039006165E-16));
#9678=CARTESIAN_POINT('',(-1.25,4.49933837143392,-0.654317963317628));
#9679=CARTESIAN_POINT('',(-1.25,4.48132044755901,-0.768078657474176));
#9680=CARTESIAN_POINT('',(-1.35,4.49933837143392,-0.654317963317628));
#9681=CARTESIAN_POINT('',(1.25,4.49933837143392,-0.654317963317628));
#9682=CARTESIAN_POINT('',(1.25,-6.93889390390723E-16,-2.78403039006165E-16));
#9683=CARTESIAN_POINT('',(1.25,4.48132044755901,-0.768078657474176));
#9684=CARTESIAN_POINT('',(-1.35,4.48132044755901,-0.768078657474176));
#9685=CARTESIAN_POINT('',(-1.35,-6.93889390390723E-16,-2.78403039006165E-16));
#9686=CARTESIAN_POINT('',(-1.25,-6.93889390390723E-16,-2.78403039006165E-16));
#9687=CARTESIAN_POINT('',(-1.25,4.54308537625568,-0.180424615364981));
#9688=CARTESIAN_POINT('',(-1.25,4.53705738699344,-0.295445502429881));
#9689=CARTESIAN_POINT('',(-1.35,4.54308537625568,-0.180424615364981));
#9690=CARTESIAN_POINT('',(1.25,4.54308537625568,-0.180424615364981));
#9691=CARTESIAN_POINT('',(1.25,-6.93889390390723E-16,-2.78403039006165E-16));
#9692=CARTESIAN_POINT('',(1.25,4.53705738699344,-0.295445502429881));
#9693=CARTESIAN_POINT('',(-1.35,4.53705738699344,-0.295445502429881));
#9694=CARTESIAN_POINT('',(-1.35,-6.93889390390723E-16,-2.78403039006165E-16));
#9695=CARTESIAN_POINT('',(-1.25,-6.93889390390723E-16,-2.78403039006165E-16));
#9696=CARTESIAN_POINT('',(-1.25,-0.654317963317629,-4.49933837143392));
#9697=CARTESIAN_POINT('',(-1.25,-0.768078657474176,-4.48132044755901));
#9698=CARTESIAN_POINT('',(-1.35,-0.654317963317629,-4.49933837143392));
#9699=CARTESIAN_POINT('',(1.25,-0.654317963317628,-4.49933837143392));
#9700=CARTESIAN_POINT('',(1.25,-6.93889390390723E-16,-2.78403039006165E-16));
#9701=CARTESIAN_POINT('',(1.25,-0.768078657474176,-4.48132044755901));
#9702=CARTESIAN_POINT('',(-1.35,-0.768078657474176,-4.48132044755901));
#9703=CARTESIAN_POINT('',(-1.35,-6.93889390390723E-16,-2.78403039006165E-16));
#9704=CARTESIAN_POINT('',(-1.25,-6.93889390390723E-16,-2.78403039006165E-16));
#9705=CARTESIAN_POINT('',(-1.25,-1.12104246673933,-4.40629567386765));
#9706=CARTESIAN_POINT('',(-1.25,-1.23229658201639,-4.37648522352453));
#9707=CARTESIAN_POINT('',(-1.35,-1.12104246673933,-4.40629567386765));
#9708=CARTESIAN_POINT('',(1.25,-1.12104246673933,-4.40629567386765));
#9709=CARTESIAN_POINT('',(1.25,-6.93889390390723E-16,-2.78403039006165E-16));
#9710=CARTESIAN_POINT('',(1.25,-1.23229658201639,-4.37648522352453));
#9711=CARTESIAN_POINT('',(-1.35,-1.23229658201639,-4.37648522352453));
#9712=CARTESIAN_POINT('',(-1.35,-6.93889390390723E-16,-2.78403039006165E-16));
#9713=CARTESIAN_POINT('',(-1.25,-6.93889390390723E-16,-2.78403039006165E-16));
#9714=CARTESIAN_POINT('',(-1.25,-1.57548459430222,-4.26497667882184));
#9715=CARTESIAN_POINT('',(-1.25,-1.6830132073314,-4.2237003115427));
#9716=CARTESIAN_POINT('',(-1.35,-1.57548459430222,-4.26497667882184));
#9717=CARTESIAN_POINT('',(1.25,-1.57548459430222,-4.26497667882184));
#9718=CARTESIAN_POINT('',(1.25,-6.93889390390723E-16,-2.78403039006165E-16));
#9719=CARTESIAN_POINT('',(1.25,-1.6830132073314,-4.2237003115427));
#9720=CARTESIAN_POINT('',(-1.35,-1.6830132073314,-4.2237003115427));
#9721=CARTESIAN_POINT('',(-1.35,-6.93889390390723E-16,-2.78403039006165E-16));
#9722=CARTESIAN_POINT('',(-1.25,-6.93889390390723E-16,-2.78403039006165E-16));
#9723=CARTESIAN_POINT('',(-1.25,-2.01266538295858,-4.07692970677911));
#9724=CARTESIAN_POINT('',(-1.25,-2.11529038775373,-4.02463965508149));
#9725=CARTESIAN_POINT('',(-1.35,-2.01266538295858,-4.07692970677911));
#9726=CARTESIAN_POINT('',(1.25,-2.01266538295858,-4.07692970677911));
#9727=CARTESIAN_POINT('',(1.25,-6.93889390390723E-16,-2.78403039006165E-16));
#9728=CARTESIAN_POINT('',(1.25,-2.11529038775373,-4.02463965508149));
#9729=CARTESIAN_POINT('',(-1.35,-2.11529038775373,-4.02463965508149));
#9730=CARTESIAN_POINT('',(-1.35,-6.93889390390723E-16,-2.78403039006165E-16));
#9731=CARTESIAN_POINT('',(-1.25,-6.93889390390723E-16,-2.78403039006165E-16));
#9732=CARTESIAN_POINT('',(-1.25,-3.17399909185126,-3.25544275678519));
#9733=CARTESIAN_POINT('',(-1.25,-3.25544275678519,-3.17399909185126));
#9734=CARTESIAN_POINT('',(-1.35,-3.17399909185126,-3.25544275678519));
#9735=CARTESIAN_POINT('',(1.25,-3.17399909185126,-3.25544275678519));
#9736=CARTESIAN_POINT('',(1.25,-6.93889390390723E-16,-2.78403039006165E-16));
#9737=CARTESIAN_POINT('',(1.25,-3.25544275678519,-3.17399909185126));
#9738=CARTESIAN_POINT('',(-1.35,-3.25544275678519,-3.17399909185126));
#9739=CARTESIAN_POINT('',(-1.35,-6.93889390390723E-16,-2.78403039006165E-16));
#9740=CARTESIAN_POINT('',(-1.25,-6.93889390390723E-16,-2.78403039006165E-16));
#9741=CARTESIAN_POINT('',(-1.25,-3.49689802134766,-2.90583585325678));
#9742=CARTESIAN_POINT('',(-1.25,-3.56938234822506,-2.81632516410252));
#9743=CARTESIAN_POINT('',(-1.35,-3.49689802134766,-2.90583585325678));
#9744=CARTESIAN_POINT('',(1.25,-3.49689802134766,-2.90583585325678));
#9745=CARTESIAN_POINT('',(1.25,-6.93889390390723E-16,-2.78403039006165E-16));
#9746=CARTESIAN_POINT('',(1.25,-3.56938234822506,-2.81632516410252));
#9747=CARTESIAN_POINT('',(-1.35,-3.56938234822506,-2.81632516410252));
#9748=CARTESIAN_POINT('',(-1.35,-6.93889390390723E-16,-2.78403039006165E-16));
#9749=CARTESIAN_POINT('',(-1.25,-6.93889390390723E-16,-2.78403039006165E-16));
#9750=CARTESIAN_POINT('',(-1.25,-2.42779498850195,-3.84421503971651));
#9751=CARTESIAN_POINT('',(-1.25,-2.52439200403485,-3.78148420434923));
#9752=CARTESIAN_POINT('',(-1.35,-2.42779498850195,-3.84421503971651));
#9753=CARTESIAN_POINT('',(1.25,-2.42779498850195,-3.84421503971651));
#9754=CARTESIAN_POINT('',(1.25,-6.93889390390723E-16,-2.78403039006165E-16));
#9755=CARTESIAN_POINT('',(1.25,-2.52439200403485,-3.78148420434923));
#9756=CARTESIAN_POINT('',(-1.35,-2.52439200403485,-3.78148420434923));
#9757=CARTESIAN_POINT('',(-1.35,-6.93889390390723E-16,-2.78403039006165E-16));
#9758=CARTESIAN_POINT('',(-1.25,-6.93889390390723E-16,-2.78403039006165E-16));
#9759=CARTESIAN_POINT('',(-1.25,-2.81632516410252,-3.56938234822506));
#9760=CARTESIAN_POINT('',(-1.25,-2.90583585325678,-3.49689802134766));
#9761=CARTESIAN_POINT('',(-1.35,-2.81632516410252,-3.56938234822506));
#9762=CARTESIAN_POINT('',(1.25,-2.81632516410252,-3.56938234822506));
#9763=CARTESIAN_POINT('',(1.25,-6.93889390390723E-16,-2.78403039006165E-16));
#9764=CARTESIAN_POINT('',(1.25,-2.90583585325678,-3.49689802134766));
#9765=CARTESIAN_POINT('',(-1.35,-2.90583585325678,-3.49689802134766));
#9766=CARTESIAN_POINT('',(-1.35,-6.93889390390723E-16,-2.78403039006165E-16));
#9767=CARTESIAN_POINT('',(-1.25,-6.93889390390723E-16,-2.78403039006165E-16));
#9768=CARTESIAN_POINT('',(-1.25,-3.78148420434922,-2.52439200403485));
#9769=CARTESIAN_POINT('',(-1.25,-3.84421503971651,-2.42779498850195));
#9770=CARTESIAN_POINT('',(-1.35,-3.78148420434922,-2.52439200403485));
#9771=CARTESIAN_POINT('',(1.25,-3.78148420434922,-2.52439200403485));
#9772=CARTESIAN_POINT('',(1.25,-6.93889390390723E-16,-2.78403039006165E-16));
#9773=CARTESIAN_POINT('',(1.25,-3.84421503971651,-2.42779498850195));
#9774=CARTESIAN_POINT('',(-1.35,-3.84421503971651,-2.42779498850195));
#9775=CARTESIAN_POINT('',(-1.35,-6.93889390390723E-16,-2.78403039006165E-16));
#9776=CARTESIAN_POINT('',(-1.25,-6.93889390390723E-16,-2.78403039006165E-16));
#9777=CARTESIAN_POINT('',(-1.25,-4.02463965508149,-2.11529038775373));
#9778=CARTESIAN_POINT('',(-1.25,-4.07692970677911,-2.01266538295858));
#9779=CARTESIAN_POINT('',(-1.35,-4.02463965508149,-2.11529038775373));
#9780=CARTESIAN_POINT('',(1.25,-4.02463965508149,-2.11529038775373));
#9781=CARTESIAN_POINT('',(1.25,-6.93889390390723E-16,-2.78403039006165E-16));
#9782=CARTESIAN_POINT('',(1.25,-4.07692970677911,-2.01266538295858));
#9783=CARTESIAN_POINT('',(-1.35,-4.07692970677911,-2.01266538295858));
#9784=CARTESIAN_POINT('',(-1.35,-6.93889390390723E-16,-2.78403039006165E-16));
#9785=CARTESIAN_POINT('',(-1.25,-6.93889390390723E-16,-2.78403039006165E-16));
#9786=CARTESIAN_POINT('',(-1.25,-4.2237003115427,-1.6830132073314));
#9787=CARTESIAN_POINT('',(-1.25,-4.26497667882184,-1.57548459430222));
#9788=CARTESIAN_POINT('',(-1.35,-4.2237003115427,-1.6830132073314));
#9789=CARTESIAN_POINT('',(1.25,-4.2237003115427,-1.6830132073314));
#9790=CARTESIAN_POINT('',(1.25,-6.93889390390723E-16,-2.78403039006165E-16));
#9791=CARTESIAN_POINT('',(1.25,-4.26497667882184,-1.57548459430222));
#9792=CARTESIAN_POINT('',(-1.35,-4.26497667882184,-1.57548459430222));
#9793=CARTESIAN_POINT('',(-1.35,-6.93889390390723E-16,-2.78403039006165E-16));
#9794=CARTESIAN_POINT('',(-1.25,-6.93889390390723E-16,-2.78403039006165E-16));
#9795=CARTESIAN_POINT('',(-1.25,-4.37648522352452,-1.23229658201639));
#9796=CARTESIAN_POINT('',(-1.25,-4.40629567386765,-1.12104246673933));
#9797=CARTESIAN_POINT('',(-1.35,-4.37648522352452,-1.23229658201639));
#9798=CARTESIAN_POINT('',(1.25,-4.37648522352452,-1.23229658201639));
#9799=CARTESIAN_POINT('',(1.25,-6.93889390390723E-16,-2.78403039006165E-16));
#9800=CARTESIAN_POINT('',(1.25,-4.40629567386765,-1.12104246673933));
#9801=CARTESIAN_POINT('',(-1.35,-4.40629567386765,-1.12104246673933));
#9802=CARTESIAN_POINT('',(-1.35,-6.93889390390723E-16,-2.78403039006165E-16));
#9803=CARTESIAN_POINT('',(-1.25,-6.93889390390723E-16,-2.78403039006165E-16));
#9804=CARTESIAN_POINT('',(-1.25,-4.48132044755901,-0.768078657474177));
#9805=CARTESIAN_POINT('',(-1.25,-4.49933837143392,-0.65431796331763));
#9806=CARTESIAN_POINT('',(-1.35,-4.48132044755901,-0.768078657474177));
#9807=CARTESIAN_POINT('',(1.25,-4.48132044755901,-0.768078657474177));
#9808=CARTESIAN_POINT('',(1.25,-6.93889390390723E-16,-2.78403039006165E-16));
#9809=CARTESIAN_POINT('',(1.25,-4.49933837143392,-0.65431796331763));
#9810=CARTESIAN_POINT('',(-1.35,-4.49933837143392,-0.65431796331763));
#9811=CARTESIAN_POINT('',(-1.35,-6.93889390390723E-16,-2.78403039006165E-16));
#9812=CARTESIAN_POINT('',(-1.25,-6.93889390390723E-16,-2.78403039006165E-16));
#9813=CARTESIAN_POINT('',(-1.25,-4.53705738699344,-0.295445502429883));
#9814=CARTESIAN_POINT('',(-1.25,-4.54308537625568,-0.180424615364983));
#9815=CARTESIAN_POINT('',(-1.35,-4.53705738699344,-0.295445502429883));
#9816=CARTESIAN_POINT('',(1.25,-4.53705738699344,-0.295445502429883));
#9817=CARTESIAN_POINT('',(1.25,-6.93889390390723E-16,-2.78403039006165E-16));
#9818=CARTESIAN_POINT('',(1.25,-4.54308537625568,-0.180424615364983));
#9819=CARTESIAN_POINT('',(-1.35,-4.54308537625568,-0.180424615364983));
#9820=CARTESIAN_POINT('',(-1.35,-6.93889390390723E-16,-2.78403039006165E-16));
#9821=CARTESIAN_POINT('',(-1.25,-6.93889390390723E-16,-2.78403039006165E-16));
#9822=CARTESIAN_POINT('',(-1.25,-4.54308537625568,0.180424615364981));
#9823=CARTESIAN_POINT('',(-1.25,-4.53705738699344,0.295445502429881));
#9824=CARTESIAN_POINT('',(-1.35,-4.54308537625568,0.180424615364981));
#9825=CARTESIAN_POINT('',(1.25,-4.54308537625568,0.180424615364981));
#9826=CARTESIAN_POINT('',(1.25,-6.93889390390723E-16,-2.78403039006165E-16));
#9827=CARTESIAN_POINT('',(1.25,-4.53705738699344,0.295445502429881));
#9828=CARTESIAN_POINT('',(-1.35,-4.53705738699344,0.295445502429881));
#9829=CARTESIAN_POINT('',(-1.35,-6.93889390390723E-16,-2.78403039006165E-16));
#9830=CARTESIAN_POINT('',(-1.25,-6.93889390390723E-16,-2.78403039006165E-16));
#9831=CARTESIAN_POINT('',(-1.25,-4.49933837143392,0.654317963317628));
#9832=CARTESIAN_POINT('',(-1.25,-4.48132044755901,0.768078657474177));
#9833=CARTESIAN_POINT('',(-1.35,-4.49933837143392,0.654317963317628));
#9834=CARTESIAN_POINT('',(1.25,-4.49933837143392,0.654317963317628));
#9835=CARTESIAN_POINT('',(1.25,-6.93889390390723E-16,-2.78403039006165E-16));
#9836=CARTESIAN_POINT('',(1.25,-4.48132044755901,0.768078657474177));
#9837=CARTESIAN_POINT('',(-1.35,-4.48132044755901,0.768078657474177));
#9838=CARTESIAN_POINT('',(-1.35,-6.93889390390723E-16,-2.78403039006165E-16));
#9839=CARTESIAN_POINT('',(-1.25,-6.93889390390723E-16,-2.78403039006165E-16));
#9840=CARTESIAN_POINT('',(-1.25,-3.25544275678519,3.17399909185126));
#9841=CARTESIAN_POINT('',(-1.25,-3.17399909185126,3.25544275678519));
#9842=CARTESIAN_POINT('',(-1.35,-3.25544275678519,3.17399909185126));
#9843=CARTESIAN_POINT('',(1.25,-3.25544275678519,3.17399909185126));
#9844=CARTESIAN_POINT('',(1.25,-6.93889390390723E-16,-2.78403039006165E-16));
#9845=CARTESIAN_POINT('',(1.25,-3.17399909185126,3.25544275678519));
#9846=CARTESIAN_POINT('',(-1.35,-3.17399909185126,3.25544275678519));
#9847=CARTESIAN_POINT('',(-1.35,-6.93889390390723E-16,-2.78403039006165E-16));
#9848=CARTESIAN_POINT('',(-1.25,-6.93889390390723E-16,-2.78403039006165E-16));
#9849=CARTESIAN_POINT('',(-1.25,-3.56938234822506,2.81632516410252));
#9850=CARTESIAN_POINT('',(-1.25,-3.49689802134766,2.90583585325678));
#9851=CARTESIAN_POINT('',(-1.35,-3.56938234822506,2.81632516410252));
#9852=CARTESIAN_POINT('',(1.25,-3.56938234822506,2.81632516410252));
#9853=CARTESIAN_POINT('',(1.25,-6.93889390390723E-16,-2.78403039006165E-16));
#9854=CARTESIAN_POINT('',(1.25,-3.49689802134766,2.90583585325678));
#9855=CARTESIAN_POINT('',(-1.35,-3.49689802134766,2.90583585325678));
#9856=CARTESIAN_POINT('',(-1.35,-6.93889390390723E-16,-2.78403039006165E-16));
#9857=CARTESIAN_POINT('',(-1.25,-6.93889390390723E-16,-2.78403039006165E-16));
#9858=CARTESIAN_POINT('',(-1.25,-2.90583585325678,3.49689802134766));
#9859=CARTESIAN_POINT('',(-1.25,-2.81632516410252,3.56938234822506));
#9860=CARTESIAN_POINT('',(-1.35,-2.90583585325678,3.49689802134766));
#9861=CARTESIAN_POINT('',(1.25,-2.90583585325678,3.49689802134766));
#9862=CARTESIAN_POINT('',(1.25,-6.93889390390723E-16,-2.78403039006165E-16));
#9863=CARTESIAN_POINT('',(1.25,-2.81632516410252,3.56938234822506));
#9864=CARTESIAN_POINT('',(-1.35,-2.81632516410252,3.56938234822506));
#9865=CARTESIAN_POINT('',(-1.35,-6.93889390390723E-16,-2.78403039006165E-16));
#9866=CARTESIAN_POINT('',(-1.25,-6.93889390390723E-16,-2.78403039006165E-16));
#9867=CARTESIAN_POINT('',(-1.25,-2.52439200403485,3.78148420434922));
#9868=CARTESIAN_POINT('',(-1.25,-2.42779498850195,3.84421503971651));
#9869=CARTESIAN_POINT('',(-1.35,-2.52439200403485,3.78148420434922));
#9870=CARTESIAN_POINT('',(1.25,-2.52439200403485,3.78148420434922));
#9871=CARTESIAN_POINT('',(1.25,-6.93889390390723E-16,-2.78403039006165E-16));
#9872=CARTESIAN_POINT('',(1.25,-2.42779498850195,3.84421503971651));
#9873=CARTESIAN_POINT('',(-1.35,-2.42779498850195,3.84421503971651));
#9874=CARTESIAN_POINT('',(-1.35,-6.93889390390723E-16,-2.78403039006165E-16));
#9875=CARTESIAN_POINT('',(-1.25,-6.93889390390723E-16,-2.78403039006165E-16));
#9876=CARTESIAN_POINT('',(-1.25,-3.84421503971651,2.42779498850195));
#9877=CARTESIAN_POINT('',(-1.25,-3.78148420434923,2.52439200403485));
#9878=CARTESIAN_POINT('',(-1.35,-3.84421503971651,2.42779498850195));
#9879=CARTESIAN_POINT('',(1.25,-3.84421503971651,2.42779498850195));
#9880=CARTESIAN_POINT('',(1.25,-6.93889390390723E-16,-2.78403039006165E-16));
#9881=CARTESIAN_POINT('',(1.25,-3.78148420434923,2.52439200403485));
#9882=CARTESIAN_POINT('',(-1.35,-3.78148420434923,2.52439200403485));
#9883=CARTESIAN_POINT('',(-1.35,-6.93889390390723E-16,-2.78403039006165E-16));
#9884=CARTESIAN_POINT('',(-1.25,-6.93889390390723E-16,-2.78403039006165E-16));
#9885=CARTESIAN_POINT('',(-1.25,-4.07692970677911,2.01266538295858));
#9886=CARTESIAN_POINT('',(-1.25,-4.02463965508149,2.11529038775373));
#9887=CARTESIAN_POINT('',(-1.35,-4.07692970677911,2.01266538295858));
#9888=CARTESIAN_POINT('',(1.25,-4.07692970677911,2.01266538295858));
#9889=CARTESIAN_POINT('',(1.25,-6.93889390390723E-16,-2.78403039006165E-16));
#9890=CARTESIAN_POINT('',(1.25,-4.02463965508149,2.11529038775373));
#9891=CARTESIAN_POINT('',(-1.35,-4.02463965508149,2.11529038775373));
#9892=CARTESIAN_POINT('',(-1.35,-6.93889390390723E-16,-2.78403039006165E-16));
#9893=CARTESIAN_POINT('',(-1.25,-6.93889390390723E-16,-2.78403039006165E-16));
#9894=CARTESIAN_POINT('',(-1.25,-4.26497667882184,1.57548459430222));
#9895=CARTESIAN_POINT('',(-1.25,-4.2237003115427,1.6830132073314));
#9896=CARTESIAN_POINT('',(-1.35,-4.26497667882184,1.57548459430222));
#9897=CARTESIAN_POINT('',(1.25,-4.26497667882184,1.57548459430222));
#9898=CARTESIAN_POINT('',(1.25,-6.93889390390723E-16,-2.78403039006165E-16));
#9899=CARTESIAN_POINT('',(1.25,-4.2237003115427,1.6830132073314));
#9900=CARTESIAN_POINT('',(-1.35,-4.2237003115427,1.6830132073314));
#9901=CARTESIAN_POINT('',(-1.35,-6.93889390390723E-16,-2.78403039006165E-16));
#9902=CARTESIAN_POINT('',(-1.25,-6.93889390390723E-16,-2.78403039006165E-16));
#9903=CARTESIAN_POINT('',(-1.25,-4.40629567386765,1.12104246673933));
#9904=CARTESIAN_POINT('',(-1.25,-4.37648522352453,1.23229658201639));
#9905=CARTESIAN_POINT('',(-1.35,-4.40629567386765,1.12104246673933));
#9906=CARTESIAN_POINT('',(1.25,-4.40629567386765,1.12104246673933));
#9907=CARTESIAN_POINT('',(1.25,-6.93889390390723E-16,-2.78403039006165E-16));
#9908=CARTESIAN_POINT('',(1.25,-4.37648522352453,1.23229658201639));
#9909=CARTESIAN_POINT('',(-1.35,-4.37648522352453,1.23229658201639));
#9910=CARTESIAN_POINT('',(-1.35,-6.93889390390723E-16,-2.78403039006165E-16));
#9911=CARTESIAN_POINT('',(-1.25,-6.93889390390723E-16,-2.78403039006165E-16));
#9912=CARTESIAN_POINT('',(-1.25,-2.11529038775373,4.02463965508149));
#9913=CARTESIAN_POINT('',(-1.25,-2.01266538295858,4.07692970677911));
#9914=CARTESIAN_POINT('',(-1.35,-2.11529038775373,4.02463965508149));
#9915=CARTESIAN_POINT('',(1.25,-2.11529038775373,4.02463965508149));
#9916=CARTESIAN_POINT('',(1.25,-6.93889390390723E-16,-2.78403039006165E-16));
#9917=CARTESIAN_POINT('',(1.25,-2.01266538295858,4.07692970677911));
#9918=CARTESIAN_POINT('',(-1.35,-2.01266538295858,4.07692970677911));
#9919=CARTESIAN_POINT('',(-1.35,-6.93889390390723E-16,-2.78403039006165E-16));
#9920=CARTESIAN_POINT('',(-1.25,-6.93889390390723E-16,-2.78403039006165E-16));
#9921=CARTESIAN_POINT('',(-1.25,-1.6830132073314,4.2237003115427));
#9922=CARTESIAN_POINT('',(-1.25,-1.57548459430222,4.26497667882184));
#9923=CARTESIAN_POINT('',(-1.35,-1.6830132073314,4.2237003115427));
#9924=CARTESIAN_POINT('',(1.25,-1.6830132073314,4.2237003115427));
#9925=CARTESIAN_POINT('',(1.25,-6.93889390390723E-16,-2.78403039006165E-16));
#9926=CARTESIAN_POINT('',(1.25,-1.57548459430222,4.26497667882184));
#9927=CARTESIAN_POINT('',(-1.35,-1.57548459430222,4.26497667882184));
#9928=CARTESIAN_POINT('',(-1.35,-6.93889390390723E-16,-2.78403039006165E-16));
#9929=CARTESIAN_POINT('',(-1.25,-6.93889390390723E-16,-2.78403039006165E-16));
#9930=CARTESIAN_POINT('',(-1.25,-1.23229658201639,4.37648522352452));
#9931=CARTESIAN_POINT('',(-1.25,-1.12104246673933,4.40629567386765));
#9932=CARTESIAN_POINT('',(-1.35,-1.23229658201639,4.37648522352452));
#9933=CARTESIAN_POINT('',(1.25,-1.23229658201639,4.37648522352452));
#9934=CARTESIAN_POINT('',(1.25,-6.93889390390723E-16,-2.78403039006165E-16));
#9935=CARTESIAN_POINT('',(1.25,-1.12104246673933,4.40629567386765));
#9936=CARTESIAN_POINT('',(-1.35,-1.12104246673933,4.40629567386765));
#9937=CARTESIAN_POINT('',(-1.35,-6.93889390390723E-16,-2.78403039006165E-16));
#9938=CARTESIAN_POINT('',(-1.25,-6.93889390390723E-16,-2.78403039006165E-16));
#9939=CARTESIAN_POINT('',(-1.25,-0.76807865747418,4.48132044755901));
#9940=CARTESIAN_POINT('',(-1.25,-0.654317963317629,4.49933837143392));
#9941=CARTESIAN_POINT('',(-1.35,-0.76807865747418,4.48132044755901));
#9942=CARTESIAN_POINT('',(1.25,-0.76807865747418,4.48132044755901));
#9943=CARTESIAN_POINT('',(1.25,-6.93889390390723E-16,-2.78403039006165E-16));
#9944=CARTESIAN_POINT('',(1.25,-0.654317963317629,4.49933837143392));
#9945=CARTESIAN_POINT('',(-1.35,-0.654317963317629,4.49933837143392));
#9946=CARTESIAN_POINT('',(-1.35,-6.93889390390723E-16,-2.78403039006165E-16));
#9947=CARTESIAN_POINT('',(-1.25,-6.93889390390723E-16,-2.78403039006165E-16));
#9948=CARTESIAN_POINT('',(-1.25,-0.295445502429881,4.53705738699344));
#9949=CARTESIAN_POINT('',(-1.25,-0.180424615364983,4.54308537625568));
#9950=CARTESIAN_POINT('',(-1.35,-0.295445502429881,4.53705738699344));
#9951=CARTESIAN_POINT('',(1.25,-0.295445502429881,4.53705738699344));
#9952=CARTESIAN_POINT('',(1.25,-6.93889390390723E-16,-2.78403039006165E-16));
#9953=CARTESIAN_POINT('',(1.25,-0.180424615364983,4.54308537625568));
#9954=CARTESIAN_POINT('',(-1.35,-0.180424615364983,4.54308537625568));
#9955=CARTESIAN_POINT('',(-1.35,-6.93889390390723E-16,-2.78403039006165E-16));
#9956=CARTESIAN_POINT('',(-1.25,-6.93889390390723E-16,-2.78403039006165E-16));
#9957=CARTESIAN_POINT('',(-1.25,0.180424615364981,4.54308537625568));
#9958=CARTESIAN_POINT('',(-1.25,0.295445502429878,4.53705738699344));
#9959=CARTESIAN_POINT('',(-1.35,0.180424615364981,4.54308537625568));
#9960=CARTESIAN_POINT('',(1.25,0.180424615364981,4.54308537625568));
#9961=CARTESIAN_POINT('',(1.25,-6.93889390390723E-16,-2.78403039006165E-16));
#9962=CARTESIAN_POINT('',(1.25,0.295445502429878,4.53705738699344));
#9963=CARTESIAN_POINT('',(-1.35,0.295445502429878,4.53705738699344));
#9964=CARTESIAN_POINT('',(-1.35,-6.93889390390723E-16,-2.78403039006165E-16));
#9965=CARTESIAN_POINT('',(-1.25,-6.93889390390723E-16,-2.78403039006165E-16));
#9966=CARTESIAN_POINT('',(-1.25,0.654317963317626,4.49933837143392));
#9967=CARTESIAN_POINT('',(-1.25,0.768078657474177,4.48132044755901));
#9968=CARTESIAN_POINT('',(-1.35,0.654317963317626,4.49933837143392));
#9969=CARTESIAN_POINT('',(1.25,0.654317963317626,4.49933837143392));
#9970=CARTESIAN_POINT('',(1.25,-6.93889390390723E-16,-2.78403039006165E-16));
#9971=CARTESIAN_POINT('',(1.25,0.768078657474177,4.48132044755901));
#9972=CARTESIAN_POINT('',(-1.35,0.768078657474177,4.48132044755901));
#9973=CARTESIAN_POINT('',(-1.35,-6.93889390390723E-16,-2.78403039006165E-16));
#9974=CARTESIAN_POINT('',(-1.25,-6.93889390390723E-16,-2.78403039006165E-16));
#9975=CARTESIAN_POINT('',(-1.25,1.12104246673933,4.40629567386765));
#9976=CARTESIAN_POINT('',(-1.25,1.23229658201639,4.37648522352453));
#9977=CARTESIAN_POINT('',(-1.35,1.12104246673933,4.40629567386765));
#9978=CARTESIAN_POINT('',(1.25,1.12104246673933,4.40629567386765));
#9979=CARTESIAN_POINT('',(1.25,-6.93889390390723E-16,-2.78403039006165E-16));
#9980=CARTESIAN_POINT('',(1.25,1.23229658201639,4.37648522352453));
#9981=CARTESIAN_POINT('',(-1.35,1.23229658201639,4.37648522352453));
#9982=CARTESIAN_POINT('',(-1.35,-6.93889390390723E-16,-2.78403039006165E-16));
#9983=CARTESIAN_POINT('',(-1.25,-6.93889390390723E-16,-2.78403039006165E-16));
#9984=CARTESIAN_POINT('',(-1.25,4.02463965508149,2.11529038775373));
#9985=CARTESIAN_POINT('',(-1.25,4.07692970677911,2.01266538295858));
#9986=CARTESIAN_POINT('',(-1.35,4.02463965508149,2.11529038775373));
#9987=CARTESIAN_POINT('',(1.25,4.02463965508149,2.11529038775373));
#9988=CARTESIAN_POINT('',(1.25,-6.93889390390723E-16,-2.78403039006165E-16));
#9989=CARTESIAN_POINT('',(1.25,4.07692970677911,2.01266538295858));
#9990=CARTESIAN_POINT('',(-1.35,4.07692970677911,2.01266538295858));
#9991=CARTESIAN_POINT('',(-1.35,-6.93889390390723E-16,-2.78403039006165E-16));
#9992=CARTESIAN_POINT('',(-1.25,-6.93889390390723E-16,-2.78403039006165E-16));
#9993=CARTESIAN_POINT('',(-1.25,3.78148420434922,2.52439200403485));
#9994=CARTESIAN_POINT('',(-1.25,3.84421503971651,2.42779498850195));
#9995=CARTESIAN_POINT('',(-1.35,3.78148420434922,2.52439200403485));
#9996=CARTESIAN_POINT('',(1.25,3.78148420434922,2.52439200403485));
#9997=CARTESIAN_POINT('',(1.25,-6.93889390390723E-16,-2.78403039006165E-16));
#9998=CARTESIAN_POINT('',(1.25,3.84421503971651,2.42779498850195));
#9999=CARTESIAN_POINT('',(-1.35,3.84421503971651,2.42779498850195));
#10000=CARTESIAN_POINT('',(-1.35,-6.93889390390723E-16,-2.78403039006165E-16));
#10001=CARTESIAN_POINT('',(-1.25,-6.93889390390723E-16,-2.78403039006165E-16));
#10002=CARTESIAN_POINT('',(-1.25,3.17399909185126,3.25544275678519));
#10003=CARTESIAN_POINT('',(-1.25,3.25544275678519,3.17399909185126));
#10004=CARTESIAN_POINT('',(-1.35,3.17399909185126,3.25544275678519));
#10005=CARTESIAN_POINT('',(1.25,3.17399909185126,3.25544275678519));
#10006=CARTESIAN_POINT('',(1.25,-6.93889390390723E-16,-2.78403039006165E-16));
#10007=CARTESIAN_POINT('',(1.25,3.25544275678519,3.17399909185126));
#10008=CARTESIAN_POINT('',(-1.35,3.25544275678519,3.17399909185126));
#10009=CARTESIAN_POINT('',(-1.35,-6.93889390390723E-16,-2.78403039006165E-16));
#10010=CARTESIAN_POINT('',(-1.25,-6.93889390390723E-16,-2.78403039006165E-16));
#10011=CARTESIAN_POINT('',(-1.25,3.49689802134766,2.90583585325678));
#10012=CARTESIAN_POINT('',(-1.25,3.56938234822506,2.81632516410252));
#10013=CARTESIAN_POINT('',(-1.35,3.49689802134766,2.90583585325678));
#10014=CARTESIAN_POINT('',(1.25,3.49689802134766,2.90583585325678));
#10015=CARTESIAN_POINT('',(1.25,-6.93889390390723E-16,-2.78403039006165E-16));
#10016=CARTESIAN_POINT('',(1.25,3.56938234822506,2.81632516410252));
#10017=CARTESIAN_POINT('',(-1.35,3.56938234822506,2.81632516410252));
#10018=CARTESIAN_POINT('',(-1.35,-6.93889390390723E-16,-2.78403039006165E-16));
#10019=CARTESIAN_POINT('',(-1.25,-6.93889390390723E-16,-2.78403039006165E-16));
#10020=CARTESIAN_POINT('',(-1.25,2.42779498850195,3.84421503971651));
#10021=CARTESIAN_POINT('',(-1.25,2.52439200403485,3.78148420434923));
#10022=CARTESIAN_POINT('',(-1.35,2.42779498850195,3.84421503971651));
#10023=CARTESIAN_POINT('',(1.25,2.42779498850195,3.84421503971651));
#10024=CARTESIAN_POINT('',(1.25,-6.93889390390723E-16,-2.78403039006165E-16));
#10025=CARTESIAN_POINT('',(1.25,2.52439200403485,3.78148420434923));
#10026=CARTESIAN_POINT('',(-1.35,2.52439200403485,3.78148420434923));
#10027=CARTESIAN_POINT('',(-1.35,-6.93889390390723E-16,-2.78403039006165E-16));
#10028=CARTESIAN_POINT('',(-1.25,-6.93889390390723E-16,-2.78403039006165E-16));
#10029=CARTESIAN_POINT('',(-1.25,2.81632516410252,3.56938234822506));
#10030=CARTESIAN_POINT('',(-1.25,2.90583585325678,3.49689802134766));
#10031=CARTESIAN_POINT('',(-1.35,2.81632516410252,3.56938234822506));
#10032=CARTESIAN_POINT('',(1.25,2.81632516410252,3.56938234822506));
#10033=CARTESIAN_POINT('',(1.25,-6.93889390390723E-16,-2.78403039006165E-16));
#10034=CARTESIAN_POINT('',(1.25,2.90583585325678,3.49689802134766));
#10035=CARTESIAN_POINT('',(-1.35,2.90583585325678,3.49689802134766));
#10036=CARTESIAN_POINT('',(-1.35,-6.93889390390723E-16,-2.78403039006165E-16));
#10037=CARTESIAN_POINT('',(-1.25,-6.93889390390723E-16,-2.78403039006165E-16));
#10038=CARTESIAN_POINT('',(-1.25,2.01266538295858,4.07692970677911));
#10039=CARTESIAN_POINT('',(-1.25,2.11529038775373,4.02463965508149));
#10040=CARTESIAN_POINT('',(-1.35,2.01266538295858,4.07692970677911));
#10041=CARTESIAN_POINT('',(1.25,2.01266538295858,4.07692970677911));
#10042=CARTESIAN_POINT('',(1.25,-6.93889390390723E-16,-2.78403039006165E-16));
#10043=CARTESIAN_POINT('',(1.25,2.11529038775373,4.02463965508149));
#10044=CARTESIAN_POINT('',(-1.35,2.11529038775373,4.02463965508149));
#10045=CARTESIAN_POINT('',(-1.35,-6.93889390390723E-16,-2.78403039006165E-16));
#10046=CARTESIAN_POINT('',(-1.25,-6.93889390390723E-16,-2.78403039006165E-16));
#10047=CARTESIAN_POINT('',(-1.25,1.57548459430222,4.26497667882184));
#10048=CARTESIAN_POINT('',(-1.25,1.6830132073314,4.2237003115427));
#10049=CARTESIAN_POINT('',(-1.35,1.57548459430222,4.26497667882184));
#10050=CARTESIAN_POINT('',(1.25,1.57548459430222,4.26497667882184));
#10051=CARTESIAN_POINT('',(1.25,-6.93889390390723E-16,-2.78403039006165E-16));
#10052=CARTESIAN_POINT('',(1.25,1.6830132073314,4.2237003115427));
#10053=CARTESIAN_POINT('',(-1.35,1.6830132073314,4.2237003115427));
#10054=CARTESIAN_POINT('',(-1.35,-6.93889390390723E-16,-2.78403039006165E-16));
#10055=CARTESIAN_POINT('',(-1.25,-6.93889390390723E-16,-2.78403039006165E-16));
#10056=CARTESIAN_POINT('',(-1.25,4.2237003115427,1.6830132073314));
#10057=CARTESIAN_POINT('',(-1.25,4.26497667882184,1.57548459430222));
#10058=CARTESIAN_POINT('',(-1.35,4.2237003115427,1.6830132073314));
#10059=CARTESIAN_POINT('',(1.25,4.2237003115427,1.6830132073314));
#10060=CARTESIAN_POINT('',(1.25,-6.93889390390723E-16,-2.78403039006165E-16));
#10061=CARTESIAN_POINT('',(1.25,4.26497667882184,1.57548459430222));
#10062=CARTESIAN_POINT('',(-1.35,4.26497667882184,1.57548459430222));
#10063=CARTESIAN_POINT('',(-1.35,-6.93889390390723E-16,-2.78403039006165E-16));
#10064=CARTESIAN_POINT('',(-1.25,-6.93889390390723E-16,-2.78403039006165E-16));
#10065=CARTESIAN_POINT('',(-1.25,4.37648522352452,1.23229658201639));
#10066=CARTESIAN_POINT('',(-1.25,4.40629567386765,1.12104246673933));
#10067=CARTESIAN_POINT('',(-1.35,4.37648522352452,1.23229658201639));
#10068=CARTESIAN_POINT('',(1.25,4.37648522352452,1.23229658201639));
#10069=CARTESIAN_POINT('',(1.25,-6.93889390390723E-16,-2.78403039006165E-16));
#10070=CARTESIAN_POINT('',(1.25,4.40629567386765,1.12104246673933));
#10071=CARTESIAN_POINT('',(-1.35,4.40629567386765,1.12104246673933));
#10072=CARTESIAN_POINT('',(-1.35,-6.93889390390723E-16,-2.78403039006165E-16));
#10073=CARTESIAN_POINT('',(-1.25,-6.93889390390723E-16,-2.78403039006165E-16));
#10074=CARTESIAN_POINT('',(-1.25,4.48132044755901,0.76807865747418));
#10075=CARTESIAN_POINT('',(-1.25,4.49933837143392,0.654317963317629));
#10076=CARTESIAN_POINT('',(-1.35,4.48132044755901,0.76807865747418));
#10077=CARTESIAN_POINT('',(1.25,4.48132044755901,0.76807865747418));
#10078=CARTESIAN_POINT('',(1.25,-6.93889390390723E-16,-2.78403039006165E-16));
#10079=CARTESIAN_POINT('',(1.25,4.49933837143392,0.654317963317629));
#10080=CARTESIAN_POINT('',(-1.35,4.49933837143392,0.654317963317629));
#10081=CARTESIAN_POINT('',(-1.35,-6.93889390390723E-16,-2.78403039006165E-16));
#10082=CARTESIAN_POINT('',(-1.25,-6.93889390390723E-16,-2.78403039006165E-16));
#10083=CARTESIAN_POINT('',(-1.25,4.53705738699344,0.295445502429881));
#10084=CARTESIAN_POINT('',(-1.25,4.54308537625568,0.180424615364982));
#10085=CARTESIAN_POINT('',(-1.35,4.53705738699344,0.295445502429881));
#10086=CARTESIAN_POINT('',(1.25,4.53705738699344,0.295445502429881));
#10087=CARTESIAN_POINT('',(1.25,-6.93889390390723E-16,-2.78403039006165E-16));
#10088=CARTESIAN_POINT('',(1.25,4.54308537625568,0.180424615364982));
#10089=CARTESIAN_POINT('',(-1.35,4.54308537625568,0.180424615364982));
#10090=CARTESIAN_POINT('',(-1.25,4.25405764342011,-0.0675363573153293));
#10091=CARTESIAN_POINT('',(1.25,4.25405764342011,-0.0675363573153293));
#10092=CARTESIAN_POINT('',(-1.25,4.33722214870317,-0.0891167561025288));
#10093=CARTESIAN_POINT('',(1.25,4.33722214870317,-0.0891167561025288));
#10094=CARTESIAN_POINT('',(-1.25,4.43803064411425,-0.127676827882137));
#10095=CARTESIAN_POINT('',(1.25,4.43803064411425,-0.127676827882137));
#10096=CARTESIAN_POINT('',(-1.25,4.54308537625568,-0.180424615364981));
#10097=CARTESIAN_POINT('',(1.25,4.54308537625568,-0.180424615364981));
#10098=CARTESIAN_POINT('',(-1.25,4.2162601132903,-0.0585528381399477));
#10099=CARTESIAN_POINT('',(-1.25,4.22173953541273,-0.0597290106862539));
#10100=CARTESIAN_POINT('',(-1.25,4.23326171520438,-0.0623220558169671));
#10101=CARTESIAN_POINT('',(-1.25,4.25168252310413,-0.0668548522987667));
#10102=CARTESIAN_POINT('',(-1.25,4.27165508573755,-0.0721952777518619));
#10103=CARTESIAN_POINT('',(-1.25,4.29310580811966,-0.0783931639840763));
#10104=CARTESIAN_POINT('',(-1.25,4.31600774643981,-0.0855095917893127));
#10105=CARTESIAN_POINT('',(-1.25,4.34033209876064,-0.093604862359009));
#10106=CARTESIAN_POINT('',(-1.25,4.36604828207468,-0.102738606922631));
#10107=CARTESIAN_POINT('',(-1.25,4.39312372215662,-0.112969115921951));
#10108=CARTESIAN_POINT('',(-1.25,4.42152477534241,-0.1243557151299));
#10109=CARTESIAN_POINT('',(-1.25,4.45121325064444,-0.136949288236834));
#10110=CARTESIAN_POINT('',(-1.25,4.48216002030039,-0.150828824174195));
#10111=CARTESIAN_POINT('',(-1.25,4.51285975184825,-0.165284998865589));
#10112=CARTESIAN_POINT('',(-1.25,4.53340569445938,-0.175564464966374));
#10113=CARTESIAN_POINT('',(-1.25,4.54308537625568,-0.180424615364981));
#10114=CARTESIAN_POINT('',(-1.25,4.25405763861365,-0.0675363560680984));
#10115=CARTESIAN_POINT('',(1.25,4.25405763861365,-0.0675363560680984));
#10116=CARTESIAN_POINT('',(1.25,4.25405763861368,-0.0675363560681059));
#10117=CARTESIAN_POINT('',(1.25,4.2162601132903,-0.0585528381399477));
#10118=CARTESIAN_POINT('',(1.25,4.22173953541273,-0.0597290106862539));
#10119=CARTESIAN_POINT('',(1.25,4.23326171520438,-0.0623220558169671));
#10120=CARTESIAN_POINT('',(1.25,4.25168252310413,-0.0668548522987667));
#10121=CARTESIAN_POINT('',(1.25,4.27165508573755,-0.0721952777518619));
#10122=CARTESIAN_POINT('',(1.25,4.29310580811966,-0.0783931639840763));
#10123=CARTESIAN_POINT('',(1.25,4.31600774643981,-0.0855095917893127));
#10124=CARTESIAN_POINT('',(1.25,4.34033209876064,-0.093604862359009));
#10125=CARTESIAN_POINT('',(1.25,4.36604828207468,-0.102738606922631));
#10126=CARTESIAN_POINT('',(1.25,4.39312372215662,-0.112969115921951));
#10127=CARTESIAN_POINT('',(1.25,4.42152477534241,-0.1243557151299));
#10128=CARTESIAN_POINT('',(1.25,4.45121325064444,-0.136949288236834));
#10129=CARTESIAN_POINT('',(1.25,4.48216002030039,-0.150828824174195));
#10130=CARTESIAN_POINT('',(1.25,4.51285975184825,-0.165284998865589));
#10131=CARTESIAN_POINT('',(1.25,4.53340569445938,-0.175564464966374));
#10132=CARTESIAN_POINT('',(1.25,4.54308537625568,-0.180424615364981));
#10133=CARTESIAN_POINT('',(-1.35,2.48828735394113E-12,5.14996031930615E-16));
#10134=CARTESIAN_POINT('',(-1.25,2.48828735394113E-12,5.14996031930615E-16));
#10135=CARTESIAN_POINT('',(-1.25,4.21662419955235,0.0189245218493668));
#10136=CARTESIAN_POINT('',(-1.25,4.21662419955235,-0.0189245218493666));
#10137=CARTESIAN_POINT('',(-1.35,4.21662419955235,0.0189245218493668));
#10138=CARTESIAN_POINT('',(1.25,4.21662419955235,0.0189245218493668));
#10139=CARTESIAN_POINT('',(1.25,2.48828735394113E-12,5.14996031930615E-16));
#10140=CARTESIAN_POINT('',(1.25,4.21662419955235,-0.0189245218493666));
#10141=CARTESIAN_POINT('',(-1.35,4.21662419955235,-0.0189245218493666));
#10142=CARTESIAN_POINT('',(-1.25,4.25405764342008,0.0675363573153228));
#10143=CARTESIAN_POINT('',(1.25,4.25405764342008,0.0675363573153228));
#10144=CARTESIAN_POINT('',(-1.25,4.33722214870317,0.0891167561025213));
#10145=CARTESIAN_POINT('',(1.25,4.33722214870317,0.0891167561025213));
#10146=CARTESIAN_POINT('',(-1.25,4.43803064411424,0.127676827882131));
#10147=CARTESIAN_POINT('',(1.25,4.43803064411424,0.127676827882131));
#10148=CARTESIAN_POINT('',(-1.25,4.54308537625568,0.180424615364981));
#10149=CARTESIAN_POINT('',(1.25,4.54308537625568,0.180424615364981));
#10150=CARTESIAN_POINT('',(-1.35,4.25405763861365,0.0675363560680993));
#10151=CARTESIAN_POINT('',(-1.25,4.25405763861365,0.0675363560680993));
#10152=CARTESIAN_POINT('',(1.25,4.25405763861368,0.0675363560681064));
#10153=CARTESIAN_POINT('',(-1.25,4.2162601132903,0.0585528381399477));
#10154=CARTESIAN_POINT('',(-1.25,4.22173953541273,0.0597290106862539));
#10155=CARTESIAN_POINT('',(-1.25,4.23326171520438,0.0623220558169671));
#10156=CARTESIAN_POINT('',(-1.25,4.25168252310413,0.0668548522987667));
#10157=CARTESIAN_POINT('',(-1.25,4.27165508573755,0.0721952777518619));
#10158=CARTESIAN_POINT('',(-1.25,4.29310580811966,0.0783931639840763));
#10159=CARTESIAN_POINT('',(-1.25,4.31600774643981,0.0855095917893127));
#10160=CARTESIAN_POINT('',(-1.25,4.34033209876064,0.093604862359009));
#10161=CARTESIAN_POINT('',(-1.25,4.36604828207468,0.102738606922631));
#10162=CARTESIAN_POINT('',(-1.25,4.39312372215662,0.112969115921951));
#10163=CARTESIAN_POINT('',(-1.25,4.42152477534241,0.1243557151299));
#10164=CARTESIAN_POINT('',(-1.25,4.45121325064444,0.136949288236834));
#10165=CARTESIAN_POINT('',(-1.25,4.48216002030039,0.150828824174195));
#10166=CARTESIAN_POINT('',(-1.25,4.51285975184825,0.165284998865589));
#10167=CARTESIAN_POINT('',(-1.25,4.53340569445938,0.175564464966374));
#10168=CARTESIAN_POINT('',(-1.25,4.54308537625568,0.180424615364981));
#10169=CARTESIAN_POINT('',(1.25,4.2162601132903,0.0585528381399477));
#10170=CARTESIAN_POINT('',(1.25,4.22173953541273,0.0597290106862539));
#10171=CARTESIAN_POINT('',(1.25,4.23326171520438,0.0623220558169671));
#10172=CARTESIAN_POINT('',(1.25,4.25168252310413,0.0668548522987667));
#10173=CARTESIAN_POINT('',(1.25,4.27165508573755,0.0721952777518619));
#10174=CARTESIAN_POINT('',(1.25,4.29310580811966,0.0783931639840763));
#10175=CARTESIAN_POINT('',(1.25,4.31600774643981,0.0855095917893127));
#10176=CARTESIAN_POINT('',(1.25,4.34033209876064,0.093604862359009));
#10177=CARTESIAN_POINT('',(1.25,4.36604828207468,0.102738606922631));
#10178=CARTESIAN_POINT('',(1.25,4.39312372215662,0.112969115921951));
#10179=CARTESIAN_POINT('',(1.25,4.42152477534241,0.1243557151299));
#10180=CARTESIAN_POINT('',(1.25,4.45121325064444,0.136949288236834));
#10181=CARTESIAN_POINT('',(1.25,4.48216002030039,0.150828824174195));
#10182=CARTESIAN_POINT('',(1.25,4.51285975184825,0.165284998865589));
#10183=CARTESIAN_POINT('',(1.25,4.53340569445938,0.175564464966374));
#10184=CARTESIAN_POINT('',(1.25,4.54308537625568,0.180424615364981));
#10185=CARTESIAN_POINT('',(-0.05,4.26661372893225,0.0191488785613285));
#10186=CARTESIAN_POINT('',(-1.25,4.26661372893225,0.0191488785613285));
#10187=CARTESIAN_POINT('',(1.25,4.26661372893225,0.0191488785613285));
#10188=CARTESIAN_POINT('',(-0.05,4.26661372893225,-0.0191488785613283));
#10189=CARTESIAN_POINT('',(-1.25,4.26661372893225,-0.0191488785613283));
#10190=CARTESIAN_POINT('',(1.25,4.26661372893225,-0.0191488785613283));
#10191=CARTESIAN_POINT('',(-1.25,4.23781294218492,0.377503722035209));
#10192=CARTESIAN_POINT('',(1.25,4.23781294218492,0.377503722035209));
#10193=CARTESIAN_POINT('',(-1.25,4.32277762952832,0.364734600866213));
#10194=CARTESIAN_POINT('',(1.25,4.32277762952832,0.364734600866213));
#10195=CARTESIAN_POINT('',(-1.25,4.42706451050033,0.336923122304061));
#10196=CARTESIAN_POINT('',(1.25,4.42706451050033,0.336923122304061));
#10197=CARTESIAN_POINT('',(-1.25,4.53705738699344,0.295445502429882));
#10198=CARTESIAN_POINT('',(1.25,4.53705738699344,0.295445502429882));
#10199=CARTESIAN_POINT('',(-1.25,4.19928343742584,0.382487110812805));
#10200=CARTESIAN_POINT('',(-1.25,4.20485578620938,0.381890137036825));
#10201=CARTESIAN_POINT('',(-1.25,4.21658589331724,0.380515692625767));
#10202=CARTESIAN_POINT('',(-1.25,4.23537959635445,0.377933226019279));
#10203=CARTESIAN_POINT('',(-1.25,4.25580097366582,0.374709757255183));
#10204=CARTESIAN_POINT('',(-1.25,4.27778204226964,0.370788034738825));
#10205=CARTESIAN_POINT('',(-1.25,4.30130239063786,0.366104495888168));
#10206=CARTESIAN_POINT('',(-1.25,4.32633967780395,0.360596159225751));
#10207=CARTESIAN_POINT('',(-1.25,4.35286972145819,0.354200523393454));
#10208=CARTESIAN_POINT('',(-1.25,4.38086621883055,0.346856212336927));
#10209=CARTESIAN_POINT('',(-1.25,4.41030191179239,0.338500708555532));
#10210=CARTESIAN_POINT('',(-1.25,4.44114413736428,0.329079415059848));
#10211=CARTESIAN_POINT('',(-1.25,4.47337218394044,0.318510730947825));
#10212=CARTESIAN_POINT('',(-1.25,4.50541482087194,0.307342744455393));
#10213=CARTESIAN_POINT('',(-1.25,4.5269227074544,0.299267226152993));
#10214=CARTESIAN_POINT('',(-1.25,4.53705738699344,0.295445502429882));
#10215=CARTESIAN_POINT('',(-1.25,4.23781293727442,0.377503722773195));
#10216=CARTESIAN_POINT('',(1.25,4.23781293727442,0.377503722773195));
#10217=CARTESIAN_POINT('',(1.25,4.23781293727445,0.377503722773191));
#10218=CARTESIAN_POINT('',(1.25,4.19928343742584,0.382487110812805));
#10219=CARTESIAN_POINT('',(1.25,4.20485578620938,0.381890137036825));
#10220=CARTESIAN_POINT('',(1.25,4.21658589331724,0.380515692625767));
#10221=CARTESIAN_POINT('',(1.25,4.23537959635445,0.377933226019279));
#10222=CARTESIAN_POINT('',(1.25,4.25580097366582,0.374709757255183));
#10223=CARTESIAN_POINT('',(1.25,4.27778204226964,0.370788034738825));
#10224=CARTESIAN_POINT('',(1.25,4.30130239063786,0.366104495888168));
#10225=CARTESIAN_POINT('',(1.25,4.32633967780395,0.360596159225751));
#10226=CARTESIAN_POINT('',(1.25,4.35286972145819,0.354200523393454));
#10227=CARTESIAN_POINT('',(1.25,4.38086621883055,0.346856212336927));
#10228=CARTESIAN_POINT('',(1.25,4.41030191179239,0.338500708555532));
#10229=CARTESIAN_POINT('',(1.25,4.44114413736428,0.329079415059848));
#10230=CARTESIAN_POINT('',(1.25,4.47337218394044,0.318510730947825));
#10231=CARTESIAN_POINT('',(1.25,4.50541482087194,0.307342744455393));
#10232=CARTESIAN_POINT('',(1.25,4.5269227074544,0.299267226152993));
#10233=CARTESIAN_POINT('',(1.25,4.53705738699344,0.295445502429882));
#10234=CARTESIAN_POINT('',(-1.35,2.47460242371864E-12,2.60609028105585E-13));
#10235=CARTESIAN_POINT('',(-1.25,2.47460242371864E-12,2.60609028105585E-13));
#10236=CARTESIAN_POINT('',(-1.25,4.19154693980755,0.459578099094978));
#10237=CARTESIAN_POINT('',(-1.25,4.19550324218153,0.421936396417836));
#10238=CARTESIAN_POINT('',(-1.35,4.19154693980755,0.459578099094978));
#10239=CARTESIAN_POINT('',(1.25,4.19154693980755,0.459578099094978));
#10240=CARTESIAN_POINT('',(1.25,2.47460242371864E-12,2.60609028105585E-13));
#10241=CARTESIAN_POINT('',(1.25,4.19550324218153,0.421936396417836));
#10242=CARTESIAN_POINT('',(-1.35,4.19550324218153,0.421936396417836));
#10243=CARTESIAN_POINT('',(-1.25,4.22369399889517,0.511836494202221));
#10244=CARTESIAN_POINT('',(1.25,4.22369399889517,0.511836494202221));
#10245=CARTESIAN_POINT('',(-1.25,4.30414715439474,0.541991731242525));
#10246=CARTESIAN_POINT('',(1.25,4.30414715439474,0.541991731242525));
#10247=CARTESIAN_POINT('',(-1.25,4.40037278527357,0.590877924023962));
#10248=CARTESIAN_POINT('',(1.25,4.40037278527357,0.590877924023962));
#10249=CARTESIAN_POINT('',(-1.25,4.49933837143392,0.654317963317628));
#10250=CARTESIAN_POINT('',(1.25,4.49933837143392,0.654317963317628));
#10251=CARTESIAN_POINT('',(-1.35,4.22369399424544,0.51183649245942));
#10252=CARTESIAN_POINT('',(-1.25,4.22369399424544,0.51183649245942));
#10253=CARTESIAN_POINT('',(1.25,4.22369399424546,0.51183649245943));
#10254=CARTESIAN_POINT('',(-1.25,4.18704256104439,0.49895126994507));
#10255=CARTESIAN_POINT('',(-1.25,4.19236902281032,0.500693754869156));
#10256=CARTESIAN_POINT('',(-1.25,4.20355703587278,0.504476990774442));
#10257=CARTESIAN_POINT('',(-1.25,4.2214031264089,0.510910454864749));
#10258=CARTESIAN_POINT('',(-1.25,4.24070805078865,0.518309326188024));
#10259=CARTESIAN_POINT('',(-1.25,4.26139340834576,0.526715470797544));
#10260=CARTESIAN_POINT('',(-1.25,4.2834260181891,0.536186818485117));
#10261=CARTESIAN_POINT('',(-1.25,4.30677093297042,0.546780329483686));
#10262=CARTESIAN_POINT('',(-1.25,4.33139150405843,0.558552111561835));
#10263=CARTESIAN_POINT('',(-1.25,4.3572492426625,0.571556730906482));
#10264=CARTESIAN_POINT('',(-1.25,4.38430448819023,0.585849671577264));
#10265=CARTESIAN_POINT('',(-1.25,4.41251394007429,0.601477546473112));
#10266=CARTESIAN_POINT('',(-1.25,4.44184037352565,0.618515867135603));
#10267=CARTESIAN_POINT('',(-1.25,4.4708608470067,0.63610184515089));
#10268=CARTESIAN_POINT('',(-1.25,4.49021973999972,0.648472635068343));
#10269=CARTESIAN_POINT('',(-1.25,4.49933837143392,0.654317963317628));
#10270=CARTESIAN_POINT('',(1.25,4.18704256104439,0.49895126994507));
#10271=CARTESIAN_POINT('',(1.25,4.19236902281032,0.500693754869156));
#10272=CARTESIAN_POINT('',(1.25,4.20355703587278,0.504476990774442));
#10273=CARTESIAN_POINT('',(1.25,4.2214031264089,0.510910454864749));
#10274=CARTESIAN_POINT('',(1.25,4.24070805078865,0.518309326188024));
#10275=CARTESIAN_POINT('',(1.25,4.26139340834576,0.526715470797544));
#10276=CARTESIAN_POINT('',(1.25,4.2834260181891,0.536186818485117));
#10277=CARTESIAN_POINT('',(1.25,4.30677093297042,0.546780329483686));
#10278=CARTESIAN_POINT('',(1.25,4.33139150405843,0.558552111561835));
#10279=CARTESIAN_POINT('',(1.25,4.3572492426625,0.571556730906482));
#10280=CARTESIAN_POINT('',(1.25,4.38430448819023,0.585849671577264));
#10281=CARTESIAN_POINT('',(1.25,4.41251394007429,0.601477546473112));
#10282=CARTESIAN_POINT('',(1.25,4.44184037352565,0.618515867135603));
#10283=CARTESIAN_POINT('',(1.25,4.4708608470067,0.63610184515089));
#10284=CARTESIAN_POINT('',(1.25,4.49021973999972,0.648472635068343));
#10285=CARTESIAN_POINT('',(1.25,4.49933837143392,0.654317963317628));
#10286=CARTESIAN_POINT('',(-0.05,4.24123916965268,0.465026555442949));
#10287=CARTESIAN_POINT('',(-1.25,4.24123916965268,0.465026555442949));
#10288=CARTESIAN_POINT('',(1.25,4.24123916965268,0.465026555442949));
#10289=CARTESIAN_POINT('',(-0.05,4.2452423753513,0.426938597440971));
#10290=CARTESIAN_POINT('',(-1.25,4.2452423753513,0.426938597440971));
#10291=CARTESIAN_POINT('',(1.25,4.2452423753513,0.426938597440971));
#10292=CARTESIAN_POINT('',(-1.25,4.17513787553579,0.8184077916094));
#10293=CARTESIAN_POINT('',(1.25,4.17513787553579,0.8184077916094));
#10294=CARTESIAN_POINT('',(-1.25,4.26097185404499,0.814589849222249));
#10295=CARTESIAN_POINT('',(1.25,4.26097185404499,0.814589849222249));
#10296=CARTESIAN_POINT('',(-1.25,4.36759453168668,0.797831672256602));
#10297=CARTESIAN_POINT('',(1.25,4.36759453168668,0.797831672256602));
#10298=CARTESIAN_POINT('',(-1.25,4.48132044755901,0.76807865747418));
#10299=CARTESIAN_POINT('',(1.25,4.48132044755901,0.76807865747418));
#10300=CARTESIAN_POINT('',(-1.25,4.13629853346441,0.819336450938921));
#10301=CARTESIAN_POINT('',(-1.25,4.14190275708967,0.819325216502883));
#10302=CARTESIAN_POINT('',(-1.25,4.15371227400559,0.819184431512069));
#10303=CARTESIAN_POINT('',(-1.25,4.17267296443696,0.818580588825447));
#10304=CARTESIAN_POINT('',(-1.25,4.193319415543,0.817509393748684));
#10305=CARTESIAN_POINT('',(-1.25,4.21559000118109,0.815906802160746));
#10306=CARTESIAN_POINT('',(-1.25,4.23947106573868,0.813707466096408));
#10307=CARTESIAN_POINT('',(-1.25,4.26494697399246,0.810846413830438));
#10308=CARTESIAN_POINT('',(-1.25,4.29200020927685,0.807258958654018));
#10309=CARTESIAN_POINT('',(-1.25,4.32061102845578,0.802881311349117));
#10310=CARTESIAN_POINT('',(-1.25,4.35075885758176,0.797648447642206));
#10311=CARTESIAN_POINT('',(-1.25,4.382416919546,0.791502655420843));
#10312=CARTESIAN_POINT('',(-1.25,4.41557314581993,0.784360615848929));
#10313=CARTESIAN_POINT('',(-1.25,4.44860762229948,0.776603176352521));
#10314=CARTESIAN_POINT('',(-1.25,4.47084180794708,0.770820082916936));
#10315=CARTESIAN_POINT('',(-1.25,4.48132044755901,0.76807865747418));
#10316=CARTESIAN_POINT('',(-1.25,4.17513787057505,0.818407791830056));
#10317=CARTESIAN_POINT('',(1.25,4.17513787057505,0.818407791830056));
#10318=CARTESIAN_POINT('',(1.25,4.17513787057507,0.818407791830055));
#10319=CARTESIAN_POINT('',(1.25,4.13629853346441,0.819336450938921));
#10320=CARTESIAN_POINT('',(1.25,4.14190275708967,0.819325216502883));
#10321=CARTESIAN_POINT('',(1.25,4.15371227400559,0.819184431512069));
#10322=CARTESIAN_POINT('',(1.25,4.17267296443696,0.818580588825447));
#10323=CARTESIAN_POINT('',(1.25,4.193319415543,0.817509393748684));
#10324=CARTESIAN_POINT('',(1.25,4.21559000118109,0.815906802160746));
#10325=CARTESIAN_POINT('',(1.25,4.23947106573868,0.813707466096408));
#10326=CARTESIAN_POINT('',(1.25,4.26494697399246,0.810846413830438));
#10327=CARTESIAN_POINT('',(1.25,4.29200020927685,0.807258958654018));
#10328=CARTESIAN_POINT('',(1.25,4.32061102845578,0.802881311349117));
#10329=CARTESIAN_POINT('',(1.25,4.35075885758176,0.797648447642206));
#10330=CARTESIAN_POINT('',(1.25,4.382416919546,0.791502655420843));
#10331=CARTESIAN_POINT('',(1.25,4.41557314581993,0.784360615848929));
#10332=CARTESIAN_POINT('',(1.25,4.44860762229948,0.776603176352521));
#10333=CARTESIAN_POINT('',(1.25,4.47084180794708,0.770820082916936));
#10334=CARTESIAN_POINT('',(1.25,4.48132044755901,0.76807865747418));
#10335=CARTESIAN_POINT('',(-1.35,2.43380523149803E-12,5.17847773131371E-13));
#10336=CARTESIAN_POINT('',(-1.25,2.43380523149803E-12,5.17847773131371E-13));
#10337=CARTESIAN_POINT('',(-1.25,4.12054621465262,0.895196442514006));
#10338=CARTESIAN_POINT('',(-1.25,4.12841547332386,0.858174491230021));
#10339=CARTESIAN_POINT('',(-1.35,4.12054621465262,0.895196442514006));
#10340=CARTESIAN_POINT('',(1.25,4.12054621465262,0.895196442514006));
#10341=CARTESIAN_POINT('',(1.25,2.43380523149803E-12,5.17847773131371E-13));
#10342=CARTESIAN_POINT('',(1.25,4.12841547332386,0.858174491230021));
#10343=CARTESIAN_POINT('',(-1.35,4.12841547332386,0.858174491230021));
#10344=CARTESIAN_POINT('',(-1.25,4.14705467905356,0.950528843349968));
#10345=CARTESIAN_POINT('',(1.25,4.14705467905356,0.950528843349968));
#10346=CARTESIAN_POINT('',(-1.25000000000001,4.22391502316203,0.988928531555971));
#10347=CARTESIAN_POINT('',(1.24999999999999,4.22391502316203,0.988928531555971));
#10348=CARTESIAN_POINT('',(-1.25,4.31450352136021,1.04760523798103));
#10349=CARTESIAN_POINT('',(1.25,4.31450352136021,1.04760523798103));
#10350=CARTESIAN_POINT('',(-1.25,4.40629567386765,1.12104246673933));
#10351=CARTESIAN_POINT('',(1.25,4.40629567386765,1.12104246673933));
#10352=CARTESIAN_POINT('',(-1.35,4.14705467461147,0.950528841130686));
#10353=CARTESIAN_POINT('',(-1.25,4.14705467461147,0.950528841130686));
#10354=CARTESIAN_POINT('',(1.25,4.1470546746115,0.950528841130699));
#10355=CARTESIAN_POINT('',(-1.25,4.11195089430469,0.93388308722441));
#10356=CARTESIAN_POINT('',(-1.25,4.11706603788437,0.936172793496809));
#10357=CARTESIAN_POINT('',(-1.25,4.1277973060053,0.941104770252398));
#10358=CARTESIAN_POINT('',(-1.25,4.14487315367534,0.94936841557235));
#10359=CARTESIAN_POINT('',(-1.25,4.1632989310101,0.958744669183273));
#10360=CARTESIAN_POINT('',(-1.25,4.18299229063612,0.969266972690658));
#10361=CARTESIAN_POINT('',(-1.25,4.20391417811858,0.980989470193295));
#10362=CARTESIAN_POINT('',(-1.25,4.22602388358882,0.993965156897403));
#10363=CARTESIAN_POINT('',(-1.25,4.24927909432176,1.00824600238223));
#10364=CARTESIAN_POINT('',(-1.25,4.27363582865274,1.02388225074127));
#10365=CARTESIAN_POINT('',(-1.25,4.29904884359074,1.0409249364259));
#10366=CARTESIAN_POINT('',(-1.25,4.32547020339878,1.05941589084297));
#10367=CARTESIAN_POINT('',(-1.25,4.3528549941037,1.07942632082391));
#10368=CARTESIAN_POINT('',(-1.25,4.37987825513757,1.09994942650785));
#10369=CARTESIAN_POINT('',(-1.25,4.39783799842974,1.11427600327888));
#10370=CARTESIAN_POINT('',(-1.25,4.40629567386765,1.12104246673933));
#10371=CARTESIAN_POINT('',(1.25,4.11195089430469,0.93388308722441));
#10372=CARTESIAN_POINT('',(1.25,4.11706603788437,0.936172793496809));
#10373=CARTESIAN_POINT('',(1.25,4.1277973060053,0.941104770252398));
#10374=CARTESIAN_POINT('',(1.25,4.14487315367534,0.94936841557235));
#10375=CARTESIAN_POINT('',(1.25,4.1632989310101,0.958744669183273));
#10376=CARTESIAN_POINT('',(1.25,4.18299229063612,0.969266972690658));
#10377=CARTESIAN_POINT('',(1.25,4.20391417811858,0.980989470193295));
#10378=CARTESIAN_POINT('',(1.25,4.22602388358882,0.993965156897403));
#10379=CARTESIAN_POINT('',(1.25,4.24927909432176,1.00824600238223));
#10380=CARTESIAN_POINT('',(1.25,4.27363582865274,1.02388225074127));
#10381=CARTESIAN_POINT('',(1.25,4.29904884359074,1.0409249364259));
#10382=CARTESIAN_POINT('',(1.25,4.32547020339878,1.05941589084297));
#10383=CARTESIAN_POINT('',(1.25,4.3528549941037,1.07942632082391));
#10384=CARTESIAN_POINT('',(1.25,4.37987825513757,1.09994942650785));
#10385=CARTESIAN_POINT('',(1.25,4.39783799842974,1.11427600327888));
#10386=CARTESIAN_POINT('',(1.25,4.40629567386765,1.12104246673933));
#10387=CARTESIAN_POINT('',(-0.05,4.16939670649404,0.905809304070077));
#10388=CARTESIAN_POINT('',(-1.25,4.16939670649404,0.905809304070077));
#10389=CARTESIAN_POINT('',(1.25,4.16939670649404,0.905809304070077));
#10390=CARTESIAN_POINT('',(-0.05,4.17735925793194,0.868348444827064));
#10391=CARTESIAN_POINT('',(-1.25,4.17735925793194,0.868348444827064));
#10392=CARTESIAN_POINT('',(1.25,4.17735925793194,0.868348444827064));
#10393=CARTESIAN_POINT('',(-1.25,4.06671912461851,1.25034521415587));
#10394=CARTESIAN_POINT('',(1.25,4.06671912461851,1.25034521415587));
#10395=CARTESIAN_POINT('',(-1.25,4.15248197926307,1.25552028072631));
#10396=CARTESIAN_POINT('',(1.25,4.15248197926307,1.25552028072631));
#10397=CARTESIAN_POINT('',(-1.25,4.26027227320586,1.2499990114509));
#10398=CARTESIAN_POINT('',(1.25,4.26027227320586,1.2499990114509));
#10399=CARTESIAN_POINT('',(-1.25,4.37648522352453,1.23229658201639));
#10400=CARTESIAN_POINT('',(1.25,4.37648522352453,1.23229658201639));
#10401=CARTESIAN_POINT('',(-1.25,4.02799547719421,1.24720896945137));
#10402=CARTESIAN_POINT('',(-1.25,4.03357017461441,1.24778359744211));
#10403=CARTESIAN_POINT('',(-1.25,4.04532971379976,1.24887801434136));
#10404=CARTESIAN_POINT('',(-1.25,4.06424965433315,1.25025941140144));
#10405=CARTESIAN_POINT('',(-1.25,4.08489497239498,1.25135222624943));
#10406=CARTESIAN_POINT('',(-1.25,4.10721107387067,1.25208632391871));
#10407=CARTESIAN_POINT('',(-1.25,4.13119120867691,1.25239528702686));
#10408=CARTESIAN_POINT('',(-1.25,4.15682661863638,1.25221286544467));
#10409=CARTESIAN_POINT('',(-1.25,4.18410664464389,1.25147289583377));
#10410=CARTESIAN_POINT('',(-1.25,4.21301831950727,1.25010987470045));
#10411=CARTESIAN_POINT('',(-1.25,4.24354797887264,1.24805698341784));
#10412=CARTESIAN_POINT('',(-1.25,4.27567502487747,1.24525402705646));
#10413=CARTESIAN_POINT('',(-1.25,4.30939616429573,1.24161688170478));
#10414=CARTESIAN_POINT('',(-1.25,4.34306054768612,1.23735498133486));
#10415=CARTESIAN_POINT('',(-1.25,4.3657774300081,1.23392767354797));
#10416=CARTESIAN_POINT('',(-1.25,4.37648522352453,1.23229658201639));
#10417=CARTESIAN_POINT('',(-1.25,4.06671911966188,1.25034521385678));
#10418=CARTESIAN_POINT('',(1.25,4.06671911966188,1.25034521385678));
#10419=CARTESIAN_POINT('',(1.25,4.06671911966191,1.25034521385678));
#10420=CARTESIAN_POINT('',(1.25,4.02799547719421,1.24720896945137));
#10421=CARTESIAN_POINT('',(1.25,4.03357017461441,1.24778359744211));
#10422=CARTESIAN_POINT('',(1.25,4.04532971379976,1.24887801434136));
#10423=CARTESIAN_POINT('',(1.25,4.06424965433315,1.25025941140144));
#10424=CARTESIAN_POINT('',(1.25,4.08489497239498,1.25135222624943));
#10425=CARTESIAN_POINT('',(1.25,4.10721107387067,1.25208632391871));
#10426=CARTESIAN_POINT('',(1.25,4.13119120867691,1.25239528702686));
#10427=CARTESIAN_POINT('',(1.25,4.15682661863638,1.25221286544467));
#10428=CARTESIAN_POINT('',(1.25,4.18410664464389,1.25147289583377));
#10429=CARTESIAN_POINT('',(1.25,4.21301831950727,1.25010987470045));
#10430=CARTESIAN_POINT('',(1.25,4.24354797887264,1.24805698341784));
#10431=CARTESIAN_POINT('',(1.25,4.27567502487747,1.24525402705646));
#10432=CARTESIAN_POINT('',(1.25,4.30939616429573,1.24161688170478));
#10433=CARTESIAN_POINT('',(1.25,4.34306054768612,1.23735498133486));
#10434=CARTESIAN_POINT('',(1.25,4.3657774300081,1.23392767354797));
#10435=CARTESIAN_POINT('',(1.25,4.37648522352453,1.23229658201639));
#10436=CARTESIAN_POINT('',(-1.35,2.36634275985463E-12,7.69412869588114E-13));
#10437=CARTESIAN_POINT('',(-1.25,2.36634275985463E-12,7.69412869588114E-13));
#10438=CARTESIAN_POINT('',(-1.25,4.00439992289023,1.32100682637695));
#10439=CARTESIAN_POINT('',(-1.25,4.01609592061398,1.28501024673173));
#10440=CARTESIAN_POINT('',(-1.35,4.00439992289023,1.32100682637695));
#10441=CARTESIAN_POINT('',(1.25,4.00439992289023,1.32100682637695));
#10442=CARTESIAN_POINT('',(1.25,2.36634275985463E-12,7.69412869588114E-13));
#10443=CARTESIAN_POINT('',(1.25,4.01609592061397,1.28501024673173));
#10444=CARTESIAN_POINT('',(-1.35,4.01609592061398,1.28501024673173));
#10445=CARTESIAN_POINT('',(-1.25,4.02497936032126,1.37880699957902));
#10446=CARTESIAN_POINT('',(1.25,4.02497936032126,1.37880699957902));
#10447=CARTESIAN_POINT('',(-1.25,4.09740479502456,1.42503042393109));
#10448=CARTESIAN_POINT('',(1.25,4.09740479502456,1.42503042393109));
#10449=CARTESIAN_POINT('',(-1.25,4.18136365399893,1.49285476972527));
#10450=CARTESIAN_POINT('',(1.25,4.18136365399893,1.49285476972527));
#10451=CARTESIAN_POINT('',(-1.25,4.26497667882184,1.57548459430222));
#10452=CARTESIAN_POINT('',(1.25,4.26497667882184,1.57548459430222));
#10453=CARTESIAN_POINT('',(-1.35,4.02497935613548,1.37880699690757));
#10454=CARTESIAN_POINT('',(-1.25,4.02497935613548,1.37880699690757));
#10455=CARTESIAN_POINT('',(1.25,4.02497935613551,1.37880699690759));
#10456=CARTESIAN_POINT('',(-1.25,3.99180783308595,1.35858308597252));
#10457=CARTESIAN_POINT('',(-1.25,3.9966556158959,1.36139492709216));
#10458=CARTESIAN_POINT('',(-1.25,4.0068125650561,1.36742160892863));
#10459=CARTESIAN_POINT('',(-1.25,4.02293108329965,1.37742489725082));
#10460=CARTESIAN_POINT('',(-1.25,4.04027583691709,1.38867580495272));
#10461=CARTESIAN_POINT('',(-1.25,4.05876143404286,1.40119898279882));
#10462=CARTESIAN_POINT('',(-1.25,4.07834337458699,1.41504419598079));
#10463=CARTESIAN_POINT('',(-1.25,4.09897563218627,1.43025989405157));
#10464=CARTESIAN_POINT('',(-1.25,4.12061069360888,1.44689333901148));
#10465=CARTESIAN_POINT('',(-1.25,4.14319956618847,1.46498990237579));
#10466=CARTESIAN_POINT('',(-1.25,4.16669192022707,1.48459560984351));
#10467=CARTESIAN_POINT('',(-1.25,4.191035710012,1.50574705301571));
#10468=CARTESIAN_POINT('',(-1.25,4.21617882447289,1.52851035385679));
#10469=CARTESIAN_POINT('',(-1.25,4.2409088005567,1.55174573176877));
#10470=CARTESIAN_POINT('',(-1.25,4.25727262344219,1.56787113042025));
#10471=CARTESIAN_POINT('',(-1.25,4.26497667882184,1.57548459430222));
#10472=CARTESIAN_POINT('',(1.25,3.99180783308595,1.35858308597252));
#10473=CARTESIAN_POINT('',(1.25,3.9966556158959,1.36139492709216));
#10474=CARTESIAN_POINT('',(1.25,4.0068125650561,1.36742160892863));
#10475=CARTESIAN_POINT('',(1.25,4.02293108329965,1.37742489725082));
#10476=CARTESIAN_POINT('',(1.25,4.04027583691709,1.38867580495272));
#10477=CARTESIAN_POINT('',(1.25,4.05876143404286,1.40119898279882));
#10478=CARTESIAN_POINT('',(1.25,4.07834337458699,1.41504419598079));
#10479=CARTESIAN_POINT('',(1.25,4.09897563218627,1.43025989405157));
#10480=CARTESIAN_POINT('',(1.25,4.12061069360888,1.44689333901148));
#10481=CARTESIAN_POINT('',(1.25,4.14319956618847,1.46498990237579));
#10482=CARTESIAN_POINT('',(1.25,4.16669192022707,1.48459560984351));
#10483=CARTESIAN_POINT('',(1.25,4.191035710012,1.50574705301571));
#10484=CARTESIAN_POINT('',(1.25,4.21617882447289,1.52851035385679));
#10485=CARTESIAN_POINT('',(1.25,4.2409088005567,1.55174573176877));
#10486=CARTESIAN_POINT('',(1.25,4.25727262344219,1.56787113042025));
#10487=CARTESIAN_POINT('',(1.25,4.26497667882184,1.57548459430222));
#10488=CARTESIAN_POINT('',(-0.05,4.05187346051671,1.33666781640903));
#10489=CARTESIAN_POINT('',(-1.25,4.05187346051671,1.33666781640903));
#10490=CARTESIAN_POINT('',(1.25,4.05187346051671,1.33666781640903));
#10491=CARTESIAN_POINT('',(-0.05,4.06370811831404,1.30024448493803));
#10492=CARTESIAN_POINT('',(-1.25,4.06370811831404,1.30024448493803));
#10493=CARTESIAN_POINT('',(1.25,4.06370811831404,1.30024448493803));
#10494=CARTESIAN_POINT('',(-1.25,1.79197865778679,3.85880552543622));
#10495=CARTESIAN_POINT('',(1.25,1.79197865778679,3.85880552543622));
#10496=CARTESIAN_POINT('',(-1.25,1.84551938477484,3.92600254251571));
#10497=CARTESIAN_POINT('',(1.25,1.84551938477484,3.92600254251571));
#10498=CARTESIAN_POINT('',(-1.25,1.92174827221247,4.00241189143786));
#10499=CARTESIAN_POINT('',(1.25,1.92174827221247,4.00241189143786));
#10500=CARTESIAN_POINT('',(-1.25,2.01266538295859,4.07692970677911));
#10501=CARTESIAN_POINT('',(1.25,2.01266538295859,4.07692970677911));
#10502=CARTESIAN_POINT('',(-1.25,1.76839816412892,3.82792968990842));
#10503=CARTESIAN_POINT('',(-1.25,1.77170133297607,3.83245699862573));
#10504=CARTESIAN_POINT('',(-1.25,1.77875669030607,3.84192834716471));
#10505=CARTESIAN_POINT('',(-1.25,1.79039002351032,3.85691293812288));
#10506=CARTESIAN_POINT('',(-1.25,1.80339231800402,3.87298663527274));
#10507=CARTESIAN_POINT('',(-1.25,1.81777916363169,3.89006193782781));
#10508=CARTESIAN_POINT('',(-1.25,1.83359540144008,3.90808938759521));
#10509=CARTESIAN_POINT('',(-1.25,1.85088440450537,3.92701814599168));
#10510=CARTESIAN_POINT('',(-1.25,1.86968820943661,3.94679601984361));
#10511=CARTESIAN_POINT('',(-1.25,1.89004681807105,3.9673695422568));
#10512=CARTESIAN_POINT('',(-1.25,1.91200074308806,3.98868384824905));
#10513=CARTESIAN_POINT('',(-1.25,1.93558093537779,4.01068335235572));
#10514=CARTESIAN_POINT('',(-1.25,1.96084770759145,4.03330931734901));
#10515=CARTESIAN_POINT('',(-1.25,1.98654078606877,4.05547506168971));
#10516=CARTESIAN_POINT('',(-1.25,2.00428833335861,4.07006367870064));
#10517=CARTESIAN_POINT('',(-1.25,2.01266538295858,4.07692970677911));
#10518=CARTESIAN_POINT('',(-1.25,1.79197865469243,3.85880552155259));
#10519=CARTESIAN_POINT('',(1.25,1.79197865469243,3.85880552155259));
#10520=CARTESIAN_POINT('',(1.25,1.79197865469244,3.85880552155262));
#10521=CARTESIAN_POINT('',(1.25,1.76839816412892,3.82792968990842));
#10522=CARTESIAN_POINT('',(1.25,1.77170133297607,3.83245699862573));
#10523=CARTESIAN_POINT('',(1.25,1.77875669030607,3.84192834716471));
#10524=CARTESIAN_POINT('',(1.25,1.79039002351032,3.85691293812288));
#10525=CARTESIAN_POINT('',(1.25,1.80339231800402,3.87298663527274));
#10526=CARTESIAN_POINT('',(1.25,1.81777916363169,3.89006193782781));
#10527=CARTESIAN_POINT('',(1.25,1.83359540144008,3.90808938759521));
#10528=CARTESIAN_POINT('',(1.25,1.85088440450537,3.92701814599168));
#10529=CARTESIAN_POINT('',(1.25,1.86968820943661,3.94679601984361));
#10530=CARTESIAN_POINT('',(1.25,1.89004681807105,3.9673695422568));
#10531=CARTESIAN_POINT('',(1.25,1.91200074308806,3.98868384824905));
#10532=CARTESIAN_POINT('',(1.25,1.93558093537779,4.01068335235572));
#10533=CARTESIAN_POINT('',(1.25,1.96084770759145,4.03330931734901));
#10534=CARTESIAN_POINT('',(1.25,1.98654078606877,4.05547506168971));
#10535=CARTESIAN_POINT('',(1.25,2.00428833335861,4.07006367870064));
#10536=CARTESIAN_POINT('',(1.25,2.01266538295858,4.07692970677911));
#10537=CARTESIAN_POINT('',(-1.35,1.01160717306431E-12,2.27337307725967E-12));
#10538=CARTESIAN_POINT('',(-1.25,1.01160717306431E-12,2.27337307725967E-12));
#10539=CARTESIAN_POINT('',(-1.25,1.69776716106456,3.85977518057575));
#10540=CARTESIAN_POINT('',(-1.25,1.73234398301165,3.8443805875981));
#10541=CARTESIAN_POINT('',(-1.35,1.69776716106456,3.85977518057575));
#10542=CARTESIAN_POINT('',(1.25,1.69776716106456,3.85977518057575));
#10543=CARTESIAN_POINT('',(1.25,1.01160717306431E-12,2.27337307725967E-12));
#10544=CARTESIAN_POINT('',(1.25,1.73234398301165,3.8443805875981));
#10545=CARTESIAN_POINT('',(-1.35,1.73234398301165,3.8443805875981));
#10546=CARTESIAN_POINT('',(-1.25,1.66858359288449,3.91374454795621));
#10547=CARTESIAN_POINT('',(1.25,1.66858359288449,3.91374454795621));
#10548=CARTESIAN_POINT('',(-1.25,1.68269496930022,3.99849664295358));
#10549=CARTESIAN_POINT('',(1.25,1.68269496930022,3.99849664295358));
#10550=CARTESIAN_POINT('',(-1.25,1.68847109989658,4.10627358018055));
#10551=CARTESIAN_POINT('',(1.25,1.68847109989658,4.10627358018055));
#10552=CARTESIAN_POINT('',(-1.25,1.6830132073314,4.2237003115427));
#10553=CARTESIAN_POINT('',(1.25,1.6830132073314,4.2237003115427));
#10554=CARTESIAN_POINT('',(-1.35,1.66858359206894,3.91374454305802));
#10555=CARTESIAN_POINT('',(-1.25,1.66858359206894,3.91374454305802));
#10556=CARTESIAN_POINT('',(1.25,1.66858359206894,3.91374454305805));
#10557=CARTESIAN_POINT('',(-1.25,1.66141680549926,3.87556085956364));
#10558=CARTESIAN_POINT('',(-1.25,1.66257100017225,3.88104495322726));
#10559=CARTESIAN_POINT('',(-1.25,1.664888628301,3.89262567470987));
#10560=CARTESIAN_POINT('',(-1.25,1.66824013023251,3.91129757451754));
#10561=CARTESIAN_POINT('',(-1.25,1.6714849818971,3.93171556511017));
#10562=CARTESIAN_POINT('',(-1.25,1.67454772589592,3.95383268254575));
#10563=CARTESIAN_POINT('',(-1.25,1.67736160311208,3.97764915622554));
#10564=CARTESIAN_POINT('',(-1.25,1.67985981086271,4.00316320097463));
#10565=CARTESIAN_POINT('',(-1.25,1.68197543407922,4.0303711320316));
#10566=CARTESIAN_POINT('',(-1.25,1.68364197266224,4.05926690021947));
#10567=CARTESIAN_POINT('',(-1.25,1.68479154571043,4.0898439004875));
#10568=CARTESIAN_POINT('',(-1.25,1.6853621349855,4.12208793989386));
#10569=CARTESIAN_POINT('',(-1.25,1.68526973317963,4.15600453659637));
#10570=CARTESIAN_POINT('',(-1.25,1.68455006620852,4.18992999286847));
#10571=CARTESIAN_POINT('',(-1.25,1.68351609437163,4.21288068094829));
#10572=CARTESIAN_POINT('',(-1.25,1.6830132073314,4.2237003115427));
#10573=CARTESIAN_POINT('',(1.25,1.66141680549926,3.87556085956364));
#10574=CARTESIAN_POINT('',(1.25,1.66257100017225,3.88104495322726));
#10575=CARTESIAN_POINT('',(1.25,1.664888628301,3.89262567470987));
#10576=CARTESIAN_POINT('',(1.25,1.66824013023251,3.91129757451754));
#10577=CARTESIAN_POINT('',(1.25,1.6714849818971,3.93171556511017));
#10578=CARTESIAN_POINT('',(1.25,1.67454772589592,3.95383268254575));
#10579=CARTESIAN_POINT('',(1.25,1.67736160311208,3.97764915622554));
#10580=CARTESIAN_POINT('',(1.25,1.67985981086271,4.00316320097463));
#10581=CARTESIAN_POINT('',(1.25,1.68197543407922,4.0303711320316));
#10582=CARTESIAN_POINT('',(1.25,1.68364197266224,4.05926690021947));
#10583=CARTESIAN_POINT('',(1.25,1.68479154571043,4.0898439004875));
#10584=CARTESIAN_POINT('',(1.25,1.6853621349855,4.12208793989386));
#10585=CARTESIAN_POINT('',(1.25,1.68526973317963,4.15600453659637));
#10586=CARTESIAN_POINT('',(1.25,1.68455006620852,4.18992999286847));
#10587=CARTESIAN_POINT('',(1.25,1.68351609437163,4.21288068094829));
#10588=CARTESIAN_POINT('',(1.25,1.6830132073314,4.2237003115427));
#10589=CARTESIAN_POINT('',(-0.05,1.71789477437837,3.90553414216632));
#10590=CARTESIAN_POINT('',(-1.25,1.71789477437837,3.90553414216632));
#10591=CARTESIAN_POINT('',(1.25,1.71789477437837,3.90553414216632));
#10592=CARTESIAN_POINT('',(-0.05,1.75288151643567,3.88995704099691));
#10593=CARTESIAN_POINT('',(-1.25,1.75288151643567,3.88995704099691));
#10594=CARTESIAN_POINT('',(1.25,1.75288151643567,3.88995704099691));
#10595=CARTESIAN_POINT('',(-1.25,2.18551702282419,3.65035380970751));
#10596=CARTESIAN_POINT('',(1.25,2.18551702282419,3.65035380970751));
#10597=CARTESIAN_POINT('',(-1.25,2.24578844903923,3.71158618458222));
#10598=CARTESIAN_POINT('',(1.25,2.24578844903923,3.71158618458222));
#10599=CARTESIAN_POINT('',(-1.25,2.32958669847764,3.77960886663565));
#10600=CARTESIAN_POINT('',(1.25,2.32958669847764,3.77960886663565));
#10601=CARTESIAN_POINT('',(-1.25,2.42779498850195,3.84421503971651));
#10602=CARTESIAN_POINT('',(1.25,2.42779498850195,3.84421503971651));
#10603=CARTESIAN_POINT('',(-1.25,2.15883830193802,3.62211194800248));
#10604=CARTESIAN_POINT('',(-1.25,2.16259660830357,3.62626918048542));
#10605=CARTESIAN_POINT('',(-1.25,2.17060334115576,3.6349511583266));
#10606=CARTESIAN_POINT('',(-1.25,2.18373926200905,3.64863764768511));
#10607=CARTESIAN_POINT('',(-1.25,2.19835048743517,3.66326418157778));
#10608=CARTESIAN_POINT('',(-1.25,2.21444337555308,3.6787421089741));
#10609=CARTESIAN_POINT('',(-1.25,2.23205735197669,3.69501755545265));
#10610=CARTESIAN_POINT('',(-1.25,2.25123023810096,3.71203542720823));
#10611=CARTESIAN_POINT('',(-1.25,2.27199838458176,3.72973942296477));
#10612=CARTESIAN_POINT('',(-1.25,2.29439598530979,3.7480721873947));
#10613=CARTESIAN_POINT('',(-1.25,2.31845759607948,3.76697492134385));
#10614=CARTESIAN_POINT('',(-1.25,2.34420818796552,3.78638910860158));
#10615=CARTESIAN_POINT('',(-1.25,2.37170160350798,3.80625002932002));
#10616=CARTESIAN_POINT('',(-1.25,2.39957088380621,3.82560868938413));
#10617=CARTESIAN_POINT('',(-1.25,2.41874613389239,3.83826226457967));
#10618=CARTESIAN_POINT('',(-1.25,2.42779498850195,3.84421503971651));
#10619=CARTESIAN_POINT('',(-1.25,2.18551701934083,3.65035380616861));
#10620=CARTESIAN_POINT('',(1.25,2.18551701934083,3.65035380616861));
#10621=CARTESIAN_POINT('',(1.25,2.18551701934085,3.65035380616863));
#10622=CARTESIAN_POINT('',(1.25,2.15883830193802,3.62211194800248));
#10623=CARTESIAN_POINT('',(1.25,2.16259660830357,3.62626918048542));
#10624=CARTESIAN_POINT('',(1.25,2.17060334115576,3.6349511583266));
#10625=CARTESIAN_POINT('',(1.25,2.18373926200905,3.64863764768511));
#10626=CARTESIAN_POINT('',(1.25,2.19835048743517,3.66326418157778));
#10627=CARTESIAN_POINT('',(1.25,2.21444337555308,3.6787421089741));
#10628=CARTESIAN_POINT('',(1.25,2.23205735197669,3.69501755545265));
#10629=CARTESIAN_POINT('',(1.25,2.25123023810096,3.71203542720823));
#10630=CARTESIAN_POINT('',(1.25,2.27199838458176,3.72973942296477));
#10631=CARTESIAN_POINT('',(1.25,2.29439598530979,3.7480721873947));
#10632=CARTESIAN_POINT('',(1.25,2.31845759607948,3.76697492134385));
#10633=CARTESIAN_POINT('',(1.25,2.34420818796552,3.78638910860158));
#10634=CARTESIAN_POINT('',(1.25,2.37170160350798,3.80625002932002));
#10635=CARTESIAN_POINT('',(1.25,2.39957088380621,3.82560868938413));
#10636=CARTESIAN_POINT('',(1.25,2.41874613389239,3.83826226457967));
#10637=CARTESIAN_POINT('',(1.25,2.42779498850195,3.84421503971651));
#10638=CARTESIAN_POINT('',(-1.35,1.24369767732407E-12,2.15517755844455E-12));
#10639=CARTESIAN_POINT('',(-1.25,1.24369767732407E-12,2.15517755844455E-12));
#10640=CARTESIAN_POINT('',(-1.25,2.09192298310015,3.66116593594925));
#10641=CARTESIAN_POINT('',(-1.25,2.1247012164522,3.64224141409988));
#10642=CARTESIAN_POINT('',(-1.35,2.09192298310015,3.66116593594925));
#10643=CARTESIAN_POINT('',(1.25,2.09192298310015,3.66116593594925));
#10644=CARTESIAN_POINT('',(1.25,1.24369767732407E-12,2.15517755844455E-12));
#10645=CARTESIAN_POINT('',(1.25,2.1247012164522,3.64224141409988));
#10646=CARTESIAN_POINT('',(-1.35,2.1247012164522,3.64224141409988));
#10647=CARTESIAN_POINT('',(-1.25,2.06854062059591,3.71789016702281));
#10648=CARTESIAN_POINT('',(1.25,2.06854062059591,3.71789016702281));
#10649=CARTESIAN_POINT('',(-1.25,2.09143369966393,3.80070294068473));
#10650=CARTESIAN_POINT('',(1.25,2.09143369966393,3.80070294068473));
#10651=CARTESIAN_POINT('',(-1.25,2.10844394563655,3.90728569451779));
#10652=CARTESIAN_POINT('',(1.25,2.10844394563655,3.90728569451779));
#10653=CARTESIAN_POINT('',(-1.25,2.11529038775373,4.02463965508149));
#10654=CARTESIAN_POINT('',(1.25,2.11529038775373,4.02463965508149));
#10655=CARTESIAN_POINT('',(-1.35,2.06854061927282,3.71789016223671));
#10656=CARTESIAN_POINT('',(-1.25,2.06854061927282,3.71789016223671));
#10657=CARTESIAN_POINT('',(1.25,2.06854061927283,3.71789016223674));
#10658=CARTESIAN_POINT('',(-1.25,2.05742181135228,3.68066478614243));
#10659=CARTESIAN_POINT('',(-1.25,2.05914292710916,3.68599819117167));
#10660=CARTESIAN_POINT('',(-1.25,2.06265837404862,3.69727321414357));
#10661=CARTESIAN_POINT('',(-1.25,2.06794326109507,3.71549249998387));
#10662=CARTESIAN_POINT('',(-1.25,2.07330459830239,3.73545945932965));
#10663=CARTESIAN_POINT('',(-1.25,2.07866243256658,3.75713527295818));
#10664=CARTESIAN_POINT('',(-1.25,2.08395039446313,3.78052714724196));
#10665=CARTESIAN_POINT('',(-1.25,2.08910186065967,3.80564028956724));
#10666=CARTESIAN_POINT('',(-1.25,2.09404989749292,3.83247802988739));
#10667=CARTESIAN_POINT('',(-1.25,2.09872773684683,3.86104130331666));
#10668=CARTESIAN_POINT('',(-1.25,2.10306717926293,3.89133063647375));
#10669=CARTESIAN_POINT('',(-1.25,2.10700506267893,3.92333839683842));
#10670=CARTESIAN_POINT('',(-1.25,2.1104584167924,3.95707885349422));
#10671=CARTESIAN_POINT('',(-1.25,2.11328886804204,3.99089368824972));
#10672=CARTESIAN_POINT('',(-1.25,2.11465956056698,4.01382672954604));
#10673=CARTESIAN_POINT('',(-1.25,2.11529038775373,4.02463965508149));
#10674=CARTESIAN_POINT('',(1.25,2.05742181135228,3.68066478614243));
#10675=CARTESIAN_POINT('',(1.25,2.05914292710916,3.68599819117167));
#10676=CARTESIAN_POINT('',(1.25,2.06265837404862,3.69727321414357));
#10677=CARTESIAN_POINT('',(1.25,2.06794326109507,3.71549249998387));
#10678=CARTESIAN_POINT('',(1.25,2.07330459830239,3.73545945932965));
#10679=CARTESIAN_POINT('',(1.25,2.07866243256658,3.75713527295818));
#10680=CARTESIAN_POINT('',(1.25,2.08395039446313,3.78052714724196));
#10681=CARTESIAN_POINT('',(1.25,2.08910186065967,3.80564028956724));
#10682=CARTESIAN_POINT('',(1.25,2.09404989749292,3.83247802988739));
#10683=CARTESIAN_POINT('',(1.25,2.09872773684683,3.86104130331666));
#10684=CARTESIAN_POINT('',(1.25,2.10306717926293,3.89133063647375));
#10685=CARTESIAN_POINT('',(1.25,2.10700506267893,3.92333839683842));
#10686=CARTESIAN_POINT('',(1.25,2.1104584167924,3.95707885349422));
#10687=CARTESIAN_POINT('',(1.25,2.11328886804204,3.99089368824972));
#10688=CARTESIAN_POINT('',(1.25,2.11465956056698,4.01382672954604));
#10689=CARTESIAN_POINT('',(1.25,2.11529038775373,4.02463965508149));
#10690=CARTESIAN_POINT('',(-0.05,2.11672344917803,3.70457031667144));
#10691=CARTESIAN_POINT('',(-1.25,2.11672344917803,3.70457031667144));
#10692=CARTESIAN_POINT('',(1.25,2.11672344917803,3.70457031667144));
#10693=CARTESIAN_POINT('',(-0.05,2.14989027975421,3.68542143811011));
#10694=CARTESIAN_POINT('',(-1.25,2.14989027975421,3.68542143811011));
#10695=CARTESIAN_POINT('',(1.25,2.14989027975421,3.68542143811011));
#10696=CARTESIAN_POINT('',(-1.25,2.89670946489771,3.11619028126854));
#10697=CARTESIAN_POINT('',(1.25,2.89670946489771,3.11619028126854));
#10698=CARTESIAN_POINT('',(-1.25,2.96839474243576,3.16355344770709));
#10699=CARTESIAN_POINT('',(1.25,2.96839474243576,3.16355344770709));
#10700=CARTESIAN_POINT('',(-1.25,3.06450450990934,3.21266703522483));
#10701=CARTESIAN_POINT('',(1.25,3.06450450990934,3.21266703522483));
#10702=CARTESIAN_POINT('',(-1.25,3.17399909185126,3.25544275678519));
#10703=CARTESIAN_POINT('',(1.25,3.17399909185126,3.25544275678519));
#10704=CARTESIAN_POINT('',(-1.25,2.86474192485332,3.0941123899698));
#10705=CARTESIAN_POINT('',(-1.25,2.86928244044226,3.0973973811176));
#10706=CARTESIAN_POINT('',(-1.25,2.87891929166394,3.10422494354736));
#10707=CARTESIAN_POINT('',(-1.25,2.89461374227391,3.1148812387608));
#10708=CARTESIAN_POINT('',(-1.25,2.91194670476067,3.12615030321171));
#10709=CARTESIAN_POINT('',(-1.25,2.9309059667174,3.13794410118002));
#10710=CARTESIAN_POINT('',(-1.25,2.95151889109171,3.15020173848362));
#10711=CARTESIAN_POINT('',(-1.25,2.97381101814414,3.16286146173899));
#10712=CARTESIAN_POINT('',(-1.25,2.99780619848799,3.17586064226167));
#10713=CARTESIAN_POINT('',(-1.25,3.0235259539523,3.189136068766));
#10714=CARTESIAN_POINT('',(-1.25,3.0509918601729,3.20262304244674));
#10715=CARTESIAN_POINT('',(-1.25,3.08021617634232,3.2162591340345));
#10716=CARTESIAN_POINT('',(-1.25,3.11123811239893,3.22996984347182));
#10717=CARTESIAN_POINT('',(-1.25,3.1425232738027,3.24311112117827));
#10718=CARTESIAN_POINT('',(-1.25,3.16391032488177,3.25150142672922));
#10719=CARTESIAN_POINT('',(-1.25,3.17399909185126,3.25544275678519));
#10720=CARTESIAN_POINT('',(-1.25,2.89670946075469,3.1161902785312));
#10721=CARTESIAN_POINT('',(1.25,2.89670946075469,3.1161902785312));
#10722=CARTESIAN_POINT('',(1.25,2.89670946075471,3.11619027853122));
#10723=CARTESIAN_POINT('',(1.25,2.86474192485332,3.0941123899698));
#10724=CARTESIAN_POINT('',(1.25,2.86928244044226,3.0973973811176));
#10725=CARTESIAN_POINT('',(1.25,2.87891929166394,3.10422494354736));
#10726=CARTESIAN_POINT('',(1.25,2.89461374227391,3.1148812387608));
#10727=CARTESIAN_POINT('',(1.25,2.91194670476067,3.12615030321171));
#10728=CARTESIAN_POINT('',(1.25,2.9309059667174,3.13794410118002));
#10729=CARTESIAN_POINT('',(1.25,2.95151889109171,3.15020173848362));
#10730=CARTESIAN_POINT('',(1.25,2.97381101814414,3.16286146173899));
#10731=CARTESIAN_POINT('',(1.25,2.99780619848799,3.17586064226167));
#10732=CARTESIAN_POINT('',(1.25,3.0235259539523,3.189136068766));
#10733=CARTESIAN_POINT('',(1.25,3.0509918601729,3.20262304244674));
#10734=CARTESIAN_POINT('',(1.25,3.08021617634232,3.2162591340345));
#10735=CARTESIAN_POINT('',(1.25,3.11123811239893,3.22996984347182));
#10736=CARTESIAN_POINT('',(1.25,3.1425232738027,3.24311112117827));
#10737=CARTESIAN_POINT('',(1.25,3.16391032488177,3.25150142672922));
#10738=CARTESIAN_POINT('',(1.25,3.17399909185126,3.25544275678519));
#10739=CARTESIAN_POINT('',(-1.35,1.66460650930144E-12,1.84950247098931E-12));
#10740=CARTESIAN_POINT('',(-1.25,1.66460650930144E-12,1.84950247098931E-12));
#10741=CARTESIAN_POINT('',(-1.25,2.80740864694691,3.14622543166021));
#10742=CARTESIAN_POINT('',(-1.25,2.8355359679209,3.12089947809997));
#10743=CARTESIAN_POINT('',(-1.35,2.80740864694691,3.14622543166021));
#10744=CARTESIAN_POINT('',(1.25,2.80740864694691,3.14622543166021));
#10745=CARTESIAN_POINT('',(1.25,1.66460650930144E-12,1.84950247098931E-12));
#10746=CARTESIAN_POINT('',(1.25,2.83553596792089,3.12089947809997));
#10747=CARTESIAN_POINT('',(-1.35,2.8355359679209,3.12089947809997));
#10748=CARTESIAN_POINT('',(-1.25,2.79633087595674,3.20657156871186));
#10749=CARTESIAN_POINT('',(1.25,2.79633087595674,3.20657156871186));
#10750=CARTESIAN_POINT('',(-1.25,2.83594143011389,3.2828149458023));
#10751=CARTESIAN_POINT('',(1.25,2.83594143011389,3.2828149458023));
#10752=CARTESIAN_POINT('',(-1.25,2.87473976196134,3.38353198174232));
#10753=CARTESIAN_POINT('',(1.25,2.87473976196134,3.38353198174232));
#10754=CARTESIAN_POINT('',(-1.25,2.90583585325678,3.49689802134766));
#10755=CARTESIAN_POINT('',(1.25,2.90583585325678,3.49689802134766));
#10756=CARTESIAN_POINT('',(-1.35,2.79633087366748,3.20657156430544));
#10757=CARTESIAN_POINT('',(-1.25,2.79633087366748,3.20657156430544));
#10758=CARTESIAN_POINT('',(1.25,2.79633087366749,3.20657156430546));
#10759=CARTESIAN_POINT('',(-1.25,2.77771544749189,3.17247138214704));
#10760=CARTESIAN_POINT('',(-1.25,2.78050782999751,3.17733039939303));
#10761=CARTESIAN_POINT('',(-1.25,2.78629066507695,3.18762813354404));
#10762=CARTESIAN_POINT('',(-1.25,2.79524806718614,3.20435049447421));
#10763=CARTESIAN_POINT('',(-1.25,2.80464361059027,3.22276644316841));
#10764=CARTESIAN_POINT('',(-1.25,2.81439101838227,3.24285463188212));
#10765=CARTESIAN_POINT('',(-1.25,2.82442686975789,3.26463590849058));
#10766=CARTESIAN_POINT('',(-1.25,2.8346870799409,3.28812921835583));
#10767=CARTESIAN_POINT('',(-1.25,2.84510687026537,3.31335173495487));
#10768=CARTESIAN_POINT('',(-1.25,2.85562112607999,3.34031825483936));
#10769=CARTESIAN_POINT('',(-1.25,2.86616324773825,3.36904347258487));
#10770=CARTESIAN_POINT('',(-1.25,2.87666986653029,3.39953305459116));
#10771=CARTESIAN_POINT('',(-1.25,2.88706279196314,3.43181820862397));
#10772=CARTESIAN_POINT('',(-1.25,2.89686189053071,3.46430562420419));
#10773=CARTESIAN_POINT('',(-1.25,2.90297067752683,3.48645254052525));
#10774=CARTESIAN_POINT('',(-1.25,2.90583585325678,3.49689802134766));
#10775=CARTESIAN_POINT('',(1.25,2.77771544749189,3.17247138214704));
#10776=CARTESIAN_POINT('',(1.25,2.78050782999751,3.17733039939303));
#10777=CARTESIAN_POINT('',(1.25,2.78629066507695,3.18762813354404));
#10778=CARTESIAN_POINT('',(1.25,2.79524806718614,3.20435049447421));
#10779=CARTESIAN_POINT('',(1.25,2.80464361059027,3.22276644316841));
#10780=CARTESIAN_POINT('',(1.25,2.81439101838227,3.24285463188212));
#10781=CARTESIAN_POINT('',(1.25,2.82442686975789,3.26463590849058));
#10782=CARTESIAN_POINT('',(1.25,2.8346870799409,3.28812921835583));
#10783=CARTESIAN_POINT('',(1.25,2.84510687026537,3.31335173495487));
#10784=CARTESIAN_POINT('',(1.25,2.85562112607999,3.34031825483936));
#10785=CARTESIAN_POINT('',(1.25,2.86616324773825,3.36904347258487));
#10786=CARTESIAN_POINT('',(1.25,2.87666986653029,3.39953305459116));
#10787=CARTESIAN_POINT('',(1.25,2.88706279196314,3.43181820862397));
#10788=CARTESIAN_POINT('',(1.25,2.89686189053071,3.46430562420419));
#10789=CARTESIAN_POINT('',(1.25,2.90297067752683,3.48645254052525));
#10790=CARTESIAN_POINT('',(1.25,2.90583585325678,3.49689802134766));
#10791=CARTESIAN_POINT('',(-0.05,2.84069144152292,3.18352501568965));
#10792=CARTESIAN_POINT('',(-1.25,2.84069144152292,3.18352501568965));
#10793=CARTESIAN_POINT('',(1.25,2.84069144152292,3.18352501568965));
#10794=CARTESIAN_POINT('',(-0.05,2.869152221556,3.15789881424397));
#10795=CARTESIAN_POINT('',(-1.25,2.869152221556,3.15789881424397));
#10796=CARTESIAN_POINT('',(1.25,2.869152221556,3.15789881424397));
#10797=CARTESIAN_POINT('',(-1.25,2.55511040601069,3.401908053754));
#10798=CARTESIAN_POINT('',(1.25,2.55511040601069,3.401908053754));
#10799=CARTESIAN_POINT('',(-1.25,2.62145218509451,3.45650491171108));
#10800=CARTESIAN_POINT('',(1.25,2.62145218509451,3.45650491171108));
#10801=CARTESIAN_POINT('',(-1.25,2.71190168537695,3.5153956561566));
#10802=CARTESIAN_POINT('',(1.25,2.71190168537695,3.5153956561566));
#10803=CARTESIAN_POINT('',(-1.25,2.81632516410252,3.56938234822506));
#10804=CARTESIAN_POINT('',(1.25,2.81632516410252,3.56938234822506));
#10805=CARTESIAN_POINT('',(-1.25,2.52562575554513,3.37660958961856));
#10806=CARTESIAN_POINT('',(-1.25,2.52979802263807,3.3803511983581));
#10807=CARTESIAN_POINT('',(-1.25,2.53866840757178,3.38814868393542));
#10808=CARTESIAN_POINT('',(-1.25,2.55316299617638,3.40038711965279));
#10809=CARTESIAN_POINT('',(-1.25,2.56922306889155,3.41340623892215));
#10810=CARTESIAN_POINT('',(-1.25,2.58684568244983,3.4271172117482));
#10811=CARTESIAN_POINT('',(-1.25,2.60606441507701,3.44146233774043));
#10812=CARTESIAN_POINT('',(-1.25,2.62691112210771,3.45638287149094));
#10813=CARTESIAN_POINT('',(-1.25,2.6494160699792,3.47181902046976));
#10814=CARTESIAN_POINT('',(-1.25,2.67360727000024,3.48771016931299));
#10815=CARTESIAN_POINT('',(-1.25,2.6995129424798,3.50399422891024));
#10816=CARTESIAN_POINT('',(-1.25,2.7271518050888,3.52061039342075));
#10817=CARTESIAN_POINT('',(-1.25,2.75657064034601,3.53748866946077));
#10818=CARTESIAN_POINT('',(-1.25,2.78631078079818,3.55382814771758));
#10819=CARTESIAN_POINT('',(-1.25,2.80670364562808,3.56440804587994));
#10820=CARTESIAN_POINT('',(-1.25,2.81632516410252,3.56938234822506));
#10821=CARTESIAN_POINT('',(-1.25,2.5551104021765,3.4019080505986));
#10822=CARTESIAN_POINT('',(1.25,2.5551104021765,3.4019080505986));
#10823=CARTESIAN_POINT('',(1.25,2.55511040217652,3.40190805059861));
#10824=CARTESIAN_POINT('',(1.25,2.52562575554513,3.37660958961856));
#10825=CARTESIAN_POINT('',(1.25,2.52979802263807,3.3803511983581));
#10826=CARTESIAN_POINT('',(1.25,2.53866840757178,3.38814868393542));
#10827=CARTESIAN_POINT('',(1.25,2.55316299617638,3.40038711965279));
#10828=CARTESIAN_POINT('',(1.25,2.56922306889155,3.41340623892215));
#10829=CARTESIAN_POINT('',(1.25,2.58684568244983,3.4271172117482));
#10830=CARTESIAN_POINT('',(1.25,2.60606441507701,3.44146233774043));
#10831=CARTESIAN_POINT('',(1.25,2.62691112210771,3.45638287149094));
#10832=CARTESIAN_POINT('',(1.25,2.6494160699792,3.47181902046976));
#10833=CARTESIAN_POINT('',(1.25,2.67360727000024,3.48771016931299));
#10834=CARTESIAN_POINT('',(1.25,2.6995129424798,3.50399422891024));
#10835=CARTESIAN_POINT('',(1.25,2.7271518050888,3.52061039342075));
#10836=CARTESIAN_POINT('',(1.25,2.75657064034601,3.53748866946077));
#10837=CARTESIAN_POINT('',(1.25,2.78631078079818,3.55382814771758));
#10838=CARTESIAN_POINT('',(1.25,2.80670364562808,3.56440804587994));
#10839=CARTESIAN_POINT('',(1.25,2.81632516410252,3.56938234822506));
#10840=CARTESIAN_POINT('',(-1.35,1.46216196957059E-12,2.0133694632992E-12));
#10841=CARTESIAN_POINT('',(-1.25,1.46216196957059E-12,2.0133694632992E-12));
#10842=CARTESIAN_POINT('',(-1.25,2.46315925916987,3.42244419118026));
#10843=CARTESIAN_POINT('',(-1.25,2.49377977874299,3.40019708148077));
#10844=CARTESIAN_POINT('',(-1.35,2.46315925916987,3.42244419118026));
#10845=CARTESIAN_POINT('',(1.25,2.46315925916987,3.42244419118026));
#10846=CARTESIAN_POINT('',(1.25,1.46216196957059E-12,2.0133694632992E-12));
#10847=CARTESIAN_POINT('',(1.25,2.49377977874299,3.40019708148077));
#10848=CARTESIAN_POINT('',(-1.35,2.49377977874299,3.40019708148077));
#10849=CARTESIAN_POINT('',(-1.25,2.44583428439812,3.48130180340099));
#10850=CARTESIAN_POINT('',(1.25,2.44583428439812,3.48130180340099));
#10851=CARTESIAN_POINT('',(-1.25,2.47725824475348,3.56126794164947));
#10852=CARTESIAN_POINT('',(1.25,2.47725824475348,3.56126794164947));
#10853=CARTESIAN_POINT('',(-1.25,2.50531623828785,3.6654887691338));
#10854=CARTESIAN_POINT('',(1.25,2.50531623828785,3.6654887691338));
#10855=CARTESIAN_POINT('',(-1.25,2.52439200403485,3.78148420434923));
#10856=CARTESIAN_POINT('',(1.25,2.52439200403485,3.78148420434923));
#10857=CARTESIAN_POINT('',(-1.35,2.445834282582,3.48130179877941));
#10858=CARTESIAN_POINT('',(-1.25,2.445834282582,3.48130179877941));
#10859=CARTESIAN_POINT('',(1.25,2.44583428258201,3.48130179877943));
#10860=CARTESIAN_POINT('',(-1.25,2.43088527329693,3.44544257909562));
#10861=CARTESIAN_POINT('',(-1.25,2.4331544532333,3.4505668615889));
#10862=CARTESIAN_POINT('',(-1.25,2.43782920301117,3.46141265453895));
#10863=CARTESIAN_POINT('',(-1.25,2.44498957284413,3.4789797121036));
#10864=CARTESIAN_POINT('',(-1.25,2.4524086556618,3.49827687801756));
#10865=CARTESIAN_POINT('',(-1.25,2.46000287863795,3.51927390308897));
#10866=CARTESIAN_POINT('',(-1.25,2.46770698919777,3.54198489170704));
#10867=CARTESIAN_POINT('',(-1.25,2.47545527329858,3.56642198676593));
#10868=CARTESIAN_POINT('',(-1.25,2.48318151202157,3.59259549645016));
#10869=CARTESIAN_POINT('',(-1.25,2.49081940075951,3.62051332991987));
#10870=CARTESIAN_POINT('',(-1.25,2.49830116870432,3.65018313969352));
#10871=CARTESIAN_POINT('',(-1.25,2.5055632019865,3.68160393729587));
#10872=CARTESIAN_POINT('',(-1.25,2.51252447634899,3.71479858640118));
#10873=CARTESIAN_POINT('',(-1.25,2.51887403480317,3.74813231723432));
#10874=CARTESIAN_POINT('',(-1.25,2.52263437409579,3.77079645254765));
#10875=CARTESIAN_POINT('',(-1.25,2.52439200403485,3.78148420434923));
#10876=CARTESIAN_POINT('',(1.25,2.43088527329693,3.44544257909562));
#10877=CARTESIAN_POINT('',(1.25,2.4331544532333,3.4505668615889));
#10878=CARTESIAN_POINT('',(1.25,2.43782920301117,3.46141265453895));
#10879=CARTESIAN_POINT('',(1.25,2.44498957284413,3.4789797121036));
#10880=CARTESIAN_POINT('',(1.25,2.4524086556618,3.49827687801756));
#10881=CARTESIAN_POINT('',(1.25,2.46000287863795,3.51927390308897));
#10882=CARTESIAN_POINT('',(1.25,2.46770698919777,3.54198489170704));
#10883=CARTESIAN_POINT('',(1.25,2.47545527329858,3.56642198676593));
#10884=CARTESIAN_POINT('',(1.25,2.48318151202157,3.59259549645016));
#10885=CARTESIAN_POINT('',(1.25,2.49081940075951,3.62051332991987));
#10886=CARTESIAN_POINT('',(1.25,2.49830116870432,3.65018313969352));
#10887=CARTESIAN_POINT('',(1.25,2.5055632019865,3.68160393729587));
#10888=CARTESIAN_POINT('',(1.25,2.51252447634899,3.71479858640118));
#10889=CARTESIAN_POINT('',(1.25,2.51887403480317,3.74813231723432));
#10890=CARTESIAN_POINT('',(1.25,2.52263437409579,3.77079645254765));
#10891=CARTESIAN_POINT('',(1.25,2.52439200403485,3.78148420434923));
#10892=CARTESIAN_POINT('',(-0.05,2.49236085891563,3.46301844355594));
#10893=CARTESIAN_POINT('',(-1.25,2.49236085891563,3.46301844355594));
#10894=CARTESIAN_POINT('',(1.25,2.49236085891563,3.46301844355594));
#10895=CARTESIAN_POINT('',(-0.05,2.52334439527431,3.44050758672336));
#10896=CARTESIAN_POINT('',(-1.25,2.52334439527431,3.44050758672336));
#10897=CARTESIAN_POINT('',(1.25,2.52334439527431,3.44050758672336));
#10898=CARTESIAN_POINT('',(-1.25,3.48130180340101,2.44583428439813));
#10899=CARTESIAN_POINT('',(1.25,3.48130180340101,2.44583428439813));
#10900=CARTESIAN_POINT('',(-1.25,3.56126794164951,2.47725824475348));
#10901=CARTESIAN_POINT('',(1.25,3.56126794164951,2.47725824475348));
#10902=CARTESIAN_POINT('',(-1.25,3.66548876913386,2.50531623828791));
#10903=CARTESIAN_POINT('',(1.25,3.66548876913386,2.50531623828791));
#10904=CARTESIAN_POINT('',(-1.25,3.78148420434922,2.52439200403485));
#10905=CARTESIAN_POINT('',(1.25,3.78148420434922,2.52439200403485));
#10906=CARTESIAN_POINT('',(-1.25,3.44544257909562,2.43088527329693));
#10907=CARTESIAN_POINT('',(-1.25,3.4505668615889,2.4331544532333));
#10908=CARTESIAN_POINT('',(-1.25,3.46141265453894,2.43782920301117));
#10909=CARTESIAN_POINT('',(-1.25,3.4789797121036,2.44498957284413));
#10910=CARTESIAN_POINT('',(-1.25,3.49827687801756,2.4524086556618));
#10911=CARTESIAN_POINT('',(-1.25,3.51927390308897,2.46000287863795));
#10912=CARTESIAN_POINT('',(-1.25,3.54198489170704,2.46770698919778));
#10913=CARTESIAN_POINT('',(-1.25,3.56642198676593,2.47545527329858));
#10914=CARTESIAN_POINT('',(-1.25,3.59259549645015,2.48318151202157));
#10915=CARTESIAN_POINT('',(-1.25,3.62051332991987,2.49081940075951));
#10916=CARTESIAN_POINT('',(-1.25,3.65018313969352,2.49830116870432));
#10917=CARTESIAN_POINT('',(-1.25,3.68160393729587,2.5055632019865));
#10918=CARTESIAN_POINT('',(-1.25,3.71479858640118,2.51252447634899));
#10919=CARTESIAN_POINT('',(-1.25,3.74813231723432,2.51887403480317));
#10920=CARTESIAN_POINT('',(-1.25,3.77079645254765,2.5226343740958));
#10921=CARTESIAN_POINT('',(-1.25,3.78148420434922,2.52439200403485));
#10922=CARTESIAN_POINT('',(-1.25,3.4813017987794,2.445834282582));
#10923=CARTESIAN_POINT('',(1.25,3.4813017987794,2.445834282582));
#10924=CARTESIAN_POINT('',(1.25,3.48130179877943,2.44583428258201));
#10925=CARTESIAN_POINT('',(1.25,3.44544257909562,2.43088527329693));
#10926=CARTESIAN_POINT('',(1.25,3.4505668615889,2.4331544532333));
#10927=CARTESIAN_POINT('',(1.25,3.46141265453894,2.43782920301117));
#10928=CARTESIAN_POINT('',(1.25,3.4789797121036,2.44498957284413));
#10929=CARTESIAN_POINT('',(1.25,3.49827687801756,2.4524086556618));
#10930=CARTESIAN_POINT('',(1.25,3.51927390308897,2.46000287863795));
#10931=CARTESIAN_POINT('',(1.25,3.54198489170704,2.46770698919778));
#10932=CARTESIAN_POINT('',(1.25,3.56642198676593,2.47545527329858));
#10933=CARTESIAN_POINT('',(1.25,3.59259549645015,2.48318151202157));
#10934=CARTESIAN_POINT('',(1.25,3.62051332991987,2.49081940075951));
#10935=CARTESIAN_POINT('',(1.25,3.65018313969352,2.49830116870432));
#10936=CARTESIAN_POINT('',(1.25,3.68160393729587,2.5055632019865));
#10937=CARTESIAN_POINT('',(1.25,3.71479858640118,2.51252447634899));
#10938=CARTESIAN_POINT('',(1.25,3.74813231723432,2.51887403480317));
#10939=CARTESIAN_POINT('',(1.25,3.77079645254765,2.5226343740958));
#10940=CARTESIAN_POINT('',(1.25,3.78148420434922,2.52439200403485));
#10941=CARTESIAN_POINT('',(-1.35,2.01276404915409E-12,1.46299525065433E-12));
#10942=CARTESIAN_POINT('',(-1.25,2.01276404915409E-12,1.46299525065433E-12));
#10943=CARTESIAN_POINT('',(-1.25,3.40019708148077,2.49377977874299));
#10944=CARTESIAN_POINT('',(-1.25,3.42244419118026,2.46315925916987));
#10945=CARTESIAN_POINT('',(-1.35,3.40019708148077,2.49377977874299));
#10946=CARTESIAN_POINT('',(1.25,3.40019708148077,2.49377977874299));
#10947=CARTESIAN_POINT('',(1.25,2.01276404915409E-12,1.46299525065433E-12));
#10948=CARTESIAN_POINT('',(1.25,3.42244419118026,2.46315925916987));
#10949=CARTESIAN_POINT('',(-1.35,3.42244419118026,2.46315925916987));
#10950=CARTESIAN_POINT('',(-1.25,3.40190805375398,2.55511040601068));
#10951=CARTESIAN_POINT('',(1.25,3.40190805375398,2.55511040601068));
#10952=CARTESIAN_POINT('',(-1.25,3.45650491171107,2.62145218509449));
#10953=CARTESIAN_POINT('',(1.25,3.45650491171107,2.62145218509449));
#10954=CARTESIAN_POINT('',(-1.25,3.5153956561566,2.7119016853769));
#10955=CARTESIAN_POINT('',(1.25,3.5153956561566,2.7119016853769));
#10956=CARTESIAN_POINT('',(-1.25,3.56938234822506,2.81632516410252));
#10957=CARTESIAN_POINT('',(1.25,3.56938234822506,2.81632516410252));
#10958=CARTESIAN_POINT('',(-1.35,3.4019080505986,2.5551104021765));
#10959=CARTESIAN_POINT('',(-1.25,3.4019080505986,2.5551104021765));
#10960=CARTESIAN_POINT('',(1.25,3.40190805059861,2.55511040217652));
#10961=CARTESIAN_POINT('',(-1.25,3.37660958961856,2.52562575554513));
#10962=CARTESIAN_POINT('',(-1.25,3.3803511983581,2.52979802263807));
#10963=CARTESIAN_POINT('',(-1.25,3.38814868393542,2.53866840757179));
#10964=CARTESIAN_POINT('',(-1.25,3.40038711965278,2.55316299617639));
#10965=CARTESIAN_POINT('',(-1.25,3.41340623892215,2.56922306889155));
#10966=CARTESIAN_POINT('',(-1.25,3.4271172117482,2.58684568244983));
#10967=CARTESIAN_POINT('',(-1.25,3.44146233774043,2.60606441507701));
#10968=CARTESIAN_POINT('',(-1.25,3.45638287149094,2.62691112210771));
#10969=CARTESIAN_POINT('',(-1.25,3.47181902046976,2.64941606997921));
#10970=CARTESIAN_POINT('',(-1.25,3.48771016931299,2.67360727000025));
#10971=CARTESIAN_POINT('',(-1.25,3.50399422891024,2.6995129424798));
#10972=CARTESIAN_POINT('',(-1.25,3.52061039342075,2.7271518050888));
#10973=CARTESIAN_POINT('',(-1.25,3.53748866946077,2.75657064034602));
#10974=CARTESIAN_POINT('',(-1.25,3.55382814771758,2.78631078079818));
#10975=CARTESIAN_POINT('',(-1.25,3.56440804587994,2.80670364562808));
#10976=CARTESIAN_POINT('',(-1.25,3.56938234822506,2.81632516410252));
#10977=CARTESIAN_POINT('',(1.25,3.37660958961856,2.52562575554513));
#10978=CARTESIAN_POINT('',(1.25,3.3803511983581,2.52979802263807));
#10979=CARTESIAN_POINT('',(1.25,3.38814868393542,2.53866840757179));
#10980=CARTESIAN_POINT('',(1.25,3.40038711965278,2.55316299617639));
#10981=CARTESIAN_POINT('',(1.25,3.41340623892215,2.56922306889155));
#10982=CARTESIAN_POINT('',(1.25,3.4271172117482,2.58684568244983));
#10983=CARTESIAN_POINT('',(1.25,3.44146233774043,2.60606441507701));
#10984=CARTESIAN_POINT('',(1.25,3.45638287149094,2.62691112210771));
#10985=CARTESIAN_POINT('',(1.25,3.47181902046976,2.64941606997921));
#10986=CARTESIAN_POINT('',(1.25,3.48771016931299,2.67360727000025));
#10987=CARTESIAN_POINT('',(1.25,3.50399422891024,2.6995129424798));
#10988=CARTESIAN_POINT('',(1.25,3.52061039342075,2.7271518050888));
#10989=CARTESIAN_POINT('',(1.25,3.53748866946077,2.75657064034602));
#10990=CARTESIAN_POINT('',(1.25,3.55382814771758,2.78631078079818));
#10991=CARTESIAN_POINT('',(1.25,3.56440804587994,2.80670364562808));
#10992=CARTESIAN_POINT('',(1.25,3.56938234822506,2.81632516410252));
#10993=CARTESIAN_POINT('',(-0.05,3.44050758672336,2.52334439527431));
#10994=CARTESIAN_POINT('',(-1.25,3.44050758672336,2.52334439527431));
#10995=CARTESIAN_POINT('',(1.25,3.44050758672336,2.52334439527431));
#10996=CARTESIAN_POINT('',(-0.05,3.46301844355594,2.49236085891563));
#10997=CARTESIAN_POINT('',(-1.25,3.46301844355594,2.49236085891563));
#10998=CARTESIAN_POINT('',(1.25,3.46301844355594,2.49236085891563));
#10999=CARTESIAN_POINT('',(-1.25,3.20657156871189,2.79633087595675));
#11000=CARTESIAN_POINT('',(1.25,3.20657156871189,2.79633087595675));
#11001=CARTESIAN_POINT('',(-1.25,3.28281494580233,2.83594143011389));
#11002=CARTESIAN_POINT('',(1.25,3.28281494580233,2.83594143011389));
#11003=CARTESIAN_POINT('',(-1.25,3.38353198174233,2.8747397619614));
#11004=CARTESIAN_POINT('',(1.25,3.38353198174233,2.8747397619614));
#11005=CARTESIAN_POINT('',(-1.25,3.49689802134766,2.90583585325678));
#11006=CARTESIAN_POINT('',(1.25,3.49689802134766,2.90583585325678));
#11007=CARTESIAN_POINT('',(-1.25,3.17247138214703,2.77771544749189));
#11008=CARTESIAN_POINT('',(-1.25,3.17733039939302,2.78050782999751));
#11009=CARTESIAN_POINT('',(-1.25,3.18762813354404,2.78629066507696));
#11010=CARTESIAN_POINT('',(-1.25,3.20435049447421,2.79524806718614));
#11011=CARTESIAN_POINT('',(-1.25,3.22276644316841,2.80464361059027));
#11012=CARTESIAN_POINT('',(-1.25,3.24285463188212,2.81439101838227));
#11013=CARTESIAN_POINT('',(-1.25,3.26463590849058,2.82442686975789));
#11014=CARTESIAN_POINT('',(-1.25,3.28812921835583,2.8346870799409));
#11015=CARTESIAN_POINT('',(-1.25,3.31335173495487,2.84510687026537));
#11016=CARTESIAN_POINT('',(-1.25,3.34031825483936,2.85562112607999));
#11017=CARTESIAN_POINT('',(-1.25,3.36904347258487,2.86616324773825));
#11018=CARTESIAN_POINT('',(-1.25,3.39953305459116,2.87666986653029));
#11019=CARTESIAN_POINT('',(-1.25,3.43181820862396,2.88706279196314));
#11020=CARTESIAN_POINT('',(-1.25,3.46430562420418,2.89686189053071));
#11021=CARTESIAN_POINT('',(-1.25,3.48645254052525,2.90297067752684));
#11022=CARTESIAN_POINT('',(-1.25,3.49689802134766,2.90583585325678));
#11023=CARTESIAN_POINT('',(-1.25,3.20657156430543,2.79633087366748));
#11024=CARTESIAN_POINT('',(1.25,3.20657156430543,2.79633087366748));
#11025=CARTESIAN_POINT('',(1.25,3.20657156430546,2.79633087366749));
#11026=CARTESIAN_POINT('',(1.25,3.17247138214703,2.77771544749189));
#11027=CARTESIAN_POINT('',(1.25,3.17733039939302,2.78050782999751));
#11028=CARTESIAN_POINT('',(1.25,3.18762813354404,2.78629066507696));
#11029=CARTESIAN_POINT('',(1.25,3.20435049447421,2.79524806718614));
#11030=CARTESIAN_POINT('',(1.25,3.22276644316841,2.80464361059027));
#11031=CARTESIAN_POINT('',(1.25,3.24285463188212,2.81439101838227));
#11032=CARTESIAN_POINT('',(1.25,3.26463590849058,2.82442686975789));
#11033=CARTESIAN_POINT('',(1.25,3.28812921835583,2.8346870799409));
#11034=CARTESIAN_POINT('',(1.25,3.31335173495487,2.84510687026537));
#11035=CARTESIAN_POINT('',(1.25,3.34031825483936,2.85562112607999));
#11036=CARTESIAN_POINT('',(1.25,3.36904347258487,2.86616324773825));
#11037=CARTESIAN_POINT('',(1.25,3.39953305459116,2.87666986653029));
#11038=CARTESIAN_POINT('',(1.25,3.43181820862396,2.88706279196314));
#11039=CARTESIAN_POINT('',(1.25,3.46430562420418,2.89686189053071));
#11040=CARTESIAN_POINT('',(1.25,3.48645254052525,2.90297067752684));
#11041=CARTESIAN_POINT('',(1.25,3.49689802134766,2.90583585325678));
#11042=CARTESIAN_POINT('',(-1.35,1.84881327177507E-12,1.66537194257398E-12));
#11043=CARTESIAN_POINT('',(-1.25,1.84881327177507E-12,1.66537194257398E-12));
#11044=CARTESIAN_POINT('',(-1.25,3.12089947809997,2.8355359679209));
#11045=CARTESIAN_POINT('',(-1.25,3.14622543166021,2.80740864694691));
#11046=CARTESIAN_POINT('',(-1.35,3.12089947809997,2.8355359679209));
#11047=CARTESIAN_POINT('',(1.25,3.12089947809997,2.8355359679209));
#11048=CARTESIAN_POINT('',(1.25,1.84881327177507E-12,1.66537194257398E-12));
#11049=CARTESIAN_POINT('',(1.25,3.14622543166021,2.80740864694691));
#11050=CARTESIAN_POINT('',(-1.35,3.14622543166021,2.80740864694691));
#11051=CARTESIAN_POINT('',(-1.25,3.11619028126852,2.89670946489769));
#11052=CARTESIAN_POINT('',(1.25,3.11619028126852,2.89670946489769));
#11053=CARTESIAN_POINT('',(-1.25,3.16355344770707,2.96839474243573));
#11054=CARTESIAN_POINT('',(1.25,3.16355344770707,2.96839474243573));
#11055=CARTESIAN_POINT('',(-1.25,3.21266703522488,3.06450450990933));
#11056=CARTESIAN_POINT('',(1.25,3.21266703522488,3.06450450990933));
#11057=CARTESIAN_POINT('',(-1.25,3.25544275678519,3.17399909185126));
#11058=CARTESIAN_POINT('',(1.25,3.25544275678519,3.17399909185126));
#11059=CARTESIAN_POINT('',(-1.35,3.1161902785312,2.89670946075469));
#11060=CARTESIAN_POINT('',(-1.25,3.1161902785312,2.89670946075469));
#11061=CARTESIAN_POINT('',(1.25,3.11619027853122,2.89670946075471));
#11062=CARTESIAN_POINT('',(-1.25,3.0941123899698,2.86474192485332));
#11063=CARTESIAN_POINT('',(-1.25,3.0973973811176,2.86928244044226));
#11064=CARTESIAN_POINT('',(-1.25,3.10422494354736,2.87891929166394));
#11065=CARTESIAN_POINT('',(-1.25,3.1148812387608,2.89461374227391));
#11066=CARTESIAN_POINT('',(-1.25,3.12615030321171,2.91194670476067));
#11067=CARTESIAN_POINT('',(-1.25,3.13794410118002,2.9309059667174));
#11068=CARTESIAN_POINT('',(-1.25,3.15020173848362,2.95151889109171));
#11069=CARTESIAN_POINT('',(-1.25,3.16286146173899,2.97381101814414));
#11070=CARTESIAN_POINT('',(-1.25,3.17586064226167,2.99780619848799));
#11071=CARTESIAN_POINT('',(-1.25,3.189136068766,3.0235259539523));
#11072=CARTESIAN_POINT('',(-1.25,3.20262304244674,3.05099186017291));
#11073=CARTESIAN_POINT('',(-1.25,3.2162591340345,3.08021617634232));
#11074=CARTESIAN_POINT('',(-1.25,3.22996984347182,3.11123811239893));
#11075=CARTESIAN_POINT('',(-1.25,3.24311112117827,3.1425232738027));
#11076=CARTESIAN_POINT('',(-1.25,3.25150142672922,3.16391032488177));
#11077=CARTESIAN_POINT('',(-1.25,3.25544275678519,3.17399909185126));
#11078=CARTESIAN_POINT('',(1.25,3.0941123899698,2.86474192485332));
#11079=CARTESIAN_POINT('',(1.25,3.0973973811176,2.86928244044226));
#11080=CARTESIAN_POINT('',(1.25,3.10422494354736,2.87891929166394));
#11081=CARTESIAN_POINT('',(1.25,3.1148812387608,2.89461374227391));
#11082=CARTESIAN_POINT('',(1.25,3.12615030321171,2.91194670476067));
#11083=CARTESIAN_POINT('',(1.25,3.13794410118002,2.9309059667174));
#11084=CARTESIAN_POINT('',(1.25,3.15020173848362,2.95151889109171));
#11085=CARTESIAN_POINT('',(1.25,3.16286146173899,2.97381101814414));
#11086=CARTESIAN_POINT('',(1.25,3.17586064226167,2.99780619848799));
#11087=CARTESIAN_POINT('',(1.25,3.189136068766,3.0235259539523));
#11088=CARTESIAN_POINT('',(1.25,3.20262304244674,3.05099186017291));
#11089=CARTESIAN_POINT('',(1.25,3.2162591340345,3.08021617634232));
#11090=CARTESIAN_POINT('',(1.25,3.22996984347182,3.11123811239893));
#11091=CARTESIAN_POINT('',(1.25,3.24311112117827,3.1425232738027));
#11092=CARTESIAN_POINT('',(1.25,3.25150142672922,3.16391032488177));
#11093=CARTESIAN_POINT('',(1.25,3.25544275678519,3.17399909185126));
#11094=CARTESIAN_POINT('',(-0.05,3.15789881424397,2.86915222155601));
#11095=CARTESIAN_POINT('',(-1.25,3.15789881424397,2.86915222155601));
#11096=CARTESIAN_POINT('',(1.25,3.15789881424397,2.86915222155601));
#11097=CARTESIAN_POINT('',(-0.05,3.18352501568964,2.84069144152292));
#11098=CARTESIAN_POINT('',(-1.25,3.18352501568964,2.84069144152292));
#11099=CARTESIAN_POINT('',(1.25,3.18352501568964,2.84069144152292));
#11100=CARTESIAN_POINT('',(-1.25,3.71789016702284,2.06854062059592));
#11101=CARTESIAN_POINT('',(1.25,3.71789016702284,2.06854062059592));
#11102=CARTESIAN_POINT('',(-1.25,3.80070294068473,2.09143369966394));
#11103=CARTESIAN_POINT('',(1.25,3.80070294068473,2.09143369966394));
#11104=CARTESIAN_POINT('',(-1.25,3.9072856945178,2.10844394563655));
#11105=CARTESIAN_POINT('',(1.25,3.9072856945178,2.10844394563655));
#11106=CARTESIAN_POINT('',(-1.25,4.02463965508149,2.11529038775373));
#11107=CARTESIAN_POINT('',(1.25,4.02463965508149,2.11529038775373));
#11108=CARTESIAN_POINT('',(-1.25,3.68066478614243,2.05742181135228));
#11109=CARTESIAN_POINT('',(-1.25,3.68599819117167,2.05914292710916));
#11110=CARTESIAN_POINT('',(-1.25,3.69727321414357,2.06265837404863));
#11111=CARTESIAN_POINT('',(-1.25,3.71549249998387,2.06794326109507));
#11112=CARTESIAN_POINT('',(-1.25,3.73545945932964,2.07330459830239));
#11113=CARTESIAN_POINT('',(-1.25,3.75713527295818,2.07866243256658));
#11114=CARTESIAN_POINT('',(-1.25,3.78052714724196,2.08395039446313));
#11115=CARTESIAN_POINT('',(-1.25,3.80564028956724,2.08910186065967));
#11116=CARTESIAN_POINT('',(-1.25,3.83247802988739,2.09404989749292));
#11117=CARTESIAN_POINT('',(-1.25,3.86104130331666,2.09872773684683));
#11118=CARTESIAN_POINT('',(-1.25,3.89133063647375,2.10306717926293));
#11119=CARTESIAN_POINT('',(-1.25,3.92333839683842,2.10700506267893));
#11120=CARTESIAN_POINT('',(-1.25,3.95707885349421,2.11045841679241));
#11121=CARTESIAN_POINT('',(-1.25,3.99089368824972,2.11328886804204));
#11122=CARTESIAN_POINT('',(-1.25,4.01382672954604,2.11465956056698));
#11123=CARTESIAN_POINT('',(-1.25,4.02463965508149,2.11529038775373));
#11124=CARTESIAN_POINT('',(-1.25,3.71789016223671,2.06854061927282));
#11125=CARTESIAN_POINT('',(1.25,3.71789016223671,2.06854061927282));
#11126=CARTESIAN_POINT('',(1.25,3.71789016223674,2.06854061927283));
#11127=CARTESIAN_POINT('',(1.25,3.68066478614243,2.05742181135228));
#11128=CARTESIAN_POINT('',(1.25,3.68599819117167,2.05914292710916));
#11129=CARTESIAN_POINT('',(1.25,3.69727321414357,2.06265837404863));
#11130=CARTESIAN_POINT('',(1.25,3.71549249998387,2.06794326109507));
#11131=CARTESIAN_POINT('',(1.25,3.73545945932964,2.07330459830239));
#11132=CARTESIAN_POINT('',(1.25,3.75713527295818,2.07866243256658));
#11133=CARTESIAN_POINT('',(1.25,3.78052714724196,2.08395039446313));
#11134=CARTESIAN_POINT('',(1.25,3.80564028956724,2.08910186065967));
#11135=CARTESIAN_POINT('',(1.25,3.83247802988739,2.09404989749292));
#11136=CARTESIAN_POINT('',(1.25,3.86104130331666,2.09872773684683));
#11137=CARTESIAN_POINT('',(1.25,3.89133063647375,2.10306717926293));
#11138=CARTESIAN_POINT('',(1.25,3.92333839683842,2.10700506267893));
#11139=CARTESIAN_POINT('',(1.25,3.95707885349421,2.11045841679241));
#11140=CARTESIAN_POINT('',(1.25,3.99089368824972,2.11328886804204));
#11141=CARTESIAN_POINT('',(1.25,4.01382672954604,2.11465956056698));
#11142=CARTESIAN_POINT('',(1.25,4.02463965508149,2.11529038775373));
#11143=CARTESIAN_POINT('',(-1.35,2.15466256241261E-12,1.24458967661707E-12));
#11144=CARTESIAN_POINT('',(-1.25,2.15466256241261E-12,1.24458967661707E-12));
#11145=CARTESIAN_POINT('',(-1.25,3.64224141409988,2.1247012164522));
#11146=CARTESIAN_POINT('',(-1.25,3.66116593594925,2.09192298310015));
#11147=CARTESIAN_POINT('',(-1.35,3.64224141409988,2.1247012164522));
#11148=CARTESIAN_POINT('',(1.25,3.64224141409988,2.1247012164522));
#11149=CARTESIAN_POINT('',(1.25,2.15466256241261E-12,1.24458967661707E-12));
#11150=CARTESIAN_POINT('',(1.25,3.66116593594925,2.09192298310015));
#11151=CARTESIAN_POINT('',(-1.35,3.66116593594925,2.09192298310015));
#11152=CARTESIAN_POINT('',(-1.25,3.65035380970749,2.18551702282417));
#11153=CARTESIAN_POINT('',(1.25,3.65035380970749,2.18551702282417));
#11154=CARTESIAN_POINT('',(-1.25,3.7115861845822,2.24578844903922));
#11155=CARTESIAN_POINT('',(1.25,3.7115861845822,2.24578844903922));
#11156=CARTESIAN_POINT('',(-1.25,3.77960886663564,2.32958669847768));
#11157=CARTESIAN_POINT('',(1.25,3.77960886663564,2.32958669847768));
#11158=CARTESIAN_POINT('',(-1.25,3.84421503971651,2.42779498850195));
#11159=CARTESIAN_POINT('',(1.25,3.84421503971651,2.42779498850195));
#11160=CARTESIAN_POINT('',(-1.35,3.65035380616861,2.18551701934083));
#11161=CARTESIAN_POINT('',(-1.25,3.65035380616861,2.18551701934083));
#11162=CARTESIAN_POINT('',(1.25,3.65035380616863,2.18551701934085));
#11163=CARTESIAN_POINT('',(-1.25,3.62211194800248,2.15883830193803));
#11164=CARTESIAN_POINT('',(-1.25,3.62626918048542,2.16259660830358));
#11165=CARTESIAN_POINT('',(-1.25,3.6349511583266,2.17060334115576));
#11166=CARTESIAN_POINT('',(-1.25,3.64863764768511,2.18373926200906));
#11167=CARTESIAN_POINT('',(-1.25,3.66326418157778,2.19835048743517));
#11168=CARTESIAN_POINT('',(-1.25,3.6787421089741,2.21444337555308));
#11169=CARTESIAN_POINT('',(-1.25,3.69501755545265,2.23205735197669));
#11170=CARTESIAN_POINT('',(-1.25,3.71203542720823,2.25123023810097));
#11171=CARTESIAN_POINT('',(-1.25,3.72973942296477,2.27199838458176));
#11172=CARTESIAN_POINT('',(-1.25,3.7480721873947,2.29439598530979));
#11173=CARTESIAN_POINT('',(-1.25,3.76697492134385,2.31845759607948));
#11174=CARTESIAN_POINT('',(-1.25,3.78638910860158,2.34420818796552));
#11175=CARTESIAN_POINT('',(-1.25,3.80625002932002,2.37170160350799));
#11176=CARTESIAN_POINT('',(-1.25,3.82560868938413,2.39957088380621));
#11177=CARTESIAN_POINT('',(-1.25,3.83826226457967,2.4187461338924));
#11178=CARTESIAN_POINT('',(-1.25,3.84421503971651,2.42779498850195));
#11179=CARTESIAN_POINT('',(1.25,3.62211194800248,2.15883830193803));
#11180=CARTESIAN_POINT('',(1.25,3.62626918048542,2.16259660830358));
#11181=CARTESIAN_POINT('',(1.25,3.6349511583266,2.17060334115576));
#11182=CARTESIAN_POINT('',(1.25,3.64863764768511,2.18373926200906));
#11183=CARTESIAN_POINT('',(1.25,3.66326418157778,2.19835048743517));
#11184=CARTESIAN_POINT('',(1.25,3.6787421089741,2.21444337555308));
#11185=CARTESIAN_POINT('',(1.25,3.69501755545265,2.23205735197669));
#11186=CARTESIAN_POINT('',(1.25,3.71203542720823,2.25123023810097));
#11187=CARTESIAN_POINT('',(1.25,3.72973942296477,2.27199838458176));
#11188=CARTESIAN_POINT('',(1.25,3.7480721873947,2.29439598530979));
#11189=CARTESIAN_POINT('',(1.25,3.76697492134385,2.31845759607948));
#11190=CARTESIAN_POINT('',(1.25,3.78638910860158,2.34420818796552));
#11191=CARTESIAN_POINT('',(1.25,3.80625002932002,2.37170160350799));
#11192=CARTESIAN_POINT('',(1.25,3.82560868938413,2.39957088380621));
#11193=CARTESIAN_POINT('',(1.25,3.83826226457967,2.4187461338924));
#11194=CARTESIAN_POINT('',(1.25,3.84421503971651,2.42779498850195));
#11195=CARTESIAN_POINT('',(-0.05,3.68542143811011,2.14989027975422));
#11196=CARTESIAN_POINT('',(-1.25,3.68542143811011,2.14989027975422));
#11197=CARTESIAN_POINT('',(1.25,3.68542143811011,2.14989027975422));
#11198=CARTESIAN_POINT('',(-0.05,3.70457031667144,2.11672344917803));
#11199=CARTESIAN_POINT('',(-1.25,3.70457031667144,2.11672344917803));
#11200=CARTESIAN_POINT('',(1.25,3.70457031667144,2.11672344917803));
#11201=CARTESIAN_POINT('',(-1.25,3.91374454795623,1.6685835928845));
#11202=CARTESIAN_POINT('',(1.25,3.91374454795623,1.6685835928845));
#11203=CARTESIAN_POINT('',(-1.25,3.9984966429536,1.68269496930024));
#11204=CARTESIAN_POINT('',(1.25,3.9984966429536,1.68269496930024));
#11205=CARTESIAN_POINT('',(-1.25,4.10627358018057,1.68847109989663));
#11206=CARTESIAN_POINT('',(1.25,4.10627358018057,1.68847109989663));
#11207=CARTESIAN_POINT('',(-1.25,4.2237003115427,1.6830132073314));
#11208=CARTESIAN_POINT('',(1.25,4.2237003115427,1.6830132073314));
#11209=CARTESIAN_POINT('',(-1.25,3.87556085956363,1.66141680549926));
#11210=CARTESIAN_POINT('',(-1.25,3.88104495322726,1.66257100017225));
#11211=CARTESIAN_POINT('',(-1.25,3.89262567470987,1.664888628301));
#11212=CARTESIAN_POINT('',(-1.25,3.91129757451753,1.66824013023251));
#11213=CARTESIAN_POINT('',(-1.25,3.93171556511017,1.67148498189711));
#11214=CARTESIAN_POINT('',(-1.25,3.95383268254575,1.67454772589593));
#11215=CARTESIAN_POINT('',(-1.25,3.97764915622554,1.67736160311208));
#11216=CARTESIAN_POINT('',(-1.25,4.00316320097463,1.67985981086271));
#11217=CARTESIAN_POINT('',(-1.25,4.0303711320316,1.68197543407922));
#11218=CARTESIAN_POINT('',(-1.25,4.05926690021947,1.68364197266225));
#11219=CARTESIAN_POINT('',(-1.25,4.0898439004875,1.68479154571043));
#11220=CARTESIAN_POINT('',(-1.25,4.12208793989386,1.6853621349855));
#11221=CARTESIAN_POINT('',(-1.25,4.15600453659637,1.68526973317963));
#11222=CARTESIAN_POINT('',(-1.25,4.18992999286847,1.68455006620852));
#11223=CARTESIAN_POINT('',(-1.25,4.21288068094829,1.68351609437164));
#11224=CARTESIAN_POINT('',(-1.25,4.2237003115427,1.6830132073314));
#11225=CARTESIAN_POINT('',(-1.25,3.91374454305801,1.66858359206894));
#11226=CARTESIAN_POINT('',(1.25,3.91374454305801,1.66858359206894));
#11227=CARTESIAN_POINT('',(1.25,3.91374454305804,1.66858359206894));
#11228=CARTESIAN_POINT('',(1.25,3.87556085956363,1.66141680549926));
#11229=CARTESIAN_POINT('',(1.25,3.88104495322726,1.66257100017225));
#11230=CARTESIAN_POINT('',(1.25,3.89262567470987,1.664888628301));
#11231=CARTESIAN_POINT('',(1.25,3.91129757451753,1.66824013023251));
#11232=CARTESIAN_POINT('',(1.25,3.93171556511017,1.67148498189711));
#11233=CARTESIAN_POINT('',(1.25,3.95383268254575,1.67454772589593));
#11234=CARTESIAN_POINT('',(1.25,3.97764915622554,1.67736160311208));
#11235=CARTESIAN_POINT('',(1.25,4.00316320097463,1.67985981086271));
#11236=CARTESIAN_POINT('',(1.25,4.0303711320316,1.68197543407922));
#11237=CARTESIAN_POINT('',(1.25,4.05926690021947,1.68364197266225));
#11238=CARTESIAN_POINT('',(1.25,4.0898439004875,1.68479154571043));
#11239=CARTESIAN_POINT('',(1.25,4.12208793989386,1.6853621349855));
#11240=CARTESIAN_POINT('',(1.25,4.15600453659637,1.68526973317963));
#11241=CARTESIAN_POINT('',(1.25,4.18992999286847,1.68455006620852));
#11242=CARTESIAN_POINT('',(1.25,4.21288068094829,1.68351609437164));
#11243=CARTESIAN_POINT('',(1.25,4.2237003115427,1.6830132073314));
#11244=CARTESIAN_POINT('',(-1.35,2.27295414174522E-12,1.01254811763566E-12));
#11245=CARTESIAN_POINT('',(-1.25,2.27295414174522E-12,1.01254811763566E-12));
#11246=CARTESIAN_POINT('',(-1.25,3.8443805875981,1.73234398301165));
#11247=CARTESIAN_POINT('',(-1.25,3.85977518057575,1.69776716106456));
#11248=CARTESIAN_POINT('',(-1.35,3.8443805875981,1.73234398301165));
#11249=CARTESIAN_POINT('',(1.25,3.8443805875981,1.73234398301165));
#11250=CARTESIAN_POINT('',(1.25,2.27295414174522E-12,1.01254811763566E-12));
#11251=CARTESIAN_POINT('',(1.25,3.85977518057575,1.69776716106456));
#11252=CARTESIAN_POINT('',(-1.35,3.85977518057575,1.69776716106456));
#11253=CARTESIAN_POINT('',(-1.25,3.8588055254362,1.79197865778677));
#11254=CARTESIAN_POINT('',(1.25,3.8588055254362,1.79197865778677));
#11255=CARTESIAN_POINT('',(-1.25,3.9260025425157,1.84551938477483));
#11256=CARTESIAN_POINT('',(1.25,3.9260025425157,1.84551938477483));
#11257=CARTESIAN_POINT('',(-1.25,4.00241189143785,1.92174827221246));
#11258=CARTESIAN_POINT('',(1.25,4.00241189143785,1.92174827221246));
#11259=CARTESIAN_POINT('',(-1.25,4.07692970677911,2.01266538295858));
#11260=CARTESIAN_POINT('',(1.25,4.07692970677911,2.01266538295858));
#11261=CARTESIAN_POINT('',(-1.35,3.8588055215526,1.79197865469243));
#11262=CARTESIAN_POINT('',(-1.25,3.8588055215526,1.79197865469243));
#11263=CARTESIAN_POINT('',(1.25,3.85880552155262,1.79197865469244));
#11264=CARTESIAN_POINT('',(-1.25,3.82792968990842,1.76839816412892));
#11265=CARTESIAN_POINT('',(-1.25,3.83245699862573,1.77170133297608));
#11266=CARTESIAN_POINT('',(-1.25,3.84192834716471,1.77875669030607));
#11267=CARTESIAN_POINT('',(-1.25,3.85691293812288,1.79039002351032));
#11268=CARTESIAN_POINT('',(-1.25,3.87298663527274,1.80339231800402));
#11269=CARTESIAN_POINT('',(-1.25,3.89006193782781,1.81777916363169));
#11270=CARTESIAN_POINT('',(-1.25,3.90808938759521,1.83359540144008));
#11271=CARTESIAN_POINT('',(-1.25,3.92701814599168,1.85088440450538));
#11272=CARTESIAN_POINT('',(-1.25,3.94679601984361,1.86968820943662));
#11273=CARTESIAN_POINT('',(-1.25,3.9673695422568,1.89004681807105));
#11274=CARTESIAN_POINT('',(-1.25,3.98868384824905,1.91200074308807));
#11275=CARTESIAN_POINT('',(-1.25,4.01068335235572,1.93558093537779));
#11276=CARTESIAN_POINT('',(-1.25,4.03330931734901,1.96084770759146));
#11277=CARTESIAN_POINT('',(-1.25,4.05547506168971,1.98654078606877));
#11278=CARTESIAN_POINT('',(-1.25,4.07006367870064,2.00428833335861));
#11279=CARTESIAN_POINT('',(-1.25,4.07692970677911,2.01266538295858));
#11280=CARTESIAN_POINT('',(1.25,3.82792968990842,1.76839816412892));
#11281=CARTESIAN_POINT('',(1.25,3.83245699862573,1.77170133297608));
#11282=CARTESIAN_POINT('',(1.25,3.84192834716471,1.77875669030607));
#11283=CARTESIAN_POINT('',(1.25,3.85691293812288,1.79039002351032));
#11284=CARTESIAN_POINT('',(1.25,3.87298663527274,1.80339231800402));
#11285=CARTESIAN_POINT('',(1.25,3.89006193782781,1.81777916363169));
#11286=CARTESIAN_POINT('',(1.25,3.90808938759521,1.83359540144008));
#11287=CARTESIAN_POINT('',(1.25,3.92701814599168,1.85088440450538));
#11288=CARTESIAN_POINT('',(1.25,3.94679601984361,1.86968820943662));
#11289=CARTESIAN_POINT('',(1.25,3.9673695422568,1.89004681807105));
#11290=CARTESIAN_POINT('',(1.25,3.98868384824905,1.91200074308807));
#11291=CARTESIAN_POINT('',(1.25,4.01068335235572,1.93558093537779));
#11292=CARTESIAN_POINT('',(1.25,4.03330931734901,1.96084770759146));
#11293=CARTESIAN_POINT('',(1.25,4.05547506168971,1.98654078606877));
#11294=CARTESIAN_POINT('',(1.25,4.07006367870064,2.00428833335861));
#11295=CARTESIAN_POINT('',(1.25,4.07692970677911,2.01266538295858));
#11296=CARTESIAN_POINT('',(-0.05,3.88995704099692,1.75288151643568));
#11297=CARTESIAN_POINT('',(-1.25,3.88995704099692,1.75288151643568));
#11298=CARTESIAN_POINT('',(1.25,3.88995704099692,1.75288151643568));
#11299=CARTESIAN_POINT('',(-0.05,3.90553414216631,1.71789477437837));
#11300=CARTESIAN_POINT('',(-1.25,3.90553414216631,1.71789477437837));
#11301=CARTESIAN_POINT('',(1.25,3.90553414216631,1.71789477437837));
#11302=CARTESIAN_POINT('',(-1.25,1.37880699957903,4.02497936032128));
#11303=CARTESIAN_POINT('',(1.25,1.37880699957903,4.02497936032128));
#11304=CARTESIAN_POINT('',(-1.25,1.4250304239311,4.09740479502457));
#11305=CARTESIAN_POINT('',(1.25,1.4250304239311,4.09740479502457));
#11306=CARTESIAN_POINT('',(-1.25,1.49285476972528,4.18136365399894));
#11307=CARTESIAN_POINT('',(1.25,1.49285476972528,4.18136365399894));
#11308=CARTESIAN_POINT('',(-1.25,1.57548459430222,4.26497667882184));
#11309=CARTESIAN_POINT('',(1.25,1.57548459430222,4.26497667882184));
#11310=CARTESIAN_POINT('',(-1.25,1.35858308597251,3.99180783308595));
#11311=CARTESIAN_POINT('',(-1.25,1.36139492709215,3.9966556158959));
#11312=CARTESIAN_POINT('',(-1.25,1.36742160892863,4.0068125650561));
#11313=CARTESIAN_POINT('',(-1.25,1.37742489725082,4.02293108329965));
#11314=CARTESIAN_POINT('',(-1.25,1.38867580495272,4.04027583691709));
#11315=CARTESIAN_POINT('',(-1.25,1.40119898279881,4.05876143404286));
#11316=CARTESIAN_POINT('',(-1.25,1.41504419598079,4.07834337458699));
#11317=CARTESIAN_POINT('',(-1.25,1.43025989405157,4.09897563218627));
#11318=CARTESIAN_POINT('',(-1.25,1.44689333901147,4.12061069360888));
#11319=CARTESIAN_POINT('',(-1.25,1.46498990237579,4.14319956618847));
#11320=CARTESIAN_POINT('',(-1.25,1.48459560984351,4.16669192022707));
#11321=CARTESIAN_POINT('',(-1.25,1.50574705301571,4.191035710012));
#11322=CARTESIAN_POINT('',(-1.25,1.52851035385679,4.21617882447289));
#11323=CARTESIAN_POINT('',(-1.25,1.55174573176877,4.2409088005567));
#11324=CARTESIAN_POINT('',(-1.25,1.56787113042025,4.25727262344219));
#11325=CARTESIAN_POINT('',(-1.25,1.57548459430222,4.26497667882184));
#11326=CARTESIAN_POINT('',(-1.25,1.37880699690757,4.02497935613548));
#11327=CARTESIAN_POINT('',(1.25,1.37880699690757,4.02497935613548));
#11328=CARTESIAN_POINT('',(1.25,1.37880699690758,4.02497935613551));
#11329=CARTESIAN_POINT('',(1.25,1.35858308597251,3.99180783308595));
#11330=CARTESIAN_POINT('',(1.25,1.36139492709215,3.9966556158959));
#11331=CARTESIAN_POINT('',(1.25,1.36742160892863,4.0068125650561));
#11332=CARTESIAN_POINT('',(1.25,1.37742489725082,4.02293108329965));
#11333=CARTESIAN_POINT('',(1.25,1.38867580495272,4.04027583691709));
#11334=CARTESIAN_POINT('',(1.25,1.40119898279881,4.05876143404286));
#11335=CARTESIAN_POINT('',(1.25,1.41504419598079,4.07834337458699));
#11336=CARTESIAN_POINT('',(1.25,1.43025989405157,4.09897563218627));
#11337=CARTESIAN_POINT('',(1.25,1.44689333901147,4.12061069360888));
#11338=CARTESIAN_POINT('',(1.25,1.46498990237579,4.14319956618847));
#11339=CARTESIAN_POINT('',(1.25,1.48459560984351,4.16669192022707));
#11340=CARTESIAN_POINT('',(1.25,1.50574705301571,4.191035710012));
#11341=CARTESIAN_POINT('',(1.25,1.52851035385679,4.21617882447289));
#11342=CARTESIAN_POINT('',(1.25,1.55174573176877,4.2409088005567));
#11343=CARTESIAN_POINT('',(1.25,1.56787113042025,4.25727262344219));
#11344=CARTESIAN_POINT('',(1.25,1.57548459430222,4.26497667882184));
#11345=CARTESIAN_POINT('',(-1.35,7.68433288924045E-13,2.36666104490644E-12));
#11346=CARTESIAN_POINT('',(-1.25,7.68433288924045E-13,2.36666104490644E-12));
#11347=CARTESIAN_POINT('',(-1.25,1.28501024673173,4.01609592061398));
#11348=CARTESIAN_POINT('',(-1.25,1.32100682637695,4.00439992289023));
#11349=CARTESIAN_POINT('',(-1.35,1.28501024673173,4.01609592061398));
#11350=CARTESIAN_POINT('',(1.25,1.28501024673173,4.01609592061398));
#11351=CARTESIAN_POINT('',(1.25,7.68433288924045E-13,2.36666104490644E-12));
#11352=CARTESIAN_POINT('',(1.25,1.32100682637695,4.00439992289023));
#11353=CARTESIAN_POINT('',(-1.35,1.32100682637695,4.00439992289023));
#11354=CARTESIAN_POINT('',(-1.25,1.25034521415587,4.06671912461849));
#11355=CARTESIAN_POINT('',(1.25,1.25034521415587,4.06671912461849));
#11356=CARTESIAN_POINT('',(-1.25,1.25552028072631,4.15248197926306));
#11357=CARTESIAN_POINT('',(1.25,1.25552028072631,4.15248197926306));
#11358=CARTESIAN_POINT('',(-1.25,1.2499990114509,4.26027227320585));
#11359=CARTESIAN_POINT('',(1.25,1.2499990114509,4.26027227320585));
#11360=CARTESIAN_POINT('',(-1.25,1.23229658201639,4.37648522352453));
#11361=CARTESIAN_POINT('',(1.25,1.23229658201639,4.37648522352453));
#11362=CARTESIAN_POINT('',(-1.35,1.25034521385678,4.06671911966188));
#11363=CARTESIAN_POINT('',(-1.25,1.25034521385678,4.06671911966188));
#11364=CARTESIAN_POINT('',(1.25,1.25034521385678,4.06671911966192));
#11365=CARTESIAN_POINT('',(-1.25,1.24720896945137,4.02799547719421));
#11366=CARTESIAN_POINT('',(-1.25,1.24778359744211,4.03357017461441));
#11367=CARTESIAN_POINT('',(-1.25,1.24887801434136,4.04532971379976));
#11368=CARTESIAN_POINT('',(-1.25,1.25025941140144,4.06424965433315));
#11369=CARTESIAN_POINT('',(-1.25,1.25135222624943,4.08489497239498));
#11370=CARTESIAN_POINT('',(-1.25,1.25208632391871,4.10721107387067));
#11371=CARTESIAN_POINT('',(-1.25,1.25239528702686,4.13119120867691));
#11372=CARTESIAN_POINT('',(-1.25,1.25221286544467,4.15682661863638));
#11373=CARTESIAN_POINT('',(-1.25,1.25147289583377,4.18410664464389));
#11374=CARTESIAN_POINT('',(-1.25,1.25010987470044,4.21301831950727));
#11375=CARTESIAN_POINT('',(-1.25,1.24805698341784,4.24354797887264));
#11376=CARTESIAN_POINT('',(-1.25,1.24525402705646,4.27567502487747));
#11377=CARTESIAN_POINT('',(-1.25,1.24161688170477,4.30939616429573));
#11378=CARTESIAN_POINT('',(-1.25,1.23735498133486,4.34306054768612));
#11379=CARTESIAN_POINT('',(-1.25,1.23392767354796,4.3657774300081));
#11380=CARTESIAN_POINT('',(-1.25,1.23229658201639,4.37648522352453));
#11381=CARTESIAN_POINT('',(1.25,1.24720896945137,4.02799547719421));
#11382=CARTESIAN_POINT('',(1.25,1.24778359744211,4.03357017461441));
#11383=CARTESIAN_POINT('',(1.25,1.24887801434136,4.04532971379976));
#11384=CARTESIAN_POINT('',(1.25,1.25025941140144,4.06424965433315));
#11385=CARTESIAN_POINT('',(1.25,1.25135222624943,4.08489497239498));
#11386=CARTESIAN_POINT('',(1.25,1.25208632391871,4.10721107387067));
#11387=CARTESIAN_POINT('',(1.25,1.25239528702686,4.13119120867691));
#11388=CARTESIAN_POINT('',(1.25,1.25221286544467,4.15682661863638));
#11389=CARTESIAN_POINT('',(1.25,1.25147289583377,4.18410664464389));
#11390=CARTESIAN_POINT('',(1.25,1.25010987470044,4.21301831950727));
#11391=CARTESIAN_POINT('',(1.25,1.24805698341784,4.24354797887264));
#11392=CARTESIAN_POINT('',(1.25,1.24525402705646,4.27567502487747));
#11393=CARTESIAN_POINT('',(1.25,1.24161688170477,4.30939616429573));
#11394=CARTESIAN_POINT('',(1.25,1.23735498133486,4.34306054768612));
#11395=CARTESIAN_POINT('',(1.25,1.23392767354796,4.3657774300081));
#11396=CARTESIAN_POINT('',(1.25,1.23229658201639,4.37648522352453));
#11397=CARTESIAN_POINT('',(-0.05,1.30024448493803,4.06370811831405));
#11398=CARTESIAN_POINT('',(-1.25,1.30024448493803,4.06370811831405));
#11399=CARTESIAN_POINT('',(1.25,1.30024448493803,4.06370811831405));
#11400=CARTESIAN_POINT('',(-0.05,1.33666781640902,4.0518734605167));
#11401=CARTESIAN_POINT('',(-1.25,1.33666781640902,4.0518734605167));
#11402=CARTESIAN_POINT('',(1.25,1.33666781640902,4.0518734605167));
#11403=CARTESIAN_POINT('',(-1.25,0.950528843349978,4.14705467905358));
#11404=CARTESIAN_POINT('',(1.25,0.950528843349978,4.14705467905358));
#11405=CARTESIAN_POINT('',(-1.25,0.988928531555982,4.22391502316207));
#11406=CARTESIAN_POINT('',(1.25,0.988928531555982,4.22391502316207));
#11407=CARTESIAN_POINT('',(-1.25,1.04760523798104,4.31450352136022));
#11408=CARTESIAN_POINT('',(1.25,1.04760523798104,4.31450352136022));
#11409=CARTESIAN_POINT('',(-1.25,1.12104246673933,4.40629567386765));
#11410=CARTESIAN_POINT('',(1.25,1.12104246673933,4.40629567386765));
#11411=CARTESIAN_POINT('',(-1.25,0.933883087224408,4.11195089430469));
#11412=CARTESIAN_POINT('',(-1.25,0.936172793496807,4.11706603788437));
#11413=CARTESIAN_POINT('',(-1.25,0.941104770252396,4.1277973060053));
#11414=CARTESIAN_POINT('',(-1.25,0.949368415572348,4.14487315367534));
#11415=CARTESIAN_POINT('',(-1.25,0.958744669183271,4.1632989310101));
#11416=CARTESIAN_POINT('',(-1.25,0.969266972690656,4.18299229063612));
#11417=CARTESIAN_POINT('',(-1.25,0.980989470193293,4.20391417811858));
#11418=CARTESIAN_POINT('',(-1.25,0.993965156897401,4.22602388358882));
#11419=CARTESIAN_POINT('',(-1.25,1.00824600238223,4.24927909432176));
#11420=CARTESIAN_POINT('',(-1.25,1.02388225074127,4.27363582865274));
#11421=CARTESIAN_POINT('',(-1.25,1.0409249364259,4.29904884359074));
#11422=CARTESIAN_POINT('',(-1.25,1.05941589084296,4.32547020339878));
#11423=CARTESIAN_POINT('',(-1.25,1.07942632082391,4.3528549941037));
#11424=CARTESIAN_POINT('',(-1.25,1.09994942650785,4.37987825513757));
#11425=CARTESIAN_POINT('',(-1.25,1.11427600327888,4.39783799842974));
#11426=CARTESIAN_POINT('',(-1.25,1.12104246673933,4.40629567386765));
#11427=CARTESIAN_POINT('',(-1.25,0.950528841130683,4.14705467461147));
#11428=CARTESIAN_POINT('',(1.25,0.950528841130683,4.14705467461147));
#11429=CARTESIAN_POINT('',(1.25,0.950528841130696,4.1470546746115));
#11430=CARTESIAN_POINT('',(1.25,0.933883087224408,4.11195089430469));
#11431=CARTESIAN_POINT('',(1.25,0.936172793496807,4.11706603788437));
#11432=CARTESIAN_POINT('',(1.25,0.941104770252396,4.1277973060053));
#11433=CARTESIAN_POINT('',(1.25,0.949368415572348,4.14487315367534));
#11434=CARTESIAN_POINT('',(1.25,0.958744669183271,4.1632989310101));
#11435=CARTESIAN_POINT('',(1.25,0.969266972690656,4.18299229063612));
#11436=CARTESIAN_POINT('',(1.25,0.980989470193293,4.20391417811858));
#11437=CARTESIAN_POINT('',(1.25,0.993965156897401,4.22602388358882));
#11438=CARTESIAN_POINT('',(1.25,1.00824600238223,4.24927909432176));
#11439=CARTESIAN_POINT('',(1.25,1.02388225074127,4.27363582865274));
#11440=CARTESIAN_POINT('',(1.25,1.0409249364259,4.29904884359074));
#11441=CARTESIAN_POINT('',(1.25,1.05941589084296,4.32547020339878));
#11442=CARTESIAN_POINT('',(1.25,1.07942632082391,4.3528549941037));
#11443=CARTESIAN_POINT('',(1.25,1.09994942650785,4.37987825513757));
#11444=CARTESIAN_POINT('',(1.25,1.11427600327888,4.39783799842974));
#11445=CARTESIAN_POINT('',(1.25,1.12104246673933,4.40629567386765));
#11446=CARTESIAN_POINT('',(-1.35,5.16840288865329E-13,2.43401937888955E-12));
#11447=CARTESIAN_POINT('',(-1.25,5.16840288865329E-13,2.43401937888955E-12));
#11448=CARTESIAN_POINT('',(-1.25,0.858174491230019,4.12841547332386));
#11449=CARTESIAN_POINT('',(-1.25,0.895196442514004,4.12054621465262));
#11450=CARTESIAN_POINT('',(-1.35,0.858174491230019,4.12841547332386));
#11451=CARTESIAN_POINT('',(1.25,0.858174491230019,4.12841547332386));
#11452=CARTESIAN_POINT('',(1.25,5.16840288865329E-13,2.43401937888955E-12));
#11453=CARTESIAN_POINT('',(1.25,0.895196442514004,4.12054621465262));
#11454=CARTESIAN_POINT('',(-1.35,0.895196442514004,4.12054621465262));
#11455=CARTESIAN_POINT('',(-1.25,0.818407791609398,4.17513787553576));
#11456=CARTESIAN_POINT('',(1.25,0.818407791609398,4.17513787553576));
#11457=CARTESIAN_POINT('',(-1.25,0.81458984922225,4.26097185404498));
#11458=CARTESIAN_POINT('',(1.25,0.81458984922225,4.26097185404498));
#11459=CARTESIAN_POINT('',(-1.25,0.797831672256602,4.36759453168667));
#11460=CARTESIAN_POINT('',(1.25,0.797831672256602,4.36759453168667));
#11461=CARTESIAN_POINT('',(-1.25,0.768078657474178,4.48132044755901));
#11462=CARTESIAN_POINT('',(1.25,0.768078657474178,4.48132044755901));
#11463=CARTESIAN_POINT('',(-1.35,0.818407791830054,4.17513787057505));
#11464=CARTESIAN_POINT('',(-1.25,0.818407791830054,4.17513787057505));
#11465=CARTESIAN_POINT('',(1.25,0.818407791830052,4.17513787057508));
#11466=CARTESIAN_POINT('',(-1.25,0.819336450938919,4.13629853346441));
#11467=CARTESIAN_POINT('',(-1.25,0.819325216502881,4.14190275708967));
#11468=CARTESIAN_POINT('',(-1.25,0.819184431512067,4.15371227400559));
#11469=CARTESIAN_POINT('',(-1.25,0.818580588825445,4.17267296443696));
#11470=CARTESIAN_POINT('',(-1.25,0.817509393748682,4.193319415543));
#11471=CARTESIAN_POINT('',(-1.25,0.815906802160744,4.21559000118109));
#11472=CARTESIAN_POINT('',(-1.25,0.813707466096406,4.23947106573868));
#11473=CARTESIAN_POINT('',(-1.25,0.810846413830436,4.26494697399246));
#11474=CARTESIAN_POINT('',(-1.25,0.807258958654016,4.29200020927685));
#11475=CARTESIAN_POINT('',(-1.25,0.802881311349115,4.32061102845578));
#11476=CARTESIAN_POINT('',(-1.25,0.797648447642204,4.35075885758176));
#11477=CARTESIAN_POINT('',(-1.25,0.791502655420841,4.382416919546));
#11478=CARTESIAN_POINT('',(-1.25,0.784360615848927,4.41557314581993));
#11479=CARTESIAN_POINT('',(-1.25,0.776603176352519,4.44860762229948));
#11480=CARTESIAN_POINT('',(-1.25,0.770820082916934,4.47084180794708));
#11481=CARTESIAN_POINT('',(-1.25,0.768078657474178,4.48132044755901));
#11482=CARTESIAN_POINT('',(1.25,0.819336450938919,4.13629853346441));
#11483=CARTESIAN_POINT('',(1.25,0.819325216502881,4.14190275708967));
#11484=CARTESIAN_POINT('',(1.25,0.819184431512067,4.15371227400559));
#11485=CARTESIAN_POINT('',(1.25,0.818580588825445,4.17267296443696));
#11486=CARTESIAN_POINT('',(1.25,0.817509393748682,4.193319415543));
#11487=CARTESIAN_POINT('',(1.25,0.815906802160744,4.21559000118109));
#11488=CARTESIAN_POINT('',(1.25,0.813707466096406,4.23947106573868));
#11489=CARTESIAN_POINT('',(1.25,0.810846413830436,4.26494697399246));
#11490=CARTESIAN_POINT('',(1.25,0.807258958654016,4.29200020927685));
#11491=CARTESIAN_POINT('',(1.25,0.802881311349115,4.32061102845578));
#11492=CARTESIAN_POINT('',(1.25,0.797648447642204,4.35075885758176));
#11493=CARTESIAN_POINT('',(1.25,0.791502655420841,4.382416919546));
#11494=CARTESIAN_POINT('',(1.25,0.784360615848927,4.41557314581993));
#11495=CARTESIAN_POINT('',(1.25,0.776603176352519,4.44860762229948));
#11496=CARTESIAN_POINT('',(1.25,0.770820082916934,4.47084180794708));
#11497=CARTESIAN_POINT('',(1.25,0.768078657474178,4.48132044755901));
#11498=CARTESIAN_POINT('',(-0.05,0.868348444827062,4.17735925793194));
#11499=CARTESIAN_POINT('',(-1.25,0.868348444827062,4.17735925793194));
#11500=CARTESIAN_POINT('',(1.25,0.868348444827062,4.17735925793194));
#11501=CARTESIAN_POINT('',(-0.05,0.905809304070074,4.16939670649404));
#11502=CARTESIAN_POINT('',(-1.25,0.905809304070074,4.16939670649404));
#11503=CARTESIAN_POINT('',(1.25,0.905809304070074,4.16939670649404));
#11504=CARTESIAN_POINT('',(-1.25,0.511836494202227,4.22369399889519));
#11505=CARTESIAN_POINT('',(1.25,0.511836494202227,4.22369399889519));
#11506=CARTESIAN_POINT('',(-1.24999999999999,0.54199173124253,4.30414715439474));
#11507=CARTESIAN_POINT('',(1.25000000000001,0.54199173124253,4.30414715439474));
#11508=CARTESIAN_POINT('',(-1.25,0.590877924023967,4.40037278527358));
#11509=CARTESIAN_POINT('',(1.25,0.590877924023967,4.40037278527358));
#11510=CARTESIAN_POINT('',(-1.25,0.654317963317626,4.49933837143392));
#11511=CARTESIAN_POINT('',(1.25,0.654317963317626,4.49933837143392));
#11512=CARTESIAN_POINT('',(-1.25,0.498951269945068,4.18704256104439));
#11513=CARTESIAN_POINT('',(-1.25,0.500693754869154,4.19236902281032));
#11514=CARTESIAN_POINT('',(-1.25,0.504476990774441,4.20355703587278));
#11515=CARTESIAN_POINT('',(-1.25,0.510910454864747,4.22140312640891));
#11516=CARTESIAN_POINT('',(-1.25,0.518309326188022,4.24070805078865));
#11517=CARTESIAN_POINT('',(-1.25,0.526715470797542,4.26139340834576));
#11518=CARTESIAN_POINT('',(-1.25,0.536186818485115,4.2834260181891));
#11519=CARTESIAN_POINT('',(-1.25,0.546780329483684,4.30677093297042));
#11520=CARTESIAN_POINT('',(-1.25,0.558552111561833,4.33139150405843));
#11521=CARTESIAN_POINT('',(-1.25,0.57155673090648,4.3572492426625));
#11522=CARTESIAN_POINT('',(-1.25,0.585849671577262,4.38430448819023));
#11523=CARTESIAN_POINT('',(-1.25,0.60147754647311,4.41251394007429));
#11524=CARTESIAN_POINT('',(-1.25,0.618515867135602,4.44184037352565));
#11525=CARTESIAN_POINT('',(-1.25,0.636101845150888,4.4708608470067));
#11526=CARTESIAN_POINT('',(-1.25,0.648472635068341,4.49021973999972));
#11527=CARTESIAN_POINT('',(-1.25,0.654317963317626,4.49933837143392));
#11528=CARTESIAN_POINT('',(-1.25,0.511836492459417,4.22369399424543));
#11529=CARTESIAN_POINT('',(1.25,0.511836492459417,4.22369399424543));
#11530=CARTESIAN_POINT('',(1.25,0.511836492459428,4.22369399424546));
#11531=CARTESIAN_POINT('',(1.25,0.498951269945068,4.18704256104439));
#11532=CARTESIAN_POINT('',(1.25,0.500693754869154,4.19236902281032));
#11533=CARTESIAN_POINT('',(1.25,0.504476990774441,4.20355703587278));
#11534=CARTESIAN_POINT('',(1.25,0.510910454864747,4.22140312640891));
#11535=CARTESIAN_POINT('',(1.25,0.518309326188022,4.24070805078865));
#11536=CARTESIAN_POINT('',(1.25,0.526715470797542,4.26139340834576));
#11537=CARTESIAN_POINT('',(1.25,0.536186818485115,4.2834260181891));
#11538=CARTESIAN_POINT('',(1.25,0.546780329483684,4.30677093297042));
#11539=CARTESIAN_POINT('',(1.25,0.558552111561833,4.33139150405843));
#11540=CARTESIAN_POINT('',(1.25,0.57155673090648,4.3572492426625));
#11541=CARTESIAN_POINT('',(1.25,0.585849671577262,4.38430448819023));
#11542=CARTESIAN_POINT('',(1.25,0.60147754647311,4.41251394007429));
#11543=CARTESIAN_POINT('',(1.25,0.618515867135602,4.44184037352565));
#11544=CARTESIAN_POINT('',(1.25,0.636101845150888,4.4708608470067));
#11545=CARTESIAN_POINT('',(1.25,0.648472635068341,4.49021973999972));
#11546=CARTESIAN_POINT('',(1.25,0.654317963317626,4.49933837143392));
#11547=CARTESIAN_POINT('',(-1.35,2.59584678446019E-13,2.47471008720625E-12));
#11548=CARTESIAN_POINT('',(-1.25,2.59584678446019E-13,2.47471008720625E-12));
#11549=CARTESIAN_POINT('',(-1.25,0.421936396417835,4.19550324218153));
#11550=CARTESIAN_POINT('',(-1.25,0.459578099094976,4.19154693980755));
#11551=CARTESIAN_POINT('',(-1.35,0.421936396417835,4.19550324218153));
#11552=CARTESIAN_POINT('',(1.25,0.421936396417835,4.19550324218153));
#11553=CARTESIAN_POINT('',(1.25,2.59584678446019E-13,2.47471008720625E-12));
#11554=CARTESIAN_POINT('',(1.25,0.459578099094975,4.19154693980755));
#11555=CARTESIAN_POINT('',(-1.35,0.459578099094976,4.19154693980755));
#11556=CARTESIAN_POINT('',(-1.25,0.377503722035211,4.2378129421849));
#11557=CARTESIAN_POINT('',(1.25,0.377503722035211,4.2378129421849));
#11558=CARTESIAN_POINT('',(-1.25,0.364734600866217,4.3227776295283));
#11559=CARTESIAN_POINT('',(1.25,0.364734600866217,4.3227776295283));
#11560=CARTESIAN_POINT('',(-1.25,0.336923122304063,4.42706451050031));
#11561=CARTESIAN_POINT('',(1.25,0.336923122304063,4.42706451050031));
#11562=CARTESIAN_POINT('',(-1.25,0.29544550242988,4.53705738699344));
#11563=CARTESIAN_POINT('',(1.25,0.29544550242988,4.53705738699344));
#11564=CARTESIAN_POINT('',(-1.35,0.377503722773193,4.23781293727442));
#11565=CARTESIAN_POINT('',(-1.25,0.377503722773193,4.23781293727442));
#11566=CARTESIAN_POINT('',(1.25,0.377503722773188,4.23781293727446));
#11567=CARTESIAN_POINT('',(-1.25,0.382487110812803,4.19928343742584));
#11568=CARTESIAN_POINT('',(-1.25,0.381890137036823,4.20485578620938));
#11569=CARTESIAN_POINT('',(-1.25,0.380515692625766,4.21658589331724));
#11570=CARTESIAN_POINT('',(-1.25,0.377933226019277,4.23537959635445));
#11571=CARTESIAN_POINT('',(-1.25,0.374709757255181,4.25580097366582));
#11572=CARTESIAN_POINT('',(-1.25,0.370788034738823,4.27778204226964));
#11573=CARTESIAN_POINT('',(-1.25,0.366104495888166,4.30130239063786));
#11574=CARTESIAN_POINT('',(-1.25,0.360596159225749,4.32633967780395));
#11575=CARTESIAN_POINT('',(-1.25,0.354200523393452,4.35286972145819));
#11576=CARTESIAN_POINT('',(-1.25,0.346856212336925,4.38086621883055));
#11577=CARTESIAN_POINT('',(-1.25,0.33850070855553,4.41030191179239));
#11578=CARTESIAN_POINT('',(-1.25,0.329079415059846,4.44114413736428));
#11579=CARTESIAN_POINT('',(-1.25,0.318510730947823,4.47337218394044));
#11580=CARTESIAN_POINT('',(-1.25,0.307342744455391,4.50541482087194));
#11581=CARTESIAN_POINT('',(-1.25,0.299267226152991,4.5269227074544));
#11582=CARTESIAN_POINT('',(-1.25,0.29544550242988,4.53705738699344));
#11583=CARTESIAN_POINT('',(1.25,0.382487110812803,4.19928343742584));
#11584=CARTESIAN_POINT('',(1.25,0.381890137036823,4.20485578620938));
#11585=CARTESIAN_POINT('',(1.25,0.380515692625766,4.21658589331724));
#11586=CARTESIAN_POINT('',(1.25,0.377933226019277,4.23537959635445));
#11587=CARTESIAN_POINT('',(1.25,0.374709757255181,4.25580097366582));
#11588=CARTESIAN_POINT('',(1.25,0.370788034738823,4.27778204226964));
#11589=CARTESIAN_POINT('',(1.25,0.366104495888166,4.30130239063786));
#11590=CARTESIAN_POINT('',(1.25,0.360596159225749,4.32633967780395));
#11591=CARTESIAN_POINT('',(1.25,0.354200523393452,4.35286972145819));
#11592=CARTESIAN_POINT('',(1.25,0.346856212336925,4.38086621883055));
#11593=CARTESIAN_POINT('',(1.25,0.33850070855553,4.41030191179239));
#11594=CARTESIAN_POINT('',(1.25,0.329079415059846,4.44114413736428));
#11595=CARTESIAN_POINT('',(1.25,0.318510730947823,4.47337218394044));
#11596=CARTESIAN_POINT('',(1.25,0.307342744455391,4.50541482087194));
#11597=CARTESIAN_POINT('',(1.25,0.299267226152991,4.5269227074544));
#11598=CARTESIAN_POINT('',(1.25,0.29544550242988,4.53705738699344));
#11599=CARTESIAN_POINT('',(-0.05,0.426938597440969,4.24524237535131));
#11600=CARTESIAN_POINT('',(-1.25,0.426938597440969,4.24524237535131));
#11601=CARTESIAN_POINT('',(1.25,0.426938597440969,4.24524237535131));
#11602=CARTESIAN_POINT('',(-0.05,0.465026555442947,4.24123916965268));
#11603=CARTESIAN_POINT('',(-1.25,0.465026555442947,4.24123916965268));
#11604=CARTESIAN_POINT('',(1.25,0.465026555442947,4.24123916965268));
#11605=CARTESIAN_POINT('',(-1.25,0.0675363573153285,4.25405764342011));
#11606=CARTESIAN_POINT('',(1.25,0.0675363573153285,4.25405764342011));
#11607=CARTESIAN_POINT('',(-1.25,0.0891167561025281,4.33722214870318));
#11608=CARTESIAN_POINT('',(1.25,0.0891167561025281,4.33722214870318));
#11609=CARTESIAN_POINT('',(-1.25,0.127676827882141,4.43803064411425));
#11610=CARTESIAN_POINT('',(1.25,0.127676827882141,4.43803064411425));
#11611=CARTESIAN_POINT('',(-1.25,0.180424615364981,4.54308537625568));
#11612=CARTESIAN_POINT('',(1.25,0.180424615364981,4.54308537625568));
#11613=CARTESIAN_POINT('',(-1.25,0.0585528381399469,4.2162601132903));
#11614=CARTESIAN_POINT('',(-1.25,0.0597290106862532,4.22173953541273));
#11615=CARTESIAN_POINT('',(-1.25,0.0623220558169663,4.23326171520438));
#11616=CARTESIAN_POINT('',(-1.25,0.0668548522987659,4.25168252310413));
#11617=CARTESIAN_POINT('',(-1.25,0.0721952777518611,4.27165508573755));
#11618=CARTESIAN_POINT('',(-1.25,0.0783931639840755,4.29310580811966));
#11619=CARTESIAN_POINT('',(-1.25,0.0855095917893119,4.31600774643981));
#11620=CARTESIAN_POINT('',(-1.25,0.0936048623590082,4.34033209876064));
#11621=CARTESIAN_POINT('',(-1.25,0.10273860692263,4.36604828207468));
#11622=CARTESIAN_POINT('',(-1.25,0.11296911592195,4.39312372215662));
#11623=CARTESIAN_POINT('',(-1.25,0.1243557151299,4.42152477534241));
#11624=CARTESIAN_POINT('',(-1.25,0.136949288236833,4.45121325064444));
#11625=CARTESIAN_POINT('',(-1.25,0.150828824174195,4.48216002030039));
#11626=CARTESIAN_POINT('',(-1.25,0.165284998865589,4.51285975184825));
#11627=CARTESIAN_POINT('',(-1.25,0.175564464966373,4.53340569445938));
#11628=CARTESIAN_POINT('',(-1.25,0.180424615364981,4.54308537625568));
#11629=CARTESIAN_POINT('',(-1.25,0.0675363560680976,4.25405763861365));
#11630=CARTESIAN_POINT('',(1.25,0.0675363560680976,4.25405763861365));
#11631=CARTESIAN_POINT('',(1.25,0.0675363560681051,4.25405763861368));
#11632=CARTESIAN_POINT('',(1.25,0.0585528381399469,4.2162601132903));
#11633=CARTESIAN_POINT('',(1.25,0.0597290106862532,4.22173953541273));
#11634=CARTESIAN_POINT('',(1.25,0.0623220558169663,4.23326171520438));
#11635=CARTESIAN_POINT('',(1.25,0.0668548522987659,4.25168252310413));
#11636=CARTESIAN_POINT('',(1.25,0.0721952777518611,4.27165508573755));
#11637=CARTESIAN_POINT('',(1.25,0.0783931639840755,4.29310580811966));
#11638=CARTESIAN_POINT('',(1.25,0.0855095917893119,4.31600774643981));
#11639=CARTESIAN_POINT('',(1.25,0.0936048623590082,4.34033209876064));
#11640=CARTESIAN_POINT('',(1.25,0.10273860692263,4.36604828207468));
#11641=CARTESIAN_POINT('',(1.25,0.11296911592195,4.39312372215662));
#11642=CARTESIAN_POINT('',(1.25,0.1243557151299,4.42152477534241));
#11643=CARTESIAN_POINT('',(1.25,0.136949288236833,4.45121325064444));
#11644=CARTESIAN_POINT('',(1.25,0.150828824174195,4.48216002030039));
#11645=CARTESIAN_POINT('',(1.25,0.165284998865589,4.51285975184825));
#11646=CARTESIAN_POINT('',(1.25,0.175564464966373,4.53340569445938));
#11647=CARTESIAN_POINT('',(1.25,0.180424615364981,4.54308537625568));
#11648=CARTESIAN_POINT('',(-1.35,-5.14996031931072E-16,2.48828735394113E-12));
#11649=CARTESIAN_POINT('',(-1.25,-5.14996031931072E-16,2.48828735394113E-12));
#11650=CARTESIAN_POINT('',(-1.25,-0.0189245218493676,4.21662419955235));
#11651=CARTESIAN_POINT('',(-1.25,0.0189245218493658,4.21662419955235));
#11652=CARTESIAN_POINT('',(-1.35,-0.0189245218493676,4.21662419955235));
#11653=CARTESIAN_POINT('',(1.25,-0.0189245218493676,4.21662419955235));
#11654=CARTESIAN_POINT('',(1.25,-5.14996031931072E-16,2.48828735394113E-12));
#11655=CARTESIAN_POINT('',(1.25,0.0189245218493658,4.21662419955235));
#11656=CARTESIAN_POINT('',(-1.35,0.0189245218493658,4.21662419955235));
#11657=CARTESIAN_POINT('',(-1.25,-0.0675363573153236,4.25405764342008));
#11658=CARTESIAN_POINT('',(1.25,-0.0675363573153236,4.25405764342008));
#11659=CARTESIAN_POINT('',(-1.25,-0.0891167561025223,4.33722214870318));
#11660=CARTESIAN_POINT('',(1.25,-0.0891167561025223,4.33722214870318));
#11661=CARTESIAN_POINT('',(-1.25,-0.127676827882137,4.43803064411424));
#11662=CARTESIAN_POINT('',(1.25,-0.127676827882137,4.43803064411424));
#11663=CARTESIAN_POINT('',(-1.25,-0.180424615364982,4.54308537625568));
#11664=CARTESIAN_POINT('',(1.25,-0.180424615364982,4.54308537625568));
#11665=CARTESIAN_POINT('',(-1.35,-0.0675363560681001,4.25405763861365));
#11666=CARTESIAN_POINT('',(-1.25,-0.0675363560681001,4.25405763861365));
#11667=CARTESIAN_POINT('',(1.25,-0.0675363560681072,4.25405763861368));
#11668=CARTESIAN_POINT('',(-1.25,-0.0585528381399484,4.2162601132903));
#11669=CARTESIAN_POINT('',(-1.25,-0.0597290106862547,4.22173953541273));
#11670=CARTESIAN_POINT('',(-1.25,-0.0623220558169678,4.23326171520438));
#11671=CARTESIAN_POINT('',(-1.25,-0.0668548522987675,4.25168252310413));
#11672=CARTESIAN_POINT('',(-1.25,-0.0721952777518627,4.27165508573755));
#11673=CARTESIAN_POINT('',(-1.25,-0.078393163984077,4.29310580811966));
#11674=CARTESIAN_POINT('',(-1.25,-0.0855095917893135,4.31600774643981));
#11675=CARTESIAN_POINT('',(-1.25,-0.0936048623590098,4.34033209876064));
#11676=CARTESIAN_POINT('',(-1.25,-0.102738606922631,4.36604828207468));
#11677=CARTESIAN_POINT('',(-1.25,-0.112969115921952,4.39312372215662));
#11678=CARTESIAN_POINT('',(-1.25,-0.124355715129901,4.42152477534241));
#11679=CARTESIAN_POINT('',(-1.25,-0.136949288236835,4.45121325064444));
#11680=CARTESIAN_POINT('',(-1.25,-0.150828824174196,4.48216002030039));
#11681=CARTESIAN_POINT('',(-1.25,-0.16528499886559,4.51285975184825));
#11682=CARTESIAN_POINT('',(-1.25,-0.175564464966375,4.53340569445938));
#11683=CARTESIAN_POINT('',(-1.25,-0.180424615364982,4.54308537625568));
#11684=CARTESIAN_POINT('',(1.25,-0.0585528381399484,4.2162601132903));
#11685=CARTESIAN_POINT('',(1.25,-0.0597290106862547,4.22173953541273));
#11686=CARTESIAN_POINT('',(1.25,-0.0623220558169678,4.23326171520438));
#11687=CARTESIAN_POINT('',(1.25,-0.0668548522987675,4.25168252310413));
#11688=CARTESIAN_POINT('',(1.25,-0.0721952777518627,4.27165508573755));
#11689=CARTESIAN_POINT('',(1.25,-0.078393163984077,4.29310580811966));
#11690=CARTESIAN_POINT('',(1.25,-0.0855095917893135,4.31600774643981));
#11691=CARTESIAN_POINT('',(1.25,-0.0936048623590098,4.34033209876064));
#11692=CARTESIAN_POINT('',(1.25,-0.102738606922631,4.36604828207468));
#11693=CARTESIAN_POINT('',(1.25,-0.112969115921952,4.39312372215662));
#11694=CARTESIAN_POINT('',(1.25,-0.124355715129901,4.42152477534241));
#11695=CARTESIAN_POINT('',(1.25,-0.136949288236835,4.45121325064444));
#11696=CARTESIAN_POINT('',(1.25,-0.150828824174196,4.48216002030039));
#11697=CARTESIAN_POINT('',(1.25,-0.16528499886559,4.51285975184825));
#11698=CARTESIAN_POINT('',(1.25,-0.175564464966375,4.53340569445938));
#11699=CARTESIAN_POINT('',(1.25,-0.180424615364982,4.54308537625568));
#11700=CARTESIAN_POINT('',(-0.05,-0.0191488785613293,4.26661372893225));
#11701=CARTESIAN_POINT('',(-1.25,-0.0191488785613293,4.26661372893225));
#11702=CARTESIAN_POINT('',(1.25,-0.0191488785613293,4.26661372893225));
#11703=CARTESIAN_POINT('',(-0.05,0.0191488785613275,4.26661372893225));
#11704=CARTESIAN_POINT('',(-1.25,0.0191488785613275,4.26661372893225));
#11705=CARTESIAN_POINT('',(1.25,0.0191488785613275,4.26661372893225));
#11706=CARTESIAN_POINT('',(-1.25,-0.377503722035209,4.23781294218492));
#11707=CARTESIAN_POINT('',(1.25,-0.377503722035209,4.23781294218492));
#11708=CARTESIAN_POINT('',(-1.25,-0.364734600866213,4.32277762952832));
#11709=CARTESIAN_POINT('',(1.25,-0.364734600866213,4.32277762952832));
#11710=CARTESIAN_POINT('',(-1.25,-0.33692312230406,4.42706451050033));
#11711=CARTESIAN_POINT('',(1.25,-0.33692312230406,4.42706451050033));
#11712=CARTESIAN_POINT('',(-1.25,-0.295445502429881,4.53705738699344));
#11713=CARTESIAN_POINT('',(1.25,-0.295445502429881,4.53705738699344));
#11714=CARTESIAN_POINT('',(-1.25,-0.382487110812805,4.19928343742584));
#11715=CARTESIAN_POINT('',(-1.25,-0.381890137036825,4.20485578620938));
#11716=CARTESIAN_POINT('',(-1.25,-0.380515692625767,4.21658589331724));
#11717=CARTESIAN_POINT('',(-1.25,-0.377933226019278,4.23537959635445));
#11718=CARTESIAN_POINT('',(-1.25,-0.374709757255182,4.25580097366582));
#11719=CARTESIAN_POINT('',(-1.25,-0.370788034738825,4.27778204226964));
#11720=CARTESIAN_POINT('',(-1.25,-0.366104495888167,4.30130239063786));
#11721=CARTESIAN_POINT('',(-1.25,-0.36059615922575,4.32633967780395));
#11722=CARTESIAN_POINT('',(-1.25,-0.354200523393454,4.35286972145819));
#11723=CARTESIAN_POINT('',(-1.25,-0.346856212336927,4.38086621883055));
#11724=CARTESIAN_POINT('',(-1.25,-0.338500708555532,4.41030191179239));
#11725=CARTESIAN_POINT('',(-1.25,-0.329079415059848,4.44114413736428));
#11726=CARTESIAN_POINT('',(-1.25,-0.318510730947825,4.47337218394044));
#11727=CARTESIAN_POINT('',(-1.25,-0.307342744455393,4.50541482087194));
#11728=CARTESIAN_POINT('',(-1.25,-0.299267226152992,4.5269227074544));
#11729=CARTESIAN_POINT('',(-1.25,-0.295445502429881,4.53705738699344));
#11730=CARTESIAN_POINT('',(-1.25,-0.377503722773195,4.23781293727442));
#11731=CARTESIAN_POINT('',(1.25,-0.377503722773195,4.23781293727442));
#11732=CARTESIAN_POINT('',(1.25,-0.37750372277319,4.23781293727445));
#11733=CARTESIAN_POINT('',(1.25,-0.382487110812805,4.19928343742584));
#11734=CARTESIAN_POINT('',(1.25,-0.381890137036825,4.20485578620938));
#11735=CARTESIAN_POINT('',(1.25,-0.380515692625767,4.21658589331724));
#11736=CARTESIAN_POINT('',(1.25,-0.377933226019278,4.23537959635445));
#11737=CARTESIAN_POINT('',(1.25,-0.374709757255182,4.25580097366582));
#11738=CARTESIAN_POINT('',(1.25,-0.370788034738825,4.27778204226964));
#11739=CARTESIAN_POINT('',(1.25,-0.366104495888167,4.30130239063786));
#11740=CARTESIAN_POINT('',(1.25,-0.36059615922575,4.32633967780395));
#11741=CARTESIAN_POINT('',(1.25,-0.354200523393454,4.35286972145819));
#11742=CARTESIAN_POINT('',(1.25,-0.346856212336927,4.38086621883055));
#11743=CARTESIAN_POINT('',(1.25,-0.338500708555532,4.41030191179239));
#11744=CARTESIAN_POINT('',(1.25,-0.329079415059848,4.44114413736428));
#11745=CARTESIAN_POINT('',(1.25,-0.318510730947825,4.47337218394044));
#11746=CARTESIAN_POINT('',(1.25,-0.307342744455393,4.50541482087194));
#11747=CARTESIAN_POINT('',(1.25,-0.299267226152992,4.5269227074544));
#11748=CARTESIAN_POINT('',(1.25,-0.295445502429881,4.53705738699344));
#11749=CARTESIAN_POINT('',(-1.35,-2.60609028105585E-13,2.47460242371864E-12));
#11750=CARTESIAN_POINT('',(-1.25,-2.60609028105585E-13,2.47460242371864E-12));
#11751=CARTESIAN_POINT('',(-1.25,-0.459578099094977,4.19154693980755));
#11752=CARTESIAN_POINT('',(-1.25,-0.421936396417836,4.19550324218153));
#11753=CARTESIAN_POINT('',(-1.35,-0.459578099094977,4.19154693980755));
#11754=CARTESIAN_POINT('',(1.25,-0.459578099094977,4.19154693980755));
#11755=CARTESIAN_POINT('',(1.25,-2.60609028105585E-13,2.47460242371864E-12));
#11756=CARTESIAN_POINT('',(1.25,-0.421936396417836,4.19550324218153));
#11757=CARTESIAN_POINT('',(-1.35,-0.421936396417836,4.19550324218153));
#11758=CARTESIAN_POINT('',(-1.25,-0.51183649420222,4.22369399889517));
#11759=CARTESIAN_POINT('',(1.25,-0.51183649420222,4.22369399889517));
#11760=CARTESIAN_POINT('',(-1.25,-0.541991731242521,4.30414715439471));
#11761=CARTESIAN_POINT('',(1.25,-0.541991731242521,4.30414715439471));
#11762=CARTESIAN_POINT('',(-1.25,-0.590877924023962,4.40037278527357));
#11763=CARTESIAN_POINT('',(1.25,-0.590877924023962,4.40037278527357));
#11764=CARTESIAN_POINT('',(-1.25,-0.654317963317628,4.49933837143392));
#11765=CARTESIAN_POINT('',(1.25,-0.654317963317628,4.49933837143392));
#11766=CARTESIAN_POINT('',(-1.35,-0.51183649245942,4.22369399424544));
#11767=CARTESIAN_POINT('',(-1.25,-0.51183649245942,4.22369399424544));
#11768=CARTESIAN_POINT('',(1.25,-0.51183649245943,4.22369399424546));
#11769=CARTESIAN_POINT('',(-1.25,-0.498951269945069,4.18704256104439));
#11770=CARTESIAN_POINT('',(-1.25,-0.500693754869155,4.19236902281032));
#11771=CARTESIAN_POINT('',(-1.25,-0.504476990774442,4.20355703587278));
#11772=CARTESIAN_POINT('',(-1.25,-0.510910454864749,4.22140312640891));
#11773=CARTESIAN_POINT('',(-1.25,-0.518309326188023,4.24070805078865));
#11774=CARTESIAN_POINT('',(-1.25,-0.526715470797544,4.26139340834576));
#11775=CARTESIAN_POINT('',(-1.25,-0.536186818485116,4.2834260181891));
#11776=CARTESIAN_POINT('',(-1.25,-0.546780329483686,4.30677093297042));
#11777=CARTESIAN_POINT('',(-1.25,-0.558552111561835,4.33139150405843));
#11778=CARTESIAN_POINT('',(-1.25,-0.571556730906482,4.3572492426625));
#11779=CARTESIAN_POINT('',(-1.25,-0.585849671577263,4.38430448819023));
#11780=CARTESIAN_POINT('',(-1.25,-0.601477546473112,4.41251394007429));
#11781=CARTESIAN_POINT('',(-1.25,-0.618515867135603,4.44184037352565));
#11782=CARTESIAN_POINT('',(-1.25,-0.63610184515089,4.4708608470067));
#11783=CARTESIAN_POINT('',(-1.25,-0.648472635068343,4.49021973999972));
#11784=CARTESIAN_POINT('',(-1.25,-0.654317963317628,4.49933837143392));
#11785=CARTESIAN_POINT('',(1.25,-0.498951269945069,4.18704256104439));
#11786=CARTESIAN_POINT('',(1.25,-0.500693754869155,4.19236902281032));
#11787=CARTESIAN_POINT('',(1.25,-0.504476990774442,4.20355703587278));
#11788=CARTESIAN_POINT('',(1.25,-0.510910454864749,4.22140312640891));
#11789=CARTESIAN_POINT('',(1.25,-0.518309326188023,4.24070805078865));
#11790=CARTESIAN_POINT('',(1.25,-0.526715470797544,4.26139340834576));
#11791=CARTESIAN_POINT('',(1.25,-0.536186818485116,4.2834260181891));
#11792=CARTESIAN_POINT('',(1.25,-0.546780329483686,4.30677093297042));
#11793=CARTESIAN_POINT('',(1.25,-0.558552111561835,4.33139150405843));
#11794=CARTESIAN_POINT('',(1.25,-0.571556730906482,4.3572492426625));
#11795=CARTESIAN_POINT('',(1.25,-0.585849671577263,4.38430448819023));
#11796=CARTESIAN_POINT('',(1.25,-0.601477546473112,4.41251394007429));
#11797=CARTESIAN_POINT('',(1.25,-0.618515867135603,4.44184037352565));
#11798=CARTESIAN_POINT('',(1.25,-0.63610184515089,4.4708608470067));
#11799=CARTESIAN_POINT('',(1.25,-0.648472635068343,4.49021973999972));
#11800=CARTESIAN_POINT('',(1.25,-0.654317963317628,4.49933837143392));
#11801=CARTESIAN_POINT('',(-0.05,-0.465026555442949,4.24123916965268));
#11802=CARTESIAN_POINT('',(-1.25,-0.465026555442949,4.24123916965268));
#11803=CARTESIAN_POINT('',(1.25,-0.465026555442949,4.24123916965268));
#11804=CARTESIAN_POINT('',(-0.05,-0.426938597440971,4.2452423753513));
#11805=CARTESIAN_POINT('',(-1.25,-0.426938597440971,4.2452423753513));
#11806=CARTESIAN_POINT('',(1.25,-0.426938597440971,4.2452423753513));
#11807=CARTESIAN_POINT('',(-1.25,-0.818407791609399,4.17513787553579));
#11808=CARTESIAN_POINT('',(1.25,-0.818407791609399,4.17513787553579));
#11809=CARTESIAN_POINT('',(-1.25,-0.814589849222246,4.260971854045));
#11810=CARTESIAN_POINT('',(1.25,-0.814589849222246,4.260971854045));
#11811=CARTESIAN_POINT('',(-1.25,-0.797831672256602,4.36759453168668));
#11812=CARTESIAN_POINT('',(1.25,-0.797831672256602,4.36759453168668));
#11813=CARTESIAN_POINT('',(-1.25,-0.76807865747418,4.48132044755901));
#11814=CARTESIAN_POINT('',(1.25,-0.76807865747418,4.48132044755901));
#11815=CARTESIAN_POINT('',(-1.25,-0.81933645093892,4.13629853346441));
#11816=CARTESIAN_POINT('',(-1.25,-0.819325216502883,4.14190275708967));
#11817=CARTESIAN_POINT('',(-1.25,-0.819184431512069,4.15371227400559));
#11818=CARTESIAN_POINT('',(-1.25,-0.818580588825446,4.17267296443696));
#11819=CARTESIAN_POINT('',(-1.25,-0.817509393748683,4.193319415543));
#11820=CARTESIAN_POINT('',(-1.25,-0.815906802160746,4.21559000118109));
#11821=CARTESIAN_POINT('',(-1.25,-0.813707466096408,4.23947106573868));
#11822=CARTESIAN_POINT('',(-1.25,-0.810846413830438,4.26494697399246));
#11823=CARTESIAN_POINT('',(-1.25,-0.807258958654018,4.29200020927685));
#11824=CARTESIAN_POINT('',(-1.25,-0.802881311349117,4.32061102845578));
#11825=CARTESIAN_POINT('',(-1.25,-0.797648447642206,4.35075885758176));
#11826=CARTESIAN_POINT('',(-1.25,-0.791502655420842,4.382416919546));
#11827=CARTESIAN_POINT('',(-1.25,-0.784360615848929,4.41557314581993));
#11828=CARTESIAN_POINT('',(-1.25,-0.77660317635252,4.44860762229948));
#11829=CARTESIAN_POINT('',(-1.25,-0.770820082916936,4.47084180794708));
#11830=CARTESIAN_POINT('',(-1.25,-0.76807865747418,4.48132044755901));
#11831=CARTESIAN_POINT('',(-1.25,-0.818407791830055,4.17513787057505));
#11832=CARTESIAN_POINT('',(1.25,-0.818407791830055,4.17513787057505));
#11833=CARTESIAN_POINT('',(1.25,-0.818407791830054,4.17513787057507));
#11834=CARTESIAN_POINT('',(1.25,-0.81933645093892,4.13629853346441));
#11835=CARTESIAN_POINT('',(1.25,-0.819325216502883,4.14190275708967));
#11836=CARTESIAN_POINT('',(1.25,-0.819184431512069,4.15371227400559));
#11837=CARTESIAN_POINT('',(1.25,-0.818580588825446,4.17267296443696));
#11838=CARTESIAN_POINT('',(1.25,-0.817509393748683,4.193319415543));
#11839=CARTESIAN_POINT('',(1.25,-0.815906802160746,4.21559000118109));
#11840=CARTESIAN_POINT('',(1.25,-0.813707466096408,4.23947106573868));
#11841=CARTESIAN_POINT('',(1.25,-0.810846413830438,4.26494697399246));
#11842=CARTESIAN_POINT('',(1.25,-0.807258958654018,4.29200020927685));
#11843=CARTESIAN_POINT('',(1.25,-0.802881311349117,4.32061102845578));
#11844=CARTESIAN_POINT('',(1.25,-0.797648447642206,4.35075885758176));
#11845=CARTESIAN_POINT('',(1.25,-0.791502655420842,4.382416919546));
#11846=CARTESIAN_POINT('',(1.25,-0.784360615848929,4.41557314581993));
#11847=CARTESIAN_POINT('',(1.25,-0.77660317635252,4.44860762229948));
#11848=CARTESIAN_POINT('',(1.25,-0.770820082916936,4.47084180794708));
#11849=CARTESIAN_POINT('',(1.25,-0.76807865747418,4.48132044755901));
#11850=CARTESIAN_POINT('',(-1.35,-5.17847773131371E-13,2.43380523149803E-12));
#11851=CARTESIAN_POINT('',(-1.25,-5.17847773131371E-13,2.43380523149803E-12));
#11852=CARTESIAN_POINT('',(-1.25,-0.895196442514006,4.12054621465262));
#11853=CARTESIAN_POINT('',(-1.25,-0.858174491230021,4.12841547332386));
#11854=CARTESIAN_POINT('',(-1.35,-0.895196442514006,4.12054621465262));
#11855=CARTESIAN_POINT('',(1.25,-0.895196442514006,4.12054621465262));
#11856=CARTESIAN_POINT('',(1.25,-5.17847773131371E-13,2.43380523149803E-12));
#11857=CARTESIAN_POINT('',(1.25,-0.85817449123002,4.12841547332386));
#11858=CARTESIAN_POINT('',(-1.35,-0.858174491230021,4.12841547332386));
#11859=CARTESIAN_POINT('',(-1.25,-0.950528843349967,4.14705467905356));
#11860=CARTESIAN_POINT('',(1.25,-0.950528843349967,4.14705467905356));
#11861=CARTESIAN_POINT('',(-1.25,-0.988928531555971,4.22391502316204));
#11862=CARTESIAN_POINT('',(1.25,-0.988928531555971,4.22391502316204));
#11863=CARTESIAN_POINT('',(-1.25,-1.04760523798103,4.31450352136021));
#11864=CARTESIAN_POINT('',(1.25,-1.04760523798103,4.31450352136021));
#11865=CARTESIAN_POINT('',(-1.25,-1.12104246673933,4.40629567386765));
#11866=CARTESIAN_POINT('',(1.25,-1.12104246673933,4.40629567386765));
#11867=CARTESIAN_POINT('',(-1.35,-0.950528841130686,4.14705467461147));
#11868=CARTESIAN_POINT('',(-1.25,-0.950528841130686,4.14705467461147));
#11869=CARTESIAN_POINT('',(1.25,-0.950528841130698,4.1470546746115));
#11870=CARTESIAN_POINT('',(-1.25,-0.93388308722441,4.11195089430469));
#11871=CARTESIAN_POINT('',(-1.25,-0.936172793496809,4.11706603788437));
#11872=CARTESIAN_POINT('',(-1.25,-0.941104770252398,4.1277973060053));
#11873=CARTESIAN_POINT('',(-1.25,-0.94936841557235,4.14487315367534));
#11874=CARTESIAN_POINT('',(-1.25,-0.958744669183272,4.1632989310101));
#11875=CARTESIAN_POINT('',(-1.25,-0.969266972690658,4.18299229063612));
#11876=CARTESIAN_POINT('',(-1.25,-0.980989470193295,4.20391417811858));
#11877=CARTESIAN_POINT('',(-1.25,-0.993965156897403,4.22602388358882));
#11878=CARTESIAN_POINT('',(-1.25,-1.00824600238223,4.24927909432176));
#11879=CARTESIAN_POINT('',(-1.25,-1.02388225074127,4.27363582865274));
#11880=CARTESIAN_POINT('',(-1.25,-1.0409249364259,4.29904884359074));
#11881=CARTESIAN_POINT('',(-1.25,-1.05941589084296,4.32547020339878));
#11882=CARTESIAN_POINT('',(-1.25,-1.07942632082391,4.3528549941037));
#11883=CARTESIAN_POINT('',(-1.25,-1.09994942650785,4.37987825513757));
#11884=CARTESIAN_POINT('',(-1.25,-1.11427600327888,4.39783799842974));
#11885=CARTESIAN_POINT('',(-1.25,-1.12104246673933,4.40629567386765));
#11886=CARTESIAN_POINT('',(1.25,-0.93388308722441,4.11195089430469));
#11887=CARTESIAN_POINT('',(1.25,-0.936172793496809,4.11706603788437));
#11888=CARTESIAN_POINT('',(1.25,-0.941104770252398,4.1277973060053));
#11889=CARTESIAN_POINT('',(1.25,-0.94936841557235,4.14487315367534));
#11890=CARTESIAN_POINT('',(1.25,-0.958744669183272,4.1632989310101));
#11891=CARTESIAN_POINT('',(1.25,-0.969266972690658,4.18299229063612));
#11892=CARTESIAN_POINT('',(1.25,-0.980989470193295,4.20391417811858));
#11893=CARTESIAN_POINT('',(1.25,-0.993965156897403,4.22602388358882));
#11894=CARTESIAN_POINT('',(1.25,-1.00824600238223,4.24927909432176));
#11895=CARTESIAN_POINT('',(1.25,-1.02388225074127,4.27363582865274));
#11896=CARTESIAN_POINT('',(1.25,-1.0409249364259,4.29904884359074));
#11897=CARTESIAN_POINT('',(1.25,-1.05941589084296,4.32547020339878));
#11898=CARTESIAN_POINT('',(1.25,-1.07942632082391,4.3528549941037));
#11899=CARTESIAN_POINT('',(1.25,-1.09994942650785,4.37987825513757));
#11900=CARTESIAN_POINT('',(1.25,-1.11427600327888,4.39783799842974));
#11901=CARTESIAN_POINT('',(1.25,-1.12104246673933,4.40629567386765));
#11902=CARTESIAN_POINT('',(-0.05,-0.905809304070077,4.16939670649404));
#11903=CARTESIAN_POINT('',(-1.25,-0.905809304070077,4.16939670649404));
#11904=CARTESIAN_POINT('',(1.25,-0.905809304070077,4.16939670649404));
#11905=CARTESIAN_POINT('',(-0.05,-0.868348444827063,4.17735925793194));
#11906=CARTESIAN_POINT('',(-1.25,-0.868348444827063,4.17735925793194));
#11907=CARTESIAN_POINT('',(1.25,-0.868348444827063,4.17735925793194));
#11908=CARTESIAN_POINT('',(-1.25,-1.25034521415587,4.06671912461851));
#11909=CARTESIAN_POINT('',(1.25,-1.25034521415587,4.06671912461851));
#11910=CARTESIAN_POINT('',(-1.25,-1.25552028072631,4.15248197926307));
#11911=CARTESIAN_POINT('',(1.25,-1.25552028072631,4.15248197926307));
#11912=CARTESIAN_POINT('',(-1.25,-1.2499990114509,4.26027227320586));
#11913=CARTESIAN_POINT('',(1.25,-1.2499990114509,4.26027227320586));
#11914=CARTESIAN_POINT('',(-1.25,-1.23229658201639,4.37648522352453));
#11915=CARTESIAN_POINT('',(1.25,-1.23229658201639,4.37648522352453));
#11916=CARTESIAN_POINT('',(-1.25,-1.24720896945137,4.02799547719421));
#11917=CARTESIAN_POINT('',(-1.25,-1.24778359744211,4.03357017461441));
#11918=CARTESIAN_POINT('',(-1.25,-1.24887801434136,4.04532971379976));
#11919=CARTESIAN_POINT('',(-1.25,-1.25025941140144,4.06424965433315));
#11920=CARTESIAN_POINT('',(-1.25,-1.25135222624943,4.08489497239498));
#11921=CARTESIAN_POINT('',(-1.25,-1.25208632391871,4.10721107387067));
#11922=CARTESIAN_POINT('',(-1.25,-1.25239528702686,4.13119120867691));
#11923=CARTESIAN_POINT('',(-1.25,-1.25221286544467,4.15682661863638));
#11924=CARTESIAN_POINT('',(-1.25,-1.25147289583377,4.18410664464389));
#11925=CARTESIAN_POINT('',(-1.25,-1.25010987470045,4.21301831950727));
#11926=CARTESIAN_POINT('',(-1.25,-1.24805698341784,4.24354797887264));
#11927=CARTESIAN_POINT('',(-1.25,-1.24525402705646,4.27567502487747));
#11928=CARTESIAN_POINT('',(-1.25,-1.24161688170478,4.30939616429573));
#11929=CARTESIAN_POINT('',(-1.25,-1.23735498133486,4.34306054768612));
#11930=CARTESIAN_POINT('',(-1.25,-1.23392767354797,4.3657774300081));
#11931=CARTESIAN_POINT('',(-1.25,-1.23229658201639,4.37648522352453));
#11932=CARTESIAN_POINT('',(-1.25,-1.25034521385678,4.06671911966188));
#11933=CARTESIAN_POINT('',(1.25,-1.25034521385678,4.06671911966188));
#11934=CARTESIAN_POINT('',(1.25,-1.25034521385678,4.06671911966191));
#11935=CARTESIAN_POINT('',(1.25,-1.24720896945137,4.02799547719421));
#11936=CARTESIAN_POINT('',(1.25,-1.24778359744211,4.03357017461441));
#11937=CARTESIAN_POINT('',(1.25,-1.24887801434136,4.04532971379976));
#11938=CARTESIAN_POINT('',(1.25,-1.25025941140144,4.06424965433315));
#11939=CARTESIAN_POINT('',(1.25,-1.25135222624943,4.08489497239498));
#11940=CARTESIAN_POINT('',(1.25,-1.25208632391871,4.10721107387067));
#11941=CARTESIAN_POINT('',(1.25,-1.25239528702686,4.13119120867691));
#11942=CARTESIAN_POINT('',(1.25,-1.25221286544467,4.15682661863638));
#11943=CARTESIAN_POINT('',(1.25,-1.25147289583377,4.18410664464389));
#11944=CARTESIAN_POINT('',(1.25,-1.25010987470045,4.21301831950727));
#11945=CARTESIAN_POINT('',(1.25,-1.24805698341784,4.24354797887264));
#11946=CARTESIAN_POINT('',(1.25,-1.24525402705646,4.27567502487747));
#11947=CARTESIAN_POINT('',(1.25,-1.24161688170478,4.30939616429573));
#11948=CARTESIAN_POINT('',(1.25,-1.23735498133486,4.34306054768612));
#11949=CARTESIAN_POINT('',(1.25,-1.23392767354797,4.3657774300081));
#11950=CARTESIAN_POINT('',(1.25,-1.23229658201639,4.37648522352453));
#11951=CARTESIAN_POINT('',(-1.35,-7.69412869588114E-13,2.36634275985463E-12));
#11952=CARTESIAN_POINT('',(-1.25,-7.69412869588114E-13,2.36634275985463E-12));
#11953=CARTESIAN_POINT('',(-1.25,-1.32100682637695,4.00439992289023));
#11954=CARTESIAN_POINT('',(-1.25,-1.28501024673173,4.01609592061398));
#11955=CARTESIAN_POINT('',(-1.35,-1.32100682637695,4.00439992289023));
#11956=CARTESIAN_POINT('',(1.25,-1.32100682637695,4.00439992289023));
#11957=CARTESIAN_POINT('',(1.25,-7.69412869588114E-13,2.36634275985463E-12));
#11958=CARTESIAN_POINT('',(1.25,-1.28501024673173,4.01609592061397));
#11959=CARTESIAN_POINT('',(-1.35,-1.28501024673173,4.01609592061398));
#11960=CARTESIAN_POINT('',(-1.25,-1.37880699957902,4.02497936032126));
#11961=CARTESIAN_POINT('',(1.25,-1.37880699957902,4.02497936032126));
#11962=CARTESIAN_POINT('',(-1.25,-1.42503042393109,4.09740479502456));
#11963=CARTESIAN_POINT('',(1.25,-1.42503042393109,4.09740479502456));
#11964=CARTESIAN_POINT('',(-1.25,-1.49285476972527,4.18136365399893));
#11965=CARTESIAN_POINT('',(1.25,-1.49285476972527,4.18136365399893));
#11966=CARTESIAN_POINT('',(-1.25,-1.57548459430222,4.26497667882184));
#11967=CARTESIAN_POINT('',(1.25,-1.57548459430222,4.26497667882184));
#11968=CARTESIAN_POINT('',(-1.35,-1.37880699690757,4.02497935613548));
#11969=CARTESIAN_POINT('',(-1.25,-1.37880699690757,4.02497935613548));
#11970=CARTESIAN_POINT('',(1.25,-1.37880699690759,4.02497935613551));
#11971=CARTESIAN_POINT('',(-1.25,-1.35858308597252,3.99180783308595));
#11972=CARTESIAN_POINT('',(-1.25,-1.36139492709216,3.9966556158959));
#11973=CARTESIAN_POINT('',(-1.25,-1.36742160892863,4.0068125650561));
#11974=CARTESIAN_POINT('',(-1.25,-1.37742489725082,4.02293108329965));
#11975=CARTESIAN_POINT('',(-1.25,-1.38867580495272,4.04027583691709));
#11976=CARTESIAN_POINT('',(-1.25,-1.40119898279882,4.05876143404286));
#11977=CARTESIAN_POINT('',(-1.25,-1.41504419598079,4.07834337458699));
#11978=CARTESIAN_POINT('',(-1.25,-1.43025989405157,4.09897563218627));
#11979=CARTESIAN_POINT('',(-1.25,-1.44689333901148,4.12061069360888));
#11980=CARTESIAN_POINT('',(-1.25,-1.46498990237579,4.14319956618847));
#11981=CARTESIAN_POINT('',(-1.25,-1.48459560984351,4.16669192022707));
#11982=CARTESIAN_POINT('',(-1.25,-1.50574705301571,4.191035710012));
#11983=CARTESIAN_POINT('',(-1.25,-1.52851035385679,4.21617882447289));
#11984=CARTESIAN_POINT('',(-1.25,-1.55174573176877,4.2409088005567));
#11985=CARTESIAN_POINT('',(-1.25,-1.56787113042025,4.25727262344219));
#11986=CARTESIAN_POINT('',(-1.25,-1.57548459430222,4.26497667882184));
#11987=CARTESIAN_POINT('',(1.25,-1.35858308597252,3.99180783308595));
#11988=CARTESIAN_POINT('',(1.25,-1.36139492709216,3.9966556158959));
#11989=CARTESIAN_POINT('',(1.25,-1.36742160892863,4.0068125650561));
#11990=CARTESIAN_POINT('',(1.25,-1.37742489725082,4.02293108329965));
#11991=CARTESIAN_POINT('',(1.25,-1.38867580495272,4.04027583691709));
#11992=CARTESIAN_POINT('',(1.25,-1.40119898279882,4.05876143404286));
#11993=CARTESIAN_POINT('',(1.25,-1.41504419598079,4.07834337458699));
#11994=CARTESIAN_POINT('',(1.25,-1.43025989405157,4.09897563218627));
#11995=CARTESIAN_POINT('',(1.25,-1.44689333901148,4.12061069360888));
#11996=CARTESIAN_POINT('',(1.25,-1.46498990237579,4.14319956618847));
#11997=CARTESIAN_POINT('',(1.25,-1.48459560984351,4.16669192022707));
#11998=CARTESIAN_POINT('',(1.25,-1.50574705301571,4.191035710012));
#11999=CARTESIAN_POINT('',(1.25,-1.52851035385679,4.21617882447289));
#12000=CARTESIAN_POINT('',(1.25,-1.55174573176877,4.2409088005567));
#12001=CARTESIAN_POINT('',(1.25,-1.56787113042025,4.25727262344219));
#12002=CARTESIAN_POINT('',(1.25,-1.57548459430222,4.26497667882184));
#12003=CARTESIAN_POINT('',(-0.05,-1.33666781640903,4.05187346051671));
#12004=CARTESIAN_POINT('',(-1.25,-1.33666781640903,4.05187346051671));
#12005=CARTESIAN_POINT('',(1.25,-1.33666781640903,4.05187346051671));
#12006=CARTESIAN_POINT('',(-0.05,-1.30024448493803,4.06370811831404));
#12007=CARTESIAN_POINT('',(-1.25,-1.30024448493803,4.06370811831404));
#12008=CARTESIAN_POINT('',(1.25,-1.30024448493803,4.06370811831404));
#12009=CARTESIAN_POINT('',(-1.25,-1.6685835928845,3.91374454795623));
#12010=CARTESIAN_POINT('',(1.25,-1.6685835928845,3.91374454795623));
#12011=CARTESIAN_POINT('',(-1.25,-1.68269496930024,3.9984966429536));
#12012=CARTESIAN_POINT('',(1.25,-1.68269496930024,3.9984966429536));
#12013=CARTESIAN_POINT('',(-1.25,-1.68847109989663,4.10627358018057));
#12014=CARTESIAN_POINT('',(1.25,-1.68847109989663,4.10627358018057));
#12015=CARTESIAN_POINT('',(-1.25,-1.6830132073314,4.2237003115427));
#12016=CARTESIAN_POINT('',(1.25,-1.6830132073314,4.2237003115427));
#12017=CARTESIAN_POINT('',(-1.25,-1.66141680549926,3.87556085956363));
#12018=CARTESIAN_POINT('',(-1.25,-1.66257100017225,3.88104495322726));
#12019=CARTESIAN_POINT('',(-1.25,-1.664888628301,3.89262567470987));
#12020=CARTESIAN_POINT('',(-1.25,-1.66824013023251,3.91129757451753));
#12021=CARTESIAN_POINT('',(-1.25,-1.67148498189711,3.93171556511017));
#12022=CARTESIAN_POINT('',(-1.25,-1.67454772589593,3.95383268254575));
#12023=CARTESIAN_POINT('',(-1.25,-1.67736160311208,3.97764915622554));
#12024=CARTESIAN_POINT('',(-1.25,-1.67985981086271,4.00316320097463));
#12025=CARTESIAN_POINT('',(-1.25,-1.68197543407922,4.0303711320316));
#12026=CARTESIAN_POINT('',(-1.25,-1.68364197266224,4.05926690021947));
#12027=CARTESIAN_POINT('',(-1.25,-1.68479154571043,4.0898439004875));
#12028=CARTESIAN_POINT('',(-1.25,-1.6853621349855,4.12208793989386));
#12029=CARTESIAN_POINT('',(-1.25,-1.68526973317963,4.15600453659637));
#12030=CARTESIAN_POINT('',(-1.25,-1.68455006620852,4.18992999286847));
#12031=CARTESIAN_POINT('',(-1.25,-1.68351609437164,4.21288068094829));
#12032=CARTESIAN_POINT('',(-1.25,-1.6830132073314,4.2237003115427));
#12033=CARTESIAN_POINT('',(-1.25,-1.66858359206894,3.91374454305801));
#12034=CARTESIAN_POINT('',(1.25,-1.66858359206894,3.91374454305801));
#12035=CARTESIAN_POINT('',(1.25,-1.66858359206894,3.91374454305804));
#12036=CARTESIAN_POINT('',(1.25,-1.66141680549926,3.87556085956363));
#12037=CARTESIAN_POINT('',(1.25,-1.66257100017225,3.88104495322726));
#12038=CARTESIAN_POINT('',(1.25,-1.664888628301,3.89262567470987));
#12039=CARTESIAN_POINT('',(1.25,-1.66824013023251,3.91129757451753));
#12040=CARTESIAN_POINT('',(1.25,-1.67148498189711,3.93171556511017));
#12041=CARTESIAN_POINT('',(1.25,-1.67454772589593,3.95383268254575));
#12042=CARTESIAN_POINT('',(1.25,-1.67736160311208,3.97764915622554));
#12043=CARTESIAN_POINT('',(1.25,-1.67985981086271,4.00316320097463));
#12044=CARTESIAN_POINT('',(1.25,-1.68197543407922,4.0303711320316));
#12045=CARTESIAN_POINT('',(1.25,-1.68364197266224,4.05926690021947));
#12046=CARTESIAN_POINT('',(1.25,-1.68479154571043,4.0898439004875));
#12047=CARTESIAN_POINT('',(1.25,-1.6853621349855,4.12208793989386));
#12048=CARTESIAN_POINT('',(1.25,-1.68526973317963,4.15600453659637));
#12049=CARTESIAN_POINT('',(1.25,-1.68455006620852,4.18992999286847));
#12050=CARTESIAN_POINT('',(1.25,-1.68351609437164,4.21288068094829));
#12051=CARTESIAN_POINT('',(1.25,-1.6830132073314,4.2237003115427));
#12052=CARTESIAN_POINT('',(-1.35,-1.01254811763565E-12,2.27295414174522E-12));
#12053=CARTESIAN_POINT('',(-1.25,-1.01254811763565E-12,2.27295414174522E-12));
#12054=CARTESIAN_POINT('',(-1.25,-1.73234398301165,3.8443805875981));
#12055=CARTESIAN_POINT('',(-1.25,-1.69776716106456,3.85977518057575));
#12056=CARTESIAN_POINT('',(-1.35,-1.73234398301165,3.8443805875981));
#12057=CARTESIAN_POINT('',(1.25,-1.73234398301165,3.8443805875981));
#12058=CARTESIAN_POINT('',(1.25,-1.01254811763565E-12,2.27295414174522E-12));
#12059=CARTESIAN_POINT('',(1.25,-1.69776716106456,3.85977518057575));
#12060=CARTESIAN_POINT('',(-1.35,-1.69776716106456,3.85977518057575));
#12061=CARTESIAN_POINT('',(-1.25,-1.79197865778677,3.8588055254362));
#12062=CARTESIAN_POINT('',(1.25,-1.79197865778677,3.8588055254362));
#12063=CARTESIAN_POINT('',(-1.25,-1.84551938477483,3.9260025425157));
#12064=CARTESIAN_POINT('',(1.25,-1.84551938477483,3.9260025425157));
#12065=CARTESIAN_POINT('',(-1.25,-1.92174827221246,4.00241189143785));
#12066=CARTESIAN_POINT('',(1.25,-1.92174827221246,4.00241189143785));
#12067=CARTESIAN_POINT('',(-1.25,-2.01266538295858,4.07692970677911));
#12068=CARTESIAN_POINT('',(1.25,-2.01266538295858,4.07692970677911));
#12069=CARTESIAN_POINT('',(-1.35,-1.79197865469243,3.8588055215526));
#12070=CARTESIAN_POINT('',(-1.25,-1.79197865469243,3.8588055215526));
#12071=CARTESIAN_POINT('',(1.25,-1.79197865469244,3.85880552155262));
#12072=CARTESIAN_POINT('',(-1.25,-1.76839816412892,3.82792968990842));
#12073=CARTESIAN_POINT('',(-1.25,-1.77170133297608,3.83245699862573));
#12074=CARTESIAN_POINT('',(-1.25,-1.77875669030607,3.84192834716471));
#12075=CARTESIAN_POINT('',(-1.25,-1.79039002351032,3.85691293812288));
#12076=CARTESIAN_POINT('',(-1.25,-1.80339231800402,3.87298663527274));
#12077=CARTESIAN_POINT('',(-1.25,-1.81777916363169,3.89006193782781));
#12078=CARTESIAN_POINT('',(-1.25,-1.83359540144008,3.90808938759521));
#12079=CARTESIAN_POINT('',(-1.25,-1.85088440450538,3.92701814599168));
#12080=CARTESIAN_POINT('',(-1.25,-1.86968820943662,3.94679601984361));
#12081=CARTESIAN_POINT('',(-1.25,-1.89004681807105,3.9673695422568));
#12082=CARTESIAN_POINT('',(-1.25,-1.91200074308807,3.98868384824905));
#12083=CARTESIAN_POINT('',(-1.25,-1.93558093537779,4.01068335235572));
#12084=CARTESIAN_POINT('',(-1.25,-1.96084770759146,4.03330931734901));
#12085=CARTESIAN_POINT('',(-1.25,-1.98654078606877,4.05547506168971));
#12086=CARTESIAN_POINT('',(-1.25,-2.00428833335861,4.07006367870064));
#12087=CARTESIAN_POINT('',(-1.25,-2.01266538295858,4.07692970677911));
#12088=CARTESIAN_POINT('',(1.25,-1.76839816412892,3.82792968990842));
#12089=CARTESIAN_POINT('',(1.25,-1.77170133297608,3.83245699862573));
#12090=CARTESIAN_POINT('',(1.25,-1.77875669030607,3.84192834716471));
#12091=CARTESIAN_POINT('',(1.25,-1.79039002351032,3.85691293812288));
#12092=CARTESIAN_POINT('',(1.25,-1.80339231800402,3.87298663527274));
#12093=CARTESIAN_POINT('',(1.25,-1.81777916363169,3.89006193782781));
#12094=CARTESIAN_POINT('',(1.25,-1.83359540144008,3.90808938759521));
#12095=CARTESIAN_POINT('',(1.25,-1.85088440450538,3.92701814599168));
#12096=CARTESIAN_POINT('',(1.25,-1.86968820943662,3.94679601984361));
#12097=CARTESIAN_POINT('',(1.25,-1.89004681807105,3.9673695422568));
#12098=CARTESIAN_POINT('',(1.25,-1.91200074308807,3.98868384824905));
#12099=CARTESIAN_POINT('',(1.25,-1.93558093537779,4.01068335235572));
#12100=CARTESIAN_POINT('',(1.25,-1.96084770759146,4.03330931734901));
#12101=CARTESIAN_POINT('',(1.25,-1.98654078606877,4.05547506168971));
#12102=CARTESIAN_POINT('',(1.25,-2.00428833335861,4.07006367870064));
#12103=CARTESIAN_POINT('',(1.25,-2.01266538295858,4.07692970677911));
#12104=CARTESIAN_POINT('',(-0.05,-1.75288151643568,3.88995704099692));
#12105=CARTESIAN_POINT('',(-1.25,-1.75288151643568,3.88995704099692));
#12106=CARTESIAN_POINT('',(1.25,-1.75288151643568,3.88995704099692));
#12107=CARTESIAN_POINT('',(-0.05,-1.71789477437837,3.90553414216631));
#12108=CARTESIAN_POINT('',(-1.25,-1.71789477437837,3.90553414216631));
#12109=CARTESIAN_POINT('',(1.25,-1.71789477437837,3.90553414216631));
#12110=CARTESIAN_POINT('',(-1.25,-4.02497936032128,1.37880699957904));
#12111=CARTESIAN_POINT('',(1.25,-4.02497936032128,1.37880699957904));
#12112=CARTESIAN_POINT('',(-1.25,-4.09740479502458,1.4250304239311));
#12113=CARTESIAN_POINT('',(1.25,-4.09740479502458,1.4250304239311));
#12114=CARTESIAN_POINT('',(-1.25,-4.18136365399894,1.49285476972528));
#12115=CARTESIAN_POINT('',(1.25,-4.18136365399894,1.49285476972528));
#12116=CARTESIAN_POINT('',(-1.25,-4.26497667882184,1.57548459430222));
#12117=CARTESIAN_POINT('',(1.25,-4.26497667882184,1.57548459430222));
#12118=CARTESIAN_POINT('',(-1.25,-3.99180783308595,1.35858308597251));
#12119=CARTESIAN_POINT('',(-1.25,-3.9966556158959,1.36139492709215));
#12120=CARTESIAN_POINT('',(-1.25,-4.0068125650561,1.36742160892863));
#12121=CARTESIAN_POINT('',(-1.25,-4.02293108329965,1.37742489725082));
#12122=CARTESIAN_POINT('',(-1.25,-4.04027583691709,1.38867580495272));
#12123=CARTESIAN_POINT('',(-1.25,-4.05876143404286,1.40119898279881));
#12124=CARTESIAN_POINT('',(-1.25,-4.07834337458699,1.41504419598079));
#12125=CARTESIAN_POINT('',(-1.25,-4.09897563218627,1.43025989405157));
#12126=CARTESIAN_POINT('',(-1.25,-4.12061069360888,1.44689333901147));
#12127=CARTESIAN_POINT('',(-1.25,-4.14319956618847,1.46498990237579));
#12128=CARTESIAN_POINT('',(-1.25,-4.16669192022707,1.48459560984351));
#12129=CARTESIAN_POINT('',(-1.25,-4.191035710012,1.50574705301571));
#12130=CARTESIAN_POINT('',(-1.25,-4.21617882447289,1.52851035385679));
#12131=CARTESIAN_POINT('',(-1.25,-4.2409088005567,1.55174573176877));
#12132=CARTESIAN_POINT('',(-1.25,-4.25727262344219,1.56787113042025));
#12133=CARTESIAN_POINT('',(-1.25,-4.26497667882184,1.57548459430222));
#12134=CARTESIAN_POINT('',(-1.25,-4.02497935613548,1.37880699690757));
#12135=CARTESIAN_POINT('',(1.25,-4.02497935613548,1.37880699690757));
#12136=CARTESIAN_POINT('',(1.25,-4.02497935613551,1.37880699690759));
#12137=CARTESIAN_POINT('',(1.25,-3.99180783308595,1.35858308597251));
#12138=CARTESIAN_POINT('',(1.25,-3.9966556158959,1.36139492709215));
#12139=CARTESIAN_POINT('',(1.25,-4.0068125650561,1.36742160892863));
#12140=CARTESIAN_POINT('',(1.25,-4.02293108329965,1.37742489725082));
#12141=CARTESIAN_POINT('',(1.25,-4.04027583691709,1.38867580495272));
#12142=CARTESIAN_POINT('',(1.25,-4.05876143404286,1.40119898279881));
#12143=CARTESIAN_POINT('',(1.25,-4.07834337458699,1.41504419598079));
#12144=CARTESIAN_POINT('',(1.25,-4.09897563218627,1.43025989405157));
#12145=CARTESIAN_POINT('',(1.25,-4.12061069360888,1.44689333901147));
#12146=CARTESIAN_POINT('',(1.25,-4.14319956618847,1.46498990237579));
#12147=CARTESIAN_POINT('',(1.25,-4.16669192022707,1.48459560984351));
#12148=CARTESIAN_POINT('',(1.25,-4.191035710012,1.50574705301571));
#12149=CARTESIAN_POINT('',(1.25,-4.21617882447289,1.52851035385679));
#12150=CARTESIAN_POINT('',(1.25,-4.2409088005567,1.55174573176877));
#12151=CARTESIAN_POINT('',(1.25,-4.25727262344219,1.56787113042025));
#12152=CARTESIAN_POINT('',(1.25,-4.26497667882184,1.57548459430222));
#12153=CARTESIAN_POINT('',(-1.35,-2.36666104490644E-12,7.68433288924046E-13));
#12154=CARTESIAN_POINT('',(-1.25,-2.36666104490644E-12,7.68433288924046E-13));
#12155=CARTESIAN_POINT('',(-1.25,-4.01609592061398,1.28501024673173));
#12156=CARTESIAN_POINT('',(-1.25,-4.00439992289023,1.32100682637695));
#12157=CARTESIAN_POINT('',(-1.35,-4.01609592061398,1.28501024673173));
#12158=CARTESIAN_POINT('',(1.25,-4.01609592061398,1.28501024673173));
#12159=CARTESIAN_POINT('',(1.25,-2.36666104490644E-12,7.68433288924046E-13));
#12160=CARTESIAN_POINT('',(1.25,-4.00439992289023,1.32100682637695));
#12161=CARTESIAN_POINT('',(-1.35,-4.00439992289023,1.32100682637695));
#12162=CARTESIAN_POINT('',(-1.25,-4.06671912461849,1.25034521415587));
#12163=CARTESIAN_POINT('',(1.25,-4.06671912461849,1.25034521415587));
#12164=CARTESIAN_POINT('',(-1.25,-4.15248197926306,1.25552028072631));
#12165=CARTESIAN_POINT('',(1.25,-4.15248197926306,1.25552028072631));
#12166=CARTESIAN_POINT('',(-1.25,-4.26027227320585,1.2499990114509));
#12167=CARTESIAN_POINT('',(1.25,-4.26027227320585,1.2499990114509));
#12168=CARTESIAN_POINT('',(-1.25,-4.37648522352453,1.23229658201639));
#12169=CARTESIAN_POINT('',(1.25,-4.37648522352453,1.23229658201639));
#12170=CARTESIAN_POINT('',(-1.35,-4.06671911966188,1.25034521385678));
#12171=CARTESIAN_POINT('',(-1.25,-4.06671911966188,1.25034521385678));
#12172=CARTESIAN_POINT('',(1.25,-4.06671911966192,1.25034521385678));
#12173=CARTESIAN_POINT('',(-1.25,-4.02799547719421,1.24720896945137));
#12174=CARTESIAN_POINT('',(-1.25,-4.03357017461441,1.24778359744211));
#12175=CARTESIAN_POINT('',(-1.25,-4.04532971379976,1.24887801434136));
#12176=CARTESIAN_POINT('',(-1.25,-4.06424965433315,1.25025941140144));
#12177=CARTESIAN_POINT('',(-1.25,-4.08489497239498,1.25135222624943));
#12178=CARTESIAN_POINT('',(-1.25,-4.10721107387067,1.25208632391871));
#12179=CARTESIAN_POINT('',(-1.25,-4.13119120867691,1.25239528702686));
#12180=CARTESIAN_POINT('',(-1.25,-4.15682661863638,1.25221286544467));
#12181=CARTESIAN_POINT('',(-1.25,-4.18410664464389,1.25147289583377));
#12182=CARTESIAN_POINT('',(-1.25,-4.21301831950727,1.25010987470044));
#12183=CARTESIAN_POINT('',(-1.25,-4.24354797887264,1.24805698341784));
#12184=CARTESIAN_POINT('',(-1.25,-4.27567502487747,1.24525402705646));
#12185=CARTESIAN_POINT('',(-1.25,-4.30939616429573,1.24161688170477));
#12186=CARTESIAN_POINT('',(-1.25,-4.34306054768612,1.23735498133486));
#12187=CARTESIAN_POINT('',(-1.25,-4.3657774300081,1.23392767354796));
#12188=CARTESIAN_POINT('',(-1.25,-4.37648522352453,1.23229658201639));
#12189=CARTESIAN_POINT('',(1.25,-4.02799547719421,1.24720896945137));
#12190=CARTESIAN_POINT('',(1.25,-4.03357017461441,1.24778359744211));
#12191=CARTESIAN_POINT('',(1.25,-4.04532971379976,1.24887801434136));
#12192=CARTESIAN_POINT('',(1.25,-4.06424965433315,1.25025941140144));
#12193=CARTESIAN_POINT('',(1.25,-4.08489497239498,1.25135222624943));
#12194=CARTESIAN_POINT('',(1.25,-4.10721107387067,1.25208632391871));
#12195=CARTESIAN_POINT('',(1.25,-4.13119120867691,1.25239528702686));
#12196=CARTESIAN_POINT('',(1.25,-4.15682661863638,1.25221286544467));
#12197=CARTESIAN_POINT('',(1.25,-4.18410664464389,1.25147289583377));
#12198=CARTESIAN_POINT('',(1.25,-4.21301831950727,1.25010987470044));
#12199=CARTESIAN_POINT('',(1.25,-4.24354797887264,1.24805698341784));
#12200=CARTESIAN_POINT('',(1.25,-4.27567502487747,1.24525402705646));
#12201=CARTESIAN_POINT('',(1.25,-4.30939616429573,1.24161688170477));
#12202=CARTESIAN_POINT('',(1.25,-4.34306054768612,1.23735498133486));
#12203=CARTESIAN_POINT('',(1.25,-4.3657774300081,1.23392767354796));
#12204=CARTESIAN_POINT('',(1.25,-4.37648522352453,1.23229658201639));
#12205=CARTESIAN_POINT('',(-0.05,-4.06370811831405,1.30024448493803));
#12206=CARTESIAN_POINT('',(-1.25,-4.06370811831405,1.30024448493803));
#12207=CARTESIAN_POINT('',(1.25,-4.06370811831405,1.30024448493803));
#12208=CARTESIAN_POINT('',(-0.05,-4.0518734605167,1.33666781640902));
#12209=CARTESIAN_POINT('',(-1.25,-4.0518734605167,1.33666781640902));
#12210=CARTESIAN_POINT('',(1.25,-4.0518734605167,1.33666781640902));
#12211=CARTESIAN_POINT('',(-1.25,-3.85880552543622,1.79197865778679));
#12212=CARTESIAN_POINT('',(1.25,-3.85880552543622,1.79197865778679));
#12213=CARTESIAN_POINT('',(-1.25,-3.92600254251571,1.84551938477485));
#12214=CARTESIAN_POINT('',(1.25,-3.92600254251571,1.84551938477485));
#12215=CARTESIAN_POINT('',(-1.25,-4.00241189143786,1.92174827221252));
#12216=CARTESIAN_POINT('',(1.25,-4.00241189143786,1.92174827221252));
#12217=CARTESIAN_POINT('',(-1.25,-4.07692970677911,2.01266538295859));
#12218=CARTESIAN_POINT('',(1.25,-4.07692970677911,2.01266538295859));
#12219=CARTESIAN_POINT('',(-1.25,-3.82792968990842,1.76839816412892));
#12220=CARTESIAN_POINT('',(-1.25,-3.83245699862573,1.77170133297608));
#12221=CARTESIAN_POINT('',(-1.25,-3.84192834716471,1.77875669030607));
#12222=CARTESIAN_POINT('',(-1.25,-3.85691293812288,1.79039002351032));
#12223=CARTESIAN_POINT('',(-1.25,-3.87298663527274,1.80339231800402));
#12224=CARTESIAN_POINT('',(-1.25,-3.89006193782781,1.81777916363169));
#12225=CARTESIAN_POINT('',(-1.25,-3.90808938759521,1.83359540144008));
#12226=CARTESIAN_POINT('',(-1.25,-3.92701814599168,1.85088440450538));
#12227=CARTESIAN_POINT('',(-1.25,-3.94679601984361,1.86968820943662));
#12228=CARTESIAN_POINT('',(-1.25,-3.9673695422568,1.89004681807105));
#12229=CARTESIAN_POINT('',(-1.25,-3.98868384824905,1.91200074308807));
#12230=CARTESIAN_POINT('',(-1.25,-4.01068335235572,1.93558093537779));
#12231=CARTESIAN_POINT('',(-1.25,-4.03330931734901,1.96084770759146));
#12232=CARTESIAN_POINT('',(-1.25,-4.05547506168971,1.98654078606877));
#12233=CARTESIAN_POINT('',(-1.25,-4.07006367870064,2.00428833335861));
#12234=CARTESIAN_POINT('',(-1.25,-4.07692970677911,2.01266538295858));
#12235=CARTESIAN_POINT('',(-1.25,-3.85880552155259,1.79197865469243));
#12236=CARTESIAN_POINT('',(1.25,-3.85880552155259,1.79197865469243));
#12237=CARTESIAN_POINT('',(1.25,-3.85880552155262,1.79197865469244));
#12238=CARTESIAN_POINT('',(1.25,-3.82792968990842,1.76839816412892));
#12239=CARTESIAN_POINT('',(1.25,-3.83245699862573,1.77170133297608));
#12240=CARTESIAN_POINT('',(1.25,-3.84192834716471,1.77875669030607));
#12241=CARTESIAN_POINT('',(1.25,-3.85691293812288,1.79039002351032));
#12242=CARTESIAN_POINT('',(1.25,-3.87298663527274,1.80339231800402));
#12243=CARTESIAN_POINT('',(1.25,-3.89006193782781,1.81777916363169));
#12244=CARTESIAN_POINT('',(1.25,-3.90808938759521,1.83359540144008));
#12245=CARTESIAN_POINT('',(1.25,-3.92701814599168,1.85088440450538));
#12246=CARTESIAN_POINT('',(1.25,-3.94679601984361,1.86968820943662));
#12247=CARTESIAN_POINT('',(1.25,-3.9673695422568,1.89004681807105));
#12248=CARTESIAN_POINT('',(1.25,-3.98868384824905,1.91200074308807));
#12249=CARTESIAN_POINT('',(1.25,-4.01068335235572,1.93558093537779));
#12250=CARTESIAN_POINT('',(1.25,-4.03330931734901,1.96084770759146));
#12251=CARTESIAN_POINT('',(1.25,-4.05547506168971,1.98654078606877));
#12252=CARTESIAN_POINT('',(1.25,-4.07006367870064,2.00428833335861));
#12253=CARTESIAN_POINT('',(1.25,-4.07692970677911,2.01266538295858));
#12254=CARTESIAN_POINT('',(-1.35,-2.27337307725967E-12,1.01160717306431E-12));
#12255=CARTESIAN_POINT('',(-1.25,-2.27337307725967E-12,1.01160717306431E-12));
#12256=CARTESIAN_POINT('',(-1.25,-3.85977518057575,1.69776716106456));
#12257=CARTESIAN_POINT('',(-1.25,-3.8443805875981,1.73234398301165));
#12258=CARTESIAN_POINT('',(-1.35,-3.85977518057575,1.69776716106456));
#12259=CARTESIAN_POINT('',(1.25,-3.85977518057575,1.69776716106456));
#12260=CARTESIAN_POINT('',(1.25,-2.27337307725967E-12,1.01160717306431E-12));
#12261=CARTESIAN_POINT('',(1.25,-3.8443805875981,1.73234398301165));
#12262=CARTESIAN_POINT('',(-1.35,-3.8443805875981,1.73234398301165));
#12263=CARTESIAN_POINT('',(-1.25,-3.91374454795621,1.66858359288449));
#12264=CARTESIAN_POINT('',(1.25,-3.91374454795621,1.66858359288449));
#12265=CARTESIAN_POINT('',(-1.25,-3.99849664295358,1.68269496930024));
#12266=CARTESIAN_POINT('',(1.25,-3.99849664295358,1.68269496930024));
#12267=CARTESIAN_POINT('',(-1.25,-4.10627358018055,1.68847109989663));
#12268=CARTESIAN_POINT('',(1.25,-4.10627358018055,1.68847109989663));
#12269=CARTESIAN_POINT('',(-1.25,-4.2237003115427,1.6830132073314));
#12270=CARTESIAN_POINT('',(1.25,-4.2237003115427,1.6830132073314));
#12271=CARTESIAN_POINT('',(-1.35,-3.91374454305802,1.66858359206894));
#12272=CARTESIAN_POINT('',(-1.25,-3.91374454305802,1.66858359206894));
#12273=CARTESIAN_POINT('',(1.25,-3.91374454305805,1.66858359206894));
#12274=CARTESIAN_POINT('',(-1.25,-3.87556085956363,1.66141680549926));
#12275=CARTESIAN_POINT('',(-1.25,-3.88104495322726,1.66257100017225));
#12276=CARTESIAN_POINT('',(-1.25,-3.89262567470987,1.664888628301));
#12277=CARTESIAN_POINT('',(-1.25,-3.91129757451753,1.66824013023251));
#12278=CARTESIAN_POINT('',(-1.25,-3.93171556511017,1.67148498189711));
#12279=CARTESIAN_POINT('',(-1.25,-3.95383268254575,1.67454772589593));
#12280=CARTESIAN_POINT('',(-1.25,-3.97764915622554,1.67736160311208));
#12281=CARTESIAN_POINT('',(-1.25,-4.00316320097463,1.67985981086271));
#12282=CARTESIAN_POINT('',(-1.25,-4.0303711320316,1.68197543407923));
#12283=CARTESIAN_POINT('',(-1.25,-4.05926690021947,1.68364197266225));
#12284=CARTESIAN_POINT('',(-1.25,-4.0898439004875,1.68479154571043));
#12285=CARTESIAN_POINT('',(-1.25,-4.12208793989386,1.6853621349855));
#12286=CARTESIAN_POINT('',(-1.25,-4.15600453659637,1.68526973317963));
#12287=CARTESIAN_POINT('',(-1.25,-4.18992999286847,1.68455006620852));
#12288=CARTESIAN_POINT('',(-1.25,-4.21288068094829,1.68351609437164));
#12289=CARTESIAN_POINT('',(-1.25,-4.2237003115427,1.6830132073314));
#12290=CARTESIAN_POINT('',(1.25,-3.87556085956363,1.66141680549926));
#12291=CARTESIAN_POINT('',(1.25,-3.88104495322726,1.66257100017225));
#12292=CARTESIAN_POINT('',(1.25,-3.89262567470987,1.664888628301));
#12293=CARTESIAN_POINT('',(1.25,-3.91129757451753,1.66824013023251));
#12294=CARTESIAN_POINT('',(1.25,-3.93171556511017,1.67148498189711));
#12295=CARTESIAN_POINT('',(1.25,-3.95383268254575,1.67454772589593));
#12296=CARTESIAN_POINT('',(1.25,-3.97764915622554,1.67736160311208));
#12297=CARTESIAN_POINT('',(1.25,-4.00316320097463,1.67985981086271));
#12298=CARTESIAN_POINT('',(1.25,-4.0303711320316,1.68197543407923));
#12299=CARTESIAN_POINT('',(1.25,-4.05926690021947,1.68364197266225));
#12300=CARTESIAN_POINT('',(1.25,-4.0898439004875,1.68479154571043));
#12301=CARTESIAN_POINT('',(1.25,-4.12208793989386,1.6853621349855));
#12302=CARTESIAN_POINT('',(1.25,-4.15600453659637,1.68526973317963));
#12303=CARTESIAN_POINT('',(1.25,-4.18992999286847,1.68455006620852));
#12304=CARTESIAN_POINT('',(1.25,-4.21288068094829,1.68351609437164));
#12305=CARTESIAN_POINT('',(1.25,-4.2237003115427,1.6830132073314));
#12306=CARTESIAN_POINT('',(-0.05,-3.90553414216632,1.71789477437838));
#12307=CARTESIAN_POINT('',(-1.25,-3.90553414216632,1.71789477437838));
#12308=CARTESIAN_POINT('',(1.25,-3.90553414216632,1.71789477437838));
#12309=CARTESIAN_POINT('',(-0.05,-3.88995704099691,1.75288151643568));
#12310=CARTESIAN_POINT('',(-1.25,-3.88995704099691,1.75288151643568));
#12311=CARTESIAN_POINT('',(1.25,-3.88995704099691,1.75288151643568));
#12312=CARTESIAN_POINT('',(-1.25,-3.65035380970751,2.18551702282419));
#12313=CARTESIAN_POINT('',(1.25,-3.65035380970751,2.18551702282419));
#12314=CARTESIAN_POINT('',(-1.25,-3.71158618458222,2.24578844903923));
#12315=CARTESIAN_POINT('',(1.25,-3.71158618458222,2.24578844903923));
#12316=CARTESIAN_POINT('',(-1.25,-3.77960886663565,2.32958669847764));
#12317=CARTESIAN_POINT('',(1.25,-3.77960886663565,2.32958669847764));
#12318=CARTESIAN_POINT('',(-1.25,-3.84421503971651,2.42779498850195));
#12319=CARTESIAN_POINT('',(1.25,-3.84421503971651,2.42779498850195));
#12320=CARTESIAN_POINT('',(-1.25,-3.62211194800248,2.15883830193802));
#12321=CARTESIAN_POINT('',(-1.25,-3.62626918048542,2.16259660830357));
#12322=CARTESIAN_POINT('',(-1.25,-3.6349511583266,2.17060334115576));
#12323=CARTESIAN_POINT('',(-1.25,-3.64863764768511,2.18373926200905));
#12324=CARTESIAN_POINT('',(-1.25,-3.66326418157778,2.19835048743517));
#12325=CARTESIAN_POINT('',(-1.25,-3.6787421089741,2.21444337555308));
#12326=CARTESIAN_POINT('',(-1.25,-3.69501755545265,2.23205735197669));
#12327=CARTESIAN_POINT('',(-1.25,-3.71203542720823,2.25123023810096));
#12328=CARTESIAN_POINT('',(-1.25,-3.72973942296477,2.27199838458176));
#12329=CARTESIAN_POINT('',(-1.25,-3.7480721873947,2.29439598530979));
#12330=CARTESIAN_POINT('',(-1.25,-3.76697492134385,2.31845759607948));
#12331=CARTESIAN_POINT('',(-1.25,-3.78638910860158,2.34420818796552));
#12332=CARTESIAN_POINT('',(-1.25,-3.80625002932002,2.37170160350798));
#12333=CARTESIAN_POINT('',(-1.25,-3.82560868938413,2.39957088380621));
#12334=CARTESIAN_POINT('',(-1.25,-3.83826226457967,2.41874613389239));
#12335=CARTESIAN_POINT('',(-1.25,-3.84421503971651,2.42779498850195));
#12336=CARTESIAN_POINT('',(-1.25,-3.65035380616861,2.18551701934083));
#12337=CARTESIAN_POINT('',(1.25,-3.65035380616861,2.18551701934083));
#12338=CARTESIAN_POINT('',(1.25,-3.65035380616863,2.18551701934085));
#12339=CARTESIAN_POINT('',(1.25,-3.62211194800248,2.15883830193802));
#12340=CARTESIAN_POINT('',(1.25,-3.62626918048542,2.16259660830357));
#12341=CARTESIAN_POINT('',(1.25,-3.6349511583266,2.17060334115576));
#12342=CARTESIAN_POINT('',(1.25,-3.64863764768511,2.18373926200905));
#12343=CARTESIAN_POINT('',(1.25,-3.66326418157778,2.19835048743517));
#12344=CARTESIAN_POINT('',(1.25,-3.6787421089741,2.21444337555308));
#12345=CARTESIAN_POINT('',(1.25,-3.69501755545265,2.23205735197669));
#12346=CARTESIAN_POINT('',(1.25,-3.71203542720823,2.25123023810096));
#12347=CARTESIAN_POINT('',(1.25,-3.72973942296477,2.27199838458176));
#12348=CARTESIAN_POINT('',(1.25,-3.7480721873947,2.29439598530979));
#12349=CARTESIAN_POINT('',(1.25,-3.76697492134385,2.31845759607948));
#12350=CARTESIAN_POINT('',(1.25,-3.78638910860158,2.34420818796552));
#12351=CARTESIAN_POINT('',(1.25,-3.80625002932002,2.37170160350798));
#12352=CARTESIAN_POINT('',(1.25,-3.82560868938413,2.39957088380621));
#12353=CARTESIAN_POINT('',(1.25,-3.83826226457967,2.41874613389239));
#12354=CARTESIAN_POINT('',(1.25,-3.84421503971651,2.42779498850195));
#12355=CARTESIAN_POINT('',(-1.35,-2.15517755844455E-12,1.24369767732407E-12));
#12356=CARTESIAN_POINT('',(-1.25,-2.15517755844455E-12,1.24369767732407E-12));
#12357=CARTESIAN_POINT('',(-1.25,-3.66116593594925,2.09192298310015));
#12358=CARTESIAN_POINT('',(-1.25,-3.64224141409988,2.1247012164522));
#12359=CARTESIAN_POINT('',(-1.35,-3.66116593594925,2.09192298310015));
#12360=CARTESIAN_POINT('',(1.25,-3.66116593594925,2.09192298310015));
#12361=CARTESIAN_POINT('',(1.25,-2.15517755844455E-12,1.24369767732407E-12));
#12362=CARTESIAN_POINT('',(1.25,-3.64224141409988,2.1247012164522));
#12363=CARTESIAN_POINT('',(-1.35,-3.64224141409988,2.1247012164522));
#12364=CARTESIAN_POINT('',(-1.25,-3.71789016702281,2.06854062059591));
#12365=CARTESIAN_POINT('',(1.25,-3.71789016702281,2.06854062059591));
#12366=CARTESIAN_POINT('',(-1.25,-3.80070294068473,2.09143369966393));
#12367=CARTESIAN_POINT('',(1.25,-3.80070294068473,2.09143369966393));
#12368=CARTESIAN_POINT('',(-1.25,-3.90728569451779,2.10844394563655));
#12369=CARTESIAN_POINT('',(1.25,-3.90728569451779,2.10844394563655));
#12370=CARTESIAN_POINT('',(-1.25,-4.02463965508149,2.11529038775373));
#12371=CARTESIAN_POINT('',(1.25,-4.02463965508149,2.11529038775373));
#12372=CARTESIAN_POINT('',(-1.35,-3.71789016223671,2.06854061927282));
#12373=CARTESIAN_POINT('',(-1.25,-3.71789016223671,2.06854061927282));
#12374=CARTESIAN_POINT('',(1.25,-3.71789016223674,2.06854061927283));
#12375=CARTESIAN_POINT('',(-1.25,-3.68066478614243,2.05742181135228));
#12376=CARTESIAN_POINT('',(-1.25,-3.68599819117167,2.05914292710916));
#12377=CARTESIAN_POINT('',(-1.25,-3.69727321414357,2.06265837404862));
#12378=CARTESIAN_POINT('',(-1.25,-3.71549249998387,2.06794326109507));
#12379=CARTESIAN_POINT('',(-1.25,-3.73545945932965,2.07330459830239));
#12380=CARTESIAN_POINT('',(-1.25,-3.75713527295818,2.07866243256658));
#12381=CARTESIAN_POINT('',(-1.25,-3.78052714724196,2.08395039446313));
#12382=CARTESIAN_POINT('',(-1.25,-3.80564028956724,2.08910186065967));
#12383=CARTESIAN_POINT('',(-1.25,-3.83247802988739,2.09404989749292));
#12384=CARTESIAN_POINT('',(-1.25,-3.86104130331666,2.09872773684683));
#12385=CARTESIAN_POINT('',(-1.25,-3.89133063647375,2.10306717926293));
#12386=CARTESIAN_POINT('',(-1.25,-3.92333839683842,2.10700506267893));
#12387=CARTESIAN_POINT('',(-1.25,-3.95707885349422,2.1104584167924));
#12388=CARTESIAN_POINT('',(-1.25,-3.99089368824972,2.11328886804204));
#12389=CARTESIAN_POINT('',(-1.25,-4.01382672954604,2.11465956056698));
#12390=CARTESIAN_POINT('',(-1.25,-4.02463965508149,2.11529038775373));
#12391=CARTESIAN_POINT('',(1.25,-3.68066478614243,2.05742181135228));
#12392=CARTESIAN_POINT('',(1.25,-3.68599819117167,2.05914292710916));
#12393=CARTESIAN_POINT('',(1.25,-3.69727321414357,2.06265837404862));
#12394=CARTESIAN_POINT('',(1.25,-3.71549249998387,2.06794326109507));
#12395=CARTESIAN_POINT('',(1.25,-3.73545945932965,2.07330459830239));
#12396=CARTESIAN_POINT('',(1.25,-3.75713527295818,2.07866243256658));
#12397=CARTESIAN_POINT('',(1.25,-3.78052714724196,2.08395039446313));
#12398=CARTESIAN_POINT('',(1.25,-3.80564028956724,2.08910186065967));
#12399=CARTESIAN_POINT('',(1.25,-3.83247802988739,2.09404989749292));
#12400=CARTESIAN_POINT('',(1.25,-3.86104130331666,2.09872773684683));
#12401=CARTESIAN_POINT('',(1.25,-3.89133063647375,2.10306717926293));
#12402=CARTESIAN_POINT('',(1.25,-3.92333839683842,2.10700506267893));
#12403=CARTESIAN_POINT('',(1.25,-3.95707885349422,2.1104584167924));
#12404=CARTESIAN_POINT('',(1.25,-3.99089368824972,2.11328886804204));
#12405=CARTESIAN_POINT('',(1.25,-4.01382672954604,2.11465956056698));
#12406=CARTESIAN_POINT('',(1.25,-4.02463965508149,2.11529038775373));
#12407=CARTESIAN_POINT('',(-0.05,-3.70457031667144,2.11672344917803));
#12408=CARTESIAN_POINT('',(-1.25,-3.70457031667144,2.11672344917803));
#12409=CARTESIAN_POINT('',(1.25,-3.70457031667144,2.11672344917803));
#12410=CARTESIAN_POINT('',(-0.05,-3.68542143811011,2.14989027975421));
#12411=CARTESIAN_POINT('',(-1.25,-3.68542143811011,2.14989027975421));
#12412=CARTESIAN_POINT('',(1.25,-3.68542143811011,2.14989027975421));
#12413=CARTESIAN_POINT('',(-1.25,-3.401908053754,2.55511040601069));
#12414=CARTESIAN_POINT('',(1.25,-3.401908053754,2.55511040601069));
#12415=CARTESIAN_POINT('',(-1.25,-3.45650491171108,2.62145218509451));
#12416=CARTESIAN_POINT('',(1.25,-3.45650491171108,2.62145218509451));
#12417=CARTESIAN_POINT('',(-1.25,-3.5153956561566,2.71190168537695));
#12418=CARTESIAN_POINT('',(1.25,-3.5153956561566,2.71190168537695));
#12419=CARTESIAN_POINT('',(-1.25,-3.56938234822506,2.81632516410252));
#12420=CARTESIAN_POINT('',(1.25,-3.56938234822506,2.81632516410252));
#12421=CARTESIAN_POINT('',(-1.25,-3.37660958961856,2.52562575554513));
#12422=CARTESIAN_POINT('',(-1.25,-3.3803511983581,2.52979802263807));
#12423=CARTESIAN_POINT('',(-1.25,-3.38814868393542,2.53866840757178));
#12424=CARTESIAN_POINT('',(-1.25,-3.40038711965279,2.55316299617638));
#12425=CARTESIAN_POINT('',(-1.25,-3.41340623892215,2.56922306889155));
#12426=CARTESIAN_POINT('',(-1.25,-3.4271172117482,2.58684568244983));
#12427=CARTESIAN_POINT('',(-1.25,-3.44146233774043,2.60606441507701));
#12428=CARTESIAN_POINT('',(-1.25,-3.45638287149094,2.62691112210771));
#12429=CARTESIAN_POINT('',(-1.25,-3.47181902046976,2.6494160699792));
#12430=CARTESIAN_POINT('',(-1.25,-3.48771016931299,2.67360727000025));
#12431=CARTESIAN_POINT('',(-1.25,-3.50399422891024,2.6995129424798));
#12432=CARTESIAN_POINT('',(-1.25,-3.52061039342075,2.7271518050888));
#12433=CARTESIAN_POINT('',(-1.25,-3.53748866946077,2.75657064034602));
#12434=CARTESIAN_POINT('',(-1.25,-3.55382814771758,2.78631078079818));
#12435=CARTESIAN_POINT('',(-1.25,-3.56440804587994,2.80670364562808));
#12436=CARTESIAN_POINT('',(-1.25,-3.56938234822506,2.81632516410252));
#12437=CARTESIAN_POINT('',(-1.25,-3.4019080505986,2.5551104021765));
#12438=CARTESIAN_POINT('',(1.25,-3.4019080505986,2.5551104021765));
#12439=CARTESIAN_POINT('',(1.25,-3.40190805059861,2.55511040217652));
#12440=CARTESIAN_POINT('',(1.25,-3.37660958961856,2.52562575554513));
#12441=CARTESIAN_POINT('',(1.25,-3.3803511983581,2.52979802263807));
#12442=CARTESIAN_POINT('',(1.25,-3.38814868393542,2.53866840757178));
#12443=CARTESIAN_POINT('',(1.25,-3.40038711965279,2.55316299617638));
#12444=CARTESIAN_POINT('',(1.25,-3.41340623892215,2.56922306889155));
#12445=CARTESIAN_POINT('',(1.25,-3.4271172117482,2.58684568244983));
#12446=CARTESIAN_POINT('',(1.25,-3.44146233774043,2.60606441507701));
#12447=CARTESIAN_POINT('',(1.25,-3.45638287149094,2.62691112210771));
#12448=CARTESIAN_POINT('',(1.25,-3.47181902046976,2.6494160699792));
#12449=CARTESIAN_POINT('',(1.25,-3.48771016931299,2.67360727000025));
#12450=CARTESIAN_POINT('',(1.25,-3.50399422891024,2.6995129424798));
#12451=CARTESIAN_POINT('',(1.25,-3.52061039342075,2.7271518050888));
#12452=CARTESIAN_POINT('',(1.25,-3.53748866946077,2.75657064034602));
#12453=CARTESIAN_POINT('',(1.25,-3.55382814771758,2.78631078079818));
#12454=CARTESIAN_POINT('',(1.25,-3.56440804587994,2.80670364562808));
#12455=CARTESIAN_POINT('',(1.25,-3.56938234822506,2.81632516410252));
#12456=CARTESIAN_POINT('',(-1.35,-2.0133694632992E-12,1.46216196957059E-12));
#12457=CARTESIAN_POINT('',(-1.25,-2.0133694632992E-12,1.46216196957059E-12));
#12458=CARTESIAN_POINT('',(-1.25,-3.42244419118026,2.46315925916987));
#12459=CARTESIAN_POINT('',(-1.25,-3.40019708148077,2.49377977874299));
#12460=CARTESIAN_POINT('',(-1.35,-3.42244419118026,2.46315925916987));
#12461=CARTESIAN_POINT('',(1.25,-3.42244419118026,2.46315925916987));
#12462=CARTESIAN_POINT('',(1.25,-2.0133694632992E-12,1.46216196957059E-12));
#12463=CARTESIAN_POINT('',(1.25,-3.40019708148077,2.49377977874299));
#12464=CARTESIAN_POINT('',(-1.35,-3.40019708148077,2.49377977874299));
#12465=CARTESIAN_POINT('',(-1.25,-3.48130180340099,2.44583428439812));
#12466=CARTESIAN_POINT('',(1.25,-3.48130180340099,2.44583428439812));
#12467=CARTESIAN_POINT('',(-1.25,-3.56126794164947,2.47725824475348));
#12468=CARTESIAN_POINT('',(1.25,-3.56126794164947,2.47725824475348));
#12469=CARTESIAN_POINT('',(-1.25,-3.6654887691338,2.50531623828785));
#12470=CARTESIAN_POINT('',(1.25,-3.6654887691338,2.50531623828785));
#12471=CARTESIAN_POINT('',(-1.25,-3.78148420434923,2.52439200403485));
#12472=CARTESIAN_POINT('',(1.25,-3.78148420434923,2.52439200403485));
#12473=CARTESIAN_POINT('',(-1.35,-3.48130179877941,2.445834282582));
#12474=CARTESIAN_POINT('',(-1.25,-3.48130179877941,2.445834282582));
#12475=CARTESIAN_POINT('',(1.25,-3.48130179877943,2.44583428258201));
#12476=CARTESIAN_POINT('',(-1.25,-3.44544257909562,2.43088527329693));
#12477=CARTESIAN_POINT('',(-1.25,-3.4505668615889,2.4331544532333));
#12478=CARTESIAN_POINT('',(-1.25,-3.46141265453895,2.43782920301117));
#12479=CARTESIAN_POINT('',(-1.25,-3.4789797121036,2.44498957284413));
#12480=CARTESIAN_POINT('',(-1.25,-3.49827687801756,2.4524086556618));
#12481=CARTESIAN_POINT('',(-1.25,-3.51927390308897,2.46000287863795));
#12482=CARTESIAN_POINT('',(-1.25,-3.54198489170704,2.46770698919777));
#12483=CARTESIAN_POINT('',(-1.25,-3.56642198676593,2.47545527329858));
#12484=CARTESIAN_POINT('',(-1.25,-3.59259549645016,2.48318151202157));
#12485=CARTESIAN_POINT('',(-1.25,-3.62051332991987,2.49081940075951));
#12486=CARTESIAN_POINT('',(-1.25,-3.65018313969352,2.49830116870432));
#12487=CARTESIAN_POINT('',(-1.25,-3.68160393729587,2.5055632019865));
#12488=CARTESIAN_POINT('',(-1.25,-3.71479858640118,2.51252447634899));
#12489=CARTESIAN_POINT('',(-1.25,-3.74813231723432,2.51887403480317));
#12490=CARTESIAN_POINT('',(-1.25,-3.77079645254765,2.52263437409579));
#12491=CARTESIAN_POINT('',(-1.25,-3.78148420434923,2.52439200403485));
#12492=CARTESIAN_POINT('',(1.25,-3.44544257909562,2.43088527329693));
#12493=CARTESIAN_POINT('',(1.25,-3.4505668615889,2.4331544532333));
#12494=CARTESIAN_POINT('',(1.25,-3.46141265453895,2.43782920301117));
#12495=CARTESIAN_POINT('',(1.25,-3.4789797121036,2.44498957284413));
#12496=CARTESIAN_POINT('',(1.25,-3.49827687801756,2.4524086556618));
#12497=CARTESIAN_POINT('',(1.25,-3.51927390308897,2.46000287863795));
#12498=CARTESIAN_POINT('',(1.25,-3.54198489170704,2.46770698919777));
#12499=CARTESIAN_POINT('',(1.25,-3.56642198676593,2.47545527329858));
#12500=CARTESIAN_POINT('',(1.25,-3.59259549645016,2.48318151202157));
#12501=CARTESIAN_POINT('',(1.25,-3.62051332991987,2.49081940075951));
#12502=CARTESIAN_POINT('',(1.25,-3.65018313969352,2.49830116870432));
#12503=CARTESIAN_POINT('',(1.25,-3.68160393729587,2.5055632019865));
#12504=CARTESIAN_POINT('',(1.25,-3.71479858640118,2.51252447634899));
#12505=CARTESIAN_POINT('',(1.25,-3.74813231723432,2.51887403480317));
#12506=CARTESIAN_POINT('',(1.25,-3.77079645254765,2.52263437409579));
#12507=CARTESIAN_POINT('',(1.25,-3.78148420434923,2.52439200403485));
#12508=CARTESIAN_POINT('',(-0.05,-3.46301844355594,2.49236085891563));
#12509=CARTESIAN_POINT('',(-1.25,-3.46301844355594,2.49236085891563));
#12510=CARTESIAN_POINT('',(1.25,-3.46301844355594,2.49236085891563));
#12511=CARTESIAN_POINT('',(-0.05,-3.44050758672336,2.52334439527431));
#12512=CARTESIAN_POINT('',(-1.25,-3.44050758672336,2.52334439527431));
#12513=CARTESIAN_POINT('',(1.25,-3.44050758672336,2.52334439527431));
#12514=CARTESIAN_POINT('',(-1.25,-2.06854062059592,3.71789016702284));
#12515=CARTESIAN_POINT('',(1.25,-2.06854062059592,3.71789016702284));
#12516=CARTESIAN_POINT('',(-1.25,-2.09143369966394,3.80070294068473));
#12517=CARTESIAN_POINT('',(1.25,-2.09143369966394,3.80070294068473));
#12518=CARTESIAN_POINT('',(-1.25,-2.10844394563655,3.9072856945178));
#12519=CARTESIAN_POINT('',(1.25,-2.10844394563655,3.9072856945178));
#12520=CARTESIAN_POINT('',(-1.25,-2.11529038775373,4.02463965508149));
#12521=CARTESIAN_POINT('',(1.25,-2.11529038775373,4.02463965508149));
#12522=CARTESIAN_POINT('',(-1.25,-2.05742181135228,3.68066478614243));
#12523=CARTESIAN_POINT('',(-1.25,-2.05914292710916,3.68599819117167));
#12524=CARTESIAN_POINT('',(-1.25,-2.06265837404863,3.69727321414357));
#12525=CARTESIAN_POINT('',(-1.25,-2.06794326109507,3.71549249998387));
#12526=CARTESIAN_POINT('',(-1.25,-2.07330459830239,3.73545945932964));
#12527=CARTESIAN_POINT('',(-1.25,-2.07866243256658,3.75713527295818));
#12528=CARTESIAN_POINT('',(-1.25,-2.08395039446313,3.78052714724196));
#12529=CARTESIAN_POINT('',(-1.25,-2.08910186065967,3.80564028956724));
#12530=CARTESIAN_POINT('',(-1.25,-2.09404989749292,3.83247802988739));
#12531=CARTESIAN_POINT('',(-1.25,-2.09872773684683,3.86104130331666));
#12532=CARTESIAN_POINT('',(-1.25,-2.10306717926293,3.89133063647375));
#12533=CARTESIAN_POINT('',(-1.25,-2.10700506267893,3.92333839683842));
#12534=CARTESIAN_POINT('',(-1.25,-2.11045841679241,3.95707885349421));
#12535=CARTESIAN_POINT('',(-1.25,-2.11328886804204,3.99089368824972));
#12536=CARTESIAN_POINT('',(-1.25,-2.11465956056698,4.01382672954604));
#12537=CARTESIAN_POINT('',(-1.25,-2.11529038775373,4.02463965508149));
#12538=CARTESIAN_POINT('',(-1.25,-2.06854061927282,3.71789016223671));
#12539=CARTESIAN_POINT('',(1.25,-2.06854061927282,3.71789016223671));
#12540=CARTESIAN_POINT('',(1.25,-2.06854061927283,3.71789016223674));
#12541=CARTESIAN_POINT('',(1.25,-2.05742181135228,3.68066478614243));
#12542=CARTESIAN_POINT('',(1.25,-2.05914292710916,3.68599819117167));
#12543=CARTESIAN_POINT('',(1.25,-2.06265837404863,3.69727321414357));
#12544=CARTESIAN_POINT('',(1.25,-2.06794326109507,3.71549249998387));
#12545=CARTESIAN_POINT('',(1.25,-2.07330459830239,3.73545945932964));
#12546=CARTESIAN_POINT('',(1.25,-2.07866243256658,3.75713527295818));
#12547=CARTESIAN_POINT('',(1.25,-2.08395039446313,3.78052714724196));
#12548=CARTESIAN_POINT('',(1.25,-2.08910186065967,3.80564028956724));
#12549=CARTESIAN_POINT('',(1.25,-2.09404989749292,3.83247802988739));
#12550=CARTESIAN_POINT('',(1.25,-2.09872773684683,3.86104130331666));
#12551=CARTESIAN_POINT('',(1.25,-2.10306717926293,3.89133063647375));
#12552=CARTESIAN_POINT('',(1.25,-2.10700506267893,3.92333839683842));
#12553=CARTESIAN_POINT('',(1.25,-2.11045841679241,3.95707885349421));
#12554=CARTESIAN_POINT('',(1.25,-2.11328886804204,3.99089368824972));
#12555=CARTESIAN_POINT('',(1.25,-2.11465956056698,4.01382672954604));
#12556=CARTESIAN_POINT('',(1.25,-2.11529038775373,4.02463965508149));
#12557=CARTESIAN_POINT('',(-1.35,-1.24458967661707E-12,2.15466256241261E-12));
#12558=CARTESIAN_POINT('',(-1.25,-1.24458967661707E-12,2.15466256241261E-12));
#12559=CARTESIAN_POINT('',(-1.25,-2.1247012164522,3.64224141409988));
#12560=CARTESIAN_POINT('',(-1.25,-2.09192298310015,3.66116593594925));
#12561=CARTESIAN_POINT('',(-1.35,-2.1247012164522,3.64224141409988));
#12562=CARTESIAN_POINT('',(1.25,-2.1247012164522,3.64224141409988));
#12563=CARTESIAN_POINT('',(1.25,-1.24458967661707E-12,2.15466256241261E-12));
#12564=CARTESIAN_POINT('',(1.25,-2.09192298310015,3.66116593594925));
#12565=CARTESIAN_POINT('',(-1.35,-2.09192298310015,3.66116593594925));
#12566=CARTESIAN_POINT('',(-1.25,-2.18551702282417,3.65035380970749));
#12567=CARTESIAN_POINT('',(1.25,-2.18551702282417,3.65035380970749));
#12568=CARTESIAN_POINT('',(-1.25,-2.24578844903922,3.7115861845822));
#12569=CARTESIAN_POINT('',(1.25,-2.24578844903922,3.7115861845822));
#12570=CARTESIAN_POINT('',(-1.25,-2.32958669847768,3.77960886663564));
#12571=CARTESIAN_POINT('',(1.25,-2.32958669847768,3.77960886663564));
#12572=CARTESIAN_POINT('',(-1.25,-2.42779498850195,3.84421503971651));
#12573=CARTESIAN_POINT('',(1.25,-2.42779498850195,3.84421503971651));
#12574=CARTESIAN_POINT('',(-1.35,-2.18551701934083,3.65035380616861));
#12575=CARTESIAN_POINT('',(-1.25,-2.18551701934083,3.65035380616861));
#12576=CARTESIAN_POINT('',(1.25,-2.18551701934085,3.65035380616863));
#12577=CARTESIAN_POINT('',(-1.25,-2.15883830193803,3.62211194800248));
#12578=CARTESIAN_POINT('',(-1.25,-2.16259660830358,3.62626918048542));
#12579=CARTESIAN_POINT('',(-1.25,-2.17060334115576,3.6349511583266));
#12580=CARTESIAN_POINT('',(-1.25,-2.18373926200906,3.64863764768511));
#12581=CARTESIAN_POINT('',(-1.25,-2.19835048743517,3.66326418157778));
#12582=CARTESIAN_POINT('',(-1.25,-2.21444337555308,3.6787421089741));
#12583=CARTESIAN_POINT('',(-1.25,-2.23205735197669,3.69501755545265));
#12584=CARTESIAN_POINT('',(-1.25,-2.25123023810097,3.71203542720823));
#12585=CARTESIAN_POINT('',(-1.25,-2.27199838458176,3.72973942296477));
#12586=CARTESIAN_POINT('',(-1.25,-2.29439598530979,3.7480721873947));
#12587=CARTESIAN_POINT('',(-1.25,-2.31845759607948,3.76697492134385));
#12588=CARTESIAN_POINT('',(-1.25,-2.34420818796552,3.78638910860158));
#12589=CARTESIAN_POINT('',(-1.25,-2.37170160350799,3.80625002932002));
#12590=CARTESIAN_POINT('',(-1.25,-2.39957088380621,3.82560868938413));
#12591=CARTESIAN_POINT('',(-1.25,-2.4187461338924,3.83826226457967));
#12592=CARTESIAN_POINT('',(-1.25,-2.42779498850195,3.84421503971651));
#12593=CARTESIAN_POINT('',(1.25,-2.15883830193803,3.62211194800248));
#12594=CARTESIAN_POINT('',(1.25,-2.16259660830358,3.62626918048542));
#12595=CARTESIAN_POINT('',(1.25,-2.17060334115576,3.6349511583266));
#12596=CARTESIAN_POINT('',(1.25,-2.18373926200906,3.64863764768511));
#12597=CARTESIAN_POINT('',(1.25,-2.19835048743517,3.66326418157778));
#12598=CARTESIAN_POINT('',(1.25,-2.21444337555308,3.6787421089741));
#12599=CARTESIAN_POINT('',(1.25,-2.23205735197669,3.69501755545265));
#12600=CARTESIAN_POINT('',(1.25,-2.25123023810097,3.71203542720823));
#12601=CARTESIAN_POINT('',(1.25,-2.27199838458176,3.72973942296477));
#12602=CARTESIAN_POINT('',(1.25,-2.29439598530979,3.7480721873947));
#12603=CARTESIAN_POINT('',(1.25,-2.31845759607948,3.76697492134385));
#12604=CARTESIAN_POINT('',(1.25,-2.34420818796552,3.78638910860158));
#12605=CARTESIAN_POINT('',(1.25,-2.37170160350799,3.80625002932002));
#12606=CARTESIAN_POINT('',(1.25,-2.39957088380621,3.82560868938413));
#12607=CARTESIAN_POINT('',(1.25,-2.4187461338924,3.83826226457967));
#12608=CARTESIAN_POINT('',(1.25,-2.42779498850195,3.84421503971651));
#12609=CARTESIAN_POINT('',(-0.05,-2.14989027975422,3.68542143811011));
#12610=CARTESIAN_POINT('',(-1.25,-2.14989027975422,3.68542143811011));
#12611=CARTESIAN_POINT('',(1.25,-2.14989027975422,3.68542143811011));
#12612=CARTESIAN_POINT('',(-0.05,-2.11672344917803,3.70457031667144));
#12613=CARTESIAN_POINT('',(-1.25,-2.11672344917803,3.70457031667144));
#12614=CARTESIAN_POINT('',(1.25,-2.11672344917803,3.70457031667144));
#12615=CARTESIAN_POINT('',(-1.25,-2.44583428439813,3.48130180340101));
#12616=CARTESIAN_POINT('',(1.25,-2.44583428439813,3.48130180340101));
#12617=CARTESIAN_POINT('',(-1.25,-2.47725824475348,3.5612679416495));
#12618=CARTESIAN_POINT('',(1.25,-2.47725824475348,3.5612679416495));
#12619=CARTESIAN_POINT('',(-1.25,-2.50531623828785,3.66548876913386));
#12620=CARTESIAN_POINT('',(1.25,-2.50531623828785,3.66548876913386));
#12621=CARTESIAN_POINT('',(-1.25,-2.52439200403485,3.78148420434922));
#12622=CARTESIAN_POINT('',(1.25,-2.52439200403485,3.78148420434922));
#12623=CARTESIAN_POINT('',(-1.25,-2.43088527329693,3.44544257909562));
#12624=CARTESIAN_POINT('',(-1.25,-2.4331544532333,3.4505668615889));
#12625=CARTESIAN_POINT('',(-1.25,-2.43782920301117,3.46141265453894));
#12626=CARTESIAN_POINT('',(-1.25,-2.44498957284413,3.4789797121036));
#12627=CARTESIAN_POINT('',(-1.25,-2.4524086556618,3.49827687801756));
#12628=CARTESIAN_POINT('',(-1.25,-2.46000287863795,3.51927390308897));
#12629=CARTESIAN_POINT('',(-1.25,-2.46770698919778,3.54198489170704));
#12630=CARTESIAN_POINT('',(-1.25,-2.47545527329858,3.56642198676593));
#12631=CARTESIAN_POINT('',(-1.25,-2.48318151202157,3.59259549645015));
#12632=CARTESIAN_POINT('',(-1.25,-2.49081940075951,3.62051332991987));
#12633=CARTESIAN_POINT('',(-1.25,-2.49830116870432,3.65018313969352));
#12634=CARTESIAN_POINT('',(-1.25,-2.5055632019865,3.68160393729587));
#12635=CARTESIAN_POINT('',(-1.25,-2.51252447634899,3.71479858640118));
#12636=CARTESIAN_POINT('',(-1.25,-2.51887403480317,3.74813231723432));
#12637=CARTESIAN_POINT('',(-1.25,-2.52263437409579,3.77079645254765));
#12638=CARTESIAN_POINT('',(-1.25,-2.52439200403485,3.78148420434922));
#12639=CARTESIAN_POINT('',(-1.25,-2.445834282582,3.4813017987794));
#12640=CARTESIAN_POINT('',(1.25,-2.445834282582,3.4813017987794));
#12641=CARTESIAN_POINT('',(1.25,-2.44583428258201,3.48130179877943));
#12642=CARTESIAN_POINT('',(1.25,-2.43088527329693,3.44544257909562));
#12643=CARTESIAN_POINT('',(1.25,-2.4331544532333,3.4505668615889));
#12644=CARTESIAN_POINT('',(1.25,-2.43782920301117,3.46141265453894));
#12645=CARTESIAN_POINT('',(1.25,-2.44498957284413,3.4789797121036));
#12646=CARTESIAN_POINT('',(1.25,-2.4524086556618,3.49827687801756));
#12647=CARTESIAN_POINT('',(1.25,-2.46000287863795,3.51927390308897));
#12648=CARTESIAN_POINT('',(1.25,-2.46770698919778,3.54198489170704));
#12649=CARTESIAN_POINT('',(1.25,-2.47545527329858,3.56642198676593));
#12650=CARTESIAN_POINT('',(1.25,-2.48318151202157,3.59259549645015));
#12651=CARTESIAN_POINT('',(1.25,-2.49081940075951,3.62051332991987));
#12652=CARTESIAN_POINT('',(1.25,-2.49830116870432,3.65018313969352));
#12653=CARTESIAN_POINT('',(1.25,-2.5055632019865,3.68160393729587));
#12654=CARTESIAN_POINT('',(1.25,-2.51252447634899,3.71479858640118));
#12655=CARTESIAN_POINT('',(1.25,-2.51887403480317,3.74813231723432));
#12656=CARTESIAN_POINT('',(1.25,-2.52263437409579,3.77079645254765));
#12657=CARTESIAN_POINT('',(1.25,-2.52439200403485,3.78148420434922));
#12658=CARTESIAN_POINT('',(-1.35,-1.46299525065433E-12,2.01276404915409E-12));
#12659=CARTESIAN_POINT('',(-1.25,-1.46299525065433E-12,2.01276404915409E-12));
#12660=CARTESIAN_POINT('',(-1.25,-2.49377977874299,3.40019708148077));
#12661=CARTESIAN_POINT('',(-1.25,-2.46315925916987,3.42244419118026));
#12662=CARTESIAN_POINT('',(-1.35,-2.49377977874299,3.40019708148077));
#12663=CARTESIAN_POINT('',(1.25,-2.49377977874299,3.40019708148077));
#12664=CARTESIAN_POINT('',(1.25,-1.46299525065433E-12,2.01276404915409E-12));
#12665=CARTESIAN_POINT('',(1.25,-2.46315925916987,3.42244419118026));
#12666=CARTESIAN_POINT('',(-1.35,-2.46315925916987,3.42244419118026));
#12667=CARTESIAN_POINT('',(-1.25,-2.55511040601068,3.40190805375398));
#12668=CARTESIAN_POINT('',(1.25,-2.55511040601068,3.40190805375398));
#12669=CARTESIAN_POINT('',(-1.25,-2.62145218509449,3.45650491171107));
#12670=CARTESIAN_POINT('',(1.25,-2.62145218509449,3.45650491171107));
#12671=CARTESIAN_POINT('',(-1.25,-2.71190168537694,3.5153956561566));
#12672=CARTESIAN_POINT('',(1.25,-2.71190168537694,3.5153956561566));
#12673=CARTESIAN_POINT('',(-1.25,-2.81632516410252,3.56938234822506));
#12674=CARTESIAN_POINT('',(1.25,-2.81632516410252,3.56938234822506));
#12675=CARTESIAN_POINT('',(-1.35,-2.5551104021765,3.4019080505986));
#12676=CARTESIAN_POINT('',(-1.25,-2.5551104021765,3.4019080505986));
#12677=CARTESIAN_POINT('',(1.25,-2.55511040217652,3.40190805059861));
#12678=CARTESIAN_POINT('',(-1.25,-2.52562575554513,3.37660958961856));
#12679=CARTESIAN_POINT('',(-1.25,-2.52979802263807,3.3803511983581));
#12680=CARTESIAN_POINT('',(-1.25,-2.53866840757179,3.38814868393542));
#12681=CARTESIAN_POINT('',(-1.25,-2.55316299617639,3.40038711965278));
#12682=CARTESIAN_POINT('',(-1.25,-2.56922306889155,3.41340623892215));
#12683=CARTESIAN_POINT('',(-1.25,-2.58684568244983,3.4271172117482));
#12684=CARTESIAN_POINT('',(-1.25,-2.60606441507701,3.44146233774043));
#12685=CARTESIAN_POINT('',(-1.25,-2.62691112210771,3.45638287149094));
#12686=CARTESIAN_POINT('',(-1.25,-2.6494160699792,3.47181902046976));
#12687=CARTESIAN_POINT('',(-1.25,-2.67360727000025,3.48771016931299));
#12688=CARTESIAN_POINT('',(-1.25,-2.6995129424798,3.50399422891024));
#12689=CARTESIAN_POINT('',(-1.25,-2.7271518050888,3.52061039342075));
#12690=CARTESIAN_POINT('',(-1.25,-2.75657064034602,3.53748866946077));
#12691=CARTESIAN_POINT('',(-1.25,-2.78631078079818,3.55382814771758));
#12692=CARTESIAN_POINT('',(-1.25,-2.80670364562808,3.56440804587994));
#12693=CARTESIAN_POINT('',(-1.25,-2.81632516410252,3.56938234822506));
#12694=CARTESIAN_POINT('',(1.25,-2.52562575554513,3.37660958961856));
#12695=CARTESIAN_POINT('',(1.25,-2.52979802263807,3.3803511983581));
#12696=CARTESIAN_POINT('',(1.25,-2.53866840757179,3.38814868393542));
#12697=CARTESIAN_POINT('',(1.25,-2.55316299617639,3.40038711965278));
#12698=CARTESIAN_POINT('',(1.25,-2.56922306889155,3.41340623892215));
#12699=CARTESIAN_POINT('',(1.25,-2.58684568244983,3.4271172117482));
#12700=CARTESIAN_POINT('',(1.25,-2.60606441507701,3.44146233774043));
#12701=CARTESIAN_POINT('',(1.25,-2.62691112210771,3.45638287149094));
#12702=CARTESIAN_POINT('',(1.25,-2.6494160699792,3.47181902046976));
#12703=CARTESIAN_POINT('',(1.25,-2.67360727000025,3.48771016931299));
#12704=CARTESIAN_POINT('',(1.25,-2.6995129424798,3.50399422891024));
#12705=CARTESIAN_POINT('',(1.25,-2.7271518050888,3.52061039342075));
#12706=CARTESIAN_POINT('',(1.25,-2.75657064034602,3.53748866946077));
#12707=CARTESIAN_POINT('',(1.25,-2.78631078079818,3.55382814771758));
#12708=CARTESIAN_POINT('',(1.25,-2.80670364562808,3.56440804587994));
#12709=CARTESIAN_POINT('',(1.25,-2.81632516410252,3.56938234822506));
#12710=CARTESIAN_POINT('',(-0.05,-2.52334439527431,3.44050758672336));
#12711=CARTESIAN_POINT('',(-1.25,-2.52334439527431,3.44050758672336));
#12712=CARTESIAN_POINT('',(1.25,-2.52334439527431,3.44050758672336));
#12713=CARTESIAN_POINT('',(-0.05,-2.49236085891563,3.46301844355594));
#12714=CARTESIAN_POINT('',(-1.25,-2.49236085891563,3.46301844355594));
#12715=CARTESIAN_POINT('',(1.25,-2.49236085891563,3.46301844355594));
#12716=CARTESIAN_POINT('',(-1.25,-3.11619028126854,2.89670946489771));
#12717=CARTESIAN_POINT('',(1.25,-3.11619028126854,2.89670946489771));
#12718=CARTESIAN_POINT('',(-1.25,-3.1635534477071,2.96839474243575));
#12719=CARTESIAN_POINT('',(1.25,-3.1635534477071,2.96839474243575));
#12720=CARTESIAN_POINT('',(-1.25,-3.21266703522488,3.06450450990929));
#12721=CARTESIAN_POINT('',(1.25,-3.21266703522488,3.06450450990929));
#12722=CARTESIAN_POINT('',(-1.25,-3.25544275678519,3.17399909185126));
#12723=CARTESIAN_POINT('',(1.25,-3.25544275678519,3.17399909185126));
#12724=CARTESIAN_POINT('',(-1.25,-3.0941123899698,2.86474192485333));
#12725=CARTESIAN_POINT('',(-1.25,-3.0973973811176,2.86928244044226));
#12726=CARTESIAN_POINT('',(-1.25,-3.10422494354736,2.87891929166394));
#12727=CARTESIAN_POINT('',(-1.25,-3.1148812387608,2.89461374227391));
#12728=CARTESIAN_POINT('',(-1.25,-3.12615030321171,2.91194670476067));
#12729=CARTESIAN_POINT('',(-1.25,-3.13794410118002,2.9309059667174));
#12730=CARTESIAN_POINT('',(-1.25,-3.15020173848362,2.95151889109171));
#12731=CARTESIAN_POINT('',(-1.25,-3.16286146173899,2.97381101814414));
#12732=CARTESIAN_POINT('',(-1.25,-3.17586064226167,2.99780619848799));
#12733=CARTESIAN_POINT('',(-1.25,-3.189136068766,3.0235259539523));
#12734=CARTESIAN_POINT('',(-1.25,-3.20262304244674,3.05099186017291));
#12735=CARTESIAN_POINT('',(-1.25,-3.2162591340345,3.08021617634232));
#12736=CARTESIAN_POINT('',(-1.25,-3.22996984347182,3.11123811239893));
#12737=CARTESIAN_POINT('',(-1.25,-3.24311112117827,3.14252327380271));
#12738=CARTESIAN_POINT('',(-1.25,-3.25150142672922,3.16391032488177));
#12739=CARTESIAN_POINT('',(-1.25,-3.25544275678519,3.17399909185126));
#12740=CARTESIAN_POINT('',(-1.25,-3.1161902785312,2.89670946075469));
#12741=CARTESIAN_POINT('',(1.25,-3.1161902785312,2.89670946075469));
#12742=CARTESIAN_POINT('',(1.25,-3.11619027853121,2.89670946075471));
#12743=CARTESIAN_POINT('',(1.25,-3.0941123899698,2.86474192485333));
#12744=CARTESIAN_POINT('',(1.25,-3.0973973811176,2.86928244044226));
#12745=CARTESIAN_POINT('',(1.25,-3.10422494354736,2.87891929166394));
#12746=CARTESIAN_POINT('',(1.25,-3.1148812387608,2.89461374227391));
#12747=CARTESIAN_POINT('',(1.25,-3.12615030321171,2.91194670476067));
#12748=CARTESIAN_POINT('',(1.25,-3.13794410118002,2.9309059667174));
#12749=CARTESIAN_POINT('',(1.25,-3.15020173848362,2.95151889109171));
#12750=CARTESIAN_POINT('',(1.25,-3.16286146173899,2.97381101814414));
#12751=CARTESIAN_POINT('',(1.25,-3.17586064226167,2.99780619848799));
#12752=CARTESIAN_POINT('',(1.25,-3.189136068766,3.0235259539523));
#12753=CARTESIAN_POINT('',(1.25,-3.20262304244674,3.05099186017291));
#12754=CARTESIAN_POINT('',(1.25,-3.2162591340345,3.08021617634232));
#12755=CARTESIAN_POINT('',(1.25,-3.22996984347182,3.11123811239893));
#12756=CARTESIAN_POINT('',(1.25,-3.24311112117827,3.14252327380271));
#12757=CARTESIAN_POINT('',(1.25,-3.25150142672922,3.16391032488177));
#12758=CARTESIAN_POINT('',(1.25,-3.25544275678519,3.17399909185126));
#12759=CARTESIAN_POINT('',(-1.35,-1.84950247098931E-12,1.66460650930144E-12));
#12760=CARTESIAN_POINT('',(-1.25,-1.84950247098931E-12,1.66460650930144E-12));
#12761=CARTESIAN_POINT('',(-1.25,-3.14622543166021,2.80740864694691));
#12762=CARTESIAN_POINT('',(-1.25,-3.12089947809997,2.8355359679209));
#12763=CARTESIAN_POINT('',(-1.35,-3.14622543166021,2.80740864694691));
#12764=CARTESIAN_POINT('',(1.25,-3.14622543166021,2.80740864694691));
#12765=CARTESIAN_POINT('',(1.25,-1.84950247098931E-12,1.66460650930144E-12));
#12766=CARTESIAN_POINT('',(1.25,-3.12089947809997,2.83553596792089));
#12767=CARTESIAN_POINT('',(-1.35,-3.12089947809997,2.8355359679209));
#12768=CARTESIAN_POINT('',(-1.25,-3.20657156871186,2.79633087595674));
#12769=CARTESIAN_POINT('',(1.25,-3.20657156871186,2.79633087595674));
#12770=CARTESIAN_POINT('',(-1.25,-3.28281494580232,2.83594143011388));
#12771=CARTESIAN_POINT('',(1.25,-3.28281494580232,2.83594143011388));
#12772=CARTESIAN_POINT('',(-1.25,-3.38353198174232,2.8747397619614));
#12773=CARTESIAN_POINT('',(1.25,-3.38353198174232,2.8747397619614));
#12774=CARTESIAN_POINT('',(-1.25,-3.49689802134766,2.90583585325678));
#12775=CARTESIAN_POINT('',(1.25,-3.49689802134766,2.90583585325678));
#12776=CARTESIAN_POINT('',(-1.35,-3.20657156430543,2.79633087366748));
#12777=CARTESIAN_POINT('',(-1.25,-3.20657156430543,2.79633087366748));
#12778=CARTESIAN_POINT('',(1.25,-3.20657156430546,2.79633087366749));
#12779=CARTESIAN_POINT('',(-1.25,-3.17247138214703,2.77771544749189));
#12780=CARTESIAN_POINT('',(-1.25,-3.17733039939302,2.78050782999751));
#12781=CARTESIAN_POINT('',(-1.25,-3.18762813354404,2.78629066507696));
#12782=CARTESIAN_POINT('',(-1.25,-3.20435049447421,2.79524806718614));
#12783=CARTESIAN_POINT('',(-1.25,-3.22276644316841,2.80464361059027));
#12784=CARTESIAN_POINT('',(-1.25,-3.24285463188212,2.81439101838227));
#12785=CARTESIAN_POINT('',(-1.25,-3.26463590849058,2.82442686975789));
#12786=CARTESIAN_POINT('',(-1.25,-3.28812921835583,2.8346870799409));
#12787=CARTESIAN_POINT('',(-1.25,-3.31335173495487,2.84510687026537));
#12788=CARTESIAN_POINT('',(-1.25,-3.34031825483936,2.85562112607999));
#12789=CARTESIAN_POINT('',(-1.25,-3.36904347258487,2.86616324773825));
#12790=CARTESIAN_POINT('',(-1.25,-3.39953305459116,2.87666986653029));
#12791=CARTESIAN_POINT('',(-1.25,-3.43181820862396,2.88706279196314));
#12792=CARTESIAN_POINT('',(-1.25,-3.46430562420418,2.89686189053071));
#12793=CARTESIAN_POINT('',(-1.25,-3.48645254052525,2.90297067752684));
#12794=CARTESIAN_POINT('',(-1.25,-3.49689802134766,2.90583585325678));
#12795=CARTESIAN_POINT('',(1.25,-3.17247138214703,2.77771544749189));
#12796=CARTESIAN_POINT('',(1.25,-3.17733039939302,2.78050782999751));
#12797=CARTESIAN_POINT('',(1.25,-3.18762813354404,2.78629066507696));
#12798=CARTESIAN_POINT('',(1.25,-3.20435049447421,2.79524806718614));
#12799=CARTESIAN_POINT('',(1.25,-3.22276644316841,2.80464361059027));
#12800=CARTESIAN_POINT('',(1.25,-3.24285463188212,2.81439101838227));
#12801=CARTESIAN_POINT('',(1.25,-3.26463590849058,2.82442686975789));
#12802=CARTESIAN_POINT('',(1.25,-3.28812921835583,2.8346870799409));
#12803=CARTESIAN_POINT('',(1.25,-3.31335173495487,2.84510687026537));
#12804=CARTESIAN_POINT('',(1.25,-3.34031825483936,2.85562112607999));
#12805=CARTESIAN_POINT('',(1.25,-3.36904347258487,2.86616324773825));
#12806=CARTESIAN_POINT('',(1.25,-3.39953305459116,2.87666986653029));
#12807=CARTESIAN_POINT('',(1.25,-3.43181820862396,2.88706279196314));
#12808=CARTESIAN_POINT('',(1.25,-3.46430562420418,2.89686189053071));
#12809=CARTESIAN_POINT('',(1.25,-3.48645254052525,2.90297067752684));
#12810=CARTESIAN_POINT('',(1.25,-3.49689802134766,2.90583585325678));
#12811=CARTESIAN_POINT('',(-0.05,-3.18352501568964,2.84069144152292));
#12812=CARTESIAN_POINT('',(-1.25,-3.18352501568964,2.84069144152292));
#12813=CARTESIAN_POINT('',(1.25,-3.18352501568964,2.84069144152292));
#12814=CARTESIAN_POINT('',(-0.05,-3.15789881424397,2.869152221556));
#12815=CARTESIAN_POINT('',(-1.25,-3.15789881424397,2.869152221556));
#12816=CARTESIAN_POINT('',(1.25,-3.15789881424397,2.869152221556));
#12817=CARTESIAN_POINT('',(-1.25,-2.79633087595675,3.20657156871189));
#12818=CARTESIAN_POINT('',(1.25,-2.79633087595675,3.20657156871189));
#12819=CARTESIAN_POINT('',(-1.25,-2.83594143011389,3.28281494580233));
#12820=CARTESIAN_POINT('',(1.25,-2.83594143011389,3.28281494580233));
#12821=CARTESIAN_POINT('',(-1.25,-2.8747397619614,3.38353198174233));
#12822=CARTESIAN_POINT('',(1.25,-2.8747397619614,3.38353198174233));
#12823=CARTESIAN_POINT('',(-1.25,-2.90583585325678,3.49689802134766));
#12824=CARTESIAN_POINT('',(1.25,-2.90583585325678,3.49689802134766));
#12825=CARTESIAN_POINT('',(-1.25,-2.77771544749189,3.17247138214703));
#12826=CARTESIAN_POINT('',(-1.25,-2.78050782999751,3.17733039939302));
#12827=CARTESIAN_POINT('',(-1.25,-2.78629066507696,3.18762813354404));
#12828=CARTESIAN_POINT('',(-1.25,-2.79524806718614,3.20435049447421));
#12829=CARTESIAN_POINT('',(-1.25,-2.80464361059027,3.22276644316841));
#12830=CARTESIAN_POINT('',(-1.25,-2.81439101838227,3.24285463188212));
#12831=CARTESIAN_POINT('',(-1.25,-2.82442686975789,3.26463590849058));
#12832=CARTESIAN_POINT('',(-1.25,-2.8346870799409,3.28812921835583));
#12833=CARTESIAN_POINT('',(-1.25,-2.84510687026537,3.31335173495487));
#12834=CARTESIAN_POINT('',(-1.25,-2.85562112607999,3.34031825483936));
#12835=CARTESIAN_POINT('',(-1.25,-2.86616324773825,3.36904347258487));
#12836=CARTESIAN_POINT('',(-1.25,-2.87666986653029,3.39953305459116));
#12837=CARTESIAN_POINT('',(-1.25,-2.88706279196314,3.43181820862396));
#12838=CARTESIAN_POINT('',(-1.25,-2.89686189053071,3.46430562420418));
#12839=CARTESIAN_POINT('',(-1.25,-2.90297067752684,3.48645254052525));
#12840=CARTESIAN_POINT('',(-1.25,-2.90583585325678,3.49689802134766));
#12841=CARTESIAN_POINT('',(-1.25,-2.79633087366748,3.20657156430543));
#12842=CARTESIAN_POINT('',(1.25,-2.79633087366748,3.20657156430543));
#12843=CARTESIAN_POINT('',(1.25,-2.79633087366749,3.20657156430546));
#12844=CARTESIAN_POINT('',(1.25,-2.77771544749189,3.17247138214703));
#12845=CARTESIAN_POINT('',(1.25,-2.78050782999751,3.17733039939302));
#12846=CARTESIAN_POINT('',(1.25,-2.78629066507696,3.18762813354404));
#12847=CARTESIAN_POINT('',(1.25,-2.79524806718614,3.20435049447421));
#12848=CARTESIAN_POINT('',(1.25,-2.80464361059027,3.22276644316841));
#12849=CARTESIAN_POINT('',(1.25,-2.81439101838227,3.24285463188212));
#12850=CARTESIAN_POINT('',(1.25,-2.82442686975789,3.26463590849058));
#12851=CARTESIAN_POINT('',(1.25,-2.8346870799409,3.28812921835583));
#12852=CARTESIAN_POINT('',(1.25,-2.84510687026537,3.31335173495487));
#12853=CARTESIAN_POINT('',(1.25,-2.85562112607999,3.34031825483936));
#12854=CARTESIAN_POINT('',(1.25,-2.86616324773825,3.36904347258487));
#12855=CARTESIAN_POINT('',(1.25,-2.87666986653029,3.39953305459116));
#12856=CARTESIAN_POINT('',(1.25,-2.88706279196314,3.43181820862396));
#12857=CARTESIAN_POINT('',(1.25,-2.89686189053071,3.46430562420418));
#12858=CARTESIAN_POINT('',(1.25,-2.90297067752684,3.48645254052525));
#12859=CARTESIAN_POINT('',(1.25,-2.90583585325678,3.49689802134766));
#12860=CARTESIAN_POINT('',(-1.35,-1.66537194257398E-12,1.84881327177507E-12));
#12861=CARTESIAN_POINT('',(-1.25,-1.66537194257398E-12,1.84881327177507E-12));
#12862=CARTESIAN_POINT('',(-1.25,-2.8355359679209,3.12089947809997));
#12863=CARTESIAN_POINT('',(-1.25,-2.80740864694691,3.14622543166021));
#12864=CARTESIAN_POINT('',(-1.35,-2.8355359679209,3.12089947809997));
#12865=CARTESIAN_POINT('',(1.25,-2.8355359679209,3.12089947809997));
#12866=CARTESIAN_POINT('',(1.25,-1.66537194257398E-12,1.84881327177507E-12));
#12867=CARTESIAN_POINT('',(1.25,-2.80740864694691,3.14622543166021));
#12868=CARTESIAN_POINT('',(-1.35,-2.80740864694691,3.14622543166021));
#12869=CARTESIAN_POINT('',(-1.25,-2.89670946489769,3.11619028126852));
#12870=CARTESIAN_POINT('',(1.25,-2.89670946489769,3.11619028126852));
#12871=CARTESIAN_POINT('',(-1.25,-2.96839474243573,3.16355344770708));
#12872=CARTESIAN_POINT('',(1.25,-2.96839474243573,3.16355344770708));
#12873=CARTESIAN_POINT('',(-1.25,-3.06450450990933,3.21266703522482));
#12874=CARTESIAN_POINT('',(1.25,-3.06450450990933,3.21266703522482));
#12875=CARTESIAN_POINT('',(-1.25,-3.17399909185126,3.25544275678519));
#12876=CARTESIAN_POINT('',(1.25,-3.17399909185126,3.25544275678519));
#12877=CARTESIAN_POINT('',(-1.35,-2.89670946075469,3.1161902785312));
#12878=CARTESIAN_POINT('',(-1.25,-2.89670946075469,3.1161902785312));
#12879=CARTESIAN_POINT('',(1.25,-2.89670946075471,3.11619027853122));
#12880=CARTESIAN_POINT('',(-1.25,-2.86474192485332,3.0941123899698));
#12881=CARTESIAN_POINT('',(-1.25,-2.86928244044226,3.0973973811176));
#12882=CARTESIAN_POINT('',(-1.25,-2.87891929166394,3.10422494354736));
#12883=CARTESIAN_POINT('',(-1.25,-2.89461374227391,3.1148812387608));
#12884=CARTESIAN_POINT('',(-1.25,-2.91194670476067,3.12615030321171));
#12885=CARTESIAN_POINT('',(-1.25,-2.9309059667174,3.13794410118002));
#12886=CARTESIAN_POINT('',(-1.25,-2.95151889109171,3.15020173848362));
#12887=CARTESIAN_POINT('',(-1.25,-2.97381101814414,3.16286146173899));
#12888=CARTESIAN_POINT('',(-1.25,-2.99780619848799,3.17586064226167));
#12889=CARTESIAN_POINT('',(-1.25,-3.0235259539523,3.189136068766));
#12890=CARTESIAN_POINT('',(-1.25,-3.05099186017291,3.20262304244674));
#12891=CARTESIAN_POINT('',(-1.25,-3.08021617634232,3.2162591340345));
#12892=CARTESIAN_POINT('',(-1.25,-3.11123811239893,3.22996984347182));
#12893=CARTESIAN_POINT('',(-1.25,-3.1425232738027,3.24311112117827));
#12894=CARTESIAN_POINT('',(-1.25,-3.16391032488177,3.25150142672922));
#12895=CARTESIAN_POINT('',(-1.25,-3.17399909185126,3.25544275678519));
#12896=CARTESIAN_POINT('',(1.25,-2.86474192485332,3.0941123899698));
#12897=CARTESIAN_POINT('',(1.25,-2.86928244044226,3.0973973811176));
#12898=CARTESIAN_POINT('',(1.25,-2.87891929166394,3.10422494354736));
#12899=CARTESIAN_POINT('',(1.25,-2.89461374227391,3.1148812387608));
#12900=CARTESIAN_POINT('',(1.25,-2.91194670476067,3.12615030321171));
#12901=CARTESIAN_POINT('',(1.25,-2.9309059667174,3.13794410118002));
#12902=CARTESIAN_POINT('',(1.25,-2.95151889109171,3.15020173848362));
#12903=CARTESIAN_POINT('',(1.25,-2.97381101814414,3.16286146173899));
#12904=CARTESIAN_POINT('',(1.25,-2.99780619848799,3.17586064226167));
#12905=CARTESIAN_POINT('',(1.25,-3.0235259539523,3.189136068766));
#12906=CARTESIAN_POINT('',(1.25,-3.05099186017291,3.20262304244674));
#12907=CARTESIAN_POINT('',(1.25,-3.08021617634232,3.2162591340345));
#12908=CARTESIAN_POINT('',(1.25,-3.11123811239893,3.22996984347182));
#12909=CARTESIAN_POINT('',(1.25,-3.1425232738027,3.24311112117827));
#12910=CARTESIAN_POINT('',(1.25,-3.16391032488177,3.25150142672922));
#12911=CARTESIAN_POINT('',(1.25,-3.17399909185126,3.25544275678519));
#12912=CARTESIAN_POINT('',(-0.05,-2.86915222155601,3.15789881424397));
#12913=CARTESIAN_POINT('',(-1.25,-2.86915222155601,3.15789881424397));
#12914=CARTESIAN_POINT('',(1.25,-2.86915222155601,3.15789881424397));
#12915=CARTESIAN_POINT('',(-0.05,-2.84069144152292,3.18352501568964));
#12916=CARTESIAN_POINT('',(-1.25,-2.84069144152292,3.18352501568964));
#12917=CARTESIAN_POINT('',(1.25,-2.84069144152292,3.18352501568964));
#12918=CARTESIAN_POINT('',(-1.25,-4.14705467905358,0.950528843349978));
#12919=CARTESIAN_POINT('',(1.25,-4.14705467905358,0.950528843349978));
#12920=CARTESIAN_POINT('',(-1.25,-4.22391502316206,0.988928531555982));
#12921=CARTESIAN_POINT('',(1.25,-4.22391502316206,0.988928531555982));
#12922=CARTESIAN_POINT('',(-1.25,-4.31450352136022,1.04760523798104));
#12923=CARTESIAN_POINT('',(1.25,-4.31450352136022,1.04760523798104));
#12924=CARTESIAN_POINT('',(-1.25,-4.40629567386765,1.12104246673933));
#12925=CARTESIAN_POINT('',(1.25,-4.40629567386765,1.12104246673933));
#12926=CARTESIAN_POINT('',(-1.25,-4.11195089430469,0.933883087224409));
#12927=CARTESIAN_POINT('',(-1.25,-4.11706603788437,0.936172793496808));
#12928=CARTESIAN_POINT('',(-1.25,-4.1277973060053,0.941104770252397));
#12929=CARTESIAN_POINT('',(-1.25,-4.14487315367534,0.949368415572348));
#12930=CARTESIAN_POINT('',(-1.25,-4.1632989310101,0.958744669183271));
#12931=CARTESIAN_POINT('',(-1.25,-4.18299229063612,0.969266972690657));
#12932=CARTESIAN_POINT('',(-1.25,-4.20391417811858,0.980989470193293));
#12933=CARTESIAN_POINT('',(-1.25,-4.22602388358882,0.993965156897402));
#12934=CARTESIAN_POINT('',(-1.25,-4.24927909432176,1.00824600238223));
#12935=CARTESIAN_POINT('',(-1.25,-4.27363582865274,1.02388225074127));
#12936=CARTESIAN_POINT('',(-1.25,-4.29904884359074,1.0409249364259));
#12937=CARTESIAN_POINT('',(-1.25,-4.32547020339878,1.05941589084296));
#12938=CARTESIAN_POINT('',(-1.25,-4.3528549941037,1.07942632082391));
#12939=CARTESIAN_POINT('',(-1.25,-4.37987825513757,1.09994942650785));
#12940=CARTESIAN_POINT('',(-1.25,-4.39783799842974,1.11427600327888));
#12941=CARTESIAN_POINT('',(-1.25,-4.40629567386765,1.12104246673933));
#12942=CARTESIAN_POINT('',(-1.25,-4.14705467461147,0.950528841130683));
#12943=CARTESIAN_POINT('',(1.25,-4.14705467461147,0.950528841130683));
#12944=CARTESIAN_POINT('',(1.25,-4.1470546746115,0.950528841130696));
#12945=CARTESIAN_POINT('',(1.25,-4.11195089430469,0.933883087224409));
#12946=CARTESIAN_POINT('',(1.25,-4.11706603788437,0.936172793496808));
#12947=CARTESIAN_POINT('',(1.25,-4.1277973060053,0.941104770252397));
#12948=CARTESIAN_POINT('',(1.25,-4.14487315367534,0.949368415572348));
#12949=CARTESIAN_POINT('',(1.25,-4.1632989310101,0.958744669183271));
#12950=CARTESIAN_POINT('',(1.25,-4.18299229063612,0.969266972690657));
#12951=CARTESIAN_POINT('',(1.25,-4.20391417811858,0.980989470193293));
#12952=CARTESIAN_POINT('',(1.25,-4.22602388358882,0.993965156897402));
#12953=CARTESIAN_POINT('',(1.25,-4.24927909432176,1.00824600238223));
#12954=CARTESIAN_POINT('',(1.25,-4.27363582865274,1.02388225074127));
#12955=CARTESIAN_POINT('',(1.25,-4.29904884359074,1.0409249364259));
#12956=CARTESIAN_POINT('',(1.25,-4.32547020339878,1.05941589084296));
#12957=CARTESIAN_POINT('',(1.25,-4.3528549941037,1.07942632082391));
#12958=CARTESIAN_POINT('',(1.25,-4.37987825513757,1.09994942650785));
#12959=CARTESIAN_POINT('',(1.25,-4.39783799842974,1.11427600327888));
#12960=CARTESIAN_POINT('',(1.25,-4.40629567386765,1.12104246673933));
#12961=CARTESIAN_POINT('',(-1.35,-2.43401937888955E-12,5.16840288865329E-13));
#12962=CARTESIAN_POINT('',(-1.25,-2.43401937888955E-12,5.16840288865329E-13));
#12963=CARTESIAN_POINT('',(-1.25,-4.12841547332386,0.858174491230019));
#12964=CARTESIAN_POINT('',(-1.25,-4.12054621465262,0.895196442514005));
#12965=CARTESIAN_POINT('',(-1.35,-4.12841547332386,0.858174491230019));
#12966=CARTESIAN_POINT('',(1.25,-4.12841547332386,0.858174491230019));
#12967=CARTESIAN_POINT('',(1.25,-2.43401937888955E-12,5.16840288865329E-13));
#12968=CARTESIAN_POINT('',(1.25,-4.12054621465262,0.895196442514004));
#12969=CARTESIAN_POINT('',(-1.35,-4.12054621465262,0.895196442514005));
#12970=CARTESIAN_POINT('',(-1.25,-4.17513787553576,0.818407791609399));
#12971=CARTESIAN_POINT('',(1.25,-4.17513787553576,0.818407791609399));
#12972=CARTESIAN_POINT('',(-1.25,-4.26097185404496,0.814589849222248));
#12973=CARTESIAN_POINT('',(1.25,-4.26097185404496,0.814589849222248));
#12974=CARTESIAN_POINT('',(-1.25,-4.36759453168667,0.797831672256603));
#12975=CARTESIAN_POINT('',(1.25,-4.36759453168667,0.797831672256603));
#12976=CARTESIAN_POINT('',(-1.25,-4.48132044755901,0.768078657474179));
#12977=CARTESIAN_POINT('',(1.25,-4.48132044755901,0.768078657474179));
#12978=CARTESIAN_POINT('',(-1.35,-4.17513787057505,0.818407791830054));
#12979=CARTESIAN_POINT('',(-1.25,-4.17513787057505,0.818407791830054));
#12980=CARTESIAN_POINT('',(1.25,-4.17513787057508,0.818407791830053));
#12981=CARTESIAN_POINT('',(-1.25,-4.13629853346441,0.819336450938919));
#12982=CARTESIAN_POINT('',(-1.25,-4.14190275708967,0.819325216502881));
#12983=CARTESIAN_POINT('',(-1.25,-4.15371227400559,0.819184431512068));
#12984=CARTESIAN_POINT('',(-1.25,-4.17267296443696,0.818580588825445));
#12985=CARTESIAN_POINT('',(-1.25,-4.193319415543,0.817509393748682));
#12986=CARTESIAN_POINT('',(-1.25,-4.21559000118109,0.815906802160745));
#12987=CARTESIAN_POINT('',(-1.25,-4.23947106573868,0.813707466096407));
#12988=CARTESIAN_POINT('',(-1.25,-4.26494697399246,0.810846413830436));
#12989=CARTESIAN_POINT('',(-1.25,-4.29200020927685,0.807258958654017));
#12990=CARTESIAN_POINT('',(-1.25,-4.32061102845578,0.802881311349116));
#12991=CARTESIAN_POINT('',(-1.25,-4.35075885758176,0.797648447642205));
#12992=CARTESIAN_POINT('',(-1.25,-4.382416919546,0.791502655420841));
#12993=CARTESIAN_POINT('',(-1.25,-4.41557314581993,0.784360615848927));
#12994=CARTESIAN_POINT('',(-1.25,-4.44860762229948,0.776603176352519));
#12995=CARTESIAN_POINT('',(-1.25,-4.47084180794708,0.770820082916935));
#12996=CARTESIAN_POINT('',(-1.25,-4.48132044755901,0.768078657474179));
#12997=CARTESIAN_POINT('',(1.25,-4.13629853346441,0.819336450938919));
#12998=CARTESIAN_POINT('',(1.25,-4.14190275708967,0.819325216502881));
#12999=CARTESIAN_POINT('',(1.25,-4.15371227400559,0.819184431512068));
#13000=CARTESIAN_POINT('',(1.25,-4.17267296443696,0.818580588825445));
#13001=CARTESIAN_POINT('',(1.25,-4.193319415543,0.817509393748682));
#13002=CARTESIAN_POINT('',(1.25,-4.21559000118109,0.815906802160745));
#13003=CARTESIAN_POINT('',(1.25,-4.23947106573868,0.813707466096407));
#13004=CARTESIAN_POINT('',(1.25,-4.26494697399246,0.810846413830436));
#13005=CARTESIAN_POINT('',(1.25,-4.29200020927685,0.807258958654017));
#13006=CARTESIAN_POINT('',(1.25,-4.32061102845578,0.802881311349116));
#13007=CARTESIAN_POINT('',(1.25,-4.35075885758176,0.797648447642205));
#13008=CARTESIAN_POINT('',(1.25,-4.382416919546,0.791502655420841));
#13009=CARTESIAN_POINT('',(1.25,-4.41557314581993,0.784360615848927));
#13010=CARTESIAN_POINT('',(1.25,-4.44860762229948,0.776603176352519));
#13011=CARTESIAN_POINT('',(1.25,-4.47084180794708,0.770820082916935));
#13012=CARTESIAN_POINT('',(1.25,-4.48132044755901,0.768078657474179));
#13013=CARTESIAN_POINT('',(-0.05,-4.17735925793194,0.868348444827063));
#13014=CARTESIAN_POINT('',(-1.25,-4.17735925793194,0.868348444827063));
#13015=CARTESIAN_POINT('',(1.25,-4.17735925793194,0.868348444827063));
#13016=CARTESIAN_POINT('',(-0.05,-4.16939670649404,0.905809304070075));
#13017=CARTESIAN_POINT('',(-1.25,-4.16939670649404,0.905809304070075));
#13018=CARTESIAN_POINT('',(1.25,-4.16939670649404,0.905809304070075));
#13019=CARTESIAN_POINT('',(-1.25,-4.22369399889519,0.511836494202231));
#13020=CARTESIAN_POINT('',(1.25,-4.22369399889519,0.511836494202231));
#13021=CARTESIAN_POINT('',(-1.25,-4.30414715439473,0.541991731242532));
#13022=CARTESIAN_POINT('',(1.25,-4.30414715439473,0.541991731242532));
#13023=CARTESIAN_POINT('',(-1.25,-4.40037278527358,0.590877924023969));
#13024=CARTESIAN_POINT('',(1.25,-4.40037278527358,0.590877924023969));
#13025=CARTESIAN_POINT('',(-1.25,-4.49933837143392,0.654317963317628));
#13026=CARTESIAN_POINT('',(1.25,-4.49933837143392,0.654317963317628));
#13027=CARTESIAN_POINT('',(-1.25,-4.18704256104439,0.49895126994507));
#13028=CARTESIAN_POINT('',(-1.25,-4.19236902281032,0.500693754869156));
#13029=CARTESIAN_POINT('',(-1.25,-4.20355703587278,0.504476990774443));
#13030=CARTESIAN_POINT('',(-1.25,-4.2214031264089,0.510910454864749));
#13031=CARTESIAN_POINT('',(-1.25,-4.24070805078865,0.518309326188024));
#13032=CARTESIAN_POINT('',(-1.25,-4.26139340834576,0.526715470797544));
#13033=CARTESIAN_POINT('',(-1.25,-4.2834260181891,0.536186818485117));
#13034=CARTESIAN_POINT('',(-1.25,-4.30677093297042,0.546780329483687));
#13035=CARTESIAN_POINT('',(-1.25,-4.33139150405843,0.558552111561836));
#13036=CARTESIAN_POINT('',(-1.25,-4.3572492426625,0.571556730906482));
#13037=CARTESIAN_POINT('',(-1.25,-4.38430448819023,0.585849671577264));
#13038=CARTESIAN_POINT('',(-1.25,-4.41251394007429,0.601477546473113));
#13039=CARTESIAN_POINT('',(-1.25,-4.44184037352565,0.618515867135604));
#13040=CARTESIAN_POINT('',(-1.25,-4.4708608470067,0.636101845150891));
#13041=CARTESIAN_POINT('',(-1.25,-4.49021973999972,0.648472635068343));
#13042=CARTESIAN_POINT('',(-1.25,-4.49933837143392,0.654317963317628));
#13043=CARTESIAN_POINT('',(-1.25,-4.22369399424543,0.511836492459419));
#13044=CARTESIAN_POINT('',(1.25,-4.22369399424543,0.511836492459419));
#13045=CARTESIAN_POINT('',(1.25,-4.22369399424546,0.51183649245943));
#13046=CARTESIAN_POINT('',(1.25,-4.18704256104439,0.49895126994507));
#13047=CARTESIAN_POINT('',(1.25,-4.19236902281032,0.500693754869156));
#13048=CARTESIAN_POINT('',(1.25,-4.20355703587278,0.504476990774443));
#13049=CARTESIAN_POINT('',(1.25,-4.2214031264089,0.510910454864749));
#13050=CARTESIAN_POINT('',(1.25,-4.24070805078865,0.518309326188024));
#13051=CARTESIAN_POINT('',(1.25,-4.26139340834576,0.526715470797544));
#13052=CARTESIAN_POINT('',(1.25,-4.2834260181891,0.536186818485117));
#13053=CARTESIAN_POINT('',(1.25,-4.30677093297042,0.546780329483687));
#13054=CARTESIAN_POINT('',(1.25,-4.33139150405843,0.558552111561836));
#13055=CARTESIAN_POINT('',(1.25,-4.3572492426625,0.571556730906482));
#13056=CARTESIAN_POINT('',(1.25,-4.38430448819023,0.585849671577264));
#13057=CARTESIAN_POINT('',(1.25,-4.41251394007429,0.601477546473113));
#13058=CARTESIAN_POINT('',(1.25,-4.44184037352565,0.618515867135604));
#13059=CARTESIAN_POINT('',(1.25,-4.4708608470067,0.636101845150891));
#13060=CARTESIAN_POINT('',(1.25,-4.49021973999972,0.648472635068343));
#13061=CARTESIAN_POINT('',(1.25,-4.49933837143392,0.654317963317628));
#13062=CARTESIAN_POINT('',(-1.35,-2.47471008720625E-12,2.5958467844602E-13));
#13063=CARTESIAN_POINT('',(-1.25,-2.47471008720625E-12,2.5958467844602E-13));
#13064=CARTESIAN_POINT('',(-1.25,-4.19550324218153,0.421936396417836));
#13065=CARTESIAN_POINT('',(-1.25,-4.19154693980755,0.459578099094978));
#13066=CARTESIAN_POINT('',(-1.35,-4.19550324218153,0.421936396417836));
#13067=CARTESIAN_POINT('',(1.25,-4.19550324218153,0.421936396417836));
#13068=CARTESIAN_POINT('',(1.25,-2.47471008720625E-12,2.5958467844602E-13));
#13069=CARTESIAN_POINT('',(1.25,-4.19154693980755,0.459578099094978));
#13070=CARTESIAN_POINT('',(-1.35,-4.19154693980755,0.459578099094978));
#13071=CARTESIAN_POINT('',(-1.25,-4.2378129421849,0.377503722035213));
#13072=CARTESIAN_POINT('',(1.25,-4.2378129421849,0.377503722035213));
#13073=CARTESIAN_POINT('',(-1.25,-4.3227776295283,0.36473460086622));
#13074=CARTESIAN_POINT('',(1.25,-4.3227776295283,0.36473460086622));
#13075=CARTESIAN_POINT('',(-1.25,-4.42706451050031,0.336923122304065));
#13076=CARTESIAN_POINT('',(1.25,-4.42706451050031,0.336923122304065));
#13077=CARTESIAN_POINT('',(-1.25,-4.53705738699344,0.295445502429882));
#13078=CARTESIAN_POINT('',(1.25,-4.53705738699344,0.295445502429882));
#13079=CARTESIAN_POINT('',(-1.35,-4.23781293727442,0.377503722773195));
#13080=CARTESIAN_POINT('',(-1.25,-4.23781293727442,0.377503722773195));
#13081=CARTESIAN_POINT('',(1.25,-4.23781293727445,0.377503722773191));
#13082=CARTESIAN_POINT('',(-1.25,-4.19928343742584,0.382487110812805));
#13083=CARTESIAN_POINT('',(-1.25,-4.20485578620938,0.381890137036825));
#13084=CARTESIAN_POINT('',(-1.25,-4.21658589331724,0.380515692625768));
#13085=CARTESIAN_POINT('',(-1.25,-4.23537959635445,0.377933226019279));
#13086=CARTESIAN_POINT('',(-1.25,-4.25580097366582,0.374709757255183));
#13087=CARTESIAN_POINT('',(-1.25,-4.27778204226964,0.370788034738825));
#13088=CARTESIAN_POINT('',(-1.25,-4.30130239063786,0.366104495888168));
#13089=CARTESIAN_POINT('',(-1.25,-4.32633967780395,0.360596159225751));
#13090=CARTESIAN_POINT('',(-1.25,-4.35286972145819,0.354200523393454));
#13091=CARTESIAN_POINT('',(-1.25,-4.38086621883055,0.346856212336928));
#13092=CARTESIAN_POINT('',(-1.25,-4.41030191179239,0.338500708555532));
#13093=CARTESIAN_POINT('',(-1.25,-4.44114413736428,0.329079415059849));
#13094=CARTESIAN_POINT('',(-1.25,-4.47337218394044,0.318510730947826));
#13095=CARTESIAN_POINT('',(-1.25,-4.50541482087194,0.307342744455394));
#13096=CARTESIAN_POINT('',(-1.25,-4.5269227074544,0.299267226152993));
#13097=CARTESIAN_POINT('',(-1.25,-4.53705738699344,0.295445502429882));
#13098=CARTESIAN_POINT('',(1.25,-4.19928343742584,0.382487110812805));
#13099=CARTESIAN_POINT('',(1.25,-4.20485578620938,0.381890137036825));
#13100=CARTESIAN_POINT('',(1.25,-4.21658589331724,0.380515692625768));
#13101=CARTESIAN_POINT('',(1.25,-4.23537959635445,0.377933226019279));
#13102=CARTESIAN_POINT('',(1.25,-4.25580097366582,0.374709757255183));
#13103=CARTESIAN_POINT('',(1.25,-4.27778204226964,0.370788034738825));
#13104=CARTESIAN_POINT('',(1.25,-4.30130239063786,0.366104495888168));
#13105=CARTESIAN_POINT('',(1.25,-4.32633967780395,0.360596159225751));
#13106=CARTESIAN_POINT('',(1.25,-4.35286972145819,0.354200523393454));
#13107=CARTESIAN_POINT('',(1.25,-4.38086621883055,0.346856212336928));
#13108=CARTESIAN_POINT('',(1.25,-4.41030191179239,0.338500708555532));
#13109=CARTESIAN_POINT('',(1.25,-4.44114413736428,0.329079415059849));
#13110=CARTESIAN_POINT('',(1.25,-4.47337218394044,0.318510730947826));
#13111=CARTESIAN_POINT('',(1.25,-4.50541482087194,0.307342744455394));
#13112=CARTESIAN_POINT('',(1.25,-4.5269227074544,0.299267226152993));
#13113=CARTESIAN_POINT('',(1.25,-4.53705738699344,0.295445502429882));
#13114=CARTESIAN_POINT('',(-0.05,-4.24524237535131,0.426938597440971));
#13115=CARTESIAN_POINT('',(-1.25,-4.24524237535131,0.426938597440971));
#13116=CARTESIAN_POINT('',(1.25,-4.24524237535131,0.426938597440971));
#13117=CARTESIAN_POINT('',(-0.05,-4.24123916965268,0.465026555442949));
#13118=CARTESIAN_POINT('',(-1.25,-4.24123916965268,0.465026555442949));
#13119=CARTESIAN_POINT('',(1.25,-4.24123916965268,0.465026555442949));
#13120=CARTESIAN_POINT('',(-1.25,-4.25405764342011,0.0675363573153288));
#13121=CARTESIAN_POINT('',(1.25,-4.25405764342011,0.0675363573153288));
#13122=CARTESIAN_POINT('',(-1.25,-4.33722214870318,0.0891167561025284));
#13123=CARTESIAN_POINT('',(1.25,-4.33722214870318,0.0891167561025284));
#13124=CARTESIAN_POINT('',(-1.25,-4.43803064411425,0.127676827882136));
#13125=CARTESIAN_POINT('',(1.25,-4.43803064411425,0.127676827882136));
#13126=CARTESIAN_POINT('',(-1.25,-4.54308537625568,0.180424615364981));
#13127=CARTESIAN_POINT('',(1.25,-4.54308537625568,0.180424615364981));
#13128=CARTESIAN_POINT('',(-1.25,-4.2162601132903,0.0585528381399471));
#13129=CARTESIAN_POINT('',(-1.25,-4.22173953541273,0.0597290106862534));
#13130=CARTESIAN_POINT('',(-1.25,-4.23326171520438,0.0623220558169665));
#13131=CARTESIAN_POINT('',(-1.25,-4.25168252310413,0.0668548522987662));
#13132=CARTESIAN_POINT('',(-1.25,-4.27165508573755,0.0721952777518614));
#13133=CARTESIAN_POINT('',(-1.25,-4.29310580811966,0.0783931639840757));
#13134=CARTESIAN_POINT('',(-1.25,-4.31600774643981,0.0855095917893121));
#13135=CARTESIAN_POINT('',(-1.25,-4.34033209876064,0.0936048623590084));
#13136=CARTESIAN_POINT('',(-1.25,-4.36604828207468,0.10273860692263));
#13137=CARTESIAN_POINT('',(-1.25,-4.39312372215662,0.112969115921951));
#13138=CARTESIAN_POINT('',(-1.25,-4.42152477534241,0.1243557151299));
#13139=CARTESIAN_POINT('',(-1.25,-4.45121325064444,0.136949288236833));
#13140=CARTESIAN_POINT('',(-1.25,-4.48216002030039,0.150828824174195));
#13141=CARTESIAN_POINT('',(-1.25,-4.51285975184825,0.165284998865589));
#13142=CARTESIAN_POINT('',(-1.25,-4.53340569445938,0.175564464966373));
#13143=CARTESIAN_POINT('',(-1.25,-4.54308537625568,0.180424615364981));
#13144=CARTESIAN_POINT('',(-1.25,-4.25405763861365,0.0675363560680979));
#13145=CARTESIAN_POINT('',(1.25,-4.25405763861365,0.0675363560680979));
#13146=CARTESIAN_POINT('',(1.25,-4.25405763861368,0.0675363560681054));
#13147=CARTESIAN_POINT('',(1.25,-4.2162601132903,0.0585528381399471));
#13148=CARTESIAN_POINT('',(1.25,-4.22173953541273,0.0597290106862534));
#13149=CARTESIAN_POINT('',(1.25,-4.23326171520438,0.0623220558169665));
#13150=CARTESIAN_POINT('',(1.25,-4.25168252310413,0.0668548522987662));
#13151=CARTESIAN_POINT('',(1.25,-4.27165508573755,0.0721952777518614));
#13152=CARTESIAN_POINT('',(1.25,-4.29310580811966,0.0783931639840757));
#13153=CARTESIAN_POINT('',(1.25,-4.31600774643981,0.0855095917893121));
#13154=CARTESIAN_POINT('',(1.25,-4.34033209876064,0.0936048623590084));
#13155=CARTESIAN_POINT('',(1.25,-4.36604828207468,0.10273860692263));
#13156=CARTESIAN_POINT('',(1.25,-4.39312372215662,0.112969115921951));
#13157=CARTESIAN_POINT('',(1.25,-4.42152477534241,0.1243557151299));
#13158=CARTESIAN_POINT('',(1.25,-4.45121325064444,0.136949288236833));
#13159=CARTESIAN_POINT('',(1.25,-4.48216002030039,0.150828824174195));
#13160=CARTESIAN_POINT('',(1.25,-4.51285975184825,0.165284998865589));
#13161=CARTESIAN_POINT('',(1.25,-4.53340569445938,0.175564464966373));
#13162=CARTESIAN_POINT('',(1.25,-4.54308537625568,0.180424615364981));
#13163=CARTESIAN_POINT('',(-1.35,-2.48828735394113E-12,-5.14996031930919E-16));
#13164=CARTESIAN_POINT('',(-1.25,-2.48828735394113E-12,-5.14996031930919E-16));
#13165=CARTESIAN_POINT('',(-1.25,-4.21662419955235,-0.0189245218493673));
#13166=CARTESIAN_POINT('',(-1.25,-4.21662419955235,0.0189245218493661));
#13167=CARTESIAN_POINT('',(-1.35,-4.21662419955235,-0.0189245218493673));
#13168=CARTESIAN_POINT('',(1.25,-4.21662419955235,-0.0189245218493673));
#13169=CARTESIAN_POINT('',(1.25,-2.48828735394113E-12,-5.14996031930919E-16));
#13170=CARTESIAN_POINT('',(1.25,-4.21662419955235,0.0189245218493661));
#13171=CARTESIAN_POINT('',(-1.35,-4.21662419955235,0.0189245218493661));
#13172=CARTESIAN_POINT('',(-1.25,-4.25405764342008,-0.0675363573153233));
#13173=CARTESIAN_POINT('',(1.25,-4.25405764342008,-0.0675363573153233));
#13174=CARTESIAN_POINT('',(-1.25,-4.33722214870317,-0.0891167561025218));
#13175=CARTESIAN_POINT('',(1.25,-4.33722214870317,-0.0891167561025218));
#13176=CARTESIAN_POINT('',(-1.25,-4.43803064411424,-0.127676827882137));
#13177=CARTESIAN_POINT('',(1.25,-4.43803064411424,-0.127676827882137));
#13178=CARTESIAN_POINT('',(-1.25,-4.54308537625568,-0.180424615364982));
#13179=CARTESIAN_POINT('',(1.25,-4.54308537625568,-0.180424615364982));
#13180=CARTESIAN_POINT('',(-1.35,-4.25405763861365,-0.0675363560680998));
#13181=CARTESIAN_POINT('',(-1.25,-4.25405763861365,-0.0675363560680998));
#13182=CARTESIAN_POINT('',(1.25,-4.25405763861368,-0.0675363560681069));
#13183=CARTESIAN_POINT('',(-1.25,-4.2162601132903,-0.0585528381399482));
#13184=CARTESIAN_POINT('',(-1.25,-4.22173953541273,-0.0597290106862545));
#13185=CARTESIAN_POINT('',(-1.25,-4.23326171520438,-0.0623220558169676));
#13186=CARTESIAN_POINT('',(-1.25,-4.25168252310413,-0.0668548522987672));
#13187=CARTESIAN_POINT('',(-1.25,-4.27165508573755,-0.0721952777518624));
#13188=CARTESIAN_POINT('',(-1.25,-4.29310580811966,-0.0783931639840768));
#13189=CARTESIAN_POINT('',(-1.25,-4.31600774643981,-0.0855095917893132));
#13190=CARTESIAN_POINT('',(-1.25,-4.34033209876064,-0.0936048623590095));
#13191=CARTESIAN_POINT('',(-1.25,-4.36604828207468,-0.102738606922631));
#13192=CARTESIAN_POINT('',(-1.25,-4.39312372215662,-0.112969115921952));
#13193=CARTESIAN_POINT('',(-1.25,-4.42152477534241,-0.124355715129901));
#13194=CARTESIAN_POINT('',(-1.25,-4.45121325064444,-0.136949288236834));
#13195=CARTESIAN_POINT('',(-1.25,-4.48216002030039,-0.150828824174196));
#13196=CARTESIAN_POINT('',(-1.25,-4.51285975184825,-0.16528499886559));
#13197=CARTESIAN_POINT('',(-1.25,-4.53340569445938,-0.175564464966375));
#13198=CARTESIAN_POINT('',(-1.25,-4.54308537625568,-0.180424615364982));
#13199=CARTESIAN_POINT('',(1.25,-4.2162601132903,-0.0585528381399482));
#13200=CARTESIAN_POINT('',(1.25,-4.22173953541273,-0.0597290106862545));
#13201=CARTESIAN_POINT('',(1.25,-4.23326171520438,-0.0623220558169676));
#13202=CARTESIAN_POINT('',(1.25,-4.25168252310413,-0.0668548522987672));
#13203=CARTESIAN_POINT('',(1.25,-4.27165508573755,-0.0721952777518624));
#13204=CARTESIAN_POINT('',(1.25,-4.29310580811966,-0.0783931639840768));
#13205=CARTESIAN_POINT('',(1.25,-4.31600774643981,-0.0855095917893132));
#13206=CARTESIAN_POINT('',(1.25,-4.34033209876064,-0.0936048623590095));
#13207=CARTESIAN_POINT('',(1.25,-4.36604828207468,-0.102738606922631));
#13208=CARTESIAN_POINT('',(1.25,-4.39312372215662,-0.112969115921952));
#13209=CARTESIAN_POINT('',(1.25,-4.42152477534241,-0.124355715129901));
#13210=CARTESIAN_POINT('',(1.25,-4.45121325064444,-0.136949288236834));
#13211=CARTESIAN_POINT('',(1.25,-4.48216002030039,-0.150828824174196));
#13212=CARTESIAN_POINT('',(1.25,-4.51285975184825,-0.16528499886559));
#13213=CARTESIAN_POINT('',(1.25,-4.53340569445938,-0.175564464966375));
#13214=CARTESIAN_POINT('',(1.25,-4.54308537625568,-0.180424615364982));
#13215=CARTESIAN_POINT('',(-0.05,-4.26661372893225,-0.0191488785613291));
#13216=CARTESIAN_POINT('',(-1.25,-4.26661372893225,-0.0191488785613291));
#13217=CARTESIAN_POINT('',(1.25,-4.26661372893225,-0.0191488785613291));
#13218=CARTESIAN_POINT('',(-0.05,-4.26661372893225,0.0191488785613277));
#13219=CARTESIAN_POINT('',(-1.25,-4.26661372893225,0.0191488785613277));
#13220=CARTESIAN_POINT('',(1.25,-4.26661372893225,0.0191488785613277));
#13221=CARTESIAN_POINT('',(-1.25,-4.23781294218492,-0.37750372203521));
#13222=CARTESIAN_POINT('',(1.25,-4.23781294218492,-0.37750372203521));
#13223=CARTESIAN_POINT('',(-1.25,-4.32277762952834,-0.364734600866215));
#13224=CARTESIAN_POINT('',(1.25,-4.32277762952834,-0.364734600866215));
#13225=CARTESIAN_POINT('',(-1.25,-4.42706451050033,-0.336923122304062));
#13226=CARTESIAN_POINT('',(1.25,-4.42706451050033,-0.336923122304062));
#13227=CARTESIAN_POINT('',(-1.25,-4.53705738699344,-0.295445502429883));
#13228=CARTESIAN_POINT('',(1.25,-4.53705738699344,-0.295445502429883));
#13229=CARTESIAN_POINT('',(-1.25,-4.19928343742584,-0.382487110812806));
#13230=CARTESIAN_POINT('',(-1.25,-4.20485578620938,-0.381890137036826));
#13231=CARTESIAN_POINT('',(-1.25,-4.21658589331724,-0.380515692625769));
#13232=CARTESIAN_POINT('',(-1.25,-4.23537959635445,-0.37793322601928));
#13233=CARTESIAN_POINT('',(-1.25,-4.25580097366582,-0.374709757255184));
#13234=CARTESIAN_POINT('',(-1.25,-4.27778204226964,-0.370788034738826));
#13235=CARTESIAN_POINT('',(-1.25,-4.30130239063786,-0.366104495888169));
#13236=CARTESIAN_POINT('',(-1.25,-4.32633967780395,-0.360596159225752));
#13237=CARTESIAN_POINT('',(-1.25,-4.35286972145819,-0.354200523393455));
#13238=CARTESIAN_POINT('',(-1.25,-4.38086621883055,-0.346856212336929));
#13239=CARTESIAN_POINT('',(-1.25,-4.41030191179239,-0.338500708555533));
#13240=CARTESIAN_POINT('',(-1.25,-4.44114413736428,-0.32907941505985));
#13241=CARTESIAN_POINT('',(-1.25,-4.47337218394044,-0.318510730947827));
#13242=CARTESIAN_POINT('',(-1.25,-4.50541482087194,-0.307342744455395));
#13243=CARTESIAN_POINT('',(-1.25,-4.5269227074544,-0.299267226152994));
#13244=CARTESIAN_POINT('',(-1.25,-4.53705738699344,-0.295445502429883));
#13245=CARTESIAN_POINT('',(-1.25,-4.23781293727442,-0.377503722773196));
#13246=CARTESIAN_POINT('',(1.25,-4.23781293727442,-0.377503722773196));
#13247=CARTESIAN_POINT('',(1.25,-4.23781293727445,-0.377503722773192));
#13248=CARTESIAN_POINT('',(1.25,-4.19928343742584,-0.382487110812806));
#13249=CARTESIAN_POINT('',(1.25,-4.20485578620938,-0.381890137036826));
#13250=CARTESIAN_POINT('',(1.25,-4.21658589331724,-0.380515692625769));
#13251=CARTESIAN_POINT('',(1.25,-4.23537959635445,-0.37793322601928));
#13252=CARTESIAN_POINT('',(1.25,-4.25580097366582,-0.374709757255184));
#13253=CARTESIAN_POINT('',(1.25,-4.27778204226964,-0.370788034738826));
#13254=CARTESIAN_POINT('',(1.25,-4.30130239063786,-0.366104495888169));
#13255=CARTESIAN_POINT('',(1.25,-4.32633967780395,-0.360596159225752));
#13256=CARTESIAN_POINT('',(1.25,-4.35286972145819,-0.354200523393455));
#13257=CARTESIAN_POINT('',(1.25,-4.38086621883055,-0.346856212336929));
#13258=CARTESIAN_POINT('',(1.25,-4.41030191179239,-0.338500708555533));
#13259=CARTESIAN_POINT('',(1.25,-4.44114413736428,-0.32907941505985));
#13260=CARTESIAN_POINT('',(1.25,-4.47337218394044,-0.318510730947827));
#13261=CARTESIAN_POINT('',(1.25,-4.50541482087194,-0.307342744455395));
#13262=CARTESIAN_POINT('',(1.25,-4.5269227074544,-0.299267226152994));
#13263=CARTESIAN_POINT('',(1.25,-4.53705738699344,-0.295445502429883));
#13264=CARTESIAN_POINT('',(-1.35,-2.47460242371864E-12,-2.60609028105586E-13));
#13265=CARTESIAN_POINT('',(-1.25,-2.47460242371864E-12,-2.60609028105586E-13));
#13266=CARTESIAN_POINT('',(-1.25,-4.19154693980755,-0.459578099094979));
#13267=CARTESIAN_POINT('',(-1.25,-4.19550324218153,-0.421936396417838));
#13268=CARTESIAN_POINT('',(-1.35,-4.19154693980755,-0.459578099094979));
#13269=CARTESIAN_POINT('',(1.25,-4.19154693980755,-0.459578099094979));
#13270=CARTESIAN_POINT('',(1.25,-2.47460242371864E-12,-2.60609028105586E-13));
#13271=CARTESIAN_POINT('',(1.25,-4.19550324218153,-0.421936396417838));
#13272=CARTESIAN_POINT('',(-1.35,-4.19550324218153,-0.421936396417838));
#13273=CARTESIAN_POINT('',(-1.25,-4.22369399889516,-0.511836494202222));
#13274=CARTESIAN_POINT('',(1.25,-4.22369399889516,-0.511836494202222));
#13275=CARTESIAN_POINT('',(-1.25,-4.30414715439473,-0.541991731242525));
#13276=CARTESIAN_POINT('',(1.25,-4.30414715439473,-0.541991731242525));
#13277=CARTESIAN_POINT('',(-1.25,-4.40037278527357,-0.590877924023964));
#13278=CARTESIAN_POINT('',(1.25,-4.40037278527357,-0.590877924023964));
#13279=CARTESIAN_POINT('',(-1.25,-4.49933837143392,-0.654317963317629));
#13280=CARTESIAN_POINT('',(1.25,-4.49933837143392,-0.654317963317629));
#13281=CARTESIAN_POINT('',(-1.35,-4.22369399424544,-0.511836492459421));
#13282=CARTESIAN_POINT('',(-1.25,-4.22369399424544,-0.511836492459421));
#13283=CARTESIAN_POINT('',(1.25,-4.22369399424546,-0.511836492459431));
#13284=CARTESIAN_POINT('',(-1.25,-4.18704256104439,-0.498951269945071));
#13285=CARTESIAN_POINT('',(-1.25,-4.19236902281032,-0.500693754869157));
#13286=CARTESIAN_POINT('',(-1.25,-4.20355703587278,-0.504476990774444));
#13287=CARTESIAN_POINT('',(-1.25,-4.2214031264089,-0.51091045486475));
#13288=CARTESIAN_POINT('',(-1.25,-4.24070805078865,-0.518309326188025));
#13289=CARTESIAN_POINT('',(-1.25,-4.26139340834576,-0.526715470797545));
#13290=CARTESIAN_POINT('',(-1.25,-4.2834260181891,-0.536186818485118));
#13291=CARTESIAN_POINT('',(-1.25,-4.30677093297042,-0.546780329483688));
#13292=CARTESIAN_POINT('',(-1.25,-4.33139150405843,-0.558552111561837));
#13293=CARTESIAN_POINT('',(-1.25,-4.3572492426625,-0.571556730906483));
#13294=CARTESIAN_POINT('',(-1.25,-4.38430448819023,-0.585849671577265));
#13295=CARTESIAN_POINT('',(-1.25,-4.41251394007429,-0.601477546473114));
#13296=CARTESIAN_POINT('',(-1.25,-4.44184037352565,-0.618515867135605));
#13297=CARTESIAN_POINT('',(-1.25,-4.4708608470067,-0.636101845150892));
#13298=CARTESIAN_POINT('',(-1.25,-4.49021973999972,-0.648472635068344));
#13299=CARTESIAN_POINT('',(-1.25,-4.49933837143392,-0.654317963317629));
#13300=CARTESIAN_POINT('',(1.25,-4.18704256104439,-0.498951269945071));
#13301=CARTESIAN_POINT('',(1.25,-4.19236902281032,-0.500693754869157));
#13302=CARTESIAN_POINT('',(1.25,-4.20355703587278,-0.504476990774444));
#13303=CARTESIAN_POINT('',(1.25,-4.2214031264089,-0.51091045486475));
#13304=CARTESIAN_POINT('',(1.25,-4.24070805078865,-0.518309326188025));
#13305=CARTESIAN_POINT('',(1.25,-4.26139340834576,-0.526715470797545));
#13306=CARTESIAN_POINT('',(1.25,-4.2834260181891,-0.536186818485118));
#13307=CARTESIAN_POINT('',(1.25,-4.30677093297042,-0.546780329483688));
#13308=CARTESIAN_POINT('',(1.25,-4.33139150405843,-0.558552111561837));
#13309=CARTESIAN_POINT('',(1.25,-4.3572492426625,-0.571556730906483));
#13310=CARTESIAN_POINT('',(1.25,-4.38430448819023,-0.585849671577265));
#13311=CARTESIAN_POINT('',(1.25,-4.41251394007429,-0.601477546473114));
#13312=CARTESIAN_POINT('',(1.25,-4.44184037352565,-0.618515867135605));
#13313=CARTESIAN_POINT('',(1.25,-4.4708608470067,-0.636101845150892));
#13314=CARTESIAN_POINT('',(1.25,-4.49021973999972,-0.648472635068344));
#13315=CARTESIAN_POINT('',(1.25,-4.49933837143392,-0.654317963317629));
#13316=CARTESIAN_POINT('',(-0.05,-4.24123916965268,-0.465026555442951));
#13317=CARTESIAN_POINT('',(-1.25,-4.24123916965268,-0.465026555442951));
#13318=CARTESIAN_POINT('',(1.25,-4.24123916965268,-0.465026555442951));
#13319=CARTESIAN_POINT('',(-0.05,-4.2452423753513,-0.426938597440972));
#13320=CARTESIAN_POINT('',(-1.25,-4.2452423753513,-0.426938597440972));
#13321=CARTESIAN_POINT('',(1.25,-4.2452423753513,-0.426938597440972));
#13322=CARTESIAN_POINT('',(-1.25,-4.17513787553579,-0.818407791609397));
#13323=CARTESIAN_POINT('',(1.25,-4.17513787553579,-0.818407791609397));
#13324=CARTESIAN_POINT('',(-1.25,-4.26097185404498,-0.814589849222243));
#13325=CARTESIAN_POINT('',(1.25,-4.26097185404498,-0.814589849222243));
#13326=CARTESIAN_POINT('',(-1.25,-4.36759453168668,-0.7978316722566));
#13327=CARTESIAN_POINT('',(1.25,-4.36759453168668,-0.7978316722566));
#13328=CARTESIAN_POINT('',(-1.25,-4.48132044755901,-0.768078657474178));
#13329=CARTESIAN_POINT('',(1.25,-4.48132044755901,-0.768078657474178));
#13330=CARTESIAN_POINT('',(-1.25,-4.13629853346441,-0.819336450938919));
#13331=CARTESIAN_POINT('',(-1.25,-4.14190275708967,-0.819325216502881));
#13332=CARTESIAN_POINT('',(-1.25,-4.15371227400559,-0.819184431512067));
#13333=CARTESIAN_POINT('',(-1.25,-4.17267296443696,-0.818580588825444));
#13334=CARTESIAN_POINT('',(-1.25,-4.193319415543,-0.817509393748681));
#13335=CARTESIAN_POINT('',(-1.25,-4.21559000118109,-0.815906802160744));
#13336=CARTESIAN_POINT('',(-1.25,-4.23947106573868,-0.813707466096406));
#13337=CARTESIAN_POINT('',(-1.25,-4.26494697399246,-0.810846413830436));
#13338=CARTESIAN_POINT('',(-1.25,-4.29200020927685,-0.807258958654016));
#13339=CARTESIAN_POINT('',(-1.25,-4.32061102845578,-0.802881311349115));
#13340=CARTESIAN_POINT('',(-1.25,-4.35075885758176,-0.797648447642204));
#13341=CARTESIAN_POINT('',(-1.25,-4.382416919546,-0.79150265542084));
#13342=CARTESIAN_POINT('',(-1.25,-4.41557314581993,-0.784360615848927));
#13343=CARTESIAN_POINT('',(-1.25,-4.44860762229948,-0.776603176352518));
#13344=CARTESIAN_POINT('',(-1.25,-4.47084180794708,-0.770820082916934));
#13345=CARTESIAN_POINT('',(-1.25,-4.48132044755901,-0.768078657474178));
#13346=CARTESIAN_POINT('',(-1.25,-4.17513787057505,-0.818407791830053));
#13347=CARTESIAN_POINT('',(1.25,-4.17513787057505,-0.818407791830053));
#13348=CARTESIAN_POINT('',(1.25,-4.17513787057507,-0.818407791830052));
#13349=CARTESIAN_POINT('',(1.25,-4.13629853346441,-0.819336450938919));
#13350=CARTESIAN_POINT('',(1.25,-4.14190275708967,-0.819325216502881));
#13351=CARTESIAN_POINT('',(1.25,-4.15371227400559,-0.819184431512067));
#13352=CARTESIAN_POINT('',(1.25,-4.17267296443696,-0.818580588825444));
#13353=CARTESIAN_POINT('',(1.25,-4.193319415543,-0.817509393748681));
#13354=CARTESIAN_POINT('',(1.25,-4.21559000118109,-0.815906802160744));
#13355=CARTESIAN_POINT('',(1.25,-4.23947106573868,-0.813707466096406));
#13356=CARTESIAN_POINT('',(1.25,-4.26494697399246,-0.810846413830436));
#13357=CARTESIAN_POINT('',(1.25,-4.29200020927685,-0.807258958654016));
#13358=CARTESIAN_POINT('',(1.25,-4.32061102845578,-0.802881311349115));
#13359=CARTESIAN_POINT('',(1.25,-4.35075885758176,-0.797648447642204));
#13360=CARTESIAN_POINT('',(1.25,-4.382416919546,-0.79150265542084));
#13361=CARTESIAN_POINT('',(1.25,-4.41557314581993,-0.784360615848927));
#13362=CARTESIAN_POINT('',(1.25,-4.44860762229948,-0.776603176352518));
#13363=CARTESIAN_POINT('',(1.25,-4.47084180794708,-0.770820082916934));
#13364=CARTESIAN_POINT('',(1.25,-4.48132044755901,-0.768078657474178));
#13365=CARTESIAN_POINT('',(-1.35,-2.43380523149803E-12,-5.17847773131369E-13));
#13366=CARTESIAN_POINT('',(-1.25,-2.43380523149803E-12,-5.17847773131369E-13));
#13367=CARTESIAN_POINT('',(-1.25,-4.12054621465262,-0.895196442514004));
#13368=CARTESIAN_POINT('',(-1.25,-4.12841547332386,-0.858174491230019));
#13369=CARTESIAN_POINT('',(-1.35,-4.12054621465262,-0.895196442514004));
#13370=CARTESIAN_POINT('',(1.25,-4.12054621465262,-0.895196442514004));
#13371=CARTESIAN_POINT('',(1.25,-2.43380523149803E-12,-5.17847773131369E-13));
#13372=CARTESIAN_POINT('',(1.25,-4.12841547332386,-0.858174491230018));
#13373=CARTESIAN_POINT('',(-1.35,-4.12841547332386,-0.858174491230019));
#13374=CARTESIAN_POINT('',(-1.25,-4.14705467905356,-0.950528843349967));
#13375=CARTESIAN_POINT('',(1.25,-4.14705467905356,-0.950528843349967));
#13376=CARTESIAN_POINT('',(-1.25,-4.22391502316203,-0.98892853155597));
#13377=CARTESIAN_POINT('',(1.25,-4.22391502316203,-0.98892853155597));
#13378=CARTESIAN_POINT('',(-1.25,-4.31450352136021,-1.04760523798103));
#13379=CARTESIAN_POINT('',(1.25,-4.31450352136021,-1.04760523798103));
#13380=CARTESIAN_POINT('',(-1.25,-4.40629567386765,-1.12104246673933));
#13381=CARTESIAN_POINT('',(1.25,-4.40629567386765,-1.12104246673933));
#13382=CARTESIAN_POINT('',(-1.35,-4.14705467461147,-0.950528841130684));
#13383=CARTESIAN_POINT('',(-1.25,-4.14705467461147,-0.950528841130684));
#13384=CARTESIAN_POINT('',(1.25,-4.1470546746115,-0.950528841130696));
#13385=CARTESIAN_POINT('',(-1.25,-4.11195089430469,-0.933883087224408));
#13386=CARTESIAN_POINT('',(-1.25,-4.11706603788437,-0.936172793496807));
#13387=CARTESIAN_POINT('',(-1.25,-4.1277973060053,-0.941104770252396));
#13388=CARTESIAN_POINT('',(-1.25,-4.14487315367534,-0.949368415572347));
#13389=CARTESIAN_POINT('',(-1.25,-4.1632989310101,-0.95874466918327));
#13390=CARTESIAN_POINT('',(-1.25,-4.18299229063612,-0.969266972690656));
#13391=CARTESIAN_POINT('',(-1.25,-4.20391417811858,-0.980989470193292));
#13392=CARTESIAN_POINT('',(-1.25,-4.22602388358882,-0.993965156897401));
#13393=CARTESIAN_POINT('',(-1.25,-4.24927909432176,-1.00824600238222));
#13394=CARTESIAN_POINT('',(-1.25,-4.27363582865274,-1.02388225074127));
#13395=CARTESIAN_POINT('',(-1.25,-4.29904884359074,-1.0409249364259));
#13396=CARTESIAN_POINT('',(-1.25,-4.32547020339878,-1.05941589084296));
#13397=CARTESIAN_POINT('',(-1.25,-4.3528549941037,-1.07942632082391));
#13398=CARTESIAN_POINT('',(-1.25,-4.37987825513757,-1.09994942650785));
#13399=CARTESIAN_POINT('',(-1.25,-4.39783799842974,-1.11427600327888));
#13400=CARTESIAN_POINT('',(-1.25,-4.40629567386765,-1.12104246673933));
#13401=CARTESIAN_POINT('',(1.25,-4.11195089430469,-0.933883087224408));
#13402=CARTESIAN_POINT('',(1.25,-4.11706603788437,-0.936172793496807));
#13403=CARTESIAN_POINT('',(1.25,-4.1277973060053,-0.941104770252396));
#13404=CARTESIAN_POINT('',(1.25,-4.14487315367534,-0.949368415572347));
#13405=CARTESIAN_POINT('',(1.25,-4.1632989310101,-0.95874466918327));
#13406=CARTESIAN_POINT('',(1.25,-4.18299229063612,-0.969266972690656));
#13407=CARTESIAN_POINT('',(1.25,-4.20391417811858,-0.980989470193292));
#13408=CARTESIAN_POINT('',(1.25,-4.22602388358882,-0.993965156897401));
#13409=CARTESIAN_POINT('',(1.25,-4.24927909432176,-1.00824600238222));
#13410=CARTESIAN_POINT('',(1.25,-4.27363582865274,-1.02388225074127));
#13411=CARTESIAN_POINT('',(1.25,-4.29904884359074,-1.0409249364259));
#13412=CARTESIAN_POINT('',(1.25,-4.32547020339878,-1.05941589084296));
#13413=CARTESIAN_POINT('',(1.25,-4.3528549941037,-1.07942632082391));
#13414=CARTESIAN_POINT('',(1.25,-4.37987825513757,-1.09994942650785));
#13415=CARTESIAN_POINT('',(1.25,-4.39783799842974,-1.11427600327888));
#13416=CARTESIAN_POINT('',(1.25,-4.40629567386765,-1.12104246673933));
#13417=CARTESIAN_POINT('',(-0.05,-4.16939670649404,-0.905809304070075));
#13418=CARTESIAN_POINT('',(-1.25,-4.16939670649404,-0.905809304070075));
#13419=CARTESIAN_POINT('',(1.25,-4.16939670649404,-0.905809304070075));
#13420=CARTESIAN_POINT('',(-0.05,-4.17735925793194,-0.868348444827061));
#13421=CARTESIAN_POINT('',(-1.25,-4.17735925793194,-0.868348444827061));
#13422=CARTESIAN_POINT('',(1.25,-4.17735925793194,-0.868348444827061));
#13423=CARTESIAN_POINT('',(-1.25,-4.06671912461851,-1.25034521415587));
#13424=CARTESIAN_POINT('',(1.25,-4.06671912461851,-1.25034521415587));
#13425=CARTESIAN_POINT('',(-1.25,-4.15248197926307,-1.25552028072631));
#13426=CARTESIAN_POINT('',(1.25,-4.15248197926307,-1.25552028072631));
#13427=CARTESIAN_POINT('',(-1.25,-4.26027227320586,-1.24999901145088));
#13428=CARTESIAN_POINT('',(1.25,-4.26027227320586,-1.24999901145088));
#13429=CARTESIAN_POINT('',(-1.25,-4.37648522352453,-1.23229658201639));
#13430=CARTESIAN_POINT('',(1.25,-4.37648522352453,-1.23229658201639));
#13431=CARTESIAN_POINT('',(-1.25,-4.02799547719421,-1.24720896945137));
#13432=CARTESIAN_POINT('',(-1.25,-4.03357017461441,-1.24778359744211));
#13433=CARTESIAN_POINT('',(-1.25,-4.04532971379976,-1.24887801434136));
#13434=CARTESIAN_POINT('',(-1.25,-4.06424965433315,-1.25025941140144));
#13435=CARTESIAN_POINT('',(-1.25,-4.08489497239498,-1.25135222624943));
#13436=CARTESIAN_POINT('',(-1.25,-4.10721107387067,-1.25208632391871));
#13437=CARTESIAN_POINT('',(-1.25,-4.13119120867691,-1.25239528702686));
#13438=CARTESIAN_POINT('',(-1.25,-4.15682661863638,-1.25221286544467));
#13439=CARTESIAN_POINT('',(-1.25,-4.18410664464389,-1.25147289583377));
#13440=CARTESIAN_POINT('',(-1.25,-4.21301831950727,-1.25010987470045));
#13441=CARTESIAN_POINT('',(-1.25,-4.24354797887264,-1.24805698341784));
#13442=CARTESIAN_POINT('',(-1.25,-4.27567502487747,-1.24525402705646));
#13443=CARTESIAN_POINT('',(-1.25,-4.30939616429573,-1.24161688170478));
#13444=CARTESIAN_POINT('',(-1.25,-4.34306054768612,-1.23735498133486));
#13445=CARTESIAN_POINT('',(-1.25,-4.3657774300081,-1.23392767354796));
#13446=CARTESIAN_POINT('',(-1.25,-4.37648522352453,-1.23229658201639));
#13447=CARTESIAN_POINT('',(-1.25,-4.06671911966188,-1.25034521385678));
#13448=CARTESIAN_POINT('',(1.25,-4.06671911966188,-1.25034521385678));
#13449=CARTESIAN_POINT('',(1.25,-4.06671911966191,-1.25034521385678));
#13450=CARTESIAN_POINT('',(1.25,-4.02799547719421,-1.24720896945137));
#13451=CARTESIAN_POINT('',(1.25,-4.03357017461441,-1.24778359744211));
#13452=CARTESIAN_POINT('',(1.25,-4.04532971379976,-1.24887801434136));
#13453=CARTESIAN_POINT('',(1.25,-4.06424965433315,-1.25025941140144));
#13454=CARTESIAN_POINT('',(1.25,-4.08489497239498,-1.25135222624943));
#13455=CARTESIAN_POINT('',(1.25,-4.10721107387067,-1.25208632391871));
#13456=CARTESIAN_POINT('',(1.25,-4.13119120867691,-1.25239528702686));
#13457=CARTESIAN_POINT('',(1.25,-4.15682661863638,-1.25221286544467));
#13458=CARTESIAN_POINT('',(1.25,-4.18410664464389,-1.25147289583377));
#13459=CARTESIAN_POINT('',(1.25,-4.21301831950727,-1.25010987470045));
#13460=CARTESIAN_POINT('',(1.25,-4.24354797887264,-1.24805698341784));
#13461=CARTESIAN_POINT('',(1.25,-4.27567502487747,-1.24525402705646));
#13462=CARTESIAN_POINT('',(1.25,-4.30939616429573,-1.24161688170478));
#13463=CARTESIAN_POINT('',(1.25,-4.34306054768612,-1.23735498133486));
#13464=CARTESIAN_POINT('',(1.25,-4.3657774300081,-1.23392767354796));
#13465=CARTESIAN_POINT('',(1.25,-4.37648522352453,-1.23229658201639));
#13466=CARTESIAN_POINT('',(-1.35,-2.36634275985463E-12,-7.69412869588114E-13));
#13467=CARTESIAN_POINT('',(-1.25,-2.36634275985463E-12,-7.69412869588114E-13));
#13468=CARTESIAN_POINT('',(-1.25,-4.00439992289023,-1.32100682637695));
#13469=CARTESIAN_POINT('',(-1.25,-4.01609592061398,-1.28501024673173));
#13470=CARTESIAN_POINT('',(-1.35,-4.00439992289023,-1.32100682637695));
#13471=CARTESIAN_POINT('',(1.25,-4.00439992289023,-1.32100682637695));
#13472=CARTESIAN_POINT('',(1.25,-2.36634275985463E-12,-7.69412869588114E-13));
#13473=CARTESIAN_POINT('',(1.25,-4.01609592061397,-1.28501024673173));
#13474=CARTESIAN_POINT('',(-1.35,-4.01609592061398,-1.28501024673173));
#13475=CARTESIAN_POINT('',(-1.25,-4.02497936032126,-1.37880699957902));
#13476=CARTESIAN_POINT('',(1.25,-4.02497936032126,-1.37880699957902));
#13477=CARTESIAN_POINT('',(-1.25,-4.09740479502456,-1.42503042393109));
#13478=CARTESIAN_POINT('',(1.25,-4.09740479502456,-1.42503042393109));
#13479=CARTESIAN_POINT('',(-1.25,-4.18136365399893,-1.49285476972527));
#13480=CARTESIAN_POINT('',(1.25,-4.18136365399893,-1.49285476972527));
#13481=CARTESIAN_POINT('',(-1.25,-4.26497667882184,-1.57548459430222));
#13482=CARTESIAN_POINT('',(1.25,-4.26497667882184,-1.57548459430222));
#13483=CARTESIAN_POINT('',(-1.35,-4.02497935613548,-1.37880699690757));
#13484=CARTESIAN_POINT('',(-1.25,-4.02497935613548,-1.37880699690757));
#13485=CARTESIAN_POINT('',(1.25,-4.02497935613551,-1.37880699690759));
#13486=CARTESIAN_POINT('',(-1.25,-3.99180783308595,-1.35858308597252));
#13487=CARTESIAN_POINT('',(-1.25,-3.9966556158959,-1.36139492709216));
#13488=CARTESIAN_POINT('',(-1.25,-4.0068125650561,-1.36742160892863));
#13489=CARTESIAN_POINT('',(-1.25,-4.02293108329965,-1.37742489725082));
#13490=CARTESIAN_POINT('',(-1.25,-4.04027583691709,-1.38867580495272));
#13491=CARTESIAN_POINT('',(-1.25,-4.05876143404286,-1.40119898279881));
#13492=CARTESIAN_POINT('',(-1.25,-4.07834337458699,-1.41504419598079));
#13493=CARTESIAN_POINT('',(-1.25,-4.09897563218627,-1.43025989405157));
#13494=CARTESIAN_POINT('',(-1.25,-4.12061069360888,-1.44689333901148));
#13495=CARTESIAN_POINT('',(-1.25,-4.14319956618847,-1.46498990237579));
#13496=CARTESIAN_POINT('',(-1.25,-4.16669192022707,-1.48459560984351));
#13497=CARTESIAN_POINT('',(-1.25,-4.191035710012,-1.50574705301571));
#13498=CARTESIAN_POINT('',(-1.25,-4.21617882447289,-1.52851035385679));
#13499=CARTESIAN_POINT('',(-1.25,-4.2409088005567,-1.55174573176877));
#13500=CARTESIAN_POINT('',(-1.25,-4.25727262344219,-1.56787113042025));
#13501=CARTESIAN_POINT('',(-1.25,-4.26497667882184,-1.57548459430222));
#13502=CARTESIAN_POINT('',(1.25,-3.99180783308595,-1.35858308597252));
#13503=CARTESIAN_POINT('',(1.25,-3.9966556158959,-1.36139492709216));
#13504=CARTESIAN_POINT('',(1.25,-4.0068125650561,-1.36742160892863));
#13505=CARTESIAN_POINT('',(1.25,-4.02293108329965,-1.37742489725082));
#13506=CARTESIAN_POINT('',(1.25,-4.04027583691709,-1.38867580495272));
#13507=CARTESIAN_POINT('',(1.25,-4.05876143404286,-1.40119898279881));
#13508=CARTESIAN_POINT('',(1.25,-4.07834337458699,-1.41504419598079));
#13509=CARTESIAN_POINT('',(1.25,-4.09897563218627,-1.43025989405157));
#13510=CARTESIAN_POINT('',(1.25,-4.12061069360888,-1.44689333901148));
#13511=CARTESIAN_POINT('',(1.25,-4.14319956618847,-1.46498990237579));
#13512=CARTESIAN_POINT('',(1.25,-4.16669192022707,-1.48459560984351));
#13513=CARTESIAN_POINT('',(1.25,-4.191035710012,-1.50574705301571));
#13514=CARTESIAN_POINT('',(1.25,-4.21617882447289,-1.52851035385679));
#13515=CARTESIAN_POINT('',(1.25,-4.2409088005567,-1.55174573176877));
#13516=CARTESIAN_POINT('',(1.25,-4.25727262344219,-1.56787113042025));
#13517=CARTESIAN_POINT('',(1.25,-4.26497667882184,-1.57548459430222));
#13518=CARTESIAN_POINT('',(-0.05,-4.05187346051671,-1.33666781640903));
#13519=CARTESIAN_POINT('',(-1.25,-4.05187346051671,-1.33666781640903));
#13520=CARTESIAN_POINT('',(1.25,-4.05187346051671,-1.33666781640903));
#13521=CARTESIAN_POINT('',(-0.05,-4.06370811831404,-1.30024448493803));
#13522=CARTESIAN_POINT('',(-1.25,-4.06370811831404,-1.30024448493803));
#13523=CARTESIAN_POINT('',(1.25,-4.06370811831404,-1.30024448493803));
#13524=CARTESIAN_POINT('',(-1.25,-3.91374454795623,-1.6685835928845));
#13525=CARTESIAN_POINT('',(1.25,-3.91374454795623,-1.6685835928845));
#13526=CARTESIAN_POINT('',(-1.25,-3.99849664295362,-1.68269496930023));
#13527=CARTESIAN_POINT('',(1.25,-3.99849664295362,-1.68269496930023));
#13528=CARTESIAN_POINT('',(-1.25,-4.10627358018057,-1.68847109989663));
#13529=CARTESIAN_POINT('',(1.25,-4.10627358018057,-1.68847109989663));
#13530=CARTESIAN_POINT('',(-1.25,-4.2237003115427,-1.6830132073314));
#13531=CARTESIAN_POINT('',(1.25,-4.2237003115427,-1.6830132073314));
#13532=CARTESIAN_POINT('',(-1.25,-3.87556085956363,-1.66141680549926));
#13533=CARTESIAN_POINT('',(-1.25,-3.88104495322726,-1.66257100017225));
#13534=CARTESIAN_POINT('',(-1.25,-3.89262567470987,-1.664888628301));
#13535=CARTESIAN_POINT('',(-1.25,-3.91129757451753,-1.66824013023251));
#13536=CARTESIAN_POINT('',(-1.25,-3.93171556511017,-1.67148498189711));
#13537=CARTESIAN_POINT('',(-1.25,-3.95383268254575,-1.67454772589593));
#13538=CARTESIAN_POINT('',(-1.25,-3.97764915622554,-1.67736160311208));
#13539=CARTESIAN_POINT('',(-1.25,-4.00316320097463,-1.67985981086271));
#13540=CARTESIAN_POINT('',(-1.25,-4.0303711320316,-1.68197543407923));
#13541=CARTESIAN_POINT('',(-1.25,-4.05926690021947,-1.68364197266225));
#13542=CARTESIAN_POINT('',(-1.25,-4.0898439004875,-1.68479154571043));
#13543=CARTESIAN_POINT('',(-1.25,-4.12208793989386,-1.6853621349855));
#13544=CARTESIAN_POINT('',(-1.25,-4.15600453659637,-1.68526973317963));
#13545=CARTESIAN_POINT('',(-1.25,-4.18992999286847,-1.68455006620852));
#13546=CARTESIAN_POINT('',(-1.25,-4.21288068094829,-1.68351609437164));
#13547=CARTESIAN_POINT('',(-1.25,-4.2237003115427,-1.6830132073314));
#13548=CARTESIAN_POINT('',(-1.25,-3.91374454305801,-1.66858359206894));
#13549=CARTESIAN_POINT('',(1.25,-3.91374454305801,-1.66858359206894));
#13550=CARTESIAN_POINT('',(1.25,-3.91374454305804,-1.66858359206894));
#13551=CARTESIAN_POINT('',(1.25,-3.87556085956363,-1.66141680549926));
#13552=CARTESIAN_POINT('',(1.25,-3.88104495322726,-1.66257100017225));
#13553=CARTESIAN_POINT('',(1.25,-3.89262567470987,-1.664888628301));
#13554=CARTESIAN_POINT('',(1.25,-3.91129757451753,-1.66824013023251));
#13555=CARTESIAN_POINT('',(1.25,-3.93171556511017,-1.67148498189711));
#13556=CARTESIAN_POINT('',(1.25,-3.95383268254575,-1.67454772589593));
#13557=CARTESIAN_POINT('',(1.25,-3.97764915622554,-1.67736160311208));
#13558=CARTESIAN_POINT('',(1.25,-4.00316320097463,-1.67985981086271));
#13559=CARTESIAN_POINT('',(1.25,-4.0303711320316,-1.68197543407923));
#13560=CARTESIAN_POINT('',(1.25,-4.05926690021947,-1.68364197266225));
#13561=CARTESIAN_POINT('',(1.25,-4.0898439004875,-1.68479154571043));
#13562=CARTESIAN_POINT('',(1.25,-4.12208793989386,-1.6853621349855));
#13563=CARTESIAN_POINT('',(1.25,-4.15600453659637,-1.68526973317963));
#13564=CARTESIAN_POINT('',(1.25,-4.18992999286847,-1.68455006620852));
#13565=CARTESIAN_POINT('',(1.25,-4.21288068094829,-1.68351609437164));
#13566=CARTESIAN_POINT('',(1.25,-4.2237003115427,-1.6830132073314));
#13567=CARTESIAN_POINT('',(-1.35,-2.27295414174522E-12,-1.01254811763566E-12));
#13568=CARTESIAN_POINT('',(-1.25,-2.27295414174522E-12,-1.01254811763566E-12));
#13569=CARTESIAN_POINT('',(-1.25,-3.8443805875981,-1.73234398301165));
#13570=CARTESIAN_POINT('',(-1.25,-3.85977518057575,-1.69776716106457));
#13571=CARTESIAN_POINT('',(-1.35,-3.8443805875981,-1.73234398301165));
#13572=CARTESIAN_POINT('',(1.25,-3.8443805875981,-1.73234398301165));
#13573=CARTESIAN_POINT('',(1.25,-2.27295414174522E-12,-1.01254811763566E-12));
#13574=CARTESIAN_POINT('',(1.25,-3.85977518057575,-1.69776716106456));
#13575=CARTESIAN_POINT('',(-1.35,-3.85977518057575,-1.69776716106457));
#13576=CARTESIAN_POINT('',(-1.25,-3.8588055254362,-1.79197865778678));
#13577=CARTESIAN_POINT('',(1.25,-3.8588055254362,-1.79197865778678));
#13578=CARTESIAN_POINT('',(-1.25,-3.92600254251571,-1.84551938477484));
#13579=CARTESIAN_POINT('',(1.25,-3.92600254251571,-1.84551938477484));
#13580=CARTESIAN_POINT('',(-1.25,-4.00241189143785,-1.92174827221251));
#13581=CARTESIAN_POINT('',(1.25,-4.00241189143785,-1.92174827221251));
#13582=CARTESIAN_POINT('',(-1.25,-4.07692970677911,-2.01266538295859));
#13583=CARTESIAN_POINT('',(1.25,-4.07692970677911,-2.01266538295859));
#13584=CARTESIAN_POINT('',(-1.35,-3.8588055215526,-1.79197865469243));
#13585=CARTESIAN_POINT('',(-1.25,-3.8588055215526,-1.79197865469243));
#13586=CARTESIAN_POINT('',(1.25,-3.85880552155262,-1.79197865469244));
#13587=CARTESIAN_POINT('',(-1.25,-3.82792968990842,-1.76839816412892));
#13588=CARTESIAN_POINT('',(-1.25,-3.83245699862573,-1.77170133297608));
#13589=CARTESIAN_POINT('',(-1.25,-3.84192834716471,-1.77875669030607));
#13590=CARTESIAN_POINT('',(-1.25,-3.85691293812288,-1.79039002351032));
#13591=CARTESIAN_POINT('',(-1.25,-3.87298663527274,-1.80339231800402));
#13592=CARTESIAN_POINT('',(-1.25,-3.8900619378278,-1.81777916363169));
#13593=CARTESIAN_POINT('',(-1.25,-3.90808938759521,-1.83359540144008));
#13594=CARTESIAN_POINT('',(-1.25,-3.92701814599168,-1.85088440450538));
#13595=CARTESIAN_POINT('',(-1.25,-3.94679601984361,-1.86968820943662));
#13596=CARTESIAN_POINT('',(-1.25,-3.96736954225679,-1.89004681807105));
#13597=CARTESIAN_POINT('',(-1.25,-3.98868384824905,-1.91200074308807));
#13598=CARTESIAN_POINT('',(-1.25,-4.01068335235572,-1.93558093537779));
#13599=CARTESIAN_POINT('',(-1.25,-4.03330931734901,-1.96084770759146));
#13600=CARTESIAN_POINT('',(-1.25,-4.05547506168971,-1.98654078606877));
#13601=CARTESIAN_POINT('',(-1.25,-4.07006367870064,-2.00428833335861));
#13602=CARTESIAN_POINT('',(-1.25,-4.07692970677911,-2.01266538295858));
#13603=CARTESIAN_POINT('',(1.25,-3.82792968990842,-1.76839816412892));
#13604=CARTESIAN_POINT('',(1.25,-3.83245699862573,-1.77170133297608));
#13605=CARTESIAN_POINT('',(1.25,-3.84192834716471,-1.77875669030607));
#13606=CARTESIAN_POINT('',(1.25,-3.85691293812288,-1.79039002351032));
#13607=CARTESIAN_POINT('',(1.25,-3.87298663527274,-1.80339231800402));
#13608=CARTESIAN_POINT('',(1.25,-3.8900619378278,-1.81777916363169));
#13609=CARTESIAN_POINT('',(1.25,-3.90808938759521,-1.83359540144008));
#13610=CARTESIAN_POINT('',(1.25,-3.92701814599168,-1.85088440450538));
#13611=CARTESIAN_POINT('',(1.25,-3.94679601984361,-1.86968820943662));
#13612=CARTESIAN_POINT('',(1.25,-3.96736954225679,-1.89004681807105));
#13613=CARTESIAN_POINT('',(1.25,-3.98868384824905,-1.91200074308807));
#13614=CARTESIAN_POINT('',(1.25,-4.01068335235572,-1.93558093537779));
#13615=CARTESIAN_POINT('',(1.25,-4.03330931734901,-1.96084770759146));
#13616=CARTESIAN_POINT('',(1.25,-4.05547506168971,-1.98654078606877));
#13617=CARTESIAN_POINT('',(1.25,-4.07006367870064,-2.00428833335861));
#13618=CARTESIAN_POINT('',(1.25,-4.07692970677911,-2.01266538295858));
#13619=CARTESIAN_POINT('',(-0.05,-3.88995704099691,-1.75288151643568));
#13620=CARTESIAN_POINT('',(-1.25,-3.88995704099691,-1.75288151643568));
#13621=CARTESIAN_POINT('',(1.25,-3.88995704099691,-1.75288151643568));
#13622=CARTESIAN_POINT('',(-0.05,-3.90553414216631,-1.71789477437837));
#13623=CARTESIAN_POINT('',(-1.25,-3.90553414216631,-1.71789477437837));
#13624=CARTESIAN_POINT('',(1.25,-3.90553414216631,-1.71789477437837));
#13625=CARTESIAN_POINT('',(-1.25,-3.71789016702284,-2.06854062059592));
#13626=CARTESIAN_POINT('',(1.25,-3.71789016702284,-2.06854062059592));
#13627=CARTESIAN_POINT('',(-1.25,-3.80070294068475,-2.09143369966394));
#13628=CARTESIAN_POINT('',(1.25,-3.80070294068475,-2.09143369966394));
#13629=CARTESIAN_POINT('',(-1.25,-3.9072856945178,-2.10844394563655));
#13630=CARTESIAN_POINT('',(1.25,-3.9072856945178,-2.10844394563655));
#13631=CARTESIAN_POINT('',(-1.25,-4.02463965508149,-2.11529038775373));
#13632=CARTESIAN_POINT('',(1.25,-4.02463965508149,-2.11529038775373));
#13633=CARTESIAN_POINT('',(-1.25,-3.68066478614243,-2.05742181135228));
#13634=CARTESIAN_POINT('',(-1.25,-3.68599819117167,-2.05914292710916));
#13635=CARTESIAN_POINT('',(-1.25,-3.69727321414357,-2.06265837404862));
#13636=CARTESIAN_POINT('',(-1.25,-3.71549249998387,-2.06794326109507));
#13637=CARTESIAN_POINT('',(-1.25,-3.73545945932965,-2.07330459830239));
#13638=CARTESIAN_POINT('',(-1.25,-3.75713527295818,-2.07866243256658));
#13639=CARTESIAN_POINT('',(-1.25,-3.78052714724196,-2.08395039446313));
#13640=CARTESIAN_POINT('',(-1.25,-3.80564028956724,-2.08910186065967));
#13641=CARTESIAN_POINT('',(-1.25,-3.83247802988739,-2.09404989749292));
#13642=CARTESIAN_POINT('',(-1.25,-3.86104130331666,-2.09872773684683));
#13643=CARTESIAN_POINT('',(-1.25,-3.89133063647375,-2.10306717926293));
#13644=CARTESIAN_POINT('',(-1.25,-3.92333839683842,-2.10700506267892));
#13645=CARTESIAN_POINT('',(-1.25,-3.95707885349422,-2.1104584167924));
#13646=CARTESIAN_POINT('',(-1.25,-3.99089368824972,-2.11328886804204));
#13647=CARTESIAN_POINT('',(-1.25,-4.01382672954604,-2.11465956056698));
#13648=CARTESIAN_POINT('',(-1.25,-4.02463965508149,-2.11529038775373));
#13649=CARTESIAN_POINT('',(-1.25,-3.71789016223671,-2.06854061927282));
#13650=CARTESIAN_POINT('',(1.25,-3.71789016223671,-2.06854061927282));
#13651=CARTESIAN_POINT('',(1.25,-3.71789016223674,-2.06854061927283));
#13652=CARTESIAN_POINT('',(1.25,-3.68066478614243,-2.05742181135228));
#13653=CARTESIAN_POINT('',(1.25,-3.68599819117167,-2.05914292710916));
#13654=CARTESIAN_POINT('',(1.25,-3.69727321414357,-2.06265837404862));
#13655=CARTESIAN_POINT('',(1.25,-3.71549249998387,-2.06794326109507));
#13656=CARTESIAN_POINT('',(1.25,-3.73545945932965,-2.07330459830239));
#13657=CARTESIAN_POINT('',(1.25,-3.75713527295818,-2.07866243256658));
#13658=CARTESIAN_POINT('',(1.25,-3.78052714724196,-2.08395039446313));
#13659=CARTESIAN_POINT('',(1.25,-3.80564028956724,-2.08910186065967));
#13660=CARTESIAN_POINT('',(1.25,-3.83247802988739,-2.09404989749292));
#13661=CARTESIAN_POINT('',(1.25,-3.86104130331666,-2.09872773684683));
#13662=CARTESIAN_POINT('',(1.25,-3.89133063647375,-2.10306717926293));
#13663=CARTESIAN_POINT('',(1.25,-3.92333839683842,-2.10700506267892));
#13664=CARTESIAN_POINT('',(1.25,-3.95707885349422,-2.1104584167924));
#13665=CARTESIAN_POINT('',(1.25,-3.99089368824972,-2.11328886804204));
#13666=CARTESIAN_POINT('',(1.25,-4.01382672954604,-2.11465956056698));
#13667=CARTESIAN_POINT('',(1.25,-4.02463965508149,-2.11529038775373));
#13668=CARTESIAN_POINT('',(-1.35,-2.15466256241261E-12,-1.24458967661707E-12));
#13669=CARTESIAN_POINT('',(-1.25,-2.15466256241261E-12,-1.24458967661707E-12));
#13670=CARTESIAN_POINT('',(-1.25,-3.64224141409988,-2.1247012164522));
#13671=CARTESIAN_POINT('',(-1.25,-3.66116593594925,-2.09192298310015));
#13672=CARTESIAN_POINT('',(-1.35,-3.64224141409988,-2.1247012164522));
#13673=CARTESIAN_POINT('',(1.25,-3.64224141409988,-2.1247012164522));
#13674=CARTESIAN_POINT('',(1.25,-2.15466256241261E-12,-1.24458967661707E-12));
#13675=CARTESIAN_POINT('',(1.25,-3.66116593594925,-2.09192298310015));
#13676=CARTESIAN_POINT('',(-1.35,-3.66116593594925,-2.09192298310015));
#13677=CARTESIAN_POINT('',(-1.25,-3.65035380970749,-2.18551702282417));
#13678=CARTESIAN_POINT('',(1.25,-3.65035380970749,-2.18551702282417));
#13679=CARTESIAN_POINT('',(-1.25,-3.7115861845822,-2.24578844903923));
#13680=CARTESIAN_POINT('',(1.25,-3.7115861845822,-2.24578844903923));
#13681=CARTESIAN_POINT('',(-1.25,-3.77960886663564,-2.32958669847763));
#13682=CARTESIAN_POINT('',(1.25,-3.77960886663564,-2.32958669847763));
#13683=CARTESIAN_POINT('',(-1.25,-3.84421503971651,-2.42779498850195));
#13684=CARTESIAN_POINT('',(1.25,-3.84421503971651,-2.42779498850195));
#13685=CARTESIAN_POINT('',(-1.35,-3.65035380616861,-2.18551701934083));
#13686=CARTESIAN_POINT('',(-1.25,-3.65035380616861,-2.18551701934083));
#13687=CARTESIAN_POINT('',(1.25,-3.65035380616864,-2.18551701934085));
#13688=CARTESIAN_POINT('',(-1.25,-3.62211194800248,-2.15883830193802));
#13689=CARTESIAN_POINT('',(-1.25,-3.62626918048542,-2.16259660830357));
#13690=CARTESIAN_POINT('',(-1.25,-3.6349511583266,-2.17060334115576));
#13691=CARTESIAN_POINT('',(-1.25,-3.64863764768511,-2.18373926200905));
#13692=CARTESIAN_POINT('',(-1.25,-3.66326418157778,-2.19835048743517));
#13693=CARTESIAN_POINT('',(-1.25,-3.67874210897411,-2.21444337555308));
#13694=CARTESIAN_POINT('',(-1.25,-3.69501755545265,-2.23205735197669));
#13695=CARTESIAN_POINT('',(-1.25,-3.71203542720823,-2.25123023810096));
#13696=CARTESIAN_POINT('',(-1.25,-3.72973942296477,-2.27199838458176));
#13697=CARTESIAN_POINT('',(-1.25,-3.7480721873947,-2.29439598530979));
#13698=CARTESIAN_POINT('',(-1.25,-3.76697492134385,-2.31845759607948));
#13699=CARTESIAN_POINT('',(-1.25,-3.78638910860158,-2.34420818796552));
#13700=CARTESIAN_POINT('',(-1.25,-3.80625002932002,-2.37170160350798));
#13701=CARTESIAN_POINT('',(-1.25,-3.82560868938413,-2.39957088380621));
#13702=CARTESIAN_POINT('',(-1.25,-3.83826226457967,-2.41874613389239));
#13703=CARTESIAN_POINT('',(-1.25,-3.84421503971651,-2.42779498850195));
#13704=CARTESIAN_POINT('',(1.25,-3.62211194800248,-2.15883830193802));
#13705=CARTESIAN_POINT('',(1.25,-3.62626918048542,-2.16259660830357));
#13706=CARTESIAN_POINT('',(1.25,-3.6349511583266,-2.17060334115576));
#13707=CARTESIAN_POINT('',(1.25,-3.64863764768511,-2.18373926200905));
#13708=CARTESIAN_POINT('',(1.25,-3.66326418157778,-2.19835048743517));
#13709=CARTESIAN_POINT('',(1.25,-3.67874210897411,-2.21444337555308));
#13710=CARTESIAN_POINT('',(1.25,-3.69501755545265,-2.23205735197669));
#13711=CARTESIAN_POINT('',(1.25,-3.71203542720823,-2.25123023810096));
#13712=CARTESIAN_POINT('',(1.25,-3.72973942296477,-2.27199838458176));
#13713=CARTESIAN_POINT('',(1.25,-3.7480721873947,-2.29439598530979));
#13714=CARTESIAN_POINT('',(1.25,-3.76697492134385,-2.31845759607948));
#13715=CARTESIAN_POINT('',(1.25,-3.78638910860158,-2.34420818796552));
#13716=CARTESIAN_POINT('',(1.25,-3.80625002932002,-2.37170160350798));
#13717=CARTESIAN_POINT('',(1.25,-3.82560868938413,-2.39957088380621));
#13718=CARTESIAN_POINT('',(1.25,-3.83826226457967,-2.41874613389239));
#13719=CARTESIAN_POINT('',(1.25,-3.84421503971651,-2.42779498850195));
#13720=CARTESIAN_POINT('',(-0.05,-3.68542143811011,-2.14989027975421));
#13721=CARTESIAN_POINT('',(-1.25,-3.68542143811011,-2.14989027975421));
#13722=CARTESIAN_POINT('',(1.25,-3.68542143811011,-2.14989027975421));
#13723=CARTESIAN_POINT('',(-0.05,-3.70457031667144,-2.11672344917803));
#13724=CARTESIAN_POINT('',(-1.25,-3.70457031667144,-2.11672344917803));
#13725=CARTESIAN_POINT('',(1.25,-3.70457031667144,-2.11672344917803));
#13726=CARTESIAN_POINT('',(-1.25,-2.89670946489771,-3.11619028126854));
#13727=CARTESIAN_POINT('',(1.25,-2.89670946489771,-3.11619028126854));
#13728=CARTESIAN_POINT('',(-1.25,-2.96839474243575,-3.1635534477071));
#13729=CARTESIAN_POINT('',(1.25,-2.96839474243575,-3.1635534477071));
#13730=CARTESIAN_POINT('',(-1.25,-3.06450450990929,-3.21266703522488));
#13731=CARTESIAN_POINT('',(1.25,-3.06450450990929,-3.21266703522488));
#13732=CARTESIAN_POINT('',(-1.25,-3.17399909185126,-3.25544275678519));
#13733=CARTESIAN_POINT('',(1.25,-3.17399909185126,-3.25544275678519));
#13734=CARTESIAN_POINT('',(-1.25,-2.86474192485333,-3.0941123899698));
#13735=CARTESIAN_POINT('',(-1.25,-2.86928244044226,-3.0973973811176));
#13736=CARTESIAN_POINT('',(-1.25,-2.87891929166394,-3.10422494354736));
#13737=CARTESIAN_POINT('',(-1.25,-2.89461374227391,-3.1148812387608));
#13738=CARTESIAN_POINT('',(-1.25,-2.91194670476067,-3.12615030321171));
#13739=CARTESIAN_POINT('',(-1.25,-2.9309059667174,-3.13794410118002));
#13740=CARTESIAN_POINT('',(-1.25,-2.95151889109171,-3.15020173848362));
#13741=CARTESIAN_POINT('',(-1.25,-2.97381101814414,-3.16286146173899));
#13742=CARTESIAN_POINT('',(-1.25,-2.99780619848799,-3.17586064226167));
#13743=CARTESIAN_POINT('',(-1.25,-3.0235259539523,-3.189136068766));
#13744=CARTESIAN_POINT('',(-1.25,-3.05099186017291,-3.20262304244674));
#13745=CARTESIAN_POINT('',(-1.25,-3.08021617634232,-3.2162591340345));
#13746=CARTESIAN_POINT('',(-1.25,-3.11123811239893,-3.22996984347182));
#13747=CARTESIAN_POINT('',(-1.25,-3.14252327380271,-3.24311112117827));
#13748=CARTESIAN_POINT('',(-1.25,-3.16391032488177,-3.25150142672922));
#13749=CARTESIAN_POINT('',(-1.25,-3.17399909185126,-3.25544275678519));
#13750=CARTESIAN_POINT('',(-1.25,-2.89670946075469,-3.1161902785312));
#13751=CARTESIAN_POINT('',(1.25,-2.89670946075469,-3.1161902785312));
#13752=CARTESIAN_POINT('',(1.25,-2.89670946075471,-3.11619027853121));
#13753=CARTESIAN_POINT('',(1.25,-2.86474192485333,-3.0941123899698));
#13754=CARTESIAN_POINT('',(1.25,-2.86928244044226,-3.0973973811176));
#13755=CARTESIAN_POINT('',(1.25,-2.87891929166394,-3.10422494354736));
#13756=CARTESIAN_POINT('',(1.25,-2.89461374227391,-3.1148812387608));
#13757=CARTESIAN_POINT('',(1.25,-2.91194670476067,-3.12615030321171));
#13758=CARTESIAN_POINT('',(1.25,-2.9309059667174,-3.13794410118002));
#13759=CARTESIAN_POINT('',(1.25,-2.95151889109171,-3.15020173848362));
#13760=CARTESIAN_POINT('',(1.25,-2.97381101814414,-3.16286146173899));
#13761=CARTESIAN_POINT('',(1.25,-2.99780619848799,-3.17586064226167));
#13762=CARTESIAN_POINT('',(1.25,-3.0235259539523,-3.189136068766));
#13763=CARTESIAN_POINT('',(1.25,-3.05099186017291,-3.20262304244674));
#13764=CARTESIAN_POINT('',(1.25,-3.08021617634232,-3.2162591340345));
#13765=CARTESIAN_POINT('',(1.25,-3.11123811239893,-3.22996984347182));
#13766=CARTESIAN_POINT('',(1.25,-3.14252327380271,-3.24311112117827));
#13767=CARTESIAN_POINT('',(1.25,-3.16391032488177,-3.25150142672922));
#13768=CARTESIAN_POINT('',(1.25,-3.17399909185126,-3.25544275678519));
#13769=CARTESIAN_POINT('',(-1.35,-1.66460650930144E-12,-1.84950247098931E-12));
#13770=CARTESIAN_POINT('',(-1.25,-1.66460650930144E-12,-1.84950247098931E-12));
#13771=CARTESIAN_POINT('',(-1.25,-2.80740864694691,-3.14622543166021));
#13772=CARTESIAN_POINT('',(-1.25,-2.8355359679209,-3.12089947809997));
#13773=CARTESIAN_POINT('',(-1.35,-2.80740864694691,-3.14622543166021));
#13774=CARTESIAN_POINT('',(1.25,-2.80740864694691,-3.14622543166021));
#13775=CARTESIAN_POINT('',(1.25,-1.66460650930144E-12,-1.84950247098931E-12));
#13776=CARTESIAN_POINT('',(1.25,-2.83553596792089,-3.12089947809997));
#13777=CARTESIAN_POINT('',(-1.35,-2.8355359679209,-3.12089947809997));
#13778=CARTESIAN_POINT('',(-1.25,-2.79633087595674,-3.20657156871186));
#13779=CARTESIAN_POINT('',(1.25,-2.79633087595674,-3.20657156871186));
#13780=CARTESIAN_POINT('',(-1.25,-2.83594143011388,-3.28281494580232));
#13781=CARTESIAN_POINT('',(1.25,-2.83594143011388,-3.28281494580232));
#13782=CARTESIAN_POINT('',(-1.25,-2.8747397619614,-3.38353198174232));
#13783=CARTESIAN_POINT('',(1.25,-2.8747397619614,-3.38353198174232));
#13784=CARTESIAN_POINT('',(-1.25,-2.90583585325678,-3.49689802134766));
#13785=CARTESIAN_POINT('',(1.25,-2.90583585325678,-3.49689802134766));
#13786=CARTESIAN_POINT('',(-1.35,-2.79633087366748,-3.20657156430543));
#13787=CARTESIAN_POINT('',(-1.25,-2.79633087366748,-3.20657156430543));
#13788=CARTESIAN_POINT('',(1.25,-2.79633087366749,-3.20657156430546));
#13789=CARTESIAN_POINT('',(-1.25,-2.77771544749189,-3.17247138214703));
#13790=CARTESIAN_POINT('',(-1.25,-2.78050782999751,-3.17733039939302));
#13791=CARTESIAN_POINT('',(-1.25,-2.78629066507696,-3.18762813354404));
#13792=CARTESIAN_POINT('',(-1.25,-2.79524806718614,-3.20435049447421));
#13793=CARTESIAN_POINT('',(-1.25,-2.80464361059027,-3.22276644316841));
#13794=CARTESIAN_POINT('',(-1.25,-2.81439101838227,-3.24285463188212));
#13795=CARTESIAN_POINT('',(-1.25,-2.82442686975789,-3.26463590849058));
#13796=CARTESIAN_POINT('',(-1.25,-2.8346870799409,-3.28812921835583));
#13797=CARTESIAN_POINT('',(-1.25,-2.84510687026537,-3.31335173495487));
#13798=CARTESIAN_POINT('',(-1.25,-2.85562112607999,-3.34031825483936));
#13799=CARTESIAN_POINT('',(-1.25,-2.86616324773825,-3.36904347258487));
#13800=CARTESIAN_POINT('',(-1.25,-2.87666986653029,-3.39953305459116));
#13801=CARTESIAN_POINT('',(-1.25,-2.88706279196314,-3.43181820862396));
#13802=CARTESIAN_POINT('',(-1.25,-2.89686189053071,-3.46430562420418));
#13803=CARTESIAN_POINT('',(-1.25,-2.90297067752684,-3.48645254052525));
#13804=CARTESIAN_POINT('',(-1.25,-2.90583585325678,-3.49689802134766));
#13805=CARTESIAN_POINT('',(1.25,-2.77771544749189,-3.17247138214703));
#13806=CARTESIAN_POINT('',(1.25,-2.78050782999751,-3.17733039939302));
#13807=CARTESIAN_POINT('',(1.25,-2.78629066507696,-3.18762813354404));
#13808=CARTESIAN_POINT('',(1.25,-2.79524806718614,-3.20435049447421));
#13809=CARTESIAN_POINT('',(1.25,-2.80464361059027,-3.22276644316841));
#13810=CARTESIAN_POINT('',(1.25,-2.81439101838227,-3.24285463188212));
#13811=CARTESIAN_POINT('',(1.25,-2.82442686975789,-3.26463590849058));
#13812=CARTESIAN_POINT('',(1.25,-2.8346870799409,-3.28812921835583));
#13813=CARTESIAN_POINT('',(1.25,-2.84510687026537,-3.31335173495487));
#13814=CARTESIAN_POINT('',(1.25,-2.85562112607999,-3.34031825483936));
#13815=CARTESIAN_POINT('',(1.25,-2.86616324773825,-3.36904347258487));
#13816=CARTESIAN_POINT('',(1.25,-2.87666986653029,-3.39953305459116));
#13817=CARTESIAN_POINT('',(1.25,-2.88706279196314,-3.43181820862396));
#13818=CARTESIAN_POINT('',(1.25,-2.89686189053071,-3.46430562420418));
#13819=CARTESIAN_POINT('',(1.25,-2.90297067752684,-3.48645254052525));
#13820=CARTESIAN_POINT('',(1.25,-2.90583585325678,-3.49689802134766));
#13821=CARTESIAN_POINT('',(-0.05,-2.84069144152292,-3.18352501568964));
#13822=CARTESIAN_POINT('',(-1.25,-2.84069144152292,-3.18352501568964));
#13823=CARTESIAN_POINT('',(1.25,-2.84069144152292,-3.18352501568964));
#13824=CARTESIAN_POINT('',(-0.05,-2.869152221556,-3.15789881424397));
#13825=CARTESIAN_POINT('',(-1.25,-2.869152221556,-3.15789881424397));
#13826=CARTESIAN_POINT('',(1.25,-2.869152221556,-3.15789881424397));
#13827=CARTESIAN_POINT('',(-1.25,-2.55511040601069,-3.401908053754));
#13828=CARTESIAN_POINT('',(1.25,-2.55511040601069,-3.401908053754));
#13829=CARTESIAN_POINT('',(-1.25,-2.62145218509451,-3.45650491171109));
#13830=CARTESIAN_POINT('',(1.25,-2.62145218509451,-3.45650491171109));
#13831=CARTESIAN_POINT('',(-1.25,-2.71190168537695,-3.5153956561566));
#13832=CARTESIAN_POINT('',(1.25,-2.71190168537695,-3.5153956561566));
#13833=CARTESIAN_POINT('',(-1.25,-2.81632516410252,-3.56938234822506));
#13834=CARTESIAN_POINT('',(1.25,-2.81632516410252,-3.56938234822506));
#13835=CARTESIAN_POINT('',(-1.25,-2.52562575554513,-3.37660958961856));
#13836=CARTESIAN_POINT('',(-1.25,-2.52979802263807,-3.3803511983581));
#13837=CARTESIAN_POINT('',(-1.25,-2.53866840757179,-3.38814868393542));
#13838=CARTESIAN_POINT('',(-1.25,-2.55316299617638,-3.40038711965279));
#13839=CARTESIAN_POINT('',(-1.25,-2.56922306889155,-3.41340623892215));
#13840=CARTESIAN_POINT('',(-1.25,-2.58684568244983,-3.4271172117482));
#13841=CARTESIAN_POINT('',(-1.25,-2.60606441507701,-3.44146233774043));
#13842=CARTESIAN_POINT('',(-1.25,-2.62691112210771,-3.45638287149094));
#13843=CARTESIAN_POINT('',(-1.25,-2.6494160699792,-3.47181902046976));
#13844=CARTESIAN_POINT('',(-1.25,-2.67360727000025,-3.48771016931299));
#13845=CARTESIAN_POINT('',(-1.25,-2.6995129424798,-3.50399422891024));
#13846=CARTESIAN_POINT('',(-1.25,-2.7271518050888,-3.52061039342075));
#13847=CARTESIAN_POINT('',(-1.25,-2.75657064034602,-3.53748866946077));
#13848=CARTESIAN_POINT('',(-1.25,-2.78631078079818,-3.55382814771758));
#13849=CARTESIAN_POINT('',(-1.25,-2.80670364562808,-3.56440804587994));
#13850=CARTESIAN_POINT('',(-1.25,-2.81632516410252,-3.56938234822506));
#13851=CARTESIAN_POINT('',(-1.25,-2.5551104021765,-3.4019080505986));
#13852=CARTESIAN_POINT('',(1.25,-2.5551104021765,-3.4019080505986));
#13853=CARTESIAN_POINT('',(1.25,-2.55511040217652,-3.40190805059861));
#13854=CARTESIAN_POINT('',(1.25,-2.52562575554513,-3.37660958961856));
#13855=CARTESIAN_POINT('',(1.25,-2.52979802263807,-3.3803511983581));
#13856=CARTESIAN_POINT('',(1.25,-2.53866840757179,-3.38814868393542));
#13857=CARTESIAN_POINT('',(1.25,-2.55316299617638,-3.40038711965279));
#13858=CARTESIAN_POINT('',(1.25,-2.56922306889155,-3.41340623892215));
#13859=CARTESIAN_POINT('',(1.25,-2.58684568244983,-3.4271172117482));
#13860=CARTESIAN_POINT('',(1.25,-2.60606441507701,-3.44146233774043));
#13861=CARTESIAN_POINT('',(1.25,-2.62691112210771,-3.45638287149094));
#13862=CARTESIAN_POINT('',(1.25,-2.6494160699792,-3.47181902046976));
#13863=CARTESIAN_POINT('',(1.25,-2.67360727000025,-3.48771016931299));
#13864=CARTESIAN_POINT('',(1.25,-2.6995129424798,-3.50399422891024));
#13865=CARTESIAN_POINT('',(1.25,-2.7271518050888,-3.52061039342075));
#13866=CARTESIAN_POINT('',(1.25,-2.75657064034602,-3.53748866946077));
#13867=CARTESIAN_POINT('',(1.25,-2.78631078079818,-3.55382814771758));
#13868=CARTESIAN_POINT('',(1.25,-2.80670364562808,-3.56440804587994));
#13869=CARTESIAN_POINT('',(1.25,-2.81632516410252,-3.56938234822506));
#13870=CARTESIAN_POINT('',(-1.35,-1.46216196957059E-12,-2.0133694632992E-12));
#13871=CARTESIAN_POINT('',(-1.25,-1.46216196957059E-12,-2.0133694632992E-12));
#13872=CARTESIAN_POINT('',(-1.25,-2.46315925916987,-3.42244419118026));
#13873=CARTESIAN_POINT('',(-1.25,-2.49377977874299,-3.40019708148077));
#13874=CARTESIAN_POINT('',(-1.35,-2.46315925916987,-3.42244419118026));
#13875=CARTESIAN_POINT('',(1.25,-2.46315925916987,-3.42244419118026));
#13876=CARTESIAN_POINT('',(1.25,-1.46216196957059E-12,-2.0133694632992E-12));
#13877=CARTESIAN_POINT('',(1.25,-2.49377977874299,-3.40019708148077));
#13878=CARTESIAN_POINT('',(-1.35,-2.49377977874299,-3.40019708148077));
#13879=CARTESIAN_POINT('',(-1.25,-2.44583428439812,-3.48130180340099));
#13880=CARTESIAN_POINT('',(1.25,-2.44583428439812,-3.48130180340099));
#13881=CARTESIAN_POINT('',(-1.25,-2.47725824475348,-3.56126794164947));
#13882=CARTESIAN_POINT('',(1.25,-2.47725824475348,-3.56126794164947));
#13883=CARTESIAN_POINT('',(-1.25,-2.50531623828785,-3.6654887691338));
#13884=CARTESIAN_POINT('',(1.25,-2.50531623828785,-3.6654887691338));
#13885=CARTESIAN_POINT('',(-1.25,-2.52439200403485,-3.78148420434923));
#13886=CARTESIAN_POINT('',(1.25,-2.52439200403485,-3.78148420434923));
#13887=CARTESIAN_POINT('',(-1.35,-2.445834282582,-3.48130179877941));
#13888=CARTESIAN_POINT('',(-1.25,-2.445834282582,-3.48130179877941));
#13889=CARTESIAN_POINT('',(1.25,-2.44583428258201,-3.48130179877943));
#13890=CARTESIAN_POINT('',(-1.25,-2.43088527329693,-3.44544257909562));
#13891=CARTESIAN_POINT('',(-1.25,-2.4331544532333,-3.4505668615889));
#13892=CARTESIAN_POINT('',(-1.25,-2.43782920301117,-3.46141265453895));
#13893=CARTESIAN_POINT('',(-1.25,-2.44498957284413,-3.4789797121036));
#13894=CARTESIAN_POINT('',(-1.25,-2.4524086556618,-3.49827687801756));
#13895=CARTESIAN_POINT('',(-1.25,-2.46000287863795,-3.51927390308897));
#13896=CARTESIAN_POINT('',(-1.25,-2.46770698919778,-3.54198489170704));
#13897=CARTESIAN_POINT('',(-1.25,-2.47545527329858,-3.56642198676593));
#13898=CARTESIAN_POINT('',(-1.25,-2.48318151202157,-3.59259549645016));
#13899=CARTESIAN_POINT('',(-1.25,-2.49081940075951,-3.62051332991987));
#13900=CARTESIAN_POINT('',(-1.25,-2.49830116870432,-3.65018313969352));
#13901=CARTESIAN_POINT('',(-1.25,-2.5055632019865,-3.68160393729587));
#13902=CARTESIAN_POINT('',(-1.25,-2.51252447634899,-3.71479858640118));
#13903=CARTESIAN_POINT('',(-1.25,-2.51887403480317,-3.74813231723432));
#13904=CARTESIAN_POINT('',(-1.25,-2.52263437409579,-3.77079645254765));
#13905=CARTESIAN_POINT('',(-1.25,-2.52439200403485,-3.78148420434923));
#13906=CARTESIAN_POINT('',(1.25,-2.43088527329693,-3.44544257909562));
#13907=CARTESIAN_POINT('',(1.25,-2.4331544532333,-3.4505668615889));
#13908=CARTESIAN_POINT('',(1.25,-2.43782920301117,-3.46141265453895));
#13909=CARTESIAN_POINT('',(1.25,-2.44498957284413,-3.4789797121036));
#13910=CARTESIAN_POINT('',(1.25,-2.4524086556618,-3.49827687801756));
#13911=CARTESIAN_POINT('',(1.25,-2.46000287863795,-3.51927390308897));
#13912=CARTESIAN_POINT('',(1.25,-2.46770698919778,-3.54198489170704));
#13913=CARTESIAN_POINT('',(1.25,-2.47545527329858,-3.56642198676593));
#13914=CARTESIAN_POINT('',(1.25,-2.48318151202157,-3.59259549645016));
#13915=CARTESIAN_POINT('',(1.25,-2.49081940075951,-3.62051332991987));
#13916=CARTESIAN_POINT('',(1.25,-2.49830116870432,-3.65018313969352));
#13917=CARTESIAN_POINT('',(1.25,-2.5055632019865,-3.68160393729587));
#13918=CARTESIAN_POINT('',(1.25,-2.51252447634899,-3.71479858640118));
#13919=CARTESIAN_POINT('',(1.25,-2.51887403480317,-3.74813231723432));
#13920=CARTESIAN_POINT('',(1.25,-2.52263437409579,-3.77079645254765));
#13921=CARTESIAN_POINT('',(1.25,-2.52439200403485,-3.78148420434923));
#13922=CARTESIAN_POINT('',(-0.05,-2.49236085891563,-3.46301844355594));
#13923=CARTESIAN_POINT('',(-1.25,-2.49236085891563,-3.46301844355594));
#13924=CARTESIAN_POINT('',(1.25,-2.49236085891563,-3.46301844355594));
#13925=CARTESIAN_POINT('',(-0.05,-2.52334439527431,-3.44050758672336));
#13926=CARTESIAN_POINT('',(-1.25,-2.52334439527431,-3.44050758672336));
#13927=CARTESIAN_POINT('',(1.25,-2.52334439527431,-3.44050758672336));
#13928=CARTESIAN_POINT('',(-1.25,-3.48130180340101,-2.44583428439813));
#13929=CARTESIAN_POINT('',(1.25,-3.48130180340101,-2.44583428439813));
#13930=CARTESIAN_POINT('',(-1.25,-3.5612679416495,-2.47725824475348));
#13931=CARTESIAN_POINT('',(1.25,-3.5612679416495,-2.47725824475348));
#13932=CARTESIAN_POINT('',(-1.25,-3.66548876913386,-2.50531623828785));
#13933=CARTESIAN_POINT('',(1.25,-3.66548876913386,-2.50531623828785));
#13934=CARTESIAN_POINT('',(-1.25,-3.78148420434922,-2.52439200403485));
#13935=CARTESIAN_POINT('',(1.25,-3.78148420434922,-2.52439200403485));
#13936=CARTESIAN_POINT('',(-1.25,-3.44544257909562,-2.43088527329693));
#13937=CARTESIAN_POINT('',(-1.25,-3.4505668615889,-2.4331544532333));
#13938=CARTESIAN_POINT('',(-1.25,-3.46141265453894,-2.43782920301117));
#13939=CARTESIAN_POINT('',(-1.25,-3.4789797121036,-2.44498957284413));
#13940=CARTESIAN_POINT('',(-1.25,-3.49827687801756,-2.4524086556618));
#13941=CARTESIAN_POINT('',(-1.25,-3.51927390308897,-2.46000287863795));
#13942=CARTESIAN_POINT('',(-1.25,-3.54198489170704,-2.46770698919778));
#13943=CARTESIAN_POINT('',(-1.25,-3.56642198676593,-2.47545527329858));
#13944=CARTESIAN_POINT('',(-1.25,-3.59259549645015,-2.48318151202157));
#13945=CARTESIAN_POINT('',(-1.25,-3.62051332991987,-2.49081940075951));
#13946=CARTESIAN_POINT('',(-1.25,-3.65018313969352,-2.49830116870432));
#13947=CARTESIAN_POINT('',(-1.25,-3.68160393729587,-2.5055632019865));
#13948=CARTESIAN_POINT('',(-1.25,-3.71479858640118,-2.51252447634899));
#13949=CARTESIAN_POINT('',(-1.25,-3.74813231723432,-2.51887403480317));
#13950=CARTESIAN_POINT('',(-1.25,-3.77079645254765,-2.52263437409579));
#13951=CARTESIAN_POINT('',(-1.25,-3.78148420434922,-2.52439200403485));
#13952=CARTESIAN_POINT('',(-1.25,-3.4813017987794,-2.445834282582));
#13953=CARTESIAN_POINT('',(1.25,-3.4813017987794,-2.445834282582));
#13954=CARTESIAN_POINT('',(1.25,-3.48130179877943,-2.44583428258201));
#13955=CARTESIAN_POINT('',(1.25,-3.44544257909562,-2.43088527329693));
#13956=CARTESIAN_POINT('',(1.25,-3.4505668615889,-2.4331544532333));
#13957=CARTESIAN_POINT('',(1.25,-3.46141265453894,-2.43782920301117));
#13958=CARTESIAN_POINT('',(1.25,-3.4789797121036,-2.44498957284413));
#13959=CARTESIAN_POINT('',(1.25,-3.49827687801756,-2.4524086556618));
#13960=CARTESIAN_POINT('',(1.25,-3.51927390308897,-2.46000287863795));
#13961=CARTESIAN_POINT('',(1.25,-3.54198489170704,-2.46770698919778));
#13962=CARTESIAN_POINT('',(1.25,-3.56642198676593,-2.47545527329858));
#13963=CARTESIAN_POINT('',(1.25,-3.59259549645015,-2.48318151202157));
#13964=CARTESIAN_POINT('',(1.25,-3.62051332991987,-2.49081940075951));
#13965=CARTESIAN_POINT('',(1.25,-3.65018313969352,-2.49830116870432));
#13966=CARTESIAN_POINT('',(1.25,-3.68160393729587,-2.5055632019865));
#13967=CARTESIAN_POINT('',(1.25,-3.71479858640118,-2.51252447634899));
#13968=CARTESIAN_POINT('',(1.25,-3.74813231723432,-2.51887403480317));
#13969=CARTESIAN_POINT('',(1.25,-3.77079645254765,-2.52263437409579));
#13970=CARTESIAN_POINT('',(1.25,-3.78148420434922,-2.52439200403485));
#13971=CARTESIAN_POINT('',(-1.35,-2.01276404915409E-12,-1.46299525065433E-12));
#13972=CARTESIAN_POINT('',(-1.25,-2.01276404915409E-12,-1.46299525065433E-12));
#13973=CARTESIAN_POINT('',(-1.25,-3.40019708148077,-2.49377977874299));
#13974=CARTESIAN_POINT('',(-1.25,-3.42244419118026,-2.46315925916987));
#13975=CARTESIAN_POINT('',(-1.35,-3.40019708148077,-2.49377977874299));
#13976=CARTESIAN_POINT('',(1.25,-3.40019708148077,-2.49377977874299));
#13977=CARTESIAN_POINT('',(1.25,-2.01276404915409E-12,-1.46299525065433E-12));
#13978=CARTESIAN_POINT('',(1.25,-3.42244419118026,-2.46315925916987));
#13979=CARTESIAN_POINT('',(-1.35,-3.42244419118026,-2.46315925916987));
#13980=CARTESIAN_POINT('',(-1.25,-3.40190805375398,-2.55511040601068));
#13981=CARTESIAN_POINT('',(1.25,-3.40190805375398,-2.55511040601068));
#13982=CARTESIAN_POINT('',(-1.25,-3.45650491171107,-2.62145218509449));
#13983=CARTESIAN_POINT('',(1.25,-3.45650491171107,-2.62145218509449));
#13984=CARTESIAN_POINT('',(-1.25,-3.5153956561566,-2.71190168537694));
#13985=CARTESIAN_POINT('',(1.25,-3.5153956561566,-2.71190168537694));
#13986=CARTESIAN_POINT('',(-1.25,-3.56938234822506,-2.81632516410252));
#13987=CARTESIAN_POINT('',(1.25,-3.56938234822506,-2.81632516410252));
#13988=CARTESIAN_POINT('',(-1.35,-3.4019080505986,-2.5551104021765));
#13989=CARTESIAN_POINT('',(-1.25,-3.4019080505986,-2.5551104021765));
#13990=CARTESIAN_POINT('',(1.25,-3.40190805059861,-2.55511040217652));
#13991=CARTESIAN_POINT('',(-1.25,-3.37660958961856,-2.52562575554513));
#13992=CARTESIAN_POINT('',(-1.25,-3.3803511983581,-2.52979802263807));
#13993=CARTESIAN_POINT('',(-1.25,-3.38814868393542,-2.53866840757179));
#13994=CARTESIAN_POINT('',(-1.25,-3.40038711965278,-2.55316299617639));
#13995=CARTESIAN_POINT('',(-1.25,-3.41340623892215,-2.56922306889155));
#13996=CARTESIAN_POINT('',(-1.25,-3.4271172117482,-2.58684568244983));
#13997=CARTESIAN_POINT('',(-1.25,-3.44146233774043,-2.60606441507701));
#13998=CARTESIAN_POINT('',(-1.25,-3.45638287149094,-2.62691112210771));
#13999=CARTESIAN_POINT('',(-1.25,-3.47181902046976,-2.6494160699792));
#14000=CARTESIAN_POINT('',(-1.25,-3.48771016931299,-2.67360727000025));
#14001=CARTESIAN_POINT('',(-1.25,-3.50399422891024,-2.6995129424798));
#14002=CARTESIAN_POINT('',(-1.25,-3.52061039342075,-2.7271518050888));
#14003=CARTESIAN_POINT('',(-1.25,-3.53748866946077,-2.75657064034602));
#14004=CARTESIAN_POINT('',(-1.25,-3.55382814771758,-2.78631078079818));
#14005=CARTESIAN_POINT('',(-1.25,-3.56440804587994,-2.80670364562808));
#14006=CARTESIAN_POINT('',(-1.25,-3.56938234822506,-2.81632516410252));
#14007=CARTESIAN_POINT('',(1.25,-3.37660958961856,-2.52562575554513));
#14008=CARTESIAN_POINT('',(1.25,-3.3803511983581,-2.52979802263807));
#14009=CARTESIAN_POINT('',(1.25,-3.38814868393542,-2.53866840757179));
#14010=CARTESIAN_POINT('',(1.25,-3.40038711965278,-2.55316299617639));
#14011=CARTESIAN_POINT('',(1.25,-3.41340623892215,-2.56922306889155));
#14012=CARTESIAN_POINT('',(1.25,-3.4271172117482,-2.58684568244983));
#14013=CARTESIAN_POINT('',(1.25,-3.44146233774043,-2.60606441507701));
#14014=CARTESIAN_POINT('',(1.25,-3.45638287149094,-2.62691112210771));
#14015=CARTESIAN_POINT('',(1.25,-3.47181902046976,-2.6494160699792));
#14016=CARTESIAN_POINT('',(1.25,-3.48771016931299,-2.67360727000025));
#14017=CARTESIAN_POINT('',(1.25,-3.50399422891024,-2.6995129424798));
#14018=CARTESIAN_POINT('',(1.25,-3.52061039342075,-2.7271518050888));
#14019=CARTESIAN_POINT('',(1.25,-3.53748866946077,-2.75657064034602));
#14020=CARTESIAN_POINT('',(1.25,-3.55382814771758,-2.78631078079818));
#14021=CARTESIAN_POINT('',(1.25,-3.56440804587994,-2.80670364562808));
#14022=CARTESIAN_POINT('',(1.25,-3.56938234822506,-2.81632516410252));
#14023=CARTESIAN_POINT('',(-0.05,-3.44050758672336,-2.52334439527431));
#14024=CARTESIAN_POINT('',(-1.25,-3.44050758672336,-2.52334439527431));
#14025=CARTESIAN_POINT('',(1.25,-3.44050758672336,-2.52334439527431));
#14026=CARTESIAN_POINT('',(-0.05,-3.46301844355594,-2.49236085891563));
#14027=CARTESIAN_POINT('',(-1.25,-3.46301844355594,-2.49236085891563));
#14028=CARTESIAN_POINT('',(1.25,-3.46301844355594,-2.49236085891563));
#14029=CARTESIAN_POINT('',(-1.25,-3.20657156871189,-2.79633087595675));
#14030=CARTESIAN_POINT('',(1.25,-3.20657156871189,-2.79633087595675));
#14031=CARTESIAN_POINT('',(-1.25,-3.28281494580234,-2.83594143011389));
#14032=CARTESIAN_POINT('',(1.25,-3.28281494580234,-2.83594143011389));
#14033=CARTESIAN_POINT('',(-1.25,-3.38353198174234,-2.87473976196135));
#14034=CARTESIAN_POINT('',(1.25,-3.38353198174234,-2.87473976196135));
#14035=CARTESIAN_POINT('',(-1.25,-3.49689802134766,-2.90583585325679));
#14036=CARTESIAN_POINT('',(1.25,-3.49689802134766,-2.90583585325679));
#14037=CARTESIAN_POINT('',(-1.25,-3.17247138214703,-2.77771544749189));
#14038=CARTESIAN_POINT('',(-1.25,-3.17733039939302,-2.78050782999751));
#14039=CARTESIAN_POINT('',(-1.25,-3.18762813354404,-2.78629066507696));
#14040=CARTESIAN_POINT('',(-1.25,-3.20435049447421,-2.79524806718614));
#14041=CARTESIAN_POINT('',(-1.25,-3.22276644316841,-2.80464361059027));
#14042=CARTESIAN_POINT('',(-1.25,-3.24285463188212,-2.81439101838227));
#14043=CARTESIAN_POINT('',(-1.25,-3.26463590849058,-2.82442686975789));
#14044=CARTESIAN_POINT('',(-1.25,-3.28812921835583,-2.8346870799409));
#14045=CARTESIAN_POINT('',(-1.25,-3.31335173495487,-2.84510687026537));
#14046=CARTESIAN_POINT('',(-1.25,-3.34031825483936,-2.85562112607999));
#14047=CARTESIAN_POINT('',(-1.25,-3.36904347258487,-2.86616324773825));
#14048=CARTESIAN_POINT('',(-1.25,-3.39953305459116,-2.87666986653029));
#14049=CARTESIAN_POINT('',(-1.25,-3.43181820862396,-2.88706279196314));
#14050=CARTESIAN_POINT('',(-1.25,-3.46430562420418,-2.89686189053071));
#14051=CARTESIAN_POINT('',(-1.25,-3.48645254052525,-2.90297067752684));
#14052=CARTESIAN_POINT('',(-1.25,-3.49689802134766,-2.90583585325679));
#14053=CARTESIAN_POINT('',(-1.25,-3.20657156430543,-2.79633087366748));
#14054=CARTESIAN_POINT('',(1.25,-3.20657156430543,-2.79633087366748));
#14055=CARTESIAN_POINT('',(1.25,-3.20657156430546,-2.79633087366749));
#14056=CARTESIAN_POINT('',(1.25,-3.17247138214703,-2.77771544749189));
#14057=CARTESIAN_POINT('',(1.25,-3.17733039939302,-2.78050782999751));
#14058=CARTESIAN_POINT('',(1.25,-3.18762813354404,-2.78629066507696));
#14059=CARTESIAN_POINT('',(1.25,-3.20435049447421,-2.79524806718614));
#14060=CARTESIAN_POINT('',(1.25,-3.22276644316841,-2.80464361059027));
#14061=CARTESIAN_POINT('',(1.25,-3.24285463188212,-2.81439101838227));
#14062=CARTESIAN_POINT('',(1.25,-3.26463590849058,-2.82442686975789));
#14063=CARTESIAN_POINT('',(1.25,-3.28812921835583,-2.8346870799409));
#14064=CARTESIAN_POINT('',(1.25,-3.31335173495487,-2.84510687026537));
#14065=CARTESIAN_POINT('',(1.25,-3.34031825483936,-2.85562112607999));
#14066=CARTESIAN_POINT('',(1.25,-3.36904347258487,-2.86616324773825));
#14067=CARTESIAN_POINT('',(1.25,-3.39953305459116,-2.87666986653029));
#14068=CARTESIAN_POINT('',(1.25,-3.43181820862396,-2.88706279196314));
#14069=CARTESIAN_POINT('',(1.25,-3.46430562420418,-2.89686189053071));
#14070=CARTESIAN_POINT('',(1.25,-3.48645254052525,-2.90297067752684));
#14071=CARTESIAN_POINT('',(1.25,-3.49689802134766,-2.90583585325679));
#14072=CARTESIAN_POINT('',(-1.35,-1.84881327177507E-12,-1.66537194257398E-12));
#14073=CARTESIAN_POINT('',(-1.25,-1.84881327177507E-12,-1.66537194257398E-12));
#14074=CARTESIAN_POINT('',(-1.25,-3.12089947809997,-2.8355359679209));
#14075=CARTESIAN_POINT('',(-1.25,-3.14622543166021,-2.80740864694691));
#14076=CARTESIAN_POINT('',(-1.35,-3.12089947809997,-2.8355359679209));
#14077=CARTESIAN_POINT('',(1.25,-3.12089947809997,-2.8355359679209));
#14078=CARTESIAN_POINT('',(1.25,-1.84881327177507E-12,-1.66537194257398E-12));
#14079=CARTESIAN_POINT('',(1.25,-3.14622543166021,-2.80740864694691));
#14080=CARTESIAN_POINT('',(-1.35,-3.14622543166021,-2.80740864694691));
#14081=CARTESIAN_POINT('',(-1.25,-3.11619028126852,-2.89670946489769));
#14082=CARTESIAN_POINT('',(1.25,-3.11619028126852,-2.89670946489769));
#14083=CARTESIAN_POINT('',(-1.25,-3.16355344770709,-2.96839474243573));
#14084=CARTESIAN_POINT('',(1.25,-3.16355344770709,-2.96839474243573));
#14085=CARTESIAN_POINT('',(-1.25,-3.21266703522488,-3.06450450990928));
#14086=CARTESIAN_POINT('',(1.25,-3.21266703522488,-3.06450450990928));
#14087=CARTESIAN_POINT('',(-1.25,-3.25544275678519,-3.17399909185126));
#14088=CARTESIAN_POINT('',(1.25,-3.25544275678519,-3.17399909185126));
#14089=CARTESIAN_POINT('',(-1.35,-3.1161902785312,-2.89670946075469));
#14090=CARTESIAN_POINT('',(-1.25,-3.1161902785312,-2.89670946075469));
#14091=CARTESIAN_POINT('',(1.25,-3.11619027853121,-2.89670946075471));
#14092=CARTESIAN_POINT('',(-1.25,-3.0941123899698,-2.86474192485333));
#14093=CARTESIAN_POINT('',(-1.25,-3.0973973811176,-2.86928244044226));
#14094=CARTESIAN_POINT('',(-1.25,-3.10422494354736,-2.87891929166395));
#14095=CARTESIAN_POINT('',(-1.25,-3.11488123876079,-2.89461374227391));
#14096=CARTESIAN_POINT('',(-1.25,-3.12615030321171,-2.91194670476067));
#14097=CARTESIAN_POINT('',(-1.25,-3.13794410118001,-2.9309059667174));
#14098=CARTESIAN_POINT('',(-1.25,-3.15020173848361,-2.95151889109171));
#14099=CARTESIAN_POINT('',(-1.25,-3.16286146173899,-2.97381101814414));
#14100=CARTESIAN_POINT('',(-1.25,-3.17586064226166,-2.99780619848799));
#14101=CARTESIAN_POINT('',(-1.25,-3.189136068766,-3.0235259539523));
#14102=CARTESIAN_POINT('',(-1.25,-3.20262304244674,-3.05099186017291));
#14103=CARTESIAN_POINT('',(-1.25,-3.2162591340345,-3.08021617634232));
#14104=CARTESIAN_POINT('',(-1.25,-3.22996984347182,-3.11123811239893));
#14105=CARTESIAN_POINT('',(-1.25,-3.24311112117827,-3.14252327380271));
#14106=CARTESIAN_POINT('',(-1.25,-3.25150142672922,-3.16391032488177));
#14107=CARTESIAN_POINT('',(-1.25,-3.25544275678519,-3.17399909185126));
#14108=CARTESIAN_POINT('',(1.25,-3.0941123899698,-2.86474192485333));
#14109=CARTESIAN_POINT('',(1.25,-3.0973973811176,-2.86928244044226));
#14110=CARTESIAN_POINT('',(1.25,-3.10422494354736,-2.87891929166395));
#14111=CARTESIAN_POINT('',(1.25,-3.11488123876079,-2.89461374227391));
#14112=CARTESIAN_POINT('',(1.25,-3.12615030321171,-2.91194670476067));
#14113=CARTESIAN_POINT('',(1.25,-3.13794410118001,-2.9309059667174));
#14114=CARTESIAN_POINT('',(1.25,-3.15020173848361,-2.95151889109171));
#14115=CARTESIAN_POINT('',(1.25,-3.16286146173899,-2.97381101814414));
#14116=CARTESIAN_POINT('',(1.25,-3.17586064226166,-2.99780619848799));
#14117=CARTESIAN_POINT('',(1.25,-3.189136068766,-3.0235259539523));
#14118=CARTESIAN_POINT('',(1.25,-3.20262304244674,-3.05099186017291));
#14119=CARTESIAN_POINT('',(1.25,-3.2162591340345,-3.08021617634232));
#14120=CARTESIAN_POINT('',(1.25,-3.22996984347182,-3.11123811239893));
#14121=CARTESIAN_POINT('',(1.25,-3.24311112117827,-3.14252327380271));
#14122=CARTESIAN_POINT('',(1.25,-3.25150142672922,-3.16391032488177));
#14123=CARTESIAN_POINT('',(1.25,-3.25544275678519,-3.17399909185126));
#14124=CARTESIAN_POINT('',(-0.05,-3.15789881424397,-2.86915222155601));
#14125=CARTESIAN_POINT('',(-1.25,-3.15789881424397,-2.86915222155601));
#14126=CARTESIAN_POINT('',(1.25,-3.15789881424397,-2.86915222155601));
#14127=CARTESIAN_POINT('',(-0.05,-3.18352501568964,-2.84069144152292));
#14128=CARTESIAN_POINT('',(-1.25,-3.18352501568964,-2.84069144152292));
#14129=CARTESIAN_POINT('',(1.25,-3.18352501568964,-2.84069144152292));
#14130=CARTESIAN_POINT('',(-1.25,-2.18551702282419,-3.65035380970751));
#14131=CARTESIAN_POINT('',(1.25,-2.18551702282419,-3.65035380970751));
#14132=CARTESIAN_POINT('',(-1.25,-2.24578844903924,-3.71158618458221));
#14133=CARTESIAN_POINT('',(1.25,-2.24578844903924,-3.71158618458221));
#14134=CARTESIAN_POINT('',(-1.25,-2.32958669847768,-3.77960886663565));
#14135=CARTESIAN_POINT('',(1.25,-2.32958669847768,-3.77960886663565));
#14136=CARTESIAN_POINT('',(-1.25,-2.42779498850195,-3.84421503971651));
#14137=CARTESIAN_POINT('',(1.25,-2.42779498850195,-3.84421503971651));
#14138=CARTESIAN_POINT('',(-1.25,-2.15883830193802,-3.62211194800248));
#14139=CARTESIAN_POINT('',(-1.25,-2.16259660830357,-3.62626918048542));
#14140=CARTESIAN_POINT('',(-1.25,-2.17060334115576,-3.6349511583266));
#14141=CARTESIAN_POINT('',(-1.25,-2.18373926200905,-3.64863764768511));
#14142=CARTESIAN_POINT('',(-1.25,-2.19835048743516,-3.66326418157778));
#14143=CARTESIAN_POINT('',(-1.25,-2.21444337555308,-3.67874210897411));
#14144=CARTESIAN_POINT('',(-1.25,-2.23205735197669,-3.69501755545265));
#14145=CARTESIAN_POINT('',(-1.25,-2.25123023810096,-3.71203542720823));
#14146=CARTESIAN_POINT('',(-1.25,-2.27199838458176,-3.72973942296477));
#14147=CARTESIAN_POINT('',(-1.25,-2.29439598530979,-3.7480721873947));
#14148=CARTESIAN_POINT('',(-1.25,-2.31845759607948,-3.76697492134385));
#14149=CARTESIAN_POINT('',(-1.25,-2.34420818796552,-3.78638910860158));
#14150=CARTESIAN_POINT('',(-1.25,-2.37170160350798,-3.80625002932002));
#14151=CARTESIAN_POINT('',(-1.25,-2.39957088380621,-3.82560868938413));
#14152=CARTESIAN_POINT('',(-1.25,-2.41874613389239,-3.83826226457967));
#14153=CARTESIAN_POINT('',(-1.25,-2.42779498850195,-3.84421503971651));
#14154=CARTESIAN_POINT('',(-1.25,-2.18551701934083,-3.65035380616861));
#14155=CARTESIAN_POINT('',(1.25,-2.18551701934083,-3.65035380616861));
#14156=CARTESIAN_POINT('',(1.25,-2.18551701934085,-3.65035380616863));
#14157=CARTESIAN_POINT('',(1.25,-2.15883830193802,-3.62211194800248));
#14158=CARTESIAN_POINT('',(1.25,-2.16259660830357,-3.62626918048542));
#14159=CARTESIAN_POINT('',(1.25,-2.17060334115576,-3.6349511583266));
#14160=CARTESIAN_POINT('',(1.25,-2.18373926200905,-3.64863764768511));
#14161=CARTESIAN_POINT('',(1.25,-2.19835048743516,-3.66326418157778));
#14162=CARTESIAN_POINT('',(1.25,-2.21444337555308,-3.67874210897411));
#14163=CARTESIAN_POINT('',(1.25,-2.23205735197669,-3.69501755545265));
#14164=CARTESIAN_POINT('',(1.25,-2.25123023810096,-3.71203542720823));
#14165=CARTESIAN_POINT('',(1.25,-2.27199838458176,-3.72973942296477));
#14166=CARTESIAN_POINT('',(1.25,-2.29439598530979,-3.7480721873947));
#14167=CARTESIAN_POINT('',(1.25,-2.31845759607948,-3.76697492134385));
#14168=CARTESIAN_POINT('',(1.25,-2.34420818796552,-3.78638910860158));
#14169=CARTESIAN_POINT('',(1.25,-2.37170160350798,-3.80625002932002));
#14170=CARTESIAN_POINT('',(1.25,-2.39957088380621,-3.82560868938413));
#14171=CARTESIAN_POINT('',(1.25,-2.41874613389239,-3.83826226457967));
#14172=CARTESIAN_POINT('',(1.25,-2.42779498850195,-3.84421503971651));
#14173=CARTESIAN_POINT('',(-1.35,-1.24369767732406E-12,-2.15517755844455E-12));
#14174=CARTESIAN_POINT('',(-1.25,-1.24369767732406E-12,-2.15517755844455E-12));
#14175=CARTESIAN_POINT('',(-1.25,-2.09192298310015,-3.66116593594925));
#14176=CARTESIAN_POINT('',(-1.25,-2.1247012164522,-3.64224141409988));
#14177=CARTESIAN_POINT('',(-1.35,-2.09192298310015,-3.66116593594925));
#14178=CARTESIAN_POINT('',(1.25,-2.09192298310015,-3.66116593594925));
#14179=CARTESIAN_POINT('',(1.25,-1.24369767732406E-12,-2.15517755844455E-12));
#14180=CARTESIAN_POINT('',(1.25,-2.1247012164522,-3.64224141409988));
#14181=CARTESIAN_POINT('',(-1.35,-2.1247012164522,-3.64224141409988));
#14182=CARTESIAN_POINT('',(-1.25,-2.06854062059591,-3.71789016702281));
#14183=CARTESIAN_POINT('',(1.25,-2.06854062059591,-3.71789016702281));
#14184=CARTESIAN_POINT('',(-1.25,-2.09143369966394,-3.80070294068473));
#14185=CARTESIAN_POINT('',(1.25,-2.09143369966394,-3.80070294068473));
#14186=CARTESIAN_POINT('',(-1.25,-2.1084439456366,-3.90728569451779));
#14187=CARTESIAN_POINT('',(1.25,-2.1084439456366,-3.90728569451779));
#14188=CARTESIAN_POINT('',(-1.25,-2.11529038775373,-4.02463965508149));
#14189=CARTESIAN_POINT('',(1.25,-2.11529038775373,-4.02463965508149));
#14190=CARTESIAN_POINT('',(-1.35,-2.06854061927282,-3.71789016223671));
#14191=CARTESIAN_POINT('',(-1.25,-2.06854061927282,-3.71789016223671));
#14192=CARTESIAN_POINT('',(1.25,-2.06854061927283,-3.71789016223674));
#14193=CARTESIAN_POINT('',(-1.25,-2.05742181135228,-3.68066478614243));
#14194=CARTESIAN_POINT('',(-1.25,-2.05914292710916,-3.68599819117167));
#14195=CARTESIAN_POINT('',(-1.25,-2.06265837404862,-3.69727321414357));
#14196=CARTESIAN_POINT('',(-1.25,-2.06794326109507,-3.71549249998387));
#14197=CARTESIAN_POINT('',(-1.25,-2.07330459830239,-3.73545945932965));
#14198=CARTESIAN_POINT('',(-1.25,-2.07866243256658,-3.75713527295818));
#14199=CARTESIAN_POINT('',(-1.25,-2.08395039446313,-3.78052714724196));
#14200=CARTESIAN_POINT('',(-1.25,-2.08910186065967,-3.80564028956724));
#14201=CARTESIAN_POINT('',(-1.25,-2.09404989749292,-3.83247802988739));
#14202=CARTESIAN_POINT('',(-1.25,-2.09872773684683,-3.86104130331666));
#14203=CARTESIAN_POINT('',(-1.25,-2.10306717926293,-3.89133063647375));
#14204=CARTESIAN_POINT('',(-1.25,-2.10700506267892,-3.92333839683842));
#14205=CARTESIAN_POINT('',(-1.25,-2.1104584167924,-3.95707885349422));
#14206=CARTESIAN_POINT('',(-1.25,-2.11328886804204,-3.99089368824972));
#14207=CARTESIAN_POINT('',(-1.25,-2.11465956056698,-4.01382672954604));
#14208=CARTESIAN_POINT('',(-1.25,-2.11529038775373,-4.02463965508149));
#14209=CARTESIAN_POINT('',(1.25,-2.05742181135228,-3.68066478614243));
#14210=CARTESIAN_POINT('',(1.25,-2.05914292710916,-3.68599819117167));
#14211=CARTESIAN_POINT('',(1.25,-2.06265837404862,-3.69727321414357));
#14212=CARTESIAN_POINT('',(1.25,-2.06794326109507,-3.71549249998387));
#14213=CARTESIAN_POINT('',(1.25,-2.07330459830239,-3.73545945932965));
#14214=CARTESIAN_POINT('',(1.25,-2.07866243256658,-3.75713527295818));
#14215=CARTESIAN_POINT('',(1.25,-2.08395039446313,-3.78052714724196));
#14216=CARTESIAN_POINT('',(1.25,-2.08910186065967,-3.80564028956724));
#14217=CARTESIAN_POINT('',(1.25,-2.09404989749292,-3.83247802988739));
#14218=CARTESIAN_POINT('',(1.25,-2.09872773684683,-3.86104130331666));
#14219=CARTESIAN_POINT('',(1.25,-2.10306717926293,-3.89133063647375));
#14220=CARTESIAN_POINT('',(1.25,-2.10700506267892,-3.92333839683842));
#14221=CARTESIAN_POINT('',(1.25,-2.1104584167924,-3.95707885349422));
#14222=CARTESIAN_POINT('',(1.25,-2.11328886804204,-3.99089368824972));
#14223=CARTESIAN_POINT('',(1.25,-2.11465956056698,-4.01382672954604));
#14224=CARTESIAN_POINT('',(1.25,-2.11529038775373,-4.02463965508149));
#14225=CARTESIAN_POINT('',(-0.05,-2.11672344917803,-3.70457031667145));
#14226=CARTESIAN_POINT('',(-1.25,-2.11672344917803,-3.70457031667145));
#14227=CARTESIAN_POINT('',(1.25,-2.11672344917803,-3.70457031667145));
#14228=CARTESIAN_POINT('',(-0.05,-2.14989027975421,-3.68542143811011));
#14229=CARTESIAN_POINT('',(-1.25,-2.14989027975421,-3.68542143811011));
#14230=CARTESIAN_POINT('',(1.25,-2.14989027975421,-3.68542143811011));
#14231=CARTESIAN_POINT('',(-1.25,-1.79197865778679,-3.85880552543622));
#14232=CARTESIAN_POINT('',(1.25,-1.79197865778679,-3.85880552543622));
#14233=CARTESIAN_POINT('',(-1.25,-1.84551938477485,-3.92600254251571));
#14234=CARTESIAN_POINT('',(1.25,-1.84551938477485,-3.92600254251571));
#14235=CARTESIAN_POINT('',(-1.25,-1.92174827221252,-4.00241189143786));
#14236=CARTESIAN_POINT('',(1.25,-1.92174827221252,-4.00241189143786));
#14237=CARTESIAN_POINT('',(-1.25,-2.01266538295859,-4.07692970677911));
#14238=CARTESIAN_POINT('',(1.25,-2.01266538295859,-4.07692970677911));
#14239=CARTESIAN_POINT('',(-1.25,-1.76839816412892,-3.82792968990842));
#14240=CARTESIAN_POINT('',(-1.25,-1.77170133297608,-3.83245699862573));
#14241=CARTESIAN_POINT('',(-1.25,-1.77875669030607,-3.84192834716471));
#14242=CARTESIAN_POINT('',(-1.25,-1.79039002351032,-3.85691293812288));
#14243=CARTESIAN_POINT('',(-1.25,-1.80339231800402,-3.87298663527274));
#14244=CARTESIAN_POINT('',(-1.25,-1.81777916363169,-3.8900619378278));
#14245=CARTESIAN_POINT('',(-1.25,-1.83359540144008,-3.90808938759521));
#14246=CARTESIAN_POINT('',(-1.25,-1.85088440450538,-3.92701814599168));
#14247=CARTESIAN_POINT('',(-1.25,-1.86968820943662,-3.94679601984361));
#14248=CARTESIAN_POINT('',(-1.25,-1.89004681807105,-3.9673695422568));
#14249=CARTESIAN_POINT('',(-1.25,-1.91200074308807,-3.98868384824905));
#14250=CARTESIAN_POINT('',(-1.25,-1.93558093537779,-4.01068335235572));
#14251=CARTESIAN_POINT('',(-1.25,-1.96084770759146,-4.03330931734901));
#14252=CARTESIAN_POINT('',(-1.25,-1.98654078606877,-4.05547506168971));
#14253=CARTESIAN_POINT('',(-1.25,-2.00428833335861,-4.07006367870064));
#14254=CARTESIAN_POINT('',(-1.25,-2.01266538295858,-4.07692970677911));
#14255=CARTESIAN_POINT('',(-1.25,-1.79197865469243,-3.85880552155259));
#14256=CARTESIAN_POINT('',(1.25,-1.79197865469243,-3.85880552155259));
#14257=CARTESIAN_POINT('',(1.25,-1.79197865469244,-3.85880552155262));
#14258=CARTESIAN_POINT('',(1.25,-1.76839816412892,-3.82792968990842));
#14259=CARTESIAN_POINT('',(1.25,-1.77170133297608,-3.83245699862573));
#14260=CARTESIAN_POINT('',(1.25,-1.77875669030607,-3.84192834716471));
#14261=CARTESIAN_POINT('',(1.25,-1.79039002351032,-3.85691293812288));
#14262=CARTESIAN_POINT('',(1.25,-1.80339231800402,-3.87298663527274));
#14263=CARTESIAN_POINT('',(1.25,-1.81777916363169,-3.8900619378278));
#14264=CARTESIAN_POINT('',(1.25,-1.83359540144008,-3.90808938759521));
#14265=CARTESIAN_POINT('',(1.25,-1.85088440450538,-3.92701814599168));
#14266=CARTESIAN_POINT('',(1.25,-1.86968820943662,-3.94679601984361));
#14267=CARTESIAN_POINT('',(1.25,-1.89004681807105,-3.9673695422568));
#14268=CARTESIAN_POINT('',(1.25,-1.91200074308807,-3.98868384824905));
#14269=CARTESIAN_POINT('',(1.25,-1.93558093537779,-4.01068335235572));
#14270=CARTESIAN_POINT('',(1.25,-1.96084770759146,-4.03330931734901));
#14271=CARTESIAN_POINT('',(1.25,-1.98654078606877,-4.05547506168971));
#14272=CARTESIAN_POINT('',(1.25,-2.00428833335861,-4.07006367870064));
#14273=CARTESIAN_POINT('',(1.25,-2.01266538295858,-4.07692970677911));
#14274=CARTESIAN_POINT('',(-1.35,-1.01160717306431E-12,-2.27337307725967E-12));
#14275=CARTESIAN_POINT('',(-1.25,-1.01160717306431E-12,-2.27337307725967E-12));
#14276=CARTESIAN_POINT('',(-1.25,-1.69776716106456,-3.85977518057575));
#14277=CARTESIAN_POINT('',(-1.25,-1.73234398301165,-3.8443805875981));
#14278=CARTESIAN_POINT('',(-1.35,-1.69776716106456,-3.85977518057575));
#14279=CARTESIAN_POINT('',(1.25,-1.69776716106456,-3.85977518057575));
#14280=CARTESIAN_POINT('',(1.25,-1.01160717306431E-12,-2.27337307725967E-12));
#14281=CARTESIAN_POINT('',(1.25,-1.73234398301165,-3.8443805875981));
#14282=CARTESIAN_POINT('',(-1.35,-1.73234398301165,-3.8443805875981));
#14283=CARTESIAN_POINT('',(-1.25,-1.66858359288449,-3.91374454795621));
#14284=CARTESIAN_POINT('',(1.25,-1.66858359288449,-3.91374454795621));
#14285=CARTESIAN_POINT('',(-1.25,-1.68269496930023,-3.9984966429536));
#14286=CARTESIAN_POINT('',(1.25,-1.68269496930023,-3.9984966429536));
#14287=CARTESIAN_POINT('',(-1.25,-1.68847109989663,-4.10627358018055));
#14288=CARTESIAN_POINT('',(1.25,-1.68847109989663,-4.10627358018055));
#14289=CARTESIAN_POINT('',(-1.25,-1.6830132073314,-4.2237003115427));
#14290=CARTESIAN_POINT('',(1.25,-1.6830132073314,-4.2237003115427));
#14291=CARTESIAN_POINT('',(-1.35,-1.66858359206894,-3.91374454305802));
#14292=CARTESIAN_POINT('',(-1.25,-1.66858359206894,-3.91374454305802));
#14293=CARTESIAN_POINT('',(1.25,-1.66858359206894,-3.91374454305805));
#14294=CARTESIAN_POINT('',(-1.25,-1.66141680549926,-3.87556085956363));
#14295=CARTESIAN_POINT('',(-1.25,-1.66257100017225,-3.88104495322726));
#14296=CARTESIAN_POINT('',(-1.25,-1.664888628301,-3.89262567470987));
#14297=CARTESIAN_POINT('',(-1.25,-1.66824013023251,-3.91129757451753));
#14298=CARTESIAN_POINT('',(-1.25,-1.67148498189711,-3.93171556511017));
#14299=CARTESIAN_POINT('',(-1.25,-1.67454772589593,-3.95383268254575));
#14300=CARTESIAN_POINT('',(-1.25,-1.67736160311208,-3.97764915622554));
#14301=CARTESIAN_POINT('',(-1.25,-1.67985981086271,-4.00316320097463));
#14302=CARTESIAN_POINT('',(-1.25,-1.68197543407923,-4.0303711320316));
#14303=CARTESIAN_POINT('',(-1.25,-1.68364197266225,-4.05926690021947));
#14304=CARTESIAN_POINT('',(-1.25,-1.68479154571043,-4.0898439004875));
#14305=CARTESIAN_POINT('',(-1.25,-1.6853621349855,-4.12208793989386));
#14306=CARTESIAN_POINT('',(-1.25,-1.68526973317963,-4.15600453659637));
#14307=CARTESIAN_POINT('',(-1.25,-1.68455006620852,-4.18992999286847));
#14308=CARTESIAN_POINT('',(-1.25,-1.68351609437164,-4.21288068094829));
#14309=CARTESIAN_POINT('',(-1.25,-1.6830132073314,-4.2237003115427));
#14310=CARTESIAN_POINT('',(1.25,-1.66141680549926,-3.87556085956363));
#14311=CARTESIAN_POINT('',(1.25,-1.66257100017225,-3.88104495322726));
#14312=CARTESIAN_POINT('',(1.25,-1.664888628301,-3.89262567470987));
#14313=CARTESIAN_POINT('',(1.25,-1.66824013023251,-3.91129757451753));
#14314=CARTESIAN_POINT('',(1.25,-1.67148498189711,-3.93171556511017));
#14315=CARTESIAN_POINT('',(1.25,-1.67454772589593,-3.95383268254575));
#14316=CARTESIAN_POINT('',(1.25,-1.67736160311208,-3.97764915622554));
#14317=CARTESIAN_POINT('',(1.25,-1.67985981086271,-4.00316320097463));
#14318=CARTESIAN_POINT('',(1.25,-1.68197543407923,-4.0303711320316));
#14319=CARTESIAN_POINT('',(1.25,-1.68364197266225,-4.05926690021947));
#14320=CARTESIAN_POINT('',(1.25,-1.68479154571043,-4.0898439004875));
#14321=CARTESIAN_POINT('',(1.25,-1.6853621349855,-4.12208793989386));
#14322=CARTESIAN_POINT('',(1.25,-1.68526973317963,-4.15600453659637));
#14323=CARTESIAN_POINT('',(1.25,-1.68455006620852,-4.18992999286847));
#14324=CARTESIAN_POINT('',(1.25,-1.68351609437164,-4.21288068094829));
#14325=CARTESIAN_POINT('',(1.25,-1.6830132073314,-4.2237003115427));
#14326=CARTESIAN_POINT('',(-0.05,-1.71789477437838,-3.90553414216632));
#14327=CARTESIAN_POINT('',(-1.25,-1.71789477437838,-3.90553414216632));
#14328=CARTESIAN_POINT('',(1.25,-1.71789477437838,-3.90553414216632));
#14329=CARTESIAN_POINT('',(-0.05,-1.75288151643568,-3.88995704099691));
#14330=CARTESIAN_POINT('',(-1.25,-1.75288151643568,-3.88995704099691));
#14331=CARTESIAN_POINT('',(1.25,-1.75288151643568,-3.88995704099691));
#14332=CARTESIAN_POINT('',(-1.25,-1.37880699957904,-4.02497936032128));
#14333=CARTESIAN_POINT('',(1.25,-1.37880699957904,-4.02497936032128));
#14334=CARTESIAN_POINT('',(-1.25,-1.4250304239311,-4.09740479502459));
#14335=CARTESIAN_POINT('',(1.25,-1.4250304239311,-4.09740479502459));
#14336=CARTESIAN_POINT('',(-1.25,-1.49285476972528,-4.18136365399894));
#14337=CARTESIAN_POINT('',(1.25,-1.49285476972528,-4.18136365399894));
#14338=CARTESIAN_POINT('',(-1.25,-1.57548459430222,-4.26497667882184));
#14339=CARTESIAN_POINT('',(1.25,-1.57548459430222,-4.26497667882184));
#14340=CARTESIAN_POINT('',(-1.25,-1.35858308597252,-3.99180783308595));
#14341=CARTESIAN_POINT('',(-1.25,-1.36139492709215,-3.9966556158959));
#14342=CARTESIAN_POINT('',(-1.25,-1.36742160892863,-4.0068125650561));
#14343=CARTESIAN_POINT('',(-1.25,-1.37742489725082,-4.02293108329965));
#14344=CARTESIAN_POINT('',(-1.25,-1.38867580495272,-4.04027583691709));
#14345=CARTESIAN_POINT('',(-1.25,-1.40119898279881,-4.05876143404286));
#14346=CARTESIAN_POINT('',(-1.25,-1.41504419598079,-4.07834337458699));
#14347=CARTESIAN_POINT('',(-1.25,-1.43025989405157,-4.09897563218627));
#14348=CARTESIAN_POINT('',(-1.25,-1.44689333901147,-4.12061069360888));
#14349=CARTESIAN_POINT('',(-1.25,-1.46498990237579,-4.14319956618847));
#14350=CARTESIAN_POINT('',(-1.25,-1.48459560984351,-4.16669192022707));
#14351=CARTESIAN_POINT('',(-1.25,-1.50574705301571,-4.191035710012));
#14352=CARTESIAN_POINT('',(-1.25,-1.52851035385679,-4.21617882447289));
#14353=CARTESIAN_POINT('',(-1.25,-1.55174573176877,-4.2409088005567));
#14354=CARTESIAN_POINT('',(-1.25,-1.56787113042025,-4.25727262344219));
#14355=CARTESIAN_POINT('',(-1.25,-1.57548459430222,-4.26497667882184));
#14356=CARTESIAN_POINT('',(-1.25,-1.37880699690757,-4.02497935613548));
#14357=CARTESIAN_POINT('',(1.25,-1.37880699690757,-4.02497935613548));
#14358=CARTESIAN_POINT('',(1.25,-1.37880699690759,-4.02497935613551));
#14359=CARTESIAN_POINT('',(1.25,-1.35858308597252,-3.99180783308595));
#14360=CARTESIAN_POINT('',(1.25,-1.36139492709215,-3.9966556158959));
#14361=CARTESIAN_POINT('',(1.25,-1.36742160892863,-4.0068125650561));
#14362=CARTESIAN_POINT('',(1.25,-1.37742489725082,-4.02293108329965));
#14363=CARTESIAN_POINT('',(1.25,-1.38867580495272,-4.04027583691709));
#14364=CARTESIAN_POINT('',(1.25,-1.40119898279881,-4.05876143404286));
#14365=CARTESIAN_POINT('',(1.25,-1.41504419598079,-4.07834337458699));
#14366=CARTESIAN_POINT('',(1.25,-1.43025989405157,-4.09897563218627));
#14367=CARTESIAN_POINT('',(1.25,-1.44689333901147,-4.12061069360888));
#14368=CARTESIAN_POINT('',(1.25,-1.46498990237579,-4.14319956618847));
#14369=CARTESIAN_POINT('',(1.25,-1.48459560984351,-4.16669192022707));
#14370=CARTESIAN_POINT('',(1.25,-1.50574705301571,-4.191035710012));
#14371=CARTESIAN_POINT('',(1.25,-1.52851035385679,-4.21617882447289));
#14372=CARTESIAN_POINT('',(1.25,-1.55174573176877,-4.2409088005567));
#14373=CARTESIAN_POINT('',(1.25,-1.56787113042025,-4.25727262344219));
#14374=CARTESIAN_POINT('',(1.25,-1.57548459430222,-4.26497667882184));
#14375=CARTESIAN_POINT('',(-1.35,-7.68433288924046E-13,-2.36666104490644E-12));
#14376=CARTESIAN_POINT('',(-1.25,-7.68433288924046E-13,-2.36666104490644E-12));
#14377=CARTESIAN_POINT('',(-1.25,-1.28501024673173,-4.01609592061398));
#14378=CARTESIAN_POINT('',(-1.25,-1.32100682637695,-4.00439992289023));
#14379=CARTESIAN_POINT('',(-1.35,-1.28501024673173,-4.01609592061398));
#14380=CARTESIAN_POINT('',(1.25,-1.28501024673173,-4.01609592061398));
#14381=CARTESIAN_POINT('',(1.25,-7.68433288924046E-13,-2.36666104490644E-12));
#14382=CARTESIAN_POINT('',(1.25,-1.32100682637695,-4.00439992289023));
#14383=CARTESIAN_POINT('',(-1.35,-1.32100682637695,-4.00439992289023));
#14384=CARTESIAN_POINT('',(-1.25,-1.25034521415587,-4.06671912461849));
#14385=CARTESIAN_POINT('',(1.25,-1.25034521415587,-4.06671912461849));
#14386=CARTESIAN_POINT('',(-1.25,-1.25552028072631,-4.15248197926306));
#14387=CARTESIAN_POINT('',(1.25,-1.25552028072631,-4.15248197926306));
#14388=CARTESIAN_POINT('',(-1.25,-1.24999901145088,-4.26027227320585));
#14389=CARTESIAN_POINT('',(1.25,-1.24999901145088,-4.26027227320585));
#14390=CARTESIAN_POINT('',(-1.25,-1.23229658201639,-4.37648522352453));
#14391=CARTESIAN_POINT('',(1.25,-1.23229658201639,-4.37648522352453));
#14392=CARTESIAN_POINT('',(-1.35,-1.25034521385678,-4.06671911966188));
#14393=CARTESIAN_POINT('',(-1.25,-1.25034521385678,-4.06671911966188));
#14394=CARTESIAN_POINT('',(1.25,-1.25034521385678,-4.06671911966192));
#14395=CARTESIAN_POINT('',(-1.25,-1.24720896945137,-4.02799547719421));
#14396=CARTESIAN_POINT('',(-1.25,-1.24778359744211,-4.03357017461441));
#14397=CARTESIAN_POINT('',(-1.25,-1.24887801434136,-4.04532971379976));
#14398=CARTESIAN_POINT('',(-1.25,-1.25025941140144,-4.06424965433315));
#14399=CARTESIAN_POINT('',(-1.25,-1.25135222624943,-4.08489497239498));
#14400=CARTESIAN_POINT('',(-1.25,-1.25208632391871,-4.10721107387067));
#14401=CARTESIAN_POINT('',(-1.25,-1.25239528702686,-4.13119120867691));
#14402=CARTESIAN_POINT('',(-1.25,-1.25221286544467,-4.15682661863638));
#14403=CARTESIAN_POINT('',(-1.25,-1.25147289583377,-4.18410664464389));
#14404=CARTESIAN_POINT('',(-1.25,-1.25010987470044,-4.21301831950727));
#14405=CARTESIAN_POINT('',(-1.25,-1.24805698341784,-4.24354797887264));
#14406=CARTESIAN_POINT('',(-1.25,-1.24525402705646,-4.27567502487747));
#14407=CARTESIAN_POINT('',(-1.25,-1.24161688170477,-4.30939616429573));
#14408=CARTESIAN_POINT('',(-1.25,-1.23735498133486,-4.34306054768612));
#14409=CARTESIAN_POINT('',(-1.25,-1.23392767354796,-4.3657774300081));
#14410=CARTESIAN_POINT('',(-1.25,-1.23229658201639,-4.37648522352453));
#14411=CARTESIAN_POINT('',(1.25,-1.24720896945137,-4.02799547719421));
#14412=CARTESIAN_POINT('',(1.25,-1.24778359744211,-4.03357017461441));
#14413=CARTESIAN_POINT('',(1.25,-1.24887801434136,-4.04532971379976));
#14414=CARTESIAN_POINT('',(1.25,-1.25025941140144,-4.06424965433315));
#14415=CARTESIAN_POINT('',(1.25,-1.25135222624943,-4.08489497239498));
#14416=CARTESIAN_POINT('',(1.25,-1.25208632391871,-4.10721107387067));
#14417=CARTESIAN_POINT('',(1.25,-1.25239528702686,-4.13119120867691));
#14418=CARTESIAN_POINT('',(1.25,-1.25221286544467,-4.15682661863638));
#14419=CARTESIAN_POINT('',(1.25,-1.25147289583377,-4.18410664464389));
#14420=CARTESIAN_POINT('',(1.25,-1.25010987470044,-4.21301831950727));
#14421=CARTESIAN_POINT('',(1.25,-1.24805698341784,-4.24354797887264));
#14422=CARTESIAN_POINT('',(1.25,-1.24525402705646,-4.27567502487747));
#14423=CARTESIAN_POINT('',(1.25,-1.24161688170477,-4.30939616429573));
#14424=CARTESIAN_POINT('',(1.25,-1.23735498133486,-4.34306054768612));
#14425=CARTESIAN_POINT('',(1.25,-1.23392767354796,-4.3657774300081));
#14426=CARTESIAN_POINT('',(1.25,-1.23229658201639,-4.37648522352453));
#14427=CARTESIAN_POINT('',(-0.05,-1.30024448493803,-4.06370811831405));
#14428=CARTESIAN_POINT('',(-1.25,-1.30024448493803,-4.06370811831405));
#14429=CARTESIAN_POINT('',(1.25,-1.30024448493803,-4.06370811831405));
#14430=CARTESIAN_POINT('',(-0.05,-1.33666781640902,-4.0518734605167));
#14431=CARTESIAN_POINT('',(-1.25,-1.33666781640902,-4.0518734605167));
#14432=CARTESIAN_POINT('',(1.25,-1.33666781640902,-4.0518734605167));
#14433=CARTESIAN_POINT('',(-1.25,-0.950528843349978,-4.14705467905358));
#14434=CARTESIAN_POINT('',(1.25,-0.950528843349978,-4.14705467905358));
#14435=CARTESIAN_POINT('',(-1.25,-0.988928531555982,-4.22391502316205));
#14436=CARTESIAN_POINT('',(1.25,-0.988928531555982,-4.22391502316205));
#14437=CARTESIAN_POINT('',(-1.25,-1.04760523798104,-4.31450352136022));
#14438=CARTESIAN_POINT('',(1.25,-1.04760523798104,-4.31450352136022));
#14439=CARTESIAN_POINT('',(-1.25,-1.12104246673933,-4.40629567386765));
#14440=CARTESIAN_POINT('',(1.25,-1.12104246673933,-4.40629567386765));
#14441=CARTESIAN_POINT('',(-1.25,-0.933883087224408,-4.11195089430469));
#14442=CARTESIAN_POINT('',(-1.25,-0.936172793496807,-4.11706603788437));
#14443=CARTESIAN_POINT('',(-1.25,-0.941104770252396,-4.1277973060053));
#14444=CARTESIAN_POINT('',(-1.25,-0.949368415572348,-4.14487315367534));
#14445=CARTESIAN_POINT('',(-1.25,-0.95874466918327,-4.1632989310101));
#14446=CARTESIAN_POINT('',(-1.25,-0.969266972690656,-4.18299229063612));
#14447=CARTESIAN_POINT('',(-1.25,-0.980989470193293,-4.20391417811858));
#14448=CARTESIAN_POINT('',(-1.25,-0.993965156897401,-4.22602388358882));
#14449=CARTESIAN_POINT('',(-1.25,-1.00824600238223,-4.24927909432176));
#14450=CARTESIAN_POINT('',(-1.25,-1.02388225074127,-4.27363582865274));
#14451=CARTESIAN_POINT('',(-1.25,-1.0409249364259,-4.29904884359074));
#14452=CARTESIAN_POINT('',(-1.25,-1.05941589084296,-4.32547020339878));
#14453=CARTESIAN_POINT('',(-1.25,-1.07942632082391,-4.3528549941037));
#14454=CARTESIAN_POINT('',(-1.25,-1.09994942650785,-4.37987825513757));
#14455=CARTESIAN_POINT('',(-1.25,-1.11427600327888,-4.39783799842974));
#14456=CARTESIAN_POINT('',(-1.25,-1.12104246673933,-4.40629567386765));
#14457=CARTESIAN_POINT('',(-1.25,-0.950528841130682,-4.14705467461147));
#14458=CARTESIAN_POINT('',(1.25,-0.950528841130682,-4.14705467461147));
#14459=CARTESIAN_POINT('',(1.25,-0.950528841130696,-4.1470546746115));
#14460=CARTESIAN_POINT('',(1.25,-0.933883087224408,-4.11195089430469));
#14461=CARTESIAN_POINT('',(1.25,-0.936172793496807,-4.11706603788437));
#14462=CARTESIAN_POINT('',(1.25,-0.941104770252396,-4.1277973060053));
#14463=CARTESIAN_POINT('',(1.25,-0.949368415572348,-4.14487315367534));
#14464=CARTESIAN_POINT('',(1.25,-0.95874466918327,-4.1632989310101));
#14465=CARTESIAN_POINT('',(1.25,-0.969266972690656,-4.18299229063612));
#14466=CARTESIAN_POINT('',(1.25,-0.980989470193293,-4.20391417811858));
#14467=CARTESIAN_POINT('',(1.25,-0.993965156897401,-4.22602388358882));
#14468=CARTESIAN_POINT('',(1.25,-1.00824600238223,-4.24927909432176));
#14469=CARTESIAN_POINT('',(1.25,-1.02388225074127,-4.27363582865274));
#14470=CARTESIAN_POINT('',(1.25,-1.0409249364259,-4.29904884359074));
#14471=CARTESIAN_POINT('',(1.25,-1.05941589084296,-4.32547020339878));
#14472=CARTESIAN_POINT('',(1.25,-1.07942632082391,-4.3528549941037));
#14473=CARTESIAN_POINT('',(1.25,-1.09994942650785,-4.37987825513757));
#14474=CARTESIAN_POINT('',(1.25,-1.11427600327888,-4.39783799842974));
#14475=CARTESIAN_POINT('',(1.25,-1.12104246673933,-4.40629567386765));
#14476=CARTESIAN_POINT('',(-1.35,-5.16840288865329E-13,-2.43401937888955E-12));
#14477=CARTESIAN_POINT('',(-1.25,-5.16840288865329E-13,-2.43401937888955E-12));
#14478=CARTESIAN_POINT('',(-1.25,-0.858174491230019,-4.12841547332386));
#14479=CARTESIAN_POINT('',(-1.25,-0.895196442514004,-4.12054621465262));
#14480=CARTESIAN_POINT('',(-1.35,-0.858174491230019,-4.12841547332386));
#14481=CARTESIAN_POINT('',(1.25,-0.858174491230019,-4.12841547332386));
#14482=CARTESIAN_POINT('',(1.25,-5.16840288865329E-13,-2.43401937888955E-12));
#14483=CARTESIAN_POINT('',(1.25,-0.895196442514003,-4.12054621465262));
#14484=CARTESIAN_POINT('',(-1.35,-0.895196442514004,-4.12054621465262));
#14485=CARTESIAN_POINT('',(-1.25,-0.818407791609398,-4.17513787553576));
#14486=CARTESIAN_POINT('',(1.25,-0.818407791609398,-4.17513787553576));
#14487=CARTESIAN_POINT('',(-1.25,-0.814589849222247,-4.26097185404496));
#14488=CARTESIAN_POINT('',(1.25,-0.814589849222247,-4.26097185404496));
#14489=CARTESIAN_POINT('',(-1.25,-0.797831672256602,-4.36759453168667));
#14490=CARTESIAN_POINT('',(1.25,-0.797831672256602,-4.36759453168667));
#14491=CARTESIAN_POINT('',(-1.25,-0.768078657474178,-4.48132044755901));
#14492=CARTESIAN_POINT('',(1.25,-0.768078657474178,-4.48132044755901));
#14493=CARTESIAN_POINT('',(-1.35,-0.818407791830053,-4.17513787057505));
#14494=CARTESIAN_POINT('',(-1.25,-0.818407791830053,-4.17513787057505));
#14495=CARTESIAN_POINT('',(1.25,-0.818407791830052,-4.17513787057508));
#14496=CARTESIAN_POINT('',(-1.25,-0.819336450938919,-4.13629853346441));
#14497=CARTESIAN_POINT('',(-1.25,-0.819325216502881,-4.14190275708967));
#14498=CARTESIAN_POINT('',(-1.25,-0.819184431512067,-4.15371227400559));
#14499=CARTESIAN_POINT('',(-1.25,-0.818580588825445,-4.17267296443696));
#14500=CARTESIAN_POINT('',(-1.25,-0.817509393748681,-4.193319415543));
#14501=CARTESIAN_POINT('',(-1.25,-0.815906802160744,-4.21559000118109));
#14502=CARTESIAN_POINT('',(-1.25,-0.813707466096406,-4.23947106573868));
#14503=CARTESIAN_POINT('',(-1.25,-0.810846413830436,-4.26494697399246));
#14504=CARTESIAN_POINT('',(-1.25,-0.807258958654016,-4.29200020927685));
#14505=CARTESIAN_POINT('',(-1.25,-0.802881311349115,-4.32061102845578));
#14506=CARTESIAN_POINT('',(-1.25,-0.797648447642204,-4.35075885758176));
#14507=CARTESIAN_POINT('',(-1.25,-0.79150265542084,-4.382416919546));
#14508=CARTESIAN_POINT('',(-1.25,-0.784360615848927,-4.41557314581993));
#14509=CARTESIAN_POINT('',(-1.25,-0.776603176352518,-4.44860762229948));
#14510=CARTESIAN_POINT('',(-1.25,-0.770820082916934,-4.47084180794708));
#14511=CARTESIAN_POINT('',(-1.25,-0.768078657474178,-4.48132044755901));
#14512=CARTESIAN_POINT('',(1.25,-0.819336450938919,-4.13629853346441));
#14513=CARTESIAN_POINT('',(1.25,-0.819325216502881,-4.14190275708967));
#14514=CARTESIAN_POINT('',(1.25,-0.819184431512067,-4.15371227400559));
#14515=CARTESIAN_POINT('',(1.25,-0.818580588825445,-4.17267296443696));
#14516=CARTESIAN_POINT('',(1.25,-0.817509393748681,-4.193319415543));
#14517=CARTESIAN_POINT('',(1.25,-0.815906802160744,-4.21559000118109));
#14518=CARTESIAN_POINT('',(1.25,-0.813707466096406,-4.23947106573868));
#14519=CARTESIAN_POINT('',(1.25,-0.810846413830436,-4.26494697399246));
#14520=CARTESIAN_POINT('',(1.25,-0.807258958654016,-4.29200020927685));
#14521=CARTESIAN_POINT('',(1.25,-0.802881311349115,-4.32061102845578));
#14522=CARTESIAN_POINT('',(1.25,-0.797648447642204,-4.35075885758176));
#14523=CARTESIAN_POINT('',(1.25,-0.79150265542084,-4.382416919546));
#14524=CARTESIAN_POINT('',(1.25,-0.784360615848927,-4.41557314581993));
#14525=CARTESIAN_POINT('',(1.25,-0.776603176352518,-4.44860762229948));
#14526=CARTESIAN_POINT('',(1.25,-0.770820082916934,-4.47084180794708));
#14527=CARTESIAN_POINT('',(1.25,-0.768078657474178,-4.48132044755901));
#14528=CARTESIAN_POINT('',(-0.05,-0.868348444827062,-4.17735925793194));
#14529=CARTESIAN_POINT('',(-1.25,-0.868348444827062,-4.17735925793194));
#14530=CARTESIAN_POINT('',(1.25,-0.868348444827062,-4.17735925793194));
#14531=CARTESIAN_POINT('',(-0.05,-0.905809304070074,-4.16939670649404));
#14532=CARTESIAN_POINT('',(-1.25,-0.905809304070074,-4.16939670649404));
#14533=CARTESIAN_POINT('',(1.25,-0.905809304070074,-4.16939670649404));
#14534=CARTESIAN_POINT('',(-1.25,4.22369399889519,-0.511836494202231));
#14535=CARTESIAN_POINT('',(1.25,4.22369399889519,-0.511836494202231));
#14536=CARTESIAN_POINT('',(-1.25,4.30414715439473,-0.541991731242532));
#14537=CARTESIAN_POINT('',(1.25,4.30414715439473,-0.541991731242532));
#14538=CARTESIAN_POINT('',(-1.25,4.40037278527358,-0.590877924023969));
#14539=CARTESIAN_POINT('',(1.25,4.40037278527358,-0.590877924023969));
#14540=CARTESIAN_POINT('',(-1.25,4.49933837143392,-0.654317963317628));
#14541=CARTESIAN_POINT('',(1.25,4.49933837143392,-0.654317963317628));
#14542=CARTESIAN_POINT('',(-1.25,4.18704256104439,-0.49895126994507));
#14543=CARTESIAN_POINT('',(-1.25,4.19236902281032,-0.500693754869156));
#14544=CARTESIAN_POINT('',(-1.25,4.20355703587278,-0.504476990774443));
#14545=CARTESIAN_POINT('',(-1.25,4.2214031264089,-0.510910454864749));
#14546=CARTESIAN_POINT('',(-1.25,4.24070805078865,-0.518309326188024));
#14547=CARTESIAN_POINT('',(-1.25,4.26139340834576,-0.526715470797544));
#14548=CARTESIAN_POINT('',(-1.25,4.2834260181891,-0.536186818485117));
#14549=CARTESIAN_POINT('',(-1.25,4.30677093297042,-0.546780329483687));
#14550=CARTESIAN_POINT('',(-1.25,4.33139150405843,-0.558552111561836));
#14551=CARTESIAN_POINT('',(-1.25,4.3572492426625,-0.571556730906482));
#14552=CARTESIAN_POINT('',(-1.25,4.38430448819023,-0.585849671577264));
#14553=CARTESIAN_POINT('',(-1.25,4.41251394007429,-0.601477546473112));
#14554=CARTESIAN_POINT('',(-1.25,4.44184037352565,-0.618515867135604));
#14555=CARTESIAN_POINT('',(-1.25,4.4708608470067,-0.636101845150891));
#14556=CARTESIAN_POINT('',(-1.25,4.49021973999972,-0.648472635068343));
#14557=CARTESIAN_POINT('',(-1.25,4.49933837143392,-0.654317963317628));
#14558=CARTESIAN_POINT('',(-1.25,4.22369399424543,-0.511836492459419));
#14559=CARTESIAN_POINT('',(1.25,4.22369399424543,-0.511836492459419));
#14560=CARTESIAN_POINT('',(1.25,4.22369399424546,-0.51183649245943));
#14561=CARTESIAN_POINT('',(1.25,4.18704256104439,-0.49895126994507));
#14562=CARTESIAN_POINT('',(1.25,4.19236902281032,-0.500693754869156));
#14563=CARTESIAN_POINT('',(1.25,4.20355703587278,-0.504476990774443));
#14564=CARTESIAN_POINT('',(1.25,4.2214031264089,-0.510910454864749));
#14565=CARTESIAN_POINT('',(1.25,4.24070805078865,-0.518309326188024));
#14566=CARTESIAN_POINT('',(1.25,4.26139340834576,-0.526715470797544));
#14567=CARTESIAN_POINT('',(1.25,4.2834260181891,-0.536186818485117));
#14568=CARTESIAN_POINT('',(1.25,4.30677093297042,-0.546780329483687));
#14569=CARTESIAN_POINT('',(1.25,4.33139150405843,-0.558552111561836));
#14570=CARTESIAN_POINT('',(1.25,4.3572492426625,-0.571556730906482));
#14571=CARTESIAN_POINT('',(1.25,4.38430448819023,-0.585849671577264));
#14572=CARTESIAN_POINT('',(1.25,4.41251394007429,-0.601477546473112));
#14573=CARTESIAN_POINT('',(1.25,4.44184037352565,-0.618515867135604));
#14574=CARTESIAN_POINT('',(1.25,4.4708608470067,-0.636101845150891));
#14575=CARTESIAN_POINT('',(1.25,4.49021973999972,-0.648472635068343));
#14576=CARTESIAN_POINT('',(1.25,4.49933837143392,-0.654317963317628));
#14577=CARTESIAN_POINT('',(-1.35,2.47471008720625E-12,-2.5958467844602E-13));
#14578=CARTESIAN_POINT('',(-1.25,2.47471008720625E-12,-2.5958467844602E-13));
#14579=CARTESIAN_POINT('',(-1.25,4.19550324218153,-0.421936396417836));
#14580=CARTESIAN_POINT('',(-1.25,4.19154693980755,-0.459578099094978));
#14581=CARTESIAN_POINT('',(-1.35,4.19550324218153,-0.421936396417836));
#14582=CARTESIAN_POINT('',(1.25,4.19550324218153,-0.421936396417836));
#14583=CARTESIAN_POINT('',(1.25,2.47471008720625E-12,-2.5958467844602E-13));
#14584=CARTESIAN_POINT('',(1.25,4.19154693980755,-0.459578099094977));
#14585=CARTESIAN_POINT('',(-1.35,4.19154693980755,-0.459578099094978));
#14586=CARTESIAN_POINT('',(-1.25,4.2378129421849,-0.377503722035213));
#14587=CARTESIAN_POINT('',(1.25,4.2378129421849,-0.377503722035213));
#14588=CARTESIAN_POINT('',(-1.25,4.3227776295283,-0.36473460086622));
#14589=CARTESIAN_POINT('',(1.25,4.3227776295283,-0.36473460086622));
#14590=CARTESIAN_POINT('',(-1.25,4.42706451050031,-0.336923122304065));
#14591=CARTESIAN_POINT('',(1.25,4.42706451050031,-0.336923122304065));
#14592=CARTESIAN_POINT('',(-1.25,4.53705738699344,-0.295445502429882));
#14593=CARTESIAN_POINT('',(1.25,4.53705738699344,-0.295445502429882));
#14594=CARTESIAN_POINT('',(-1.35,4.23781293727442,-0.377503722773195));
#14595=CARTESIAN_POINT('',(-1.25,4.23781293727442,-0.377503722773195));
#14596=CARTESIAN_POINT('',(1.25,4.23781293727445,-0.37750372277319));
#14597=CARTESIAN_POINT('',(-1.25,4.19928343742584,-0.382487110812805));
#14598=CARTESIAN_POINT('',(-1.25,4.20485578620938,-0.381890137036825));
#14599=CARTESIAN_POINT('',(-1.25,4.21658589331724,-0.380515692625768));
#14600=CARTESIAN_POINT('',(-1.25,4.23537959635445,-0.377933226019279));
#14601=CARTESIAN_POINT('',(-1.25,4.25580097366582,-0.374709757255183));
#14602=CARTESIAN_POINT('',(-1.25,4.27778204226964,-0.370788034738825));
#14603=CARTESIAN_POINT('',(-1.25,4.30130239063786,-0.366104495888168));
#14604=CARTESIAN_POINT('',(-1.25,4.32633967780395,-0.360596159225751));
#14605=CARTESIAN_POINT('',(-1.25,4.35286972145819,-0.354200523393454));
#14606=CARTESIAN_POINT('',(-1.25,4.38086621883055,-0.346856212336928));
#14607=CARTESIAN_POINT('',(-1.25,4.41030191179239,-0.338500708555532));
#14608=CARTESIAN_POINT('',(-1.25,4.44114413736428,-0.329079415059849));
#14609=CARTESIAN_POINT('',(-1.25,4.47337218394044,-0.318510730947826));
#14610=CARTESIAN_POINT('',(-1.25,4.50541482087194,-0.307342744455393));
#14611=CARTESIAN_POINT('',(-1.25,4.5269227074544,-0.299267226152993));
#14612=CARTESIAN_POINT('',(-1.25,4.53705738699344,-0.295445502429882));
#14613=CARTESIAN_POINT('',(1.25,4.19928343742584,-0.382487110812805));
#14614=CARTESIAN_POINT('',(1.25,4.20485578620938,-0.381890137036825));
#14615=CARTESIAN_POINT('',(1.25,4.21658589331724,-0.380515692625768));
#14616=CARTESIAN_POINT('',(1.25,4.23537959635445,-0.377933226019279));
#14617=CARTESIAN_POINT('',(1.25,4.25580097366582,-0.374709757255183));
#14618=CARTESIAN_POINT('',(1.25,4.27778204226964,-0.370788034738825));
#14619=CARTESIAN_POINT('',(1.25,4.30130239063786,-0.366104495888168));
#14620=CARTESIAN_POINT('',(1.25,4.32633967780395,-0.360596159225751));
#14621=CARTESIAN_POINT('',(1.25,4.35286972145819,-0.354200523393454));
#14622=CARTESIAN_POINT('',(1.25,4.38086621883055,-0.346856212336928));
#14623=CARTESIAN_POINT('',(1.25,4.41030191179239,-0.338500708555532));
#14624=CARTESIAN_POINT('',(1.25,4.44114413736428,-0.329079415059849));
#14625=CARTESIAN_POINT('',(1.25,4.47337218394044,-0.318510730947826));
#14626=CARTESIAN_POINT('',(1.25,4.50541482087194,-0.307342744455393));
#14627=CARTESIAN_POINT('',(1.25,4.5269227074544,-0.299267226152993));
#14628=CARTESIAN_POINT('',(1.25,4.53705738699344,-0.295445502429882));
#14629=CARTESIAN_POINT('',(-0.05,4.24524237535131,-0.426938597440971));
#14630=CARTESIAN_POINT('',(-1.25,4.24524237535131,-0.426938597440971));
#14631=CARTESIAN_POINT('',(1.25,4.24524237535131,-0.426938597440971));
#14632=CARTESIAN_POINT('',(-0.05,4.24123916965268,-0.465026555442949));
#14633=CARTESIAN_POINT('',(-1.25,4.24123916965268,-0.465026555442949));
#14634=CARTESIAN_POINT('',(1.25,4.24123916965268,-0.465026555442949));
#14635=CARTESIAN_POINT('',(-1.25,4.14705467905358,-0.950528843349978));
#14636=CARTESIAN_POINT('',(1.25,4.14705467905358,-0.950528843349978));
#14637=CARTESIAN_POINT('',(-1.25,4.22391502316205,-0.988928531555982));
#14638=CARTESIAN_POINT('',(1.25,4.22391502316205,-0.988928531555982));
#14639=CARTESIAN_POINT('',(-1.25,4.31450352136022,-1.04760523798104));
#14640=CARTESIAN_POINT('',(1.25,4.31450352136022,-1.04760523798104));
#14641=CARTESIAN_POINT('',(-1.25,4.40629567386765,-1.12104246673933));
#14642=CARTESIAN_POINT('',(1.25,4.40629567386765,-1.12104246673933));
#14643=CARTESIAN_POINT('',(-1.25,4.11195089430469,-0.933883087224408));
#14644=CARTESIAN_POINT('',(-1.25,4.11706603788437,-0.936172793496807));
#14645=CARTESIAN_POINT('',(-1.25,4.1277973060053,-0.941104770252396));
#14646=CARTESIAN_POINT('',(-1.25,4.14487315367534,-0.949368415572348));
#14647=CARTESIAN_POINT('',(-1.25,4.1632989310101,-0.95874466918327));
#14648=CARTESIAN_POINT('',(-1.25,4.18299229063612,-0.969266972690656));
#14649=CARTESIAN_POINT('',(-1.25,4.20391417811858,-0.980989470193293));
#14650=CARTESIAN_POINT('',(-1.25,4.22602388358882,-0.993965156897401));
#14651=CARTESIAN_POINT('',(-1.25,4.24927909432176,-1.00824600238223));
#14652=CARTESIAN_POINT('',(-1.25,4.27363582865274,-1.02388225074127));
#14653=CARTESIAN_POINT('',(-1.25,4.29904884359074,-1.0409249364259));
#14654=CARTESIAN_POINT('',(-1.25,4.32547020339878,-1.05941589084296));
#14655=CARTESIAN_POINT('',(-1.25,4.3528549941037,-1.07942632082391));
#14656=CARTESIAN_POINT('',(-1.25,4.37987825513757,-1.09994942650785));
#14657=CARTESIAN_POINT('',(-1.25,4.39783799842974,-1.11427600327888));
#14658=CARTESIAN_POINT('',(-1.25,4.40629567386765,-1.12104246673933));
#14659=CARTESIAN_POINT('',(-1.25,4.14705467461147,-0.950528841130682));
#14660=CARTESIAN_POINT('',(1.25,4.14705467461147,-0.950528841130682));
#14661=CARTESIAN_POINT('',(1.25,4.1470546746115,-0.950528841130696));
#14662=CARTESIAN_POINT('',(1.25,4.11195089430469,-0.933883087224408));
#14663=CARTESIAN_POINT('',(1.25,4.11706603788437,-0.936172793496807));
#14664=CARTESIAN_POINT('',(1.25,4.1277973060053,-0.941104770252396));
#14665=CARTESIAN_POINT('',(1.25,4.14487315367534,-0.949368415572348));
#14666=CARTESIAN_POINT('',(1.25,4.1632989310101,-0.95874466918327));
#14667=CARTESIAN_POINT('',(1.25,4.18299229063612,-0.969266972690656));
#14668=CARTESIAN_POINT('',(1.25,4.20391417811858,-0.980989470193293));
#14669=CARTESIAN_POINT('',(1.25,4.22602388358882,-0.993965156897401));
#14670=CARTESIAN_POINT('',(1.25,4.24927909432176,-1.00824600238223));
#14671=CARTESIAN_POINT('',(1.25,4.27363582865274,-1.02388225074127));
#14672=CARTESIAN_POINT('',(1.25,4.29904884359074,-1.0409249364259));
#14673=CARTESIAN_POINT('',(1.25,4.32547020339878,-1.05941589084296));
#14674=CARTESIAN_POINT('',(1.25,4.3528549941037,-1.07942632082391));
#14675=CARTESIAN_POINT('',(1.25,4.37987825513757,-1.09994942650785));
#14676=CARTESIAN_POINT('',(1.25,4.39783799842974,-1.11427600327888));
#14677=CARTESIAN_POINT('',(1.25,4.40629567386765,-1.12104246673933));
#14678=CARTESIAN_POINT('',(-1.35,2.43401937888955E-12,-5.16840288865329E-13));
#14679=CARTESIAN_POINT('',(-1.25,2.43401937888955E-12,-5.16840288865329E-13));
#14680=CARTESIAN_POINT('',(-1.25,4.12841547332386,-0.858174491230019));
#14681=CARTESIAN_POINT('',(-1.25,4.12054621465262,-0.895196442514004));
#14682=CARTESIAN_POINT('',(-1.35,4.12841547332386,-0.858174491230019));
#14683=CARTESIAN_POINT('',(1.25,4.12841547332386,-0.858174491230019));
#14684=CARTESIAN_POINT('',(1.25,2.43401937888955E-12,-5.16840288865329E-13));
#14685=CARTESIAN_POINT('',(1.25,4.12054621465262,-0.895196442514003));
#14686=CARTESIAN_POINT('',(-1.35,4.12054621465262,-0.895196442514004));
#14687=CARTESIAN_POINT('',(-1.25,4.17513787553576,-0.818407791609398));
#14688=CARTESIAN_POINT('',(1.25,4.17513787553576,-0.818407791609398));
#14689=CARTESIAN_POINT('',(-1.25,4.26097185404496,-0.814589849222247));
#14690=CARTESIAN_POINT('',(1.25,4.26097185404496,-0.814589849222247));
#14691=CARTESIAN_POINT('',(-1.25,4.36759453168667,-0.797831672256602));
#14692=CARTESIAN_POINT('',(1.25,4.36759453168667,-0.797831672256602));
#14693=CARTESIAN_POINT('',(-1.25,4.48132044755901,-0.768078657474178));
#14694=CARTESIAN_POINT('',(1.25,4.48132044755901,-0.768078657474178));
#14695=CARTESIAN_POINT('',(-1.35,4.17513787057505,-0.818407791830053));
#14696=CARTESIAN_POINT('',(-1.25,4.17513787057505,-0.818407791830053));
#14697=CARTESIAN_POINT('',(1.25,4.17513787057508,-0.818407791830052));
#14698=CARTESIAN_POINT('',(-1.25,4.13629853346441,-0.819336450938919));
#14699=CARTESIAN_POINT('',(-1.25,4.14190275708967,-0.819325216502881));
#14700=CARTESIAN_POINT('',(-1.25,4.15371227400559,-0.819184431512067));
#14701=CARTESIAN_POINT('',(-1.25,4.17267296443696,-0.818580588825445));
#14702=CARTESIAN_POINT('',(-1.25,4.193319415543,-0.817509393748681));
#14703=CARTESIAN_POINT('',(-1.25,4.21559000118109,-0.815906802160744));
#14704=CARTESIAN_POINT('',(-1.25,4.23947106573868,-0.813707466096406));
#14705=CARTESIAN_POINT('',(-1.25,4.26494697399246,-0.810846413830436));
#14706=CARTESIAN_POINT('',(-1.25,4.29200020927685,-0.807258958654016));
#14707=CARTESIAN_POINT('',(-1.25,4.32061102845578,-0.802881311349115));
#14708=CARTESIAN_POINT('',(-1.25,4.35075885758176,-0.797648447642204));
#14709=CARTESIAN_POINT('',(-1.25,4.382416919546,-0.79150265542084));
#14710=CARTESIAN_POINT('',(-1.25,4.41557314581993,-0.784360615848927));
#14711=CARTESIAN_POINT('',(-1.25,4.44860762229948,-0.776603176352518));
#14712=CARTESIAN_POINT('',(-1.25,4.47084180794708,-0.770820082916934));
#14713=CARTESIAN_POINT('',(-1.25,4.48132044755901,-0.768078657474178));
#14714=CARTESIAN_POINT('',(1.25,4.13629853346441,-0.819336450938919));
#14715=CARTESIAN_POINT('',(1.25,4.14190275708967,-0.819325216502881));
#14716=CARTESIAN_POINT('',(1.25,4.15371227400559,-0.819184431512067));
#14717=CARTESIAN_POINT('',(1.25,4.17267296443696,-0.818580588825445));
#14718=CARTESIAN_POINT('',(1.25,4.193319415543,-0.817509393748681));
#14719=CARTESIAN_POINT('',(1.25,4.21559000118109,-0.815906802160744));
#14720=CARTESIAN_POINT('',(1.25,4.23947106573868,-0.813707466096406));
#14721=CARTESIAN_POINT('',(1.25,4.26494697399246,-0.810846413830436));
#14722=CARTESIAN_POINT('',(1.25,4.29200020927685,-0.807258958654016));
#14723=CARTESIAN_POINT('',(1.25,4.32061102845578,-0.802881311349115));
#14724=CARTESIAN_POINT('',(1.25,4.35075885758176,-0.797648447642204));
#14725=CARTESIAN_POINT('',(1.25,4.382416919546,-0.79150265542084));
#14726=CARTESIAN_POINT('',(1.25,4.41557314581993,-0.784360615848927));
#14727=CARTESIAN_POINT('',(1.25,4.44860762229948,-0.776603176352518));
#14728=CARTESIAN_POINT('',(1.25,4.47084180794708,-0.770820082916934));
#14729=CARTESIAN_POINT('',(1.25,4.48132044755901,-0.768078657474178));
#14730=CARTESIAN_POINT('',(-0.05,4.17735925793194,-0.868348444827062));
#14731=CARTESIAN_POINT('',(-1.25,4.17735925793194,-0.868348444827062));
#14732=CARTESIAN_POINT('',(1.25,4.17735925793194,-0.868348444827062));
#14733=CARTESIAN_POINT('',(-0.05,4.16939670649404,-0.905809304070074));
#14734=CARTESIAN_POINT('',(-1.25,4.16939670649404,-0.905809304070074));
#14735=CARTESIAN_POINT('',(1.25,4.16939670649404,-0.905809304070074));
#14736=CARTESIAN_POINT('',(-1.25,4.02497936032128,-1.37880699957904));
#14737=CARTESIAN_POINT('',(1.25,4.02497936032128,-1.37880699957904));
#14738=CARTESIAN_POINT('',(-1.25,4.09740479502459,-1.4250304239311));
#14739=CARTESIAN_POINT('',(1.25,4.09740479502459,-1.4250304239311));
#14740=CARTESIAN_POINT('',(-1.25,4.18136365399894,-1.49285476972528));
#14741=CARTESIAN_POINT('',(1.25,4.18136365399894,-1.49285476972528));
#14742=CARTESIAN_POINT('',(-1.25,4.26497667882184,-1.57548459430222));
#14743=CARTESIAN_POINT('',(1.25,4.26497667882184,-1.57548459430222));
#14744=CARTESIAN_POINT('',(-1.25,3.99180783308595,-1.35858308597252));
#14745=CARTESIAN_POINT('',(-1.25,3.9966556158959,-1.36139492709215));
#14746=CARTESIAN_POINT('',(-1.25,4.0068125650561,-1.36742160892863));
#14747=CARTESIAN_POINT('',(-1.25,4.02293108329965,-1.37742489725082));
#14748=CARTESIAN_POINT('',(-1.25,4.04027583691709,-1.38867580495272));
#14749=CARTESIAN_POINT('',(-1.25,4.05876143404286,-1.40119898279881));
#14750=CARTESIAN_POINT('',(-1.25,4.07834337458699,-1.41504419598079));
#14751=CARTESIAN_POINT('',(-1.25,4.09897563218627,-1.43025989405157));
#14752=CARTESIAN_POINT('',(-1.25,4.12061069360888,-1.44689333901147));
#14753=CARTESIAN_POINT('',(-1.25,4.14319956618847,-1.46498990237579));
#14754=CARTESIAN_POINT('',(-1.25,4.16669192022707,-1.48459560984351));
#14755=CARTESIAN_POINT('',(-1.25,4.191035710012,-1.50574705301571));
#14756=CARTESIAN_POINT('',(-1.25,4.21617882447289,-1.52851035385679));
#14757=CARTESIAN_POINT('',(-1.25,4.2409088005567,-1.55174573176877));
#14758=CARTESIAN_POINT('',(-1.25,4.25727262344219,-1.56787113042025));
#14759=CARTESIAN_POINT('',(-1.25,4.26497667882184,-1.57548459430222));
#14760=CARTESIAN_POINT('',(-1.25,4.02497935613548,-1.37880699690757));
#14761=CARTESIAN_POINT('',(1.25,4.02497935613548,-1.37880699690757));
#14762=CARTESIAN_POINT('',(1.25,4.02497935613551,-1.37880699690759));
#14763=CARTESIAN_POINT('',(1.25,3.99180783308595,-1.35858308597252));
#14764=CARTESIAN_POINT('',(1.25,3.9966556158959,-1.36139492709215));
#14765=CARTESIAN_POINT('',(1.25,4.0068125650561,-1.36742160892863));
#14766=CARTESIAN_POINT('',(1.25,4.02293108329965,-1.37742489725082));
#14767=CARTESIAN_POINT('',(1.25,4.04027583691709,-1.38867580495272));
#14768=CARTESIAN_POINT('',(1.25,4.05876143404286,-1.40119898279881));
#14769=CARTESIAN_POINT('',(1.25,4.07834337458699,-1.41504419598079));
#14770=CARTESIAN_POINT('',(1.25,4.09897563218627,-1.43025989405157));
#14771=CARTESIAN_POINT('',(1.25,4.12061069360888,-1.44689333901147));
#14772=CARTESIAN_POINT('',(1.25,4.14319956618847,-1.46498990237579));
#14773=CARTESIAN_POINT('',(1.25,4.16669192022707,-1.48459560984351));
#14774=CARTESIAN_POINT('',(1.25,4.191035710012,-1.50574705301571));
#14775=CARTESIAN_POINT('',(1.25,4.21617882447289,-1.52851035385679));
#14776=CARTESIAN_POINT('',(1.25,4.2409088005567,-1.55174573176877));
#14777=CARTESIAN_POINT('',(1.25,4.25727262344219,-1.56787113042025));
#14778=CARTESIAN_POINT('',(1.25,4.26497667882184,-1.57548459430222));
#14779=CARTESIAN_POINT('',(-1.35,2.36666104490644E-12,-7.68433288924046E-13));
#14780=CARTESIAN_POINT('',(-1.25,2.36666104490644E-12,-7.68433288924046E-13));
#14781=CARTESIAN_POINT('',(-1.25,4.01609592061398,-1.28501024673173));
#14782=CARTESIAN_POINT('',(-1.25,4.00439992289023,-1.32100682637695));
#14783=CARTESIAN_POINT('',(-1.35,4.01609592061398,-1.28501024673173));
#14784=CARTESIAN_POINT('',(1.25,4.01609592061398,-1.28501024673173));
#14785=CARTESIAN_POINT('',(1.25,2.36666104490644E-12,-7.68433288924046E-13));
#14786=CARTESIAN_POINT('',(1.25,4.00439992289023,-1.32100682637695));
#14787=CARTESIAN_POINT('',(-1.35,4.00439992289023,-1.32100682637695));
#14788=CARTESIAN_POINT('',(-1.25,4.06671912461849,-1.25034521415587));
#14789=CARTESIAN_POINT('',(1.25,4.06671912461849,-1.25034521415587));
#14790=CARTESIAN_POINT('',(-1.25,4.15248197926306,-1.25552028072631));
#14791=CARTESIAN_POINT('',(1.25,4.15248197926306,-1.25552028072631));
#14792=CARTESIAN_POINT('',(-1.25,4.26027227320585,-1.24999901145088));
#14793=CARTESIAN_POINT('',(1.25,4.26027227320585,-1.24999901145088));
#14794=CARTESIAN_POINT('',(-1.25,4.37648522352453,-1.23229658201639));
#14795=CARTESIAN_POINT('',(1.25,4.37648522352453,-1.23229658201639));
#14796=CARTESIAN_POINT('',(-1.35,4.06671911966188,-1.25034521385678));
#14797=CARTESIAN_POINT('',(-1.25,4.06671911966188,-1.25034521385678));
#14798=CARTESIAN_POINT('',(1.25,4.06671911966192,-1.25034521385678));
#14799=CARTESIAN_POINT('',(-1.25,4.02799547719421,-1.24720896945137));
#14800=CARTESIAN_POINT('',(-1.25,4.03357017461441,-1.24778359744211));
#14801=CARTESIAN_POINT('',(-1.25,4.04532971379976,-1.24887801434136));
#14802=CARTESIAN_POINT('',(-1.25,4.06424965433315,-1.25025941140144));
#14803=CARTESIAN_POINT('',(-1.25,4.08489497239498,-1.25135222624943));
#14804=CARTESIAN_POINT('',(-1.25,4.10721107387067,-1.25208632391871));
#14805=CARTESIAN_POINT('',(-1.25,4.13119120867691,-1.25239528702686));
#14806=CARTESIAN_POINT('',(-1.25,4.15682661863638,-1.25221286544467));
#14807=CARTESIAN_POINT('',(-1.25,4.18410664464389,-1.25147289583377));
#14808=CARTESIAN_POINT('',(-1.25,4.21301831950727,-1.25010987470044));
#14809=CARTESIAN_POINT('',(-1.25,4.24354797887264,-1.24805698341784));
#14810=CARTESIAN_POINT('',(-1.25,4.27567502487747,-1.24525402705646));
#14811=CARTESIAN_POINT('',(-1.25,4.30939616429573,-1.24161688170478));
#14812=CARTESIAN_POINT('',(-1.25,4.34306054768612,-1.23735498133486));
#14813=CARTESIAN_POINT('',(-1.25,4.3657774300081,-1.23392767354796));
#14814=CARTESIAN_POINT('',(-1.25,4.37648522352453,-1.23229658201639));
#14815=CARTESIAN_POINT('',(1.25,4.02799547719421,-1.24720896945137));
#14816=CARTESIAN_POINT('',(1.25,4.03357017461441,-1.24778359744211));
#14817=CARTESIAN_POINT('',(1.25,4.04532971379976,-1.24887801434136));
#14818=CARTESIAN_POINT('',(1.25,4.06424965433315,-1.25025941140144));
#14819=CARTESIAN_POINT('',(1.25,4.08489497239498,-1.25135222624943));
#14820=CARTESIAN_POINT('',(1.25,4.10721107387067,-1.25208632391871));
#14821=CARTESIAN_POINT('',(1.25,4.13119120867691,-1.25239528702686));
#14822=CARTESIAN_POINT('',(1.25,4.15682661863638,-1.25221286544467));
#14823=CARTESIAN_POINT('',(1.25,4.18410664464389,-1.25147289583377));
#14824=CARTESIAN_POINT('',(1.25,4.21301831950727,-1.25010987470044));
#14825=CARTESIAN_POINT('',(1.25,4.24354797887264,-1.24805698341784));
#14826=CARTESIAN_POINT('',(1.25,4.27567502487747,-1.24525402705646));
#14827=CARTESIAN_POINT('',(1.25,4.30939616429573,-1.24161688170478));
#14828=CARTESIAN_POINT('',(1.25,4.34306054768612,-1.23735498133486));
#14829=CARTESIAN_POINT('',(1.25,4.3657774300081,-1.23392767354796));
#14830=CARTESIAN_POINT('',(1.25,4.37648522352453,-1.23229658201639));
#14831=CARTESIAN_POINT('',(-0.05,4.06370811831405,-1.30024448493803));
#14832=CARTESIAN_POINT('',(-1.25,4.06370811831405,-1.30024448493803));
#14833=CARTESIAN_POINT('',(1.25,4.06370811831405,-1.30024448493803));
#14834=CARTESIAN_POINT('',(-0.05,4.0518734605167,-1.33666781640902));
#14835=CARTESIAN_POINT('',(-1.25,4.0518734605167,-1.33666781640902));
#14836=CARTESIAN_POINT('',(1.25,4.0518734605167,-1.33666781640902));
#14837=CARTESIAN_POINT('',(-1.25,3.85880552543622,-1.79197865778679));
#14838=CARTESIAN_POINT('',(1.25,3.85880552543622,-1.79197865778679));
#14839=CARTESIAN_POINT('',(-1.25,3.92600254251571,-1.84551938477485));
#14840=CARTESIAN_POINT('',(1.25,3.92600254251571,-1.84551938477485));
#14841=CARTESIAN_POINT('',(-1.25,4.00241189143786,-1.92174827221252));
#14842=CARTESIAN_POINT('',(1.25,4.00241189143786,-1.92174827221252));
#14843=CARTESIAN_POINT('',(-1.25,4.07692970677911,-2.01266538295859));
#14844=CARTESIAN_POINT('',(1.25,4.07692970677911,-2.01266538295859));
#14845=CARTESIAN_POINT('',(-1.25,3.82792968990842,-1.76839816412892));
#14846=CARTESIAN_POINT('',(-1.25,3.83245699862573,-1.77170133297608));
#14847=CARTESIAN_POINT('',(-1.25,3.84192834716471,-1.77875669030607));
#14848=CARTESIAN_POINT('',(-1.25,3.85691293812288,-1.79039002351032));
#14849=CARTESIAN_POINT('',(-1.25,3.87298663527274,-1.80339231800402));
#14850=CARTESIAN_POINT('',(-1.25,3.8900619378278,-1.81777916363169));
#14851=CARTESIAN_POINT('',(-1.25,3.90808938759521,-1.83359540144008));
#14852=CARTESIAN_POINT('',(-1.25,3.92701814599168,-1.85088440450538));
#14853=CARTESIAN_POINT('',(-1.25,3.94679601984361,-1.86968820943662));
#14854=CARTESIAN_POINT('',(-1.25,3.9673695422568,-1.89004681807105));
#14855=CARTESIAN_POINT('',(-1.25,3.98868384824905,-1.91200074308807));
#14856=CARTESIAN_POINT('',(-1.25,4.01068335235572,-1.93558093537779));
#14857=CARTESIAN_POINT('',(-1.25,4.03330931734901,-1.96084770759146));
#14858=CARTESIAN_POINT('',(-1.25,4.05547506168971,-1.98654078606877));
#14859=CARTESIAN_POINT('',(-1.25,4.07006367870064,-2.00428833335861));
#14860=CARTESIAN_POINT('',(-1.25,4.07692970677911,-2.01266538295858));
#14861=CARTESIAN_POINT('',(-1.25,3.85880552155259,-1.79197865469243));
#14862=CARTESIAN_POINT('',(1.25,3.85880552155259,-1.79197865469243));
#14863=CARTESIAN_POINT('',(1.25,3.85880552155262,-1.79197865469244));
#14864=CARTESIAN_POINT('',(1.25,3.82792968990842,-1.76839816412892));
#14865=CARTESIAN_POINT('',(1.25,3.83245699862573,-1.77170133297608));
#14866=CARTESIAN_POINT('',(1.25,3.84192834716471,-1.77875669030607));
#14867=CARTESIAN_POINT('',(1.25,3.85691293812288,-1.79039002351032));
#14868=CARTESIAN_POINT('',(1.25,3.87298663527274,-1.80339231800402));
#14869=CARTESIAN_POINT('',(1.25,3.8900619378278,-1.81777916363169));
#14870=CARTESIAN_POINT('',(1.25,3.90808938759521,-1.83359540144008));
#14871=CARTESIAN_POINT('',(1.25,3.92701814599168,-1.85088440450538));
#14872=CARTESIAN_POINT('',(1.25,3.94679601984361,-1.86968820943662));
#14873=CARTESIAN_POINT('',(1.25,3.9673695422568,-1.89004681807105));
#14874=CARTESIAN_POINT('',(1.25,3.98868384824905,-1.91200074308807));
#14875=CARTESIAN_POINT('',(1.25,4.01068335235572,-1.93558093537779));
#14876=CARTESIAN_POINT('',(1.25,4.03330931734901,-1.96084770759146));
#14877=CARTESIAN_POINT('',(1.25,4.05547506168971,-1.98654078606877));
#14878=CARTESIAN_POINT('',(1.25,4.07006367870064,-2.00428833335861));
#14879=CARTESIAN_POINT('',(1.25,4.07692970677911,-2.01266538295858));
#14880=CARTESIAN_POINT('',(-1.35,2.27337307725967E-12,-1.01160717306431E-12));
#14881=CARTESIAN_POINT('',(-1.25,2.27337307725967E-12,-1.01160717306431E-12));
#14882=CARTESIAN_POINT('',(-1.25,3.85977518057575,-1.69776716106456));
#14883=CARTESIAN_POINT('',(-1.25,3.8443805875981,-1.73234398301165));
#14884=CARTESIAN_POINT('',(-1.35,3.85977518057575,-1.69776716106456));
#14885=CARTESIAN_POINT('',(1.25,3.85977518057575,-1.69776716106456));
#14886=CARTESIAN_POINT('',(1.25,2.27337307725967E-12,-1.01160717306431E-12));
#14887=CARTESIAN_POINT('',(1.25,3.8443805875981,-1.73234398301165));
#14888=CARTESIAN_POINT('',(-1.35,3.8443805875981,-1.73234398301165));
#14889=CARTESIAN_POINT('',(-1.25,3.91374454795621,-1.66858359288449));
#14890=CARTESIAN_POINT('',(1.25,3.91374454795621,-1.66858359288449));
#14891=CARTESIAN_POINT('',(-1.25,3.9984966429536,-1.68269496930023));
#14892=CARTESIAN_POINT('',(1.25,3.9984966429536,-1.68269496930023));
#14893=CARTESIAN_POINT('',(-1.25,4.10627358018055,-1.68847109989663));
#14894=CARTESIAN_POINT('',(1.25,4.10627358018055,-1.68847109989663));
#14895=CARTESIAN_POINT('',(-1.25,4.2237003115427,-1.6830132073314));
#14896=CARTESIAN_POINT('',(1.25,4.2237003115427,-1.6830132073314));
#14897=CARTESIAN_POINT('',(-1.35,3.91374454305802,-1.66858359206894));
#14898=CARTESIAN_POINT('',(-1.25,3.91374454305802,-1.66858359206894));
#14899=CARTESIAN_POINT('',(1.25,3.91374454305805,-1.66858359206894));
#14900=CARTESIAN_POINT('',(-1.25,3.87556085956363,-1.66141680549926));
#14901=CARTESIAN_POINT('',(-1.25,3.88104495322726,-1.66257100017225));
#14902=CARTESIAN_POINT('',(-1.25,3.89262567470987,-1.664888628301));
#14903=CARTESIAN_POINT('',(-1.25,3.91129757451753,-1.66824013023251));
#14904=CARTESIAN_POINT('',(-1.25,3.93171556511017,-1.67148498189711));
#14905=CARTESIAN_POINT('',(-1.25,3.95383268254575,-1.67454772589593));
#14906=CARTESIAN_POINT('',(-1.25,3.97764915622554,-1.67736160311208));
#14907=CARTESIAN_POINT('',(-1.25,4.00316320097463,-1.67985981086271));
#14908=CARTESIAN_POINT('',(-1.25,4.0303711320316,-1.68197543407923));
#14909=CARTESIAN_POINT('',(-1.25,4.05926690021947,-1.68364197266225));
#14910=CARTESIAN_POINT('',(-1.25,4.0898439004875,-1.68479154571043));
#14911=CARTESIAN_POINT('',(-1.25,4.12208793989386,-1.6853621349855));
#14912=CARTESIAN_POINT('',(-1.25,4.15600453659637,-1.68526973317963));
#14913=CARTESIAN_POINT('',(-1.25,4.18992999286847,-1.68455006620852));
#14914=CARTESIAN_POINT('',(-1.25,4.21288068094829,-1.68351609437164));
#14915=CARTESIAN_POINT('',(-1.25,4.2237003115427,-1.6830132073314));
#14916=CARTESIAN_POINT('',(1.25,3.87556085956363,-1.66141680549926));
#14917=CARTESIAN_POINT('',(1.25,3.88104495322726,-1.66257100017225));
#14918=CARTESIAN_POINT('',(1.25,3.89262567470987,-1.664888628301));
#14919=CARTESIAN_POINT('',(1.25,3.91129757451753,-1.66824013023251));
#14920=CARTESIAN_POINT('',(1.25,3.93171556511017,-1.67148498189711));
#14921=CARTESIAN_POINT('',(1.25,3.95383268254575,-1.67454772589593));
#14922=CARTESIAN_POINT('',(1.25,3.97764915622554,-1.67736160311208));
#14923=CARTESIAN_POINT('',(1.25,4.00316320097463,-1.67985981086271));
#14924=CARTESIAN_POINT('',(1.25,4.0303711320316,-1.68197543407923));
#14925=CARTESIAN_POINT('',(1.25,4.05926690021947,-1.68364197266225));
#14926=CARTESIAN_POINT('',(1.25,4.0898439004875,-1.68479154571043));
#14927=CARTESIAN_POINT('',(1.25,4.12208793989386,-1.6853621349855));
#14928=CARTESIAN_POINT('',(1.25,4.15600453659637,-1.68526973317963));
#14929=CARTESIAN_POINT('',(1.25,4.18992999286847,-1.68455006620852));
#14930=CARTESIAN_POINT('',(1.25,4.21288068094829,-1.68351609437164));
#14931=CARTESIAN_POINT('',(1.25,4.2237003115427,-1.6830132073314));
#14932=CARTESIAN_POINT('',(-0.05,3.90553414216632,-1.71789477437838));
#14933=CARTESIAN_POINT('',(-1.25,3.90553414216632,-1.71789477437838));
#14934=CARTESIAN_POINT('',(1.25,3.90553414216632,-1.71789477437838));
#14935=CARTESIAN_POINT('',(-0.05,3.88995704099691,-1.75288151643568));
#14936=CARTESIAN_POINT('',(-1.25,3.88995704099691,-1.75288151643568));
#14937=CARTESIAN_POINT('',(1.25,3.88995704099691,-1.75288151643568));
#14938=CARTESIAN_POINT('',(-1.25,3.11619028126854,-2.89670946489771));
#14939=CARTESIAN_POINT('',(1.25,3.11619028126854,-2.89670946489771));
#14940=CARTESIAN_POINT('',(-1.25,3.1635534477071,-2.96839474243575));
#14941=CARTESIAN_POINT('',(1.25,3.1635534477071,-2.96839474243575));
#14942=CARTESIAN_POINT('',(-1.25,3.21266703522488,-3.06450450990929));
#14943=CARTESIAN_POINT('',(1.25,3.21266703522488,-3.06450450990929));
#14944=CARTESIAN_POINT('',(-1.25,3.25544275678519,-3.17399909185126));
#14945=CARTESIAN_POINT('',(1.25,3.25544275678519,-3.17399909185126));
#14946=CARTESIAN_POINT('',(-1.25,3.0941123899698,-2.86474192485333));
#14947=CARTESIAN_POINT('',(-1.25,3.0973973811176,-2.86928244044226));
#14948=CARTESIAN_POINT('',(-1.25,3.10422494354736,-2.87891929166394));
#14949=CARTESIAN_POINT('',(-1.25,3.1148812387608,-2.89461374227391));
#14950=CARTESIAN_POINT('',(-1.25,3.12615030321171,-2.91194670476067));
#14951=CARTESIAN_POINT('',(-1.25,3.13794410118002,-2.9309059667174));
#14952=CARTESIAN_POINT('',(-1.25,3.15020173848362,-2.95151889109171));
#14953=CARTESIAN_POINT('',(-1.25,3.16286146173899,-2.97381101814414));
#14954=CARTESIAN_POINT('',(-1.25,3.17586064226167,-2.99780619848799));
#14955=CARTESIAN_POINT('',(-1.25,3.189136068766,-3.0235259539523));
#14956=CARTESIAN_POINT('',(-1.25,3.20262304244674,-3.05099186017291));
#14957=CARTESIAN_POINT('',(-1.25,3.2162591340345,-3.08021617634232));
#14958=CARTESIAN_POINT('',(-1.25,3.22996984347182,-3.11123811239893));
#14959=CARTESIAN_POINT('',(-1.25,3.24311112117827,-3.14252327380271));
#14960=CARTESIAN_POINT('',(-1.25,3.25150142672922,-3.16391032488177));
#14961=CARTESIAN_POINT('',(-1.25,3.25544275678519,-3.17399909185126));
#14962=CARTESIAN_POINT('',(-1.25,3.1161902785312,-2.89670946075469));
#14963=CARTESIAN_POINT('',(1.25,3.1161902785312,-2.89670946075469));
#14964=CARTESIAN_POINT('',(1.25,3.11619027853121,-2.89670946075471));
#14965=CARTESIAN_POINT('',(1.25,3.0941123899698,-2.86474192485333));
#14966=CARTESIAN_POINT('',(1.25,3.0973973811176,-2.86928244044226));
#14967=CARTESIAN_POINT('',(1.25,3.10422494354736,-2.87891929166394));
#14968=CARTESIAN_POINT('',(1.25,3.1148812387608,-2.89461374227391));
#14969=CARTESIAN_POINT('',(1.25,3.12615030321171,-2.91194670476067));
#14970=CARTESIAN_POINT('',(1.25,3.13794410118002,-2.9309059667174));
#14971=CARTESIAN_POINT('',(1.25,3.15020173848362,-2.95151889109171));
#14972=CARTESIAN_POINT('',(1.25,3.16286146173899,-2.97381101814414));
#14973=CARTESIAN_POINT('',(1.25,3.17586064226167,-2.99780619848799));
#14974=CARTESIAN_POINT('',(1.25,3.189136068766,-3.0235259539523));
#14975=CARTESIAN_POINT('',(1.25,3.20262304244674,-3.05099186017291));
#14976=CARTESIAN_POINT('',(1.25,3.2162591340345,-3.08021617634232));
#14977=CARTESIAN_POINT('',(1.25,3.22996984347182,-3.11123811239893));
#14978=CARTESIAN_POINT('',(1.25,3.24311112117827,-3.14252327380271));
#14979=CARTESIAN_POINT('',(1.25,3.25150142672922,-3.16391032488177));
#14980=CARTESIAN_POINT('',(1.25,3.25544275678519,-3.17399909185126));
#14981=CARTESIAN_POINT('',(-1.35,1.84950247098931E-12,-1.66460650930144E-12));
#14982=CARTESIAN_POINT('',(-1.25,1.84950247098931E-12,-1.66460650930144E-12));
#14983=CARTESIAN_POINT('',(-1.25,3.14622543166021,-2.80740864694691));
#14984=CARTESIAN_POINT('',(-1.25,3.12089947809997,-2.8355359679209));
#14985=CARTESIAN_POINT('',(-1.35,3.14622543166021,-2.80740864694691));
#14986=CARTESIAN_POINT('',(1.25,3.14622543166021,-2.80740864694691));
#14987=CARTESIAN_POINT('',(1.25,1.84950247098931E-12,-1.66460650930144E-12));
#14988=CARTESIAN_POINT('',(1.25,3.12089947809997,-2.83553596792089));
#14989=CARTESIAN_POINT('',(-1.35,3.12089947809997,-2.8355359679209));
#14990=CARTESIAN_POINT('',(-1.25,3.20657156871186,-2.79633087595674));
#14991=CARTESIAN_POINT('',(1.25,3.20657156871186,-2.79633087595674));
#14992=CARTESIAN_POINT('',(-1.25,3.28281494580232,-2.83594143011388));
#14993=CARTESIAN_POINT('',(1.25,3.28281494580232,-2.83594143011388));
#14994=CARTESIAN_POINT('',(-1.25,3.38353198174232,-2.8747397619614));
#14995=CARTESIAN_POINT('',(1.25,3.38353198174232,-2.8747397619614));
#14996=CARTESIAN_POINT('',(-1.25,3.49689802134766,-2.90583585325678));
#14997=CARTESIAN_POINT('',(1.25,3.49689802134766,-2.90583585325678));
#14998=CARTESIAN_POINT('',(-1.35,3.20657156430543,-2.79633087366748));
#14999=CARTESIAN_POINT('',(-1.25,3.20657156430543,-2.79633087366748));
#15000=CARTESIAN_POINT('',(1.25,3.20657156430546,-2.79633087366749));
#15001=CARTESIAN_POINT('',(-1.25,3.17247138214703,-2.77771544749189));
#15002=CARTESIAN_POINT('',(-1.25,3.17733039939302,-2.78050782999751));
#15003=CARTESIAN_POINT('',(-1.25,3.18762813354404,-2.78629066507696));
#15004=CARTESIAN_POINT('',(-1.25,3.20435049447421,-2.79524806718614));
#15005=CARTESIAN_POINT('',(-1.25,3.22276644316841,-2.80464361059027));
#15006=CARTESIAN_POINT('',(-1.25,3.24285463188212,-2.81439101838227));
#15007=CARTESIAN_POINT('',(-1.25,3.26463590849058,-2.82442686975789));
#15008=CARTESIAN_POINT('',(-1.25,3.28812921835583,-2.8346870799409));
#15009=CARTESIAN_POINT('',(-1.25,3.31335173495487,-2.84510687026537));
#15010=CARTESIAN_POINT('',(-1.25,3.34031825483936,-2.85562112607999));
#15011=CARTESIAN_POINT('',(-1.25,3.36904347258487,-2.86616324773825));
#15012=CARTESIAN_POINT('',(-1.25,3.39953305459116,-2.87666986653029));
#15013=CARTESIAN_POINT('',(-1.25,3.43181820862396,-2.88706279196314));
#15014=CARTESIAN_POINT('',(-1.25,3.46430562420418,-2.89686189053071));
#15015=CARTESIAN_POINT('',(-1.25,3.48645254052525,-2.90297067752684));
#15016=CARTESIAN_POINT('',(-1.25,3.49689802134766,-2.90583585325678));
#15017=CARTESIAN_POINT('',(1.25,3.17247138214703,-2.77771544749189));
#15018=CARTESIAN_POINT('',(1.25,3.17733039939302,-2.78050782999751));
#15019=CARTESIAN_POINT('',(1.25,3.18762813354404,-2.78629066507696));
#15020=CARTESIAN_POINT('',(1.25,3.20435049447421,-2.79524806718614));
#15021=CARTESIAN_POINT('',(1.25,3.22276644316841,-2.80464361059027));
#15022=CARTESIAN_POINT('',(1.25,3.24285463188212,-2.81439101838227));
#15023=CARTESIAN_POINT('',(1.25,3.26463590849058,-2.82442686975789));
#15024=CARTESIAN_POINT('',(1.25,3.28812921835583,-2.8346870799409));
#15025=CARTESIAN_POINT('',(1.25,3.31335173495487,-2.84510687026537));
#15026=CARTESIAN_POINT('',(1.25,3.34031825483936,-2.85562112607999));
#15027=CARTESIAN_POINT('',(1.25,3.36904347258487,-2.86616324773825));
#15028=CARTESIAN_POINT('',(1.25,3.39953305459116,-2.87666986653029));
#15029=CARTESIAN_POINT('',(1.25,3.43181820862396,-2.88706279196314));
#15030=CARTESIAN_POINT('',(1.25,3.46430562420418,-2.89686189053071));
#15031=CARTESIAN_POINT('',(1.25,3.48645254052525,-2.90297067752684));
#15032=CARTESIAN_POINT('',(1.25,3.49689802134766,-2.90583585325678));
#15033=CARTESIAN_POINT('',(-0.05,3.18352501568964,-2.84069144152292));
#15034=CARTESIAN_POINT('',(-1.25,3.18352501568964,-2.84069144152292));
#15035=CARTESIAN_POINT('',(1.25,3.18352501568964,-2.84069144152292));
#15036=CARTESIAN_POINT('',(-0.05,3.15789881424397,-2.869152221556));
#15037=CARTESIAN_POINT('',(-1.25,3.15789881424397,-2.869152221556));
#15038=CARTESIAN_POINT('',(1.25,3.15789881424397,-2.869152221556));
#15039=CARTESIAN_POINT('',(-1.25,2.79633087595675,-3.20657156871189));
#15040=CARTESIAN_POINT('',(1.25,2.79633087595675,-3.20657156871189));
#15041=CARTESIAN_POINT('',(-1.25,2.83594143011389,-3.28281494580233));
#15042=CARTESIAN_POINT('',(1.25,2.83594143011389,-3.28281494580233));
#15043=CARTESIAN_POINT('',(-1.25,2.8747397619614,-3.38353198174233));
#15044=CARTESIAN_POINT('',(1.25,2.8747397619614,-3.38353198174233));
#15045=CARTESIAN_POINT('',(-1.25,2.90583585325678,-3.49689802134766));
#15046=CARTESIAN_POINT('',(1.25,2.90583585325678,-3.49689802134766));
#15047=CARTESIAN_POINT('',(-1.25,2.77771544749189,-3.17247138214703));
#15048=CARTESIAN_POINT('',(-1.25,2.78050782999751,-3.17733039939302));
#15049=CARTESIAN_POINT('',(-1.25,2.78629066507696,-3.18762813354404));
#15050=CARTESIAN_POINT('',(-1.25,2.79524806718614,-3.20435049447421));
#15051=CARTESIAN_POINT('',(-1.25,2.80464361059027,-3.22276644316841));
#15052=CARTESIAN_POINT('',(-1.25,2.81439101838227,-3.24285463188212));
#15053=CARTESIAN_POINT('',(-1.25,2.82442686975789,-3.26463590849058));
#15054=CARTESIAN_POINT('',(-1.25,2.8346870799409,-3.28812921835583));
#15055=CARTESIAN_POINT('',(-1.25,2.84510687026537,-3.31335173495487));
#15056=CARTESIAN_POINT('',(-1.25,2.85562112607999,-3.34031825483936));
#15057=CARTESIAN_POINT('',(-1.25,2.86616324773825,-3.36904347258487));
#15058=CARTESIAN_POINT('',(-1.25,2.87666986653029,-3.39953305459116));
#15059=CARTESIAN_POINT('',(-1.25,2.88706279196314,-3.43181820862396));
#15060=CARTESIAN_POINT('',(-1.25,2.89686189053071,-3.46430562420418));
#15061=CARTESIAN_POINT('',(-1.25,2.90297067752684,-3.48645254052525));
#15062=CARTESIAN_POINT('',(-1.25,2.90583585325678,-3.49689802134766));
#15063=CARTESIAN_POINT('',(-1.25,2.79633087366748,-3.20657156430543));
#15064=CARTESIAN_POINT('',(1.25,2.79633087366748,-3.20657156430543));
#15065=CARTESIAN_POINT('',(1.25,2.79633087366749,-3.20657156430546));
#15066=CARTESIAN_POINT('',(1.25,2.77771544749189,-3.17247138214703));
#15067=CARTESIAN_POINT('',(1.25,2.78050782999751,-3.17733039939302));
#15068=CARTESIAN_POINT('',(1.25,2.78629066507696,-3.18762813354404));
#15069=CARTESIAN_POINT('',(1.25,2.79524806718614,-3.20435049447421));
#15070=CARTESIAN_POINT('',(1.25,2.80464361059027,-3.22276644316841));
#15071=CARTESIAN_POINT('',(1.25,2.81439101838227,-3.24285463188212));
#15072=CARTESIAN_POINT('',(1.25,2.82442686975789,-3.26463590849058));
#15073=CARTESIAN_POINT('',(1.25,2.8346870799409,-3.28812921835583));
#15074=CARTESIAN_POINT('',(1.25,2.84510687026537,-3.31335173495487));
#15075=CARTESIAN_POINT('',(1.25,2.85562112607999,-3.34031825483936));
#15076=CARTESIAN_POINT('',(1.25,2.86616324773825,-3.36904347258487));
#15077=CARTESIAN_POINT('',(1.25,2.87666986653029,-3.39953305459116));
#15078=CARTESIAN_POINT('',(1.25,2.88706279196314,-3.43181820862396));
#15079=CARTESIAN_POINT('',(1.25,2.89686189053071,-3.46430562420418));
#15080=CARTESIAN_POINT('',(1.25,2.90297067752684,-3.48645254052525));
#15081=CARTESIAN_POINT('',(1.25,2.90583585325678,-3.49689802134766));
#15082=CARTESIAN_POINT('',(-1.35,1.66537194257398E-12,-1.84881327177507E-12));
#15083=CARTESIAN_POINT('',(-1.25,1.66537194257398E-12,-1.84881327177507E-12));
#15084=CARTESIAN_POINT('',(-1.25,2.8355359679209,-3.12089947809997));
#15085=CARTESIAN_POINT('',(-1.25,2.80740864694691,-3.14622543166021));
#15086=CARTESIAN_POINT('',(-1.35,2.8355359679209,-3.12089947809997));
#15087=CARTESIAN_POINT('',(1.25,2.8355359679209,-3.12089947809997));
#15088=CARTESIAN_POINT('',(1.25,1.66537194257398E-12,-1.84881327177507E-12));
#15089=CARTESIAN_POINT('',(1.25,2.80740864694691,-3.14622543166021));
#15090=CARTESIAN_POINT('',(-1.35,2.80740864694691,-3.14622543166021));
#15091=CARTESIAN_POINT('',(-1.25,2.89670946489769,-3.11619028126852));
#15092=CARTESIAN_POINT('',(1.25,2.89670946489769,-3.11619028126852));
#15093=CARTESIAN_POINT('',(-1.25,2.96839474243573,-3.16355344770708));
#15094=CARTESIAN_POINT('',(1.25,2.96839474243573,-3.16355344770708));
#15095=CARTESIAN_POINT('',(-1.25,3.06450450990928,-3.21266703522488));
#15096=CARTESIAN_POINT('',(1.25,3.06450450990928,-3.21266703522488));
#15097=CARTESIAN_POINT('',(-1.25,3.17399909185126,-3.25544275678519));
#15098=CARTESIAN_POINT('',(1.25,3.17399909185126,-3.25544275678519));
#15099=CARTESIAN_POINT('',(-1.35,2.89670946075469,-3.1161902785312));
#15100=CARTESIAN_POINT('',(-1.25,2.89670946075469,-3.1161902785312));
#15101=CARTESIAN_POINT('',(1.25,2.89670946075471,-3.11619027853122));
#15102=CARTESIAN_POINT('',(-1.25,2.86474192485333,-3.0941123899698));
#15103=CARTESIAN_POINT('',(-1.25,2.86928244044226,-3.0973973811176));
#15104=CARTESIAN_POINT('',(-1.25,2.87891929166394,-3.10422494354736));
#15105=CARTESIAN_POINT('',(-1.25,2.89461374227391,-3.1148812387608));
#15106=CARTESIAN_POINT('',(-1.25,2.91194670476067,-3.12615030321171));
#15107=CARTESIAN_POINT('',(-1.25,2.9309059667174,-3.13794410118002));
#15108=CARTESIAN_POINT('',(-1.25,2.95151889109171,-3.15020173848362));
#15109=CARTESIAN_POINT('',(-1.25,2.97381101814414,-3.16286146173899));
#15110=CARTESIAN_POINT('',(-1.25,2.99780619848799,-3.17586064226167));
#15111=CARTESIAN_POINT('',(-1.25,3.0235259539523,-3.189136068766));
#15112=CARTESIAN_POINT('',(-1.25,3.05099186017291,-3.20262304244674));
#15113=CARTESIAN_POINT('',(-1.25,3.08021617634232,-3.2162591340345));
#15114=CARTESIAN_POINT('',(-1.25,3.11123811239893,-3.22996984347182));
#15115=CARTESIAN_POINT('',(-1.25,3.14252327380271,-3.24311112117827));
#15116=CARTESIAN_POINT('',(-1.25,3.16391032488177,-3.25150142672922));
#15117=CARTESIAN_POINT('',(-1.25,3.17399909185126,-3.25544275678519));
#15118=CARTESIAN_POINT('',(1.25,2.86474192485333,-3.0941123899698));
#15119=CARTESIAN_POINT('',(1.25,2.86928244044226,-3.0973973811176));
#15120=CARTESIAN_POINT('',(1.25,2.87891929166394,-3.10422494354736));
#15121=CARTESIAN_POINT('',(1.25,2.89461374227391,-3.1148812387608));
#15122=CARTESIAN_POINT('',(1.25,2.91194670476067,-3.12615030321171));
#15123=CARTESIAN_POINT('',(1.25,2.9309059667174,-3.13794410118002));
#15124=CARTESIAN_POINT('',(1.25,2.95151889109171,-3.15020173848362));
#15125=CARTESIAN_POINT('',(1.25,2.97381101814414,-3.16286146173899));
#15126=CARTESIAN_POINT('',(1.25,2.99780619848799,-3.17586064226167));
#15127=CARTESIAN_POINT('',(1.25,3.0235259539523,-3.189136068766));
#15128=CARTESIAN_POINT('',(1.25,3.05099186017291,-3.20262304244674));
#15129=CARTESIAN_POINT('',(1.25,3.08021617634232,-3.2162591340345));
#15130=CARTESIAN_POINT('',(1.25,3.11123811239893,-3.22996984347182));
#15131=CARTESIAN_POINT('',(1.25,3.14252327380271,-3.24311112117827));
#15132=CARTESIAN_POINT('',(1.25,3.16391032488177,-3.25150142672922));
#15133=CARTESIAN_POINT('',(1.25,3.17399909185126,-3.25544275678519));
#15134=CARTESIAN_POINT('',(-0.05,2.86915222155601,-3.15789881424397));
#15135=CARTESIAN_POINT('',(-1.25,2.86915222155601,-3.15789881424397));
#15136=CARTESIAN_POINT('',(1.25,2.86915222155601,-3.15789881424397));
#15137=CARTESIAN_POINT('',(-0.05,2.84069144152292,-3.18352501568964));
#15138=CARTESIAN_POINT('',(-1.25,2.84069144152292,-3.18352501568964));
#15139=CARTESIAN_POINT('',(1.25,2.84069144152292,-3.18352501568964));
#15140=CARTESIAN_POINT('',(-1.25,3.401908053754,-2.55511040601069));
#15141=CARTESIAN_POINT('',(1.25,3.401908053754,-2.55511040601069));
#15142=CARTESIAN_POINT('',(-1.25,3.45650491171109,-2.62145218509451));
#15143=CARTESIAN_POINT('',(1.25,3.45650491171109,-2.62145218509451));
#15144=CARTESIAN_POINT('',(-1.25,3.5153956561566,-2.71190168537695));
#15145=CARTESIAN_POINT('',(1.25,3.5153956561566,-2.71190168537695));
#15146=CARTESIAN_POINT('',(-1.25,3.56938234822506,-2.81632516410252));
#15147=CARTESIAN_POINT('',(1.25,3.56938234822506,-2.81632516410252));
#15148=CARTESIAN_POINT('',(-1.25,3.37660958961856,-2.52562575554513));
#15149=CARTESIAN_POINT('',(-1.25,3.3803511983581,-2.52979802263807));
#15150=CARTESIAN_POINT('',(-1.25,3.38814868393542,-2.53866840757179));
#15151=CARTESIAN_POINT('',(-1.25,3.40038711965278,-2.55316299617638));
#15152=CARTESIAN_POINT('',(-1.25,3.41340623892215,-2.56922306889155));
#15153=CARTESIAN_POINT('',(-1.25,3.4271172117482,-2.58684568244983));
#15154=CARTESIAN_POINT('',(-1.25,3.44146233774043,-2.60606441507701));
#15155=CARTESIAN_POINT('',(-1.25,3.45638287149094,-2.62691112210771));
#15156=CARTESIAN_POINT('',(-1.25,3.47181902046976,-2.6494160699792));
#15157=CARTESIAN_POINT('',(-1.25,3.48771016931299,-2.67360727000025));
#15158=CARTESIAN_POINT('',(-1.25,3.50399422891024,-2.6995129424798));
#15159=CARTESIAN_POINT('',(-1.25,3.52061039342075,-2.7271518050888));
#15160=CARTESIAN_POINT('',(-1.25,3.53748866946077,-2.75657064034602));
#15161=CARTESIAN_POINT('',(-1.25,3.55382814771758,-2.78631078079818));
#15162=CARTESIAN_POINT('',(-1.25,3.56440804587994,-2.80670364562808));
#15163=CARTESIAN_POINT('',(-1.25,3.56938234822506,-2.81632516410252));
#15164=CARTESIAN_POINT('',(-1.25,3.40190805059859,-2.5551104021765));
#15165=CARTESIAN_POINT('',(1.25,3.40190805059859,-2.5551104021765));
#15166=CARTESIAN_POINT('',(1.25,3.40190805059861,-2.55511040217652));
#15167=CARTESIAN_POINT('',(1.25,3.37660958961856,-2.52562575554513));
#15168=CARTESIAN_POINT('',(1.25,3.3803511983581,-2.52979802263807));
#15169=CARTESIAN_POINT('',(1.25,3.38814868393542,-2.53866840757179));
#15170=CARTESIAN_POINT('',(1.25,3.40038711965278,-2.55316299617638));
#15171=CARTESIAN_POINT('',(1.25,3.41340623892215,-2.56922306889155));
#15172=CARTESIAN_POINT('',(1.25,3.4271172117482,-2.58684568244983));
#15173=CARTESIAN_POINT('',(1.25,3.44146233774043,-2.60606441507701));
#15174=CARTESIAN_POINT('',(1.25,3.45638287149094,-2.62691112210771));
#15175=CARTESIAN_POINT('',(1.25,3.47181902046976,-2.6494160699792));
#15176=CARTESIAN_POINT('',(1.25,3.48771016931299,-2.67360727000025));
#15177=CARTESIAN_POINT('',(1.25,3.50399422891024,-2.6995129424798));
#15178=CARTESIAN_POINT('',(1.25,3.52061039342075,-2.7271518050888));
#15179=CARTESIAN_POINT('',(1.25,3.53748866946077,-2.75657064034602));
#15180=CARTESIAN_POINT('',(1.25,3.55382814771758,-2.78631078079818));
#15181=CARTESIAN_POINT('',(1.25,3.56440804587994,-2.80670364562808));
#15182=CARTESIAN_POINT('',(1.25,3.56938234822506,-2.81632516410252));
#15183=CARTESIAN_POINT('',(-1.35,2.0133694632992E-12,-1.46216196957059E-12));
#15184=CARTESIAN_POINT('',(-1.25,2.0133694632992E-12,-1.46216196957059E-12));
#15185=CARTESIAN_POINT('',(-1.25,3.42244419118026,-2.46315925916987));
#15186=CARTESIAN_POINT('',(-1.25,3.40019708148077,-2.49377977874299));
#15187=CARTESIAN_POINT('',(-1.35,3.42244419118026,-2.46315925916987));
#15188=CARTESIAN_POINT('',(1.25,3.42244419118026,-2.46315925916987));
#15189=CARTESIAN_POINT('',(1.25,2.0133694632992E-12,-1.46216196957059E-12));
#15190=CARTESIAN_POINT('',(1.25,3.40019708148077,-2.49377977874299));
#15191=CARTESIAN_POINT('',(-1.35,3.40019708148077,-2.49377977874299));
#15192=CARTESIAN_POINT('',(-1.25,3.48130180340099,-2.44583428439812));
#15193=CARTESIAN_POINT('',(1.25,3.48130180340099,-2.44583428439812));
#15194=CARTESIAN_POINT('',(-1.25,3.56126794164948,-2.47725824475348));
#15195=CARTESIAN_POINT('',(1.25,3.56126794164948,-2.47725824475348));
#15196=CARTESIAN_POINT('',(-1.25,3.66548876913385,-2.50531623828785));
#15197=CARTESIAN_POINT('',(1.25,3.66548876913385,-2.50531623828785));
#15198=CARTESIAN_POINT('',(-1.25,3.78148420434922,-2.52439200403485));
#15199=CARTESIAN_POINT('',(1.25,3.78148420434922,-2.52439200403485));
#15200=CARTESIAN_POINT('',(-1.35,3.48130179877941,-2.445834282582));
#15201=CARTESIAN_POINT('',(-1.25,3.48130179877941,-2.445834282582));
#15202=CARTESIAN_POINT('',(1.25,3.48130179877943,-2.44583428258201));
#15203=CARTESIAN_POINT('',(-1.25,3.44544257909562,-2.43088527329693));
#15204=CARTESIAN_POINT('',(-1.25,3.4505668615889,-2.4331544532333));
#15205=CARTESIAN_POINT('',(-1.25,3.46141265453895,-2.43782920301117));
#15206=CARTESIAN_POINT('',(-1.25,3.4789797121036,-2.44498957284413));
#15207=CARTESIAN_POINT('',(-1.25,3.49827687801756,-2.4524086556618));
#15208=CARTESIAN_POINT('',(-1.25,3.51927390308897,-2.46000287863795));
#15209=CARTESIAN_POINT('',(-1.25,3.54198489170704,-2.46770698919778));
#15210=CARTESIAN_POINT('',(-1.25,3.56642198676593,-2.47545527329858));
#15211=CARTESIAN_POINT('',(-1.25,3.59259549645016,-2.48318151202157));
#15212=CARTESIAN_POINT('',(-1.25,3.62051332991987,-2.49081940075951));
#15213=CARTESIAN_POINT('',(-1.25,3.65018313969352,-2.49830116870432));
#15214=CARTESIAN_POINT('',(-1.25,3.68160393729587,-2.5055632019865));
#15215=CARTESIAN_POINT('',(-1.25,3.71479858640118,-2.51252447634899));
#15216=CARTESIAN_POINT('',(-1.25,3.74813231723432,-2.51887403480317));
#15217=CARTESIAN_POINT('',(-1.25,3.77079645254765,-2.52263437409579));
#15218=CARTESIAN_POINT('',(-1.25,3.78148420434922,-2.52439200403485));
#15219=CARTESIAN_POINT('',(1.25,3.44544257909562,-2.43088527329693));
#15220=CARTESIAN_POINT('',(1.25,3.4505668615889,-2.4331544532333));
#15221=CARTESIAN_POINT('',(1.25,3.46141265453895,-2.43782920301117));
#15222=CARTESIAN_POINT('',(1.25,3.4789797121036,-2.44498957284413));
#15223=CARTESIAN_POINT('',(1.25,3.49827687801756,-2.4524086556618));
#15224=CARTESIAN_POINT('',(1.25,3.51927390308897,-2.46000287863795));
#15225=CARTESIAN_POINT('',(1.25,3.54198489170704,-2.46770698919778));
#15226=CARTESIAN_POINT('',(1.25,3.56642198676593,-2.47545527329858));
#15227=CARTESIAN_POINT('',(1.25,3.59259549645016,-2.48318151202157));
#15228=CARTESIAN_POINT('',(1.25,3.62051332991987,-2.49081940075951));
#15229=CARTESIAN_POINT('',(1.25,3.65018313969352,-2.49830116870432));
#15230=CARTESIAN_POINT('',(1.25,3.68160393729587,-2.5055632019865));
#15231=CARTESIAN_POINT('',(1.25,3.71479858640118,-2.51252447634899));
#15232=CARTESIAN_POINT('',(1.25,3.74813231723432,-2.51887403480317));
#15233=CARTESIAN_POINT('',(1.25,3.77079645254765,-2.52263437409579));
#15234=CARTESIAN_POINT('',(1.25,3.78148420434922,-2.52439200403485));
#15235=CARTESIAN_POINT('',(-0.05,3.46301844355594,-2.49236085891563));
#15236=CARTESIAN_POINT('',(-1.25,3.46301844355594,-2.49236085891563));
#15237=CARTESIAN_POINT('',(1.25,3.46301844355594,-2.49236085891563));
#15238=CARTESIAN_POINT('',(-0.05,3.44050758672336,-2.52334439527431));
#15239=CARTESIAN_POINT('',(-1.25,3.44050758672336,-2.52334439527431));
#15240=CARTESIAN_POINT('',(1.25,3.44050758672336,-2.52334439527431));
#15241=CARTESIAN_POINT('',(-1.25,3.65035380970751,-2.18551702282419));
#15242=CARTESIAN_POINT('',(1.25,3.65035380970751,-2.18551702282419));
#15243=CARTESIAN_POINT('',(-1.25,3.71158618458221,-2.24578844903925));
#15244=CARTESIAN_POINT('',(1.25,3.71158618458221,-2.24578844903925));
#15245=CARTESIAN_POINT('',(-1.25,3.77960886663565,-2.32958669847764));
#15246=CARTESIAN_POINT('',(1.25,3.77960886663565,-2.32958669847764));
#15247=CARTESIAN_POINT('',(-1.25,3.84421503971651,-2.42779498850195));
#15248=CARTESIAN_POINT('',(1.25,3.84421503971651,-2.42779498850195));
#15249=CARTESIAN_POINT('',(-1.25,3.62211194800248,-2.15883830193802));
#15250=CARTESIAN_POINT('',(-1.25,3.62626918048542,-2.16259660830357));
#15251=CARTESIAN_POINT('',(-1.25,3.6349511583266,-2.17060334115576));
#15252=CARTESIAN_POINT('',(-1.25,3.64863764768511,-2.18373926200905));
#15253=CARTESIAN_POINT('',(-1.25,3.66326418157778,-2.19835048743517));
#15254=CARTESIAN_POINT('',(-1.25,3.67874210897411,-2.21444337555308));
#15255=CARTESIAN_POINT('',(-1.25,3.69501755545265,-2.23205735197669));
#15256=CARTESIAN_POINT('',(-1.25,3.71203542720823,-2.25123023810096));
#15257=CARTESIAN_POINT('',(-1.25,3.72973942296477,-2.27199838458176));
#15258=CARTESIAN_POINT('',(-1.25,3.7480721873947,-2.29439598530979));
#15259=CARTESIAN_POINT('',(-1.25,3.76697492134385,-2.31845759607948));
#15260=CARTESIAN_POINT('',(-1.25,3.78638910860158,-2.34420818796552));
#15261=CARTESIAN_POINT('',(-1.25,3.80625002932002,-2.37170160350798));
#15262=CARTESIAN_POINT('',(-1.25,3.82560868938413,-2.39957088380621));
#15263=CARTESIAN_POINT('',(-1.25,3.83826226457967,-2.41874613389239));
#15264=CARTESIAN_POINT('',(-1.25,3.84421503971651,-2.42779498850195));
#15265=CARTESIAN_POINT('',(-1.25,3.65035380616861,-2.18551701934083));
#15266=CARTESIAN_POINT('',(1.25,3.65035380616861,-2.18551701934083));
#15267=CARTESIAN_POINT('',(1.25,3.65035380616863,-2.18551701934085));
#15268=CARTESIAN_POINT('',(1.25,3.62211194800248,-2.15883830193802));
#15269=CARTESIAN_POINT('',(1.25,3.62626918048542,-2.16259660830357));
#15270=CARTESIAN_POINT('',(1.25,3.6349511583266,-2.17060334115576));
#15271=CARTESIAN_POINT('',(1.25,3.64863764768511,-2.18373926200905));
#15272=CARTESIAN_POINT('',(1.25,3.66326418157778,-2.19835048743517));
#15273=CARTESIAN_POINT('',(1.25,3.67874210897411,-2.21444337555308));
#15274=CARTESIAN_POINT('',(1.25,3.69501755545265,-2.23205735197669));
#15275=CARTESIAN_POINT('',(1.25,3.71203542720823,-2.25123023810096));
#15276=CARTESIAN_POINT('',(1.25,3.72973942296477,-2.27199838458176));
#15277=CARTESIAN_POINT('',(1.25,3.7480721873947,-2.29439598530979));
#15278=CARTESIAN_POINT('',(1.25,3.76697492134385,-2.31845759607948));
#15279=CARTESIAN_POINT('',(1.25,3.78638910860158,-2.34420818796552));
#15280=CARTESIAN_POINT('',(1.25,3.80625002932002,-2.37170160350798));
#15281=CARTESIAN_POINT('',(1.25,3.82560868938413,-2.39957088380621));
#15282=CARTESIAN_POINT('',(1.25,3.83826226457967,-2.41874613389239));
#15283=CARTESIAN_POINT('',(1.25,3.84421503971651,-2.42779498850195));
#15284=CARTESIAN_POINT('',(-1.35,2.15517755844455E-12,-1.24369767732407E-12));
#15285=CARTESIAN_POINT('',(-1.25,2.15517755844455E-12,-1.24369767732407E-12));
#15286=CARTESIAN_POINT('',(-1.25,3.66116593594925,-2.09192298310015));
#15287=CARTESIAN_POINT('',(-1.25,3.64224141409988,-2.1247012164522));
#15288=CARTESIAN_POINT('',(-1.35,3.66116593594925,-2.09192298310015));
#15289=CARTESIAN_POINT('',(1.25,3.66116593594925,-2.09192298310015));
#15290=CARTESIAN_POINT('',(1.25,2.15517755844455E-12,-1.24369767732407E-12));
#15291=CARTESIAN_POINT('',(1.25,3.64224141409988,-2.1247012164522));
#15292=CARTESIAN_POINT('',(-1.35,3.64224141409988,-2.1247012164522));
#15293=CARTESIAN_POINT('',(-1.25,3.71789016702281,-2.06854062059591));
#15294=CARTESIAN_POINT('',(1.25,3.71789016702281,-2.06854062059591));
#15295=CARTESIAN_POINT('',(-1.25,3.80070294068473,-2.09143369966393));
#15296=CARTESIAN_POINT('',(1.25,3.80070294068473,-2.09143369966393));
#15297=CARTESIAN_POINT('',(-1.25,3.90728569451779,-2.10844394563655));
#15298=CARTESIAN_POINT('',(1.25,3.90728569451779,-2.10844394563655));
#15299=CARTESIAN_POINT('',(-1.25,4.02463965508149,-2.11529038775373));
#15300=CARTESIAN_POINT('',(1.25,4.02463965508149,-2.11529038775373));
#15301=CARTESIAN_POINT('',(-1.35,3.71789016223671,-2.06854061927282));
#15302=CARTESIAN_POINT('',(-1.25,3.71789016223671,-2.06854061927282));
#15303=CARTESIAN_POINT('',(1.25,3.71789016223674,-2.06854061927283));
#15304=CARTESIAN_POINT('',(-1.25,3.68066478614243,-2.05742181135228));
#15305=CARTESIAN_POINT('',(-1.25,3.68599819117167,-2.05914292710916));
#15306=CARTESIAN_POINT('',(-1.25,3.69727321414357,-2.06265837404862));
#15307=CARTESIAN_POINT('',(-1.25,3.71549249998387,-2.06794326109507));
#15308=CARTESIAN_POINT('',(-1.25,3.73545945932965,-2.07330459830239));
#15309=CARTESIAN_POINT('',(-1.25,3.75713527295818,-2.07866243256658));
#15310=CARTESIAN_POINT('',(-1.25,3.78052714724196,-2.08395039446313));
#15311=CARTESIAN_POINT('',(-1.25,3.80564028956724,-2.08910186065967));
#15312=CARTESIAN_POINT('',(-1.25,3.83247802988739,-2.09404989749292));
#15313=CARTESIAN_POINT('',(-1.25,3.86104130331666,-2.09872773684683));
#15314=CARTESIAN_POINT('',(-1.25,3.89133063647375,-2.10306717926293));
#15315=CARTESIAN_POINT('',(-1.25,3.92333839683842,-2.10700506267892));
#15316=CARTESIAN_POINT('',(-1.25,3.95707885349422,-2.1104584167924));
#15317=CARTESIAN_POINT('',(-1.25,3.99089368824972,-2.11328886804204));
#15318=CARTESIAN_POINT('',(-1.25,4.01382672954604,-2.11465956056698));
#15319=CARTESIAN_POINT('',(-1.25,4.02463965508149,-2.11529038775373));
#15320=CARTESIAN_POINT('',(1.25,3.68066478614243,-2.05742181135228));
#15321=CARTESIAN_POINT('',(1.25,3.68599819117167,-2.05914292710916));
#15322=CARTESIAN_POINT('',(1.25,3.69727321414357,-2.06265837404862));
#15323=CARTESIAN_POINT('',(1.25,3.71549249998387,-2.06794326109507));
#15324=CARTESIAN_POINT('',(1.25,3.73545945932965,-2.07330459830239));
#15325=CARTESIAN_POINT('',(1.25,3.75713527295818,-2.07866243256658));
#15326=CARTESIAN_POINT('',(1.25,3.78052714724196,-2.08395039446313));
#15327=CARTESIAN_POINT('',(1.25,3.80564028956724,-2.08910186065967));
#15328=CARTESIAN_POINT('',(1.25,3.83247802988739,-2.09404989749292));
#15329=CARTESIAN_POINT('',(1.25,3.86104130331666,-2.09872773684683));
#15330=CARTESIAN_POINT('',(1.25,3.89133063647375,-2.10306717926293));
#15331=CARTESIAN_POINT('',(1.25,3.92333839683842,-2.10700506267892));
#15332=CARTESIAN_POINT('',(1.25,3.95707885349422,-2.1104584167924));
#15333=CARTESIAN_POINT('',(1.25,3.99089368824972,-2.11328886804204));
#15334=CARTESIAN_POINT('',(1.25,4.01382672954604,-2.11465956056698));
#15335=CARTESIAN_POINT('',(1.25,4.02463965508149,-2.11529038775373));
#15336=CARTESIAN_POINT('',(-0.05,3.70457031667145,-2.11672344917803));
#15337=CARTESIAN_POINT('',(-1.25,3.70457031667145,-2.11672344917803));
#15338=CARTESIAN_POINT('',(1.25,3.70457031667145,-2.11672344917803));
#15339=CARTESIAN_POINT('',(-0.05,3.68542143811011,-2.14989027975421));
#15340=CARTESIAN_POINT('',(-1.25,3.68542143811011,-2.14989027975421));
#15341=CARTESIAN_POINT('',(1.25,3.68542143811011,-2.14989027975421));
#15342=CARTESIAN_POINT('',(-1.25,2.44583428439813,-3.48130180340101));
#15343=CARTESIAN_POINT('',(1.25,2.44583428439813,-3.48130180340101));
#15344=CARTESIAN_POINT('',(-1.25,2.47725824475349,-3.56126794164951));
#15345=CARTESIAN_POINT('',(1.25,2.47725824475349,-3.56126794164951));
#15346=CARTESIAN_POINT('',(-1.25,2.50531623828785,-3.66548876913386));
#15347=CARTESIAN_POINT('',(1.25,2.50531623828785,-3.66548876913386));
#15348=CARTESIAN_POINT('',(-1.25,2.52439200403485,-3.78148420434922));
#15349=CARTESIAN_POINT('',(1.25,2.52439200403485,-3.78148420434922));
#15350=CARTESIAN_POINT('',(-1.25,2.43088527329693,-3.44544257909562));
#15351=CARTESIAN_POINT('',(-1.25,2.4331544532333,-3.4505668615889));
#15352=CARTESIAN_POINT('',(-1.25,2.43782920301117,-3.46141265453895));
#15353=CARTESIAN_POINT('',(-1.25,2.44498957284413,-3.4789797121036));
#15354=CARTESIAN_POINT('',(-1.25,2.4524086556618,-3.49827687801756));
#15355=CARTESIAN_POINT('',(-1.25,2.46000287863795,-3.51927390308897));
#15356=CARTESIAN_POINT('',(-1.25,2.46770698919778,-3.54198489170704));
#15357=CARTESIAN_POINT('',(-1.25,2.47545527329858,-3.56642198676593));
#15358=CARTESIAN_POINT('',(-1.25,2.48318151202157,-3.59259549645016));
#15359=CARTESIAN_POINT('',(-1.25,2.49081940075951,-3.62051332991987));
#15360=CARTESIAN_POINT('',(-1.25,2.49830116870432,-3.65018313969352));
#15361=CARTESIAN_POINT('',(-1.25,2.5055632019865,-3.68160393729587));
#15362=CARTESIAN_POINT('',(-1.25,2.51252447634899,-3.71479858640118));
#15363=CARTESIAN_POINT('',(-1.25,2.51887403480317,-3.74813231723432));
#15364=CARTESIAN_POINT('',(-1.25,2.52263437409579,-3.77079645254765));
#15365=CARTESIAN_POINT('',(-1.25,2.52439200403485,-3.78148420434922));
#15366=CARTESIAN_POINT('',(-1.25,2.445834282582,-3.4813017987794));
#15367=CARTESIAN_POINT('',(1.25,2.445834282582,-3.4813017987794));
#15368=CARTESIAN_POINT('',(1.25,2.44583428258201,-3.48130179877943));
#15369=CARTESIAN_POINT('',(1.25,2.43088527329693,-3.44544257909562));
#15370=CARTESIAN_POINT('',(1.25,2.4331544532333,-3.4505668615889));
#15371=CARTESIAN_POINT('',(1.25,2.43782920301117,-3.46141265453895));
#15372=CARTESIAN_POINT('',(1.25,2.44498957284413,-3.4789797121036));
#15373=CARTESIAN_POINT('',(1.25,2.4524086556618,-3.49827687801756));
#15374=CARTESIAN_POINT('',(1.25,2.46000287863795,-3.51927390308897));
#15375=CARTESIAN_POINT('',(1.25,2.46770698919778,-3.54198489170704));
#15376=CARTESIAN_POINT('',(1.25,2.47545527329858,-3.56642198676593));
#15377=CARTESIAN_POINT('',(1.25,2.48318151202157,-3.59259549645016));
#15378=CARTESIAN_POINT('',(1.25,2.49081940075951,-3.62051332991987));
#15379=CARTESIAN_POINT('',(1.25,2.49830116870432,-3.65018313969352));
#15380=CARTESIAN_POINT('',(1.25,2.5055632019865,-3.68160393729587));
#15381=CARTESIAN_POINT('',(1.25,2.51252447634899,-3.71479858640118));
#15382=CARTESIAN_POINT('',(1.25,2.51887403480317,-3.74813231723432));
#15383=CARTESIAN_POINT('',(1.25,2.52263437409579,-3.77079645254765));
#15384=CARTESIAN_POINT('',(1.25,2.52439200403485,-3.78148420434922));
#15385=CARTESIAN_POINT('',(-1.35,1.46299525065433E-12,-2.01276404915409E-12));
#15386=CARTESIAN_POINT('',(-1.25,1.46299525065433E-12,-2.01276404915409E-12));
#15387=CARTESIAN_POINT('',(-1.25,2.49377977874299,-3.40019708148077));
#15388=CARTESIAN_POINT('',(-1.25,2.46315925916987,-3.42244419118026));
#15389=CARTESIAN_POINT('',(-1.35,2.49377977874299,-3.40019708148077));
#15390=CARTESIAN_POINT('',(1.25,2.49377977874299,-3.40019708148077));
#15391=CARTESIAN_POINT('',(1.25,1.46299525065433E-12,-2.01276404915409E-12));
#15392=CARTESIAN_POINT('',(1.25,2.46315925916987,-3.42244419118026));
#15393=CARTESIAN_POINT('',(-1.35,2.46315925916987,-3.42244419118026));
#15394=CARTESIAN_POINT('',(-1.25,2.55511040601067,-3.40190805375398));
#15395=CARTESIAN_POINT('',(1.25,2.55511040601067,-3.40190805375398));
#15396=CARTESIAN_POINT('',(-1.25,2.62145218509449,-3.45650491171108));
#15397=CARTESIAN_POINT('',(1.25,2.62145218509449,-3.45650491171108));
#15398=CARTESIAN_POINT('',(-1.25,2.71190168537694,-3.5153956561566));
#15399=CARTESIAN_POINT('',(1.25,2.71190168537694,-3.5153956561566));
#15400=CARTESIAN_POINT('',(-1.25,2.81632516410252,-3.56938234822507));
#15401=CARTESIAN_POINT('',(1.25,2.81632516410252,-3.56938234822507));
#15402=CARTESIAN_POINT('',(-1.35,2.5551104021765,-3.4019080505986));
#15403=CARTESIAN_POINT('',(-1.25,2.5551104021765,-3.4019080505986));
#15404=CARTESIAN_POINT('',(1.25,2.55511040217652,-3.40190805059861));
#15405=CARTESIAN_POINT('',(-1.25,2.52562575554513,-3.37660958961856));
#15406=CARTESIAN_POINT('',(-1.25,2.52979802263807,-3.3803511983581));
#15407=CARTESIAN_POINT('',(-1.25,2.53866840757179,-3.38814868393542));
#15408=CARTESIAN_POINT('',(-1.25,2.55316299617638,-3.40038711965278));
#15409=CARTESIAN_POINT('',(-1.25,2.56922306889155,-3.41340623892215));
#15410=CARTESIAN_POINT('',(-1.25,2.58684568244983,-3.4271172117482));
#15411=CARTESIAN_POINT('',(-1.25,2.60606441507701,-3.44146233774043));
#15412=CARTESIAN_POINT('',(-1.25,2.62691112210771,-3.45638287149094));
#15413=CARTESIAN_POINT('',(-1.25,2.6494160699792,-3.47181902046976));
#15414=CARTESIAN_POINT('',(-1.25,2.67360727000025,-3.48771016931299));
#15415=CARTESIAN_POINT('',(-1.25,2.6995129424798,-3.50399422891024));
#15416=CARTESIAN_POINT('',(-1.25,2.7271518050888,-3.52061039342075));
#15417=CARTESIAN_POINT('',(-1.25,2.75657064034602,-3.53748866946077));
#15418=CARTESIAN_POINT('',(-1.25,2.78631078079818,-3.55382814771758));
#15419=CARTESIAN_POINT('',(-1.25,2.80670364562808,-3.56440804587994));
#15420=CARTESIAN_POINT('',(-1.25,2.81632516410252,-3.56938234822506));
#15421=CARTESIAN_POINT('',(1.25,2.52562575554513,-3.37660958961856));
#15422=CARTESIAN_POINT('',(1.25,2.52979802263807,-3.3803511983581));
#15423=CARTESIAN_POINT('',(1.25,2.53866840757179,-3.38814868393542));
#15424=CARTESIAN_POINT('',(1.25,2.55316299617638,-3.40038711965278));
#15425=CARTESIAN_POINT('',(1.25,2.56922306889155,-3.41340623892215));
#15426=CARTESIAN_POINT('',(1.25,2.58684568244983,-3.4271172117482));
#15427=CARTESIAN_POINT('',(1.25,2.60606441507701,-3.44146233774043));
#15428=CARTESIAN_POINT('',(1.25,2.62691112210771,-3.45638287149094));
#15429=CARTESIAN_POINT('',(1.25,2.6494160699792,-3.47181902046976));
#15430=CARTESIAN_POINT('',(1.25,2.67360727000025,-3.48771016931299));
#15431=CARTESIAN_POINT('',(1.25,2.6995129424798,-3.50399422891024));
#15432=CARTESIAN_POINT('',(1.25,2.7271518050888,-3.52061039342075));
#15433=CARTESIAN_POINT('',(1.25,2.75657064034602,-3.53748866946077));
#15434=CARTESIAN_POINT('',(1.25,2.78631078079818,-3.55382814771758));
#15435=CARTESIAN_POINT('',(1.25,2.80670364562808,-3.56440804587994));
#15436=CARTESIAN_POINT('',(1.25,2.81632516410252,-3.56938234822506));
#15437=CARTESIAN_POINT('',(-0.05,2.52334439527431,-3.44050758672336));
#15438=CARTESIAN_POINT('',(-1.25,2.52334439527431,-3.44050758672336));
#15439=CARTESIAN_POINT('',(1.25,2.52334439527431,-3.44050758672336));
#15440=CARTESIAN_POINT('',(-0.05,2.49236085891563,-3.46301844355594));
#15441=CARTESIAN_POINT('',(-1.25,2.49236085891563,-3.46301844355594));
#15442=CARTESIAN_POINT('',(1.25,2.49236085891563,-3.46301844355594));
#15443=CARTESIAN_POINT('',(-1.25,2.06854062059591,-3.71789016702284));
#15444=CARTESIAN_POINT('',(1.25,2.06854062059591,-3.71789016702284));
#15445=CARTESIAN_POINT('',(-1.25,2.09143369966394,-3.80070294068475));
#15446=CARTESIAN_POINT('',(1.25,2.09143369966394,-3.80070294068475));
#15447=CARTESIAN_POINT('',(-1.25,2.10844394563655,-3.9072856945178));
#15448=CARTESIAN_POINT('',(1.25,2.10844394563655,-3.9072856945178));
#15449=CARTESIAN_POINT('',(-1.25,2.11529038775373,-4.02463965508149));
#15450=CARTESIAN_POINT('',(1.25,2.11529038775373,-4.02463965508149));
#15451=CARTESIAN_POINT('',(-1.25,2.05742181135228,-3.68066478614243));
#15452=CARTESIAN_POINT('',(-1.25,2.05914292710916,-3.68599819117167));
#15453=CARTESIAN_POINT('',(-1.25,2.06265837404862,-3.69727321414357));
#15454=CARTESIAN_POINT('',(-1.25,2.06794326109507,-3.71549249998387));
#15455=CARTESIAN_POINT('',(-1.25,2.07330459830239,-3.73545945932965));
#15456=CARTESIAN_POINT('',(-1.25,2.07866243256658,-3.75713527295818));
#15457=CARTESIAN_POINT('',(-1.25,2.08395039446313,-3.78052714724196));
#15458=CARTESIAN_POINT('',(-1.25,2.08910186065967,-3.80564028956724));
#15459=CARTESIAN_POINT('',(-1.25,2.09404989749292,-3.83247802988739));
#15460=CARTESIAN_POINT('',(-1.25,2.09872773684683,-3.86104130331666));
#15461=CARTESIAN_POINT('',(-1.25,2.10306717926293,-3.89133063647375));
#15462=CARTESIAN_POINT('',(-1.25,2.10700506267893,-3.92333839683842));
#15463=CARTESIAN_POINT('',(-1.25,2.1104584167924,-3.95707885349422));
#15464=CARTESIAN_POINT('',(-1.25,2.11328886804204,-3.99089368824972));
#15465=CARTESIAN_POINT('',(-1.25,2.11465956056698,-4.01382672954604));
#15466=CARTESIAN_POINT('',(-1.25,2.11529038775373,-4.02463965508149));
#15467=CARTESIAN_POINT('',(-1.25,2.06854061927282,-3.71789016223671));
#15468=CARTESIAN_POINT('',(1.25,2.06854061927282,-3.71789016223671));
#15469=CARTESIAN_POINT('',(1.25,2.06854061927283,-3.71789016223674));
#15470=CARTESIAN_POINT('',(1.25,2.05742181135228,-3.68066478614243));
#15471=CARTESIAN_POINT('',(1.25,2.05914292710916,-3.68599819117167));
#15472=CARTESIAN_POINT('',(1.25,2.06265837404862,-3.69727321414357));
#15473=CARTESIAN_POINT('',(1.25,2.06794326109507,-3.71549249998387));
#15474=CARTESIAN_POINT('',(1.25,2.07330459830239,-3.73545945932965));
#15475=CARTESIAN_POINT('',(1.25,2.07866243256658,-3.75713527295818));
#15476=CARTESIAN_POINT('',(1.25,2.08395039446313,-3.78052714724196));
#15477=CARTESIAN_POINT('',(1.25,2.08910186065967,-3.80564028956724));
#15478=CARTESIAN_POINT('',(1.25,2.09404989749292,-3.83247802988739));
#15479=CARTESIAN_POINT('',(1.25,2.09872773684683,-3.86104130331666));
#15480=CARTESIAN_POINT('',(1.25,2.10306717926293,-3.89133063647375));
#15481=CARTESIAN_POINT('',(1.25,2.10700506267893,-3.92333839683842));
#15482=CARTESIAN_POINT('',(1.25,2.1104584167924,-3.95707885349422));
#15483=CARTESIAN_POINT('',(1.25,2.11328886804204,-3.99089368824972));
#15484=CARTESIAN_POINT('',(1.25,2.11465956056698,-4.01382672954604));
#15485=CARTESIAN_POINT('',(1.25,2.11529038775373,-4.02463965508149));
#15486=CARTESIAN_POINT('',(-1.35,1.24458967661707E-12,-2.15466256241261E-12));
#15487=CARTESIAN_POINT('',(-1.25,1.24458967661707E-12,-2.15466256241261E-12));
#15488=CARTESIAN_POINT('',(-1.25,2.1247012164522,-3.64224141409988));
#15489=CARTESIAN_POINT('',(-1.25,2.09192298310015,-3.66116593594925));
#15490=CARTESIAN_POINT('',(-1.35,2.1247012164522,-3.64224141409988));
#15491=CARTESIAN_POINT('',(1.25,2.1247012164522,-3.64224141409988));
#15492=CARTESIAN_POINT('',(1.25,1.24458967661707E-12,-2.15466256241261E-12));
#15493=CARTESIAN_POINT('',(1.25,2.09192298310015,-3.66116593594925));
#15494=CARTESIAN_POINT('',(-1.35,2.09192298310015,-3.66116593594925));
#15495=CARTESIAN_POINT('',(-1.25,2.18551702282417,-3.65035380970749));
#15496=CARTESIAN_POINT('',(1.25,2.18551702282417,-3.65035380970749));
#15497=CARTESIAN_POINT('',(-1.25,2.24578844903922,-3.71158618458219));
#15498=CARTESIAN_POINT('',(1.25,2.24578844903922,-3.71158618458219));
#15499=CARTESIAN_POINT('',(-1.25,2.32958669847763,-3.77960886663564));
#15500=CARTESIAN_POINT('',(1.25,2.32958669847763,-3.77960886663564));
#15501=CARTESIAN_POINT('',(-1.25,2.42779498850195,-3.84421503971651));
#15502=CARTESIAN_POINT('',(1.25,2.42779498850195,-3.84421503971651));
#15503=CARTESIAN_POINT('',(-1.35,2.18551701934083,-3.65035380616861));
#15504=CARTESIAN_POINT('',(-1.25,2.18551701934083,-3.65035380616861));
#15505=CARTESIAN_POINT('',(1.25,2.18551701934085,-3.65035380616863));
#15506=CARTESIAN_POINT('',(-1.25,2.15883830193802,-3.62211194800248));
#15507=CARTESIAN_POINT('',(-1.25,2.16259660830357,-3.62626918048542));
#15508=CARTESIAN_POINT('',(-1.25,2.17060334115576,-3.6349511583266));
#15509=CARTESIAN_POINT('',(-1.25,2.18373926200905,-3.64863764768511));
#15510=CARTESIAN_POINT('',(-1.25,2.19835048743517,-3.66326418157778));
#15511=CARTESIAN_POINT('',(-1.25,2.21444337555308,-3.6787421089741));
#15512=CARTESIAN_POINT('',(-1.25,2.23205735197669,-3.69501755545265));
#15513=CARTESIAN_POINT('',(-1.25,2.25123023810096,-3.71203542720823));
#15514=CARTESIAN_POINT('',(-1.25,2.27199838458176,-3.72973942296477));
#15515=CARTESIAN_POINT('',(-1.25,2.29439598530979,-3.7480721873947));
#15516=CARTESIAN_POINT('',(-1.25,2.31845759607948,-3.76697492134385));
#15517=CARTESIAN_POINT('',(-1.25,2.34420818796552,-3.78638910860158));
#15518=CARTESIAN_POINT('',(-1.25,2.37170160350798,-3.80625002932002));
#15519=CARTESIAN_POINT('',(-1.25,2.39957088380621,-3.82560868938413));
#15520=CARTESIAN_POINT('',(-1.25,2.41874613389239,-3.83826226457967));
#15521=CARTESIAN_POINT('',(-1.25,2.42779498850195,-3.84421503971651));
#15522=CARTESIAN_POINT('',(1.25,2.15883830193802,-3.62211194800248));
#15523=CARTESIAN_POINT('',(1.25,2.16259660830357,-3.62626918048542));
#15524=CARTESIAN_POINT('',(1.25,2.17060334115576,-3.6349511583266));
#15525=CARTESIAN_POINT('',(1.25,2.18373926200905,-3.64863764768511));
#15526=CARTESIAN_POINT('',(1.25,2.19835048743517,-3.66326418157778));
#15527=CARTESIAN_POINT('',(1.25,2.21444337555308,-3.6787421089741));
#15528=CARTESIAN_POINT('',(1.25,2.23205735197669,-3.69501755545265));
#15529=CARTESIAN_POINT('',(1.25,2.25123023810096,-3.71203542720823));
#15530=CARTESIAN_POINT('',(1.25,2.27199838458176,-3.72973942296477));
#15531=CARTESIAN_POINT('',(1.25,2.29439598530979,-3.7480721873947));
#15532=CARTESIAN_POINT('',(1.25,2.31845759607948,-3.76697492134385));
#15533=CARTESIAN_POINT('',(1.25,2.34420818796552,-3.78638910860158));
#15534=CARTESIAN_POINT('',(1.25,2.37170160350798,-3.80625002932002));
#15535=CARTESIAN_POINT('',(1.25,2.39957088380621,-3.82560868938413));
#15536=CARTESIAN_POINT('',(1.25,2.41874613389239,-3.83826226457967));
#15537=CARTESIAN_POINT('',(1.25,2.42779498850195,-3.84421503971651));
#15538=CARTESIAN_POINT('',(-0.05,2.14989027975421,-3.68542143811011));
#15539=CARTESIAN_POINT('',(-1.25,2.14989027975421,-3.68542143811011));
#15540=CARTESIAN_POINT('',(1.25,2.14989027975421,-3.68542143811011));
#15541=CARTESIAN_POINT('',(-0.05,2.11672344917803,-3.70457031667144));
#15542=CARTESIAN_POINT('',(-1.25,2.11672344917803,-3.70457031667144));
#15543=CARTESIAN_POINT('',(1.25,2.11672344917803,-3.70457031667144));
#15544=CARTESIAN_POINT('',(-1.25,1.6685835928845,-3.91374454795623));
#15545=CARTESIAN_POINT('',(1.25,1.6685835928845,-3.91374454795623));
#15546=CARTESIAN_POINT('',(-1.25,1.68269496930024,-3.99849664295361));
#15547=CARTESIAN_POINT('',(1.25,1.68269496930024,-3.99849664295361));
#15548=CARTESIAN_POINT('',(-1.25,1.68847109989663,-4.10627358018056));
#15549=CARTESIAN_POINT('',(1.25,1.68847109989663,-4.10627358018056));
#15550=CARTESIAN_POINT('',(-1.25,1.6830132073314,-4.2237003115427));
#15551=CARTESIAN_POINT('',(1.25,1.6830132073314,-4.2237003115427));
#15552=CARTESIAN_POINT('',(-1.25,1.66141680549926,-3.87556085956363));
#15553=CARTESIAN_POINT('',(-1.25,1.66257100017225,-3.88104495322726));
#15554=CARTESIAN_POINT('',(-1.25,1.664888628301,-3.89262567470987));
#15555=CARTESIAN_POINT('',(-1.25,1.66824013023251,-3.91129757451753));
#15556=CARTESIAN_POINT('',(-1.25,1.67148498189711,-3.93171556511017));
#15557=CARTESIAN_POINT('',(-1.25,1.67454772589593,-3.95383268254575));
#15558=CARTESIAN_POINT('',(-1.25,1.67736160311208,-3.97764915622554));
#15559=CARTESIAN_POINT('',(-1.25,1.67985981086271,-4.00316320097463));
#15560=CARTESIAN_POINT('',(-1.25,1.68197543407923,-4.0303711320316));
#15561=CARTESIAN_POINT('',(-1.25,1.68364197266225,-4.05926690021947));
#15562=CARTESIAN_POINT('',(-1.25,1.68479154571043,-4.0898439004875));
#15563=CARTESIAN_POINT('',(-1.25,1.6853621349855,-4.12208793989386));
#15564=CARTESIAN_POINT('',(-1.25,1.68526973317963,-4.15600453659637));
#15565=CARTESIAN_POINT('',(-1.25,1.68455006620852,-4.18992999286847));
#15566=CARTESIAN_POINT('',(-1.25,1.68351609437164,-4.21288068094829));
#15567=CARTESIAN_POINT('',(-1.25,1.6830132073314,-4.2237003115427));
#15568=CARTESIAN_POINT('',(-1.25,1.66858359206894,-3.91374454305801));
#15569=CARTESIAN_POINT('',(1.25,1.66858359206894,-3.91374454305801));
#15570=CARTESIAN_POINT('',(1.25,1.66858359206894,-3.91374454305804));
#15571=CARTESIAN_POINT('',(1.25,1.66141680549926,-3.87556085956363));
#15572=CARTESIAN_POINT('',(1.25,1.66257100017225,-3.88104495322726));
#15573=CARTESIAN_POINT('',(1.25,1.664888628301,-3.89262567470987));
#15574=CARTESIAN_POINT('',(1.25,1.66824013023251,-3.91129757451753));
#15575=CARTESIAN_POINT('',(1.25,1.67148498189711,-3.93171556511017));
#15576=CARTESIAN_POINT('',(1.25,1.67454772589593,-3.95383268254575));
#15577=CARTESIAN_POINT('',(1.25,1.67736160311208,-3.97764915622554));
#15578=CARTESIAN_POINT('',(1.25,1.67985981086271,-4.00316320097463));
#15579=CARTESIAN_POINT('',(1.25,1.68197543407923,-4.0303711320316));
#15580=CARTESIAN_POINT('',(1.25,1.68364197266225,-4.05926690021947));
#15581=CARTESIAN_POINT('',(1.25,1.68479154571043,-4.0898439004875));
#15582=CARTESIAN_POINT('',(1.25,1.6853621349855,-4.12208793989386));
#15583=CARTESIAN_POINT('',(1.25,1.68526973317963,-4.15600453659637));
#15584=CARTESIAN_POINT('',(1.25,1.68455006620852,-4.18992999286847));
#15585=CARTESIAN_POINT('',(1.25,1.68351609437164,-4.21288068094829));
#15586=CARTESIAN_POINT('',(1.25,1.6830132073314,-4.2237003115427));
#15587=CARTESIAN_POINT('',(-1.35,1.01254811763566E-12,-2.27295414174522E-12));
#15588=CARTESIAN_POINT('',(-1.25,1.01254811763566E-12,-2.27295414174522E-12));
#15589=CARTESIAN_POINT('',(-1.25,1.73234398301165,-3.8443805875981));
#15590=CARTESIAN_POINT('',(-1.25,1.69776716106456,-3.85977518057575));
#15591=CARTESIAN_POINT('',(-1.35,1.73234398301165,-3.8443805875981));
#15592=CARTESIAN_POINT('',(1.25,1.73234398301165,-3.8443805875981));
#15593=CARTESIAN_POINT('',(1.25,1.01254811763566E-12,-2.27295414174522E-12));
#15594=CARTESIAN_POINT('',(1.25,1.69776716106456,-3.85977518057575));
#15595=CARTESIAN_POINT('',(-1.35,1.69776716106456,-3.85977518057575));
#15596=CARTESIAN_POINT('',(-1.25,1.79197865778677,-3.8588055254362));
#15597=CARTESIAN_POINT('',(1.25,1.79197865778677,-3.8588055254362));
#15598=CARTESIAN_POINT('',(-1.25,1.84551938477483,-3.9260025425157));
#15599=CARTESIAN_POINT('',(1.25,1.84551938477483,-3.9260025425157));
#15600=CARTESIAN_POINT('',(-1.25,1.92174827221251,-4.00241189143785));
#15601=CARTESIAN_POINT('',(1.25,1.92174827221251,-4.00241189143785));
#15602=CARTESIAN_POINT('',(-1.25,2.01266538295858,-4.07692970677911));
#15603=CARTESIAN_POINT('',(1.25,2.01266538295858,-4.07692970677911));
#15604=CARTESIAN_POINT('',(-1.35,1.79197865469243,-3.8588055215526));
#15605=CARTESIAN_POINT('',(-1.25,1.79197865469243,-3.8588055215526));
#15606=CARTESIAN_POINT('',(1.25,1.79197865469244,-3.85880552155262));
#15607=CARTESIAN_POINT('',(-1.25,1.76839816412892,-3.82792968990842));
#15608=CARTESIAN_POINT('',(-1.25,1.77170133297608,-3.83245699862573));
#15609=CARTESIAN_POINT('',(-1.25,1.77875669030607,-3.84192834716471));
#15610=CARTESIAN_POINT('',(-1.25,1.79039002351032,-3.85691293812288));
#15611=CARTESIAN_POINT('',(-1.25,1.80339231800402,-3.87298663527274));
#15612=CARTESIAN_POINT('',(-1.25,1.81777916363169,-3.8900619378278));
#15613=CARTESIAN_POINT('',(-1.25,1.83359540144008,-3.90808938759521));
#15614=CARTESIAN_POINT('',(-1.25,1.85088440450538,-3.92701814599168));
#15615=CARTESIAN_POINT('',(-1.25,1.86968820943662,-3.94679601984361));
#15616=CARTESIAN_POINT('',(-1.25,1.89004681807105,-3.9673695422568));
#15617=CARTESIAN_POINT('',(-1.25,1.91200074308807,-3.98868384824905));
#15618=CARTESIAN_POINT('',(-1.25,1.93558093537779,-4.01068335235572));
#15619=CARTESIAN_POINT('',(-1.25,1.96084770759146,-4.03330931734901));
#15620=CARTESIAN_POINT('',(-1.25,1.98654078606877,-4.05547506168971));
#15621=CARTESIAN_POINT('',(-1.25,2.00428833335861,-4.07006367870064));
#15622=CARTESIAN_POINT('',(-1.25,2.01266538295858,-4.07692970677911));
#15623=CARTESIAN_POINT('',(1.25,1.76839816412892,-3.82792968990842));
#15624=CARTESIAN_POINT('',(1.25,1.77170133297608,-3.83245699862573));
#15625=CARTESIAN_POINT('',(1.25,1.77875669030607,-3.84192834716471));
#15626=CARTESIAN_POINT('',(1.25,1.79039002351032,-3.85691293812288));
#15627=CARTESIAN_POINT('',(1.25,1.80339231800402,-3.87298663527274));
#15628=CARTESIAN_POINT('',(1.25,1.81777916363169,-3.8900619378278));
#15629=CARTESIAN_POINT('',(1.25,1.83359540144008,-3.90808938759521));
#15630=CARTESIAN_POINT('',(1.25,1.85088440450538,-3.92701814599168));
#15631=CARTESIAN_POINT('',(1.25,1.86968820943662,-3.94679601984361));
#15632=CARTESIAN_POINT('',(1.25,1.89004681807105,-3.9673695422568));
#15633=CARTESIAN_POINT('',(1.25,1.91200074308807,-3.98868384824905));
#15634=CARTESIAN_POINT('',(1.25,1.93558093537779,-4.01068335235572));
#15635=CARTESIAN_POINT('',(1.25,1.96084770759146,-4.03330931734901));
#15636=CARTESIAN_POINT('',(1.25,1.98654078606877,-4.05547506168971));
#15637=CARTESIAN_POINT('',(1.25,2.00428833335861,-4.07006367870064));
#15638=CARTESIAN_POINT('',(1.25,2.01266538295858,-4.07692970677911));
#15639=CARTESIAN_POINT('',(-0.05,1.75288151643568,-3.88995704099691));
#15640=CARTESIAN_POINT('',(-1.25,1.75288151643568,-3.88995704099691));
#15641=CARTESIAN_POINT('',(1.25,1.75288151643568,-3.88995704099691));
#15642=CARTESIAN_POINT('',(-0.05,1.71789477437837,-3.90553414216631));
#15643=CARTESIAN_POINT('',(-1.25,1.71789477437837,-3.90553414216631));
#15644=CARTESIAN_POINT('',(1.25,1.71789477437837,-3.90553414216631));
#15645=CARTESIAN_POINT('',(-1.25,1.25034521415587,-4.06671912461851));
#15646=CARTESIAN_POINT('',(1.25,1.25034521415587,-4.06671912461851));
#15647=CARTESIAN_POINT('',(-1.25,1.25552028072631,-4.15248197926307));
#15648=CARTESIAN_POINT('',(1.25,1.25552028072631,-4.15248197926307));
#15649=CARTESIAN_POINT('',(-1.25,1.24999901145088,-4.26027227320586));
#15650=CARTESIAN_POINT('',(1.25,1.24999901145088,-4.26027227320586));
#15651=CARTESIAN_POINT('',(-1.25,1.23229658201639,-4.37648522352453));
#15652=CARTESIAN_POINT('',(1.25,1.23229658201639,-4.37648522352453));
#15653=CARTESIAN_POINT('',(-1.25,1.24720896945137,-4.02799547719421));
#15654=CARTESIAN_POINT('',(-1.25,1.24778359744211,-4.03357017461441));
#15655=CARTESIAN_POINT('',(-1.25,1.24887801434136,-4.04532971379976));
#15656=CARTESIAN_POINT('',(-1.25,1.25025941140144,-4.06424965433315));
#15657=CARTESIAN_POINT('',(-1.25,1.25135222624943,-4.08489497239498));
#15658=CARTESIAN_POINT('',(-1.25,1.25208632391871,-4.10721107387067));
#15659=CARTESIAN_POINT('',(-1.25,1.25239528702686,-4.13119120867691));
#15660=CARTESIAN_POINT('',(-1.25,1.25221286544467,-4.15682661863638));
#15661=CARTESIAN_POINT('',(-1.25,1.25147289583377,-4.18410664464389));
#15662=CARTESIAN_POINT('',(-1.25,1.25010987470044,-4.21301831950727));
#15663=CARTESIAN_POINT('',(-1.25,1.24805698341784,-4.24354797887264));
#15664=CARTESIAN_POINT('',(-1.25,1.24525402705646,-4.27567502487747));
#15665=CARTESIAN_POINT('',(-1.25,1.24161688170478,-4.30939616429573));
#15666=CARTESIAN_POINT('',(-1.25,1.23735498133486,-4.34306054768612));
#15667=CARTESIAN_POINT('',(-1.25,1.23392767354796,-4.3657774300081));
#15668=CARTESIAN_POINT('',(-1.25,1.23229658201639,-4.37648522352453));
#15669=CARTESIAN_POINT('',(-1.25,1.25034521385678,-4.06671911966188));
#15670=CARTESIAN_POINT('',(1.25,1.25034521385678,-4.06671911966188));
#15671=CARTESIAN_POINT('',(1.25,1.25034521385678,-4.06671911966191));
#15672=CARTESIAN_POINT('',(1.25,1.24720896945137,-4.02799547719421));
#15673=CARTESIAN_POINT('',(1.25,1.24778359744211,-4.03357017461441));
#15674=CARTESIAN_POINT('',(1.25,1.24887801434136,-4.04532971379976));
#15675=CARTESIAN_POINT('',(1.25,1.25025941140144,-4.06424965433315));
#15676=CARTESIAN_POINT('',(1.25,1.25135222624943,-4.08489497239498));
#15677=CARTESIAN_POINT('',(1.25,1.25208632391871,-4.10721107387067));
#15678=CARTESIAN_POINT('',(1.25,1.25239528702686,-4.13119120867691));
#15679=CARTESIAN_POINT('',(1.25,1.25221286544467,-4.15682661863638));
#15680=CARTESIAN_POINT('',(1.25,1.25147289583377,-4.18410664464389));
#15681=CARTESIAN_POINT('',(1.25,1.25010987470044,-4.21301831950727));
#15682=CARTESIAN_POINT('',(1.25,1.24805698341784,-4.24354797887264));
#15683=CARTESIAN_POINT('',(1.25,1.24525402705646,-4.27567502487747));
#15684=CARTESIAN_POINT('',(1.25,1.24161688170478,-4.30939616429573));
#15685=CARTESIAN_POINT('',(1.25,1.23735498133486,-4.34306054768612));
#15686=CARTESIAN_POINT('',(1.25,1.23392767354796,-4.3657774300081));
#15687=CARTESIAN_POINT('',(1.25,1.23229658201639,-4.37648522352453));
#15688=CARTESIAN_POINT('',(-1.35,7.69412869588114E-13,-2.36634275985463E-12));
#15689=CARTESIAN_POINT('',(-1.25,7.69412869588114E-13,-2.36634275985463E-12));
#15690=CARTESIAN_POINT('',(-1.25,1.32100682637695,-4.00439992289023));
#15691=CARTESIAN_POINT('',(-1.25,1.28501024673173,-4.01609592061398));
#15692=CARTESIAN_POINT('',(-1.35,1.32100682637695,-4.00439992289023));
#15693=CARTESIAN_POINT('',(1.25,1.32100682637695,-4.00439992289023));
#15694=CARTESIAN_POINT('',(1.25,7.69412869588114E-13,-2.36634275985463E-12));
#15695=CARTESIAN_POINT('',(1.25,1.28501024673173,-4.01609592061397));
#15696=CARTESIAN_POINT('',(-1.35,1.28501024673173,-4.01609592061398));
#15697=CARTESIAN_POINT('',(-1.25,1.37880699957902,-4.02497936032126));
#15698=CARTESIAN_POINT('',(1.25,1.37880699957902,-4.02497936032126));
#15699=CARTESIAN_POINT('',(-1.25,1.42503042393109,-4.09740479502456));
#15700=CARTESIAN_POINT('',(1.25,1.42503042393109,-4.09740479502456));
#15701=CARTESIAN_POINT('',(-1.25,1.49285476972527,-4.18136365399893));
#15702=CARTESIAN_POINT('',(1.25,1.49285476972527,-4.18136365399893));
#15703=CARTESIAN_POINT('',(-1.25,1.57548459430222,-4.26497667882184));
#15704=CARTESIAN_POINT('',(1.25,1.57548459430222,-4.26497667882184));
#15705=CARTESIAN_POINT('',(-1.35,1.37880699690757,-4.02497935613548));
#15706=CARTESIAN_POINT('',(-1.25,1.37880699690757,-4.02497935613548));
#15707=CARTESIAN_POINT('',(1.25,1.37880699690759,-4.02497935613551));
#15708=CARTESIAN_POINT('',(-1.25,1.35858308597252,-3.99180783308595));
#15709=CARTESIAN_POINT('',(-1.25,1.36139492709216,-3.9966556158959));
#15710=CARTESIAN_POINT('',(-1.25,1.36742160892863,-4.0068125650561));
#15711=CARTESIAN_POINT('',(-1.25,1.37742489725082,-4.02293108329965));
#15712=CARTESIAN_POINT('',(-1.25,1.38867580495272,-4.04027583691709));
#15713=CARTESIAN_POINT('',(-1.25,1.40119898279881,-4.05876143404286));
#15714=CARTESIAN_POINT('',(-1.25,1.41504419598079,-4.07834337458699));
#15715=CARTESIAN_POINT('',(-1.25,1.43025989405157,-4.09897563218627));
#15716=CARTESIAN_POINT('',(-1.25,1.44689333901147,-4.12061069360888));
#15717=CARTESIAN_POINT('',(-1.25,1.46498990237579,-4.14319956618847));
#15718=CARTESIAN_POINT('',(-1.25,1.48459560984351,-4.16669192022707));
#15719=CARTESIAN_POINT('',(-1.25,1.50574705301571,-4.191035710012));
#15720=CARTESIAN_POINT('',(-1.25,1.52851035385679,-4.21617882447289));
#15721=CARTESIAN_POINT('',(-1.25,1.55174573176877,-4.2409088005567));
#15722=CARTESIAN_POINT('',(-1.25,1.56787113042025,-4.25727262344219));
#15723=CARTESIAN_POINT('',(-1.25,1.57548459430222,-4.26497667882184));
#15724=CARTESIAN_POINT('',(1.25,1.35858308597252,-3.99180783308595));
#15725=CARTESIAN_POINT('',(1.25,1.36139492709216,-3.9966556158959));
#15726=CARTESIAN_POINT('',(1.25,1.36742160892863,-4.0068125650561));
#15727=CARTESIAN_POINT('',(1.25,1.37742489725082,-4.02293108329965));
#15728=CARTESIAN_POINT('',(1.25,1.38867580495272,-4.04027583691709));
#15729=CARTESIAN_POINT('',(1.25,1.40119898279881,-4.05876143404286));
#15730=CARTESIAN_POINT('',(1.25,1.41504419598079,-4.07834337458699));
#15731=CARTESIAN_POINT('',(1.25,1.43025989405157,-4.09897563218627));
#15732=CARTESIAN_POINT('',(1.25,1.44689333901147,-4.12061069360888));
#15733=CARTESIAN_POINT('',(1.25,1.46498990237579,-4.14319956618847));
#15734=CARTESIAN_POINT('',(1.25,1.48459560984351,-4.16669192022707));
#15735=CARTESIAN_POINT('',(1.25,1.50574705301571,-4.191035710012));
#15736=CARTESIAN_POINT('',(1.25,1.52851035385679,-4.21617882447289));
#15737=CARTESIAN_POINT('',(1.25,1.55174573176877,-4.2409088005567));
#15738=CARTESIAN_POINT('',(1.25,1.56787113042025,-4.25727262344219));
#15739=CARTESIAN_POINT('',(1.25,1.57548459430222,-4.26497667882184));
#15740=CARTESIAN_POINT('',(-0.05,1.33666781640903,-4.05187346051671));
#15741=CARTESIAN_POINT('',(-1.25,1.33666781640903,-4.05187346051671));
#15742=CARTESIAN_POINT('',(1.25,1.33666781640903,-4.05187346051671));
#15743=CARTESIAN_POINT('',(-0.05,1.30024448493803,-4.06370811831404));
#15744=CARTESIAN_POINT('',(-1.25,1.30024448493803,-4.06370811831404));
#15745=CARTESIAN_POINT('',(1.25,1.30024448493803,-4.06370811831404));
#15746=CARTESIAN_POINT('',(-1.25,0.818407791609398,-4.17513787553579));
#15747=CARTESIAN_POINT('',(1.25,0.818407791609398,-4.17513787553579));
#15748=CARTESIAN_POINT('',(-1.25,0.814589849222247,-4.260971854045));
#15749=CARTESIAN_POINT('',(1.25,0.814589849222247,-4.260971854045));
#15750=CARTESIAN_POINT('',(-1.25,0.7978316722566,-4.36759453168668));
#15751=CARTESIAN_POINT('',(1.25,0.7978316722566,-4.36759453168668));
#15752=CARTESIAN_POINT('',(-1.25,0.768078657474178,-4.48132044755901));
#15753=CARTESIAN_POINT('',(1.25,0.768078657474178,-4.48132044755901));
#15754=CARTESIAN_POINT('',(-1.25,0.819336450938919,-4.13629853346441));
#15755=CARTESIAN_POINT('',(-1.25,0.819325216502881,-4.14190275708967));
#15756=CARTESIAN_POINT('',(-1.25,0.819184431512068,-4.15371227400559));
#15757=CARTESIAN_POINT('',(-1.25,0.818580588825445,-4.17267296443696));
#15758=CARTESIAN_POINT('',(-1.25,0.817509393748682,-4.193319415543));
#15759=CARTESIAN_POINT('',(-1.25,0.815906802160745,-4.21559000118109));
#15760=CARTESIAN_POINT('',(-1.25,0.813707466096407,-4.23947106573868));
#15761=CARTESIAN_POINT('',(-1.25,0.810846413830436,-4.26494697399246));
#15762=CARTESIAN_POINT('',(-1.25,0.807258958654016,-4.29200020927685));
#15763=CARTESIAN_POINT('',(-1.25,0.802881311349116,-4.32061102845578));
#15764=CARTESIAN_POINT('',(-1.25,0.797648447642204,-4.35075885758176));
#15765=CARTESIAN_POINT('',(-1.25,0.791502655420841,-4.382416919546));
#15766=CARTESIAN_POINT('',(-1.25,0.784360615848927,-4.41557314581993));
#15767=CARTESIAN_POINT('',(-1.25,0.776603176352519,-4.44860762229948));
#15768=CARTESIAN_POINT('',(-1.25,0.770820082916934,-4.47084180794708));
#15769=CARTESIAN_POINT('',(-1.25,0.768078657474178,-4.48132044755901));
#15770=CARTESIAN_POINT('',(-1.25,0.818407791830054,-4.17513787057505));
#15771=CARTESIAN_POINT('',(1.25,0.818407791830054,-4.17513787057505));
#15772=CARTESIAN_POINT('',(1.25,0.818407791830053,-4.17513787057507));
#15773=CARTESIAN_POINT('',(1.25,0.819336450938919,-4.13629853346441));
#15774=CARTESIAN_POINT('',(1.25,0.819325216502881,-4.14190275708967));
#15775=CARTESIAN_POINT('',(1.25,0.819184431512068,-4.15371227400559));
#15776=CARTESIAN_POINT('',(1.25,0.818580588825445,-4.17267296443696));
#15777=CARTESIAN_POINT('',(1.25,0.817509393748682,-4.193319415543));
#15778=CARTESIAN_POINT('',(1.25,0.815906802160745,-4.21559000118109));
#15779=CARTESIAN_POINT('',(1.25,0.813707466096407,-4.23947106573868));
#15780=CARTESIAN_POINT('',(1.25,0.810846413830436,-4.26494697399246));
#15781=CARTESIAN_POINT('',(1.25,0.807258958654016,-4.29200020927685));
#15782=CARTESIAN_POINT('',(1.25,0.802881311349116,-4.32061102845578));
#15783=CARTESIAN_POINT('',(1.25,0.797648447642204,-4.35075885758176));
#15784=CARTESIAN_POINT('',(1.25,0.791502655420841,-4.382416919546));
#15785=CARTESIAN_POINT('',(1.25,0.784360615848927,-4.41557314581993));
#15786=CARTESIAN_POINT('',(1.25,0.776603176352519,-4.44860762229948));
#15787=CARTESIAN_POINT('',(1.25,0.770820082916934,-4.47084180794708));
#15788=CARTESIAN_POINT('',(1.25,0.768078657474178,-4.48132044755901));
#15789=CARTESIAN_POINT('',(-1.35,5.1784777313137E-13,-2.43380523149803E-12));
#15790=CARTESIAN_POINT('',(-1.25,5.1784777313137E-13,-2.43380523149803E-12));
#15791=CARTESIAN_POINT('',(-1.25,0.895196442514004,-4.12054621465262));
#15792=CARTESIAN_POINT('',(-1.25,0.85817449123002,-4.12841547332386));
#15793=CARTESIAN_POINT('',(-1.35,0.895196442514004,-4.12054621465262));
#15794=CARTESIAN_POINT('',(1.25,0.895196442514004,-4.12054621465262));
#15795=CARTESIAN_POINT('',(1.25,5.1784777313137E-13,-2.43380523149803E-12));
#15796=CARTESIAN_POINT('',(1.25,0.858174491230019,-4.12841547332386));
#15797=CARTESIAN_POINT('',(-1.35,0.85817449123002,-4.12841547332386));
#15798=CARTESIAN_POINT('',(-1.25,0.950528843349968,-4.14705467905356));
#15799=CARTESIAN_POINT('',(1.25,0.950528843349968,-4.14705467905356));
#15800=CARTESIAN_POINT('',(-1.25,0.98892853155597,-4.22391502316204));
#15801=CARTESIAN_POINT('',(1.25,0.98892853155597,-4.22391502316204));
#15802=CARTESIAN_POINT('',(-1.25,1.04760523798103,-4.31450352136021));
#15803=CARTESIAN_POINT('',(1.25,1.04760523798103,-4.31450352136021));
#15804=CARTESIAN_POINT('',(-1.25,1.12104246673933,-4.40629567386765));
#15805=CARTESIAN_POINT('',(1.25,1.12104246673933,-4.40629567386765));
#15806=CARTESIAN_POINT('',(-1.35,0.950528841130684,-4.14705467461147));
#15807=CARTESIAN_POINT('',(-1.25,0.950528841130684,-4.14705467461147));
#15808=CARTESIAN_POINT('',(1.25,0.950528841130697,-4.1470546746115));
#15809=CARTESIAN_POINT('',(-1.25,0.933883087224408,-4.11195089430469));
#15810=CARTESIAN_POINT('',(-1.25,0.936172793496808,-4.11706603788437));
#15811=CARTESIAN_POINT('',(-1.25,0.941104770252397,-4.1277973060053));
#15812=CARTESIAN_POINT('',(-1.25,0.949368415572348,-4.14487315367534));
#15813=CARTESIAN_POINT('',(-1.25,0.958744669183271,-4.1632989310101));
#15814=CARTESIAN_POINT('',(-1.25,0.969266972690657,-4.18299229063612));
#15815=CARTESIAN_POINT('',(-1.25,0.980989470193293,-4.20391417811858));
#15816=CARTESIAN_POINT('',(-1.25,0.993965156897401,-4.22602388358882));
#15817=CARTESIAN_POINT('',(-1.25,1.00824600238223,-4.24927909432176));
#15818=CARTESIAN_POINT('',(-1.25,1.02388225074127,-4.27363582865274));
#15819=CARTESIAN_POINT('',(-1.25,1.0409249364259,-4.29904884359074));
#15820=CARTESIAN_POINT('',(-1.25,1.05941589084296,-4.32547020339878));
#15821=CARTESIAN_POINT('',(-1.25,1.07942632082391,-4.3528549941037));
#15822=CARTESIAN_POINT('',(-1.25,1.09994942650785,-4.37987825513757));
#15823=CARTESIAN_POINT('',(-1.25,1.11427600327888,-4.39783799842974));
#15824=CARTESIAN_POINT('',(-1.25,1.12104246673933,-4.40629567386765));
#15825=CARTESIAN_POINT('',(1.25,0.933883087224408,-4.11195089430469));
#15826=CARTESIAN_POINT('',(1.25,0.936172793496808,-4.11706603788437));
#15827=CARTESIAN_POINT('',(1.25,0.941104770252397,-4.1277973060053));
#15828=CARTESIAN_POINT('',(1.25,0.949368415572348,-4.14487315367534));
#15829=CARTESIAN_POINT('',(1.25,0.958744669183271,-4.1632989310101));
#15830=CARTESIAN_POINT('',(1.25,0.969266972690657,-4.18299229063612));
#15831=CARTESIAN_POINT('',(1.25,0.980989470193293,-4.20391417811858));
#15832=CARTESIAN_POINT('',(1.25,0.993965156897401,-4.22602388358882));
#15833=CARTESIAN_POINT('',(1.25,1.00824600238223,-4.24927909432176));
#15834=CARTESIAN_POINT('',(1.25,1.02388225074127,-4.27363582865274));
#15835=CARTESIAN_POINT('',(1.25,1.0409249364259,-4.29904884359074));
#15836=CARTESIAN_POINT('',(1.25,1.05941589084296,-4.32547020339878));
#15837=CARTESIAN_POINT('',(1.25,1.07942632082391,-4.3528549941037));
#15838=CARTESIAN_POINT('',(1.25,1.09994942650785,-4.37987825513757));
#15839=CARTESIAN_POINT('',(1.25,1.11427600327888,-4.39783799842974));
#15840=CARTESIAN_POINT('',(1.25,1.12104246673933,-4.40629567386765));
#15841=CARTESIAN_POINT('',(-0.05,0.905809304070075,-4.16939670649404));
#15842=CARTESIAN_POINT('',(-1.25,0.905809304070075,-4.16939670649404));
#15843=CARTESIAN_POINT('',(1.25,0.905809304070075,-4.16939670649404));
#15844=CARTESIAN_POINT('',(-0.05,0.868348444827062,-4.17735925793194));
#15845=CARTESIAN_POINT('',(-1.25,0.868348444827062,-4.17735925793194));
#15846=CARTESIAN_POINT('',(1.25,0.868348444827062,-4.17735925793194));
#15847=CARTESIAN_POINT('',(-1.25,0.377503722035209,-4.23781294218492));
#15848=CARTESIAN_POINT('',(1.25,0.377503722035209,-4.23781294218492));
#15849=CARTESIAN_POINT('',(-1.25,0.364734600866214,-4.32277762952832));
#15850=CARTESIAN_POINT('',(1.25,0.364734600866214,-4.32277762952832));
#15851=CARTESIAN_POINT('',(-1.25,0.336923122304061,-4.42706451050033));
#15852=CARTESIAN_POINT('',(1.25,0.336923122304061,-4.42706451050033));
#15853=CARTESIAN_POINT('',(-1.25,0.295445502429882,-4.53705738699344));
#15854=CARTESIAN_POINT('',(1.25,0.295445502429882,-4.53705738699344));
#15855=CARTESIAN_POINT('',(-1.25,0.382487110812805,-4.19928343742584));
#15856=CARTESIAN_POINT('',(-1.25,0.381890137036825,-4.20485578620938));
#15857=CARTESIAN_POINT('',(-1.25,0.380515692625768,-4.21658589331724));
#15858=CARTESIAN_POINT('',(-1.25,0.377933226019279,-4.23537959635445));
#15859=CARTESIAN_POINT('',(-1.25,0.374709757255183,-4.25580097366582));
#15860=CARTESIAN_POINT('',(-1.25,0.370788034738825,-4.27778204226964));
#15861=CARTESIAN_POINT('',(-1.25,0.366104495888168,-4.30130239063786));
#15862=CARTESIAN_POINT('',(-1.25,0.360596159225751,-4.32633967780395));
#15863=CARTESIAN_POINT('',(-1.25,0.354200523393454,-4.35286972145819));
#15864=CARTESIAN_POINT('',(-1.25,0.346856212336928,-4.38086621883055));
#15865=CARTESIAN_POINT('',(-1.25,0.338500708555532,-4.41030191179239));
#15866=CARTESIAN_POINT('',(-1.25,0.329079415059849,-4.44114413736428));
#15867=CARTESIAN_POINT('',(-1.25,0.318510730947826,-4.47337218394044));
#15868=CARTESIAN_POINT('',(-1.25,0.307342744455393,-4.50541482087194));
#15869=CARTESIAN_POINT('',(-1.25,0.299267226152993,-4.5269227074544));
#15870=CARTESIAN_POINT('',(-1.25,0.295445502429882,-4.53705738699344));
#15871=CARTESIAN_POINT('',(-1.25,0.377503722773195,-4.23781293727442));
#15872=CARTESIAN_POINT('',(1.25,0.377503722773195,-4.23781293727442));
#15873=CARTESIAN_POINT('',(1.25,0.377503722773191,-4.23781293727445));
#15874=CARTESIAN_POINT('',(1.25,0.382487110812805,-4.19928343742584));
#15875=CARTESIAN_POINT('',(1.25,0.381890137036825,-4.20485578620938));
#15876=CARTESIAN_POINT('',(1.25,0.380515692625768,-4.21658589331724));
#15877=CARTESIAN_POINT('',(1.25,0.377933226019279,-4.23537959635445));
#15878=CARTESIAN_POINT('',(1.25,0.374709757255183,-4.25580097366582));
#15879=CARTESIAN_POINT('',(1.25,0.370788034738825,-4.27778204226964));
#15880=CARTESIAN_POINT('',(1.25,0.366104495888168,-4.30130239063786));
#15881=CARTESIAN_POINT('',(1.25,0.360596159225751,-4.32633967780395));
#15882=CARTESIAN_POINT('',(1.25,0.354200523393454,-4.35286972145819));
#15883=CARTESIAN_POINT('',(1.25,0.346856212336928,-4.38086621883055));
#15884=CARTESIAN_POINT('',(1.25,0.338500708555532,-4.41030191179239));
#15885=CARTESIAN_POINT('',(1.25,0.329079415059849,-4.44114413736428));
#15886=CARTESIAN_POINT('',(1.25,0.318510730947826,-4.47337218394044));
#15887=CARTESIAN_POINT('',(1.25,0.307342744455393,-4.50541482087194));
#15888=CARTESIAN_POINT('',(1.25,0.299267226152993,-4.5269227074544));
#15889=CARTESIAN_POINT('',(1.25,0.295445502429882,-4.53705738699344));
#15890=CARTESIAN_POINT('',(-1.35,2.60609028105585E-13,-2.47460242371864E-12));
#15891=CARTESIAN_POINT('',(-1.25,2.60609028105585E-13,-2.47460242371864E-12));
#15892=CARTESIAN_POINT('',(-1.25,0.459578099094978,-4.19154693980755));
#15893=CARTESIAN_POINT('',(-1.25,0.421936396417837,-4.19550324218153));
#15894=CARTESIAN_POINT('',(-1.35,0.459578099094978,-4.19154693980755));
#15895=CARTESIAN_POINT('',(1.25,0.459578099094978,-4.19154693980755));
#15896=CARTESIAN_POINT('',(1.25,2.60609028105585E-13,-2.47460242371864E-12));
#15897=CARTESIAN_POINT('',(1.25,0.421936396417836,-4.19550324218153));
#15898=CARTESIAN_POINT('',(-1.35,0.421936396417837,-4.19550324218153));
#15899=CARTESIAN_POINT('',(-1.25,0.511836494202221,-4.22369399889516));
#15900=CARTESIAN_POINT('',(1.25,0.511836494202221,-4.22369399889516));
#15901=CARTESIAN_POINT('',(-1.25,0.541991731242524,-4.30414715439473));
#15902=CARTESIAN_POINT('',(1.25,0.541991731242524,-4.30414715439473));
#15903=CARTESIAN_POINT('',(-1.25,0.590877924023962,-4.40037278527357));
#15904=CARTESIAN_POINT('',(1.25,0.590877924023962,-4.40037278527357));
#15905=CARTESIAN_POINT('',(-1.25,0.654317963317628,-4.49933837143392));
#15906=CARTESIAN_POINT('',(1.25,0.654317963317628,-4.49933837143392));
#15907=CARTESIAN_POINT('',(-1.35,0.51183649245942,-4.22369399424544));
#15908=CARTESIAN_POINT('',(-1.25,0.51183649245942,-4.22369399424544));
#15909=CARTESIAN_POINT('',(1.25,0.51183649245943,-4.22369399424546));
#15910=CARTESIAN_POINT('',(-1.25,0.49895126994507,-4.18704256104439));
#15911=CARTESIAN_POINT('',(-1.25,0.500693754869156,-4.19236902281032));
#15912=CARTESIAN_POINT('',(-1.25,0.504476990774443,-4.20355703587278));
#15913=CARTESIAN_POINT('',(-1.25,0.510910454864749,-4.2214031264089));
#15914=CARTESIAN_POINT('',(-1.25,0.518309326188024,-4.24070805078865));
#15915=CARTESIAN_POINT('',(-1.25,0.526715470797544,-4.26139340834576));
#15916=CARTESIAN_POINT('',(-1.25,0.536186818485117,-4.2834260181891));
#15917=CARTESIAN_POINT('',(-1.25,0.546780329483687,-4.30677093297042));
#15918=CARTESIAN_POINT('',(-1.25,0.558552111561836,-4.33139150405843));
#15919=CARTESIAN_POINT('',(-1.25,0.571556730906482,-4.3572492426625));
#15920=CARTESIAN_POINT('',(-1.25,0.585849671577264,-4.38430448819023));
#15921=CARTESIAN_POINT('',(-1.25,0.601477546473112,-4.41251394007429));
#15922=CARTESIAN_POINT('',(-1.25,0.618515867135604,-4.44184037352565));
#15923=CARTESIAN_POINT('',(-1.25,0.636101845150891,-4.4708608470067));
#15924=CARTESIAN_POINT('',(-1.25,0.648472635068343,-4.49021973999972));
#15925=CARTESIAN_POINT('',(-1.25,0.654317963317628,-4.49933837143392));
#15926=CARTESIAN_POINT('',(1.25,0.49895126994507,-4.18704256104439));
#15927=CARTESIAN_POINT('',(1.25,0.500693754869156,-4.19236902281032));
#15928=CARTESIAN_POINT('',(1.25,0.504476990774443,-4.20355703587278));
#15929=CARTESIAN_POINT('',(1.25,0.510910454864749,-4.2214031264089));
#15930=CARTESIAN_POINT('',(1.25,0.518309326188024,-4.24070805078865));
#15931=CARTESIAN_POINT('',(1.25,0.526715470797544,-4.26139340834576));
#15932=CARTESIAN_POINT('',(1.25,0.536186818485117,-4.2834260181891));
#15933=CARTESIAN_POINT('',(1.25,0.546780329483687,-4.30677093297042));
#15934=CARTESIAN_POINT('',(1.25,0.558552111561836,-4.33139150405843));
#15935=CARTESIAN_POINT('',(1.25,0.571556730906482,-4.3572492426625));
#15936=CARTESIAN_POINT('',(1.25,0.585849671577264,-4.38430448819023));
#15937=CARTESIAN_POINT('',(1.25,0.601477546473112,-4.41251394007429));
#15938=CARTESIAN_POINT('',(1.25,0.618515867135604,-4.44184037352565));
#15939=CARTESIAN_POINT('',(1.25,0.636101845150891,-4.4708608470067));
#15940=CARTESIAN_POINT('',(1.25,0.648472635068343,-4.49021973999972));
#15941=CARTESIAN_POINT('',(1.25,0.654317963317628,-4.49933837143392));
#15942=CARTESIAN_POINT('',(-0.05,0.46502655544295,-4.24123916965268));
#15943=CARTESIAN_POINT('',(-1.25,0.46502655544295,-4.24123916965268));
#15944=CARTESIAN_POINT('',(1.25,0.46502655544295,-4.24123916965268));
#15945=CARTESIAN_POINT('',(-0.05,0.426938597440971,-4.2452423753513));
#15946=CARTESIAN_POINT('',(-1.25,0.426938597440971,-4.2452423753513));
#15947=CARTESIAN_POINT('',(1.25,0.426938597440971,-4.2452423753513));
#15948=CARTESIAN_POINT('',(-1.25,-0.067536357315329,-4.25405764342011));
#15949=CARTESIAN_POINT('',(1.25,-0.067536357315329,-4.25405764342011));
#15950=CARTESIAN_POINT('',(-1.25,-0.0891167561025289,-4.33722214870318));
#15951=CARTESIAN_POINT('',(1.25,-0.0891167561025289,-4.33722214870318));
#15952=CARTESIAN_POINT('',(-1.25,-0.127676827882142,-4.43803064411425));
#15953=CARTESIAN_POINT('',(1.25,-0.127676827882142,-4.43803064411425));
#15954=CARTESIAN_POINT('',(-1.25,-0.180424615364981,-4.54308537625568));
#15955=CARTESIAN_POINT('',(1.25,-0.180424615364981,-4.54308537625568));
#15956=CARTESIAN_POINT('',(-1.25,-0.0585528381399474,-4.2162601132903));
#15957=CARTESIAN_POINT('',(-1.25,-0.0597290106862537,-4.22173953541273));
#15958=CARTESIAN_POINT('',(-1.25,-0.0623220558169668,-4.23326171520438));
#15959=CARTESIAN_POINT('',(-1.25,-0.0668548522987664,-4.25168252310413));
#15960=CARTESIAN_POINT('',(-1.25,-0.0721952777518617,-4.27165508573755));
#15961=CARTESIAN_POINT('',(-1.25,-0.078393163984076,-4.29310580811966));
#15962=CARTESIAN_POINT('',(-1.25,-0.0855095917893124,-4.31600774643981));
#15963=CARTESIAN_POINT('',(-1.25,-0.0936048623590087,-4.34033209876064));
#15964=CARTESIAN_POINT('',(-1.25,-0.10273860692263,-4.36604828207468));
#15965=CARTESIAN_POINT('',(-1.25,-0.112969115921951,-4.39312372215662));
#15966=CARTESIAN_POINT('',(-1.25,-0.1243557151299,-4.42152477534241));
#15967=CARTESIAN_POINT('',(-1.25,-0.136949288236834,-4.45121325064444));
#15968=CARTESIAN_POINT('',(-1.25,-0.150828824174195,-4.48216002030039));
#15969=CARTESIAN_POINT('',(-1.25,-0.165284998865589,-4.51285975184825));
#15970=CARTESIAN_POINT('',(-1.25,-0.175564464966374,-4.53340569445938));
#15971=CARTESIAN_POINT('',(-1.25,-0.180424615364981,-4.54308537625568));
#15972=CARTESIAN_POINT('',(-1.25,-0.0675363560680981,-4.25405763861365));
#15973=CARTESIAN_POINT('',(1.25,-0.0675363560680981,-4.25405763861365));
#15974=CARTESIAN_POINT('',(1.25,-0.0675363560681056,-4.25405763861368));
#15975=CARTESIAN_POINT('',(1.25,-0.0585528381399474,-4.2162601132903));
#15976=CARTESIAN_POINT('',(1.25,-0.0597290106862537,-4.22173953541273));
#15977=CARTESIAN_POINT('',(1.25,-0.0623220558169668,-4.23326171520438));
#15978=CARTESIAN_POINT('',(1.25,-0.0668548522987664,-4.25168252310413));
#15979=CARTESIAN_POINT('',(1.25,-0.0721952777518617,-4.27165508573755));
#15980=CARTESIAN_POINT('',(1.25,-0.078393163984076,-4.29310580811966));
#15981=CARTESIAN_POINT('',(1.25,-0.0855095917893124,-4.31600774643981));
#15982=CARTESIAN_POINT('',(1.25,-0.0936048623590087,-4.34033209876064));
#15983=CARTESIAN_POINT('',(1.25,-0.10273860692263,-4.36604828207468));
#15984=CARTESIAN_POINT('',(1.25,-0.112969115921951,-4.39312372215662));
#15985=CARTESIAN_POINT('',(1.25,-0.1243557151299,-4.42152477534241));
#15986=CARTESIAN_POINT('',(1.25,-0.136949288236834,-4.45121325064444));
#15987=CARTESIAN_POINT('',(1.25,-0.150828824174195,-4.48216002030039));
#15988=CARTESIAN_POINT('',(1.25,-0.165284998865589,-4.51285975184825));
#15989=CARTESIAN_POINT('',(1.25,-0.175564464966374,-4.53340569445938));
#15990=CARTESIAN_POINT('',(1.25,-0.180424615364981,-4.54308537625568));
#15991=CARTESIAN_POINT('',(-1.35,5.14996031930767E-16,-2.48828735394113E-12));
#15992=CARTESIAN_POINT('',(-1.25,5.14996031930767E-16,-2.48828735394113E-12));
#15993=CARTESIAN_POINT('',(-1.25,0.018924521849367,-4.21662419955235));
#15994=CARTESIAN_POINT('',(-1.25,-0.0189245218493663,-4.21662419955235));
#15995=CARTESIAN_POINT('',(-1.35,0.018924521849367,-4.21662419955235));
#15996=CARTESIAN_POINT('',(1.25,0.018924521849367,-4.21662419955235));
#15997=CARTESIAN_POINT('',(1.25,5.14996031930767E-16,-2.48828735394113E-12));
#15998=CARTESIAN_POINT('',(1.25,-0.0189245218493663,-4.21662419955235));
#15999=CARTESIAN_POINT('',(-1.35,-0.0189245218493663,-4.21662419955235));
#16000=CARTESIAN_POINT('',(-1.25,0.0675363573153231,-4.25405764342008));
#16001=CARTESIAN_POINT('',(1.25,0.0675363573153231,-4.25405764342008));
#16002=CARTESIAN_POINT('',(-1.25,0.0891167561025216,-4.33722214870317));
#16003=CARTESIAN_POINT('',(1.25,0.0891167561025216,-4.33722214870317));
#16004=CARTESIAN_POINT('',(-1.25,0.127676827882137,-4.43803064411424));
#16005=CARTESIAN_POINT('',(1.25,0.127676827882137,-4.43803064411424));
#16006=CARTESIAN_POINT('',(-1.25,0.180424615364981,-4.54308537625568));
#16007=CARTESIAN_POINT('',(1.25,0.180424615364981,-4.54308537625568));
#16008=CARTESIAN_POINT('',(-1.35,0.0675363560680996,-4.25405763861365));
#16009=CARTESIAN_POINT('',(-1.25,0.0675363560680996,-4.25405763861365));
#16010=CARTESIAN_POINT('',(1.25,0.0675363560681067,-4.25405763861368));
#16011=CARTESIAN_POINT('',(-1.25,0.0585528381399479,-4.2162601132903));
#16012=CARTESIAN_POINT('',(-1.25,0.0597290106862542,-4.22173953541273));
#16013=CARTESIAN_POINT('',(-1.25,0.0623220558169673,-4.23326171520438));
#16014=CARTESIAN_POINT('',(-1.25,0.066854852298767,-4.25168252310413));
#16015=CARTESIAN_POINT('',(-1.25,0.0721952777518622,-4.27165508573755));
#16016=CARTESIAN_POINT('',(-1.25,0.0783931639840765,-4.29310580811966));
#16017=CARTESIAN_POINT('',(-1.25,0.0855095917893129,-4.31600774643981));
#16018=CARTESIAN_POINT('',(-1.25,0.0936048623590093,-4.34033209876064));
#16019=CARTESIAN_POINT('',(-1.25,0.102738606922631,-4.36604828207468));
#16020=CARTESIAN_POINT('',(-1.25,0.112969115921952,-4.39312372215662));
#16021=CARTESIAN_POINT('',(-1.25,0.124355715129901,-4.42152477534241));
#16022=CARTESIAN_POINT('',(-1.25,0.136949288236834,-4.45121325064444));
#16023=CARTESIAN_POINT('',(-1.25,0.150828824174196,-4.48216002030039));
#16024=CARTESIAN_POINT('',(-1.25,0.16528499886559,-4.51285975184825));
#16025=CARTESIAN_POINT('',(-1.25,0.175564464966375,-4.53340569445938));
#16026=CARTESIAN_POINT('',(-1.25,0.180424615364981,-4.54308537625568));
#16027=CARTESIAN_POINT('',(1.25,0.0585528381399479,-4.2162601132903));
#16028=CARTESIAN_POINT('',(1.25,0.0597290106862542,-4.22173953541273));
#16029=CARTESIAN_POINT('',(1.25,0.0623220558169673,-4.23326171520438));
#16030=CARTESIAN_POINT('',(1.25,0.066854852298767,-4.25168252310413));
#16031=CARTESIAN_POINT('',(1.25,0.0721952777518622,-4.27165508573755));
#16032=CARTESIAN_POINT('',(1.25,0.0783931639840765,-4.29310580811966));
#16033=CARTESIAN_POINT('',(1.25,0.0855095917893129,-4.31600774643981));
#16034=CARTESIAN_POINT('',(1.25,0.0936048623590093,-4.34033209876064));
#16035=CARTESIAN_POINT('',(1.25,0.102738606922631,-4.36604828207468));
#16036=CARTESIAN_POINT('',(1.25,0.112969115921952,-4.39312372215662));
#16037=CARTESIAN_POINT('',(1.25,0.124355715129901,-4.42152477534241));
#16038=CARTESIAN_POINT('',(1.25,0.136949288236834,-4.45121325064444));
#16039=CARTESIAN_POINT('',(1.25,0.150828824174196,-4.48216002030039));
#16040=CARTESIAN_POINT('',(1.25,0.16528499886559,-4.51285975184825));
#16041=CARTESIAN_POINT('',(1.25,0.175564464966375,-4.53340569445938));
#16042=CARTESIAN_POINT('',(1.25,0.180424615364981,-4.54308537625568));
#16043=CARTESIAN_POINT('',(-0.05,0.0191488785613288,-4.26661372893225));
#16044=CARTESIAN_POINT('',(-1.25,0.0191488785613288,-4.26661372893225));
#16045=CARTESIAN_POINT('',(1.25,0.0191488785613288,-4.26661372893225));
#16046=CARTESIAN_POINT('',(-0.05,-0.019148878561328,-4.26661372893225));
#16047=CARTESIAN_POINT('',(-1.25,-0.019148878561328,-4.26661372893225));
#16048=CARTESIAN_POINT('',(1.25,-0.019148878561328,-4.26661372893225));
#16049=CARTESIAN_POINT('',(-1.25,-0.511836494202231,-4.22369399889519));
#16050=CARTESIAN_POINT('',(1.25,-0.511836494202231,-4.22369399889519));
#16051=CARTESIAN_POINT('',(-1.25,-0.541991731242533,-4.30414715439474));
#16052=CARTESIAN_POINT('',(1.25,-0.541991731242533,-4.30414715439474));
#16053=CARTESIAN_POINT('',(-1.25,-0.590877924023981,-4.40037278527358));
#16054=CARTESIAN_POINT('',(1.25,-0.590877924023981,-4.40037278527358));
#16055=CARTESIAN_POINT('',(-1.25,-0.654317963317628,-4.49933837143392));
#16056=CARTESIAN_POINT('',(1.25,-0.654317963317628,-4.49933837143392));
#16057=CARTESIAN_POINT('',(-1.25,-0.49895126994507,-4.18704256104439));
#16058=CARTESIAN_POINT('',(-1.25,-0.500693754869156,-4.19236902281032));
#16059=CARTESIAN_POINT('',(-1.25,-0.504476990774443,-4.20355703587278));
#16060=CARTESIAN_POINT('',(-1.25,-0.51091045486475,-4.2214031264089));
#16061=CARTESIAN_POINT('',(-1.25,-0.518309326188024,-4.24070805078865));
#16062=CARTESIAN_POINT('',(-1.25,-0.526715470797545,-4.26139340834576));
#16063=CARTESIAN_POINT('',(-1.25,-0.536186818485117,-4.2834260181891));
#16064=CARTESIAN_POINT('',(-1.25,-0.546780329483687,-4.30677093297042));
#16065=CARTESIAN_POINT('',(-1.25,-0.558552111561836,-4.33139150405843));
#16066=CARTESIAN_POINT('',(-1.25,-0.571556730906483,-4.3572492426625));
#16067=CARTESIAN_POINT('',(-1.25,-0.585849671577264,-4.38430448819023));
#16068=CARTESIAN_POINT('',(-1.25,-0.601477546473113,-4.41251394007429));
#16069=CARTESIAN_POINT('',(-1.25,-0.618515867135604,-4.44184037352565));
#16070=CARTESIAN_POINT('',(-1.25,-0.636101845150891,-4.4708608470067));
#16071=CARTESIAN_POINT('',(-1.25,-0.648472635068344,-4.49021973999972));
#16072=CARTESIAN_POINT('',(-1.25,-0.654317963317628,-4.49933837143392));
#16073=CARTESIAN_POINT('',(-1.25,-0.51183649245943,-4.22369399424546));
#16074=CARTESIAN_POINT('',(1.25,-0.511836492459419,-4.22369399424543));
#16075=CARTESIAN_POINT('',(1.25,-0.51183649245943,-4.22369399424546));
#16076=CARTESIAN_POINT('',(1.25,-0.49895126994507,-4.18704256104439));
#16077=CARTESIAN_POINT('',(1.25,-0.500693754869156,-4.19236902281032));
#16078=CARTESIAN_POINT('',(1.25,-0.504476990774443,-4.20355703587278));
#16079=CARTESIAN_POINT('',(1.25,-0.51091045486475,-4.2214031264089));
#16080=CARTESIAN_POINT('',(1.25,-0.518309326188024,-4.24070805078865));
#16081=CARTESIAN_POINT('',(1.25,-0.526715470797545,-4.26139340834576));
#16082=CARTESIAN_POINT('',(1.25,-0.536186818485117,-4.2834260181891));
#16083=CARTESIAN_POINT('',(1.25,-0.546780329483687,-4.30677093297042));
#16084=CARTESIAN_POINT('',(1.25,-0.558552111561836,-4.33139150405843));
#16085=CARTESIAN_POINT('',(1.25,-0.571556730906483,-4.3572492426625));
#16086=CARTESIAN_POINT('',(1.25,-0.585849671577264,-4.38430448819023));
#16087=CARTESIAN_POINT('',(1.25,-0.601477546473113,-4.41251394007429));
#16088=CARTESIAN_POINT('',(1.25,-0.618515867135604,-4.44184037352565));
#16089=CARTESIAN_POINT('',(1.25,-0.636101845150891,-4.4708608470067));
#16090=CARTESIAN_POINT('',(1.25,-0.648472635068344,-4.49021973999972));
#16091=CARTESIAN_POINT('',(1.25,-0.654317963317628,-4.49933837143392));
#16092=CARTESIAN_POINT('',(-1.35,-2.5958467844602E-13,-2.47471008720625E-12));
#16093=CARTESIAN_POINT('',(-1.25,-2.5958467844602E-13,-2.47471008720625E-12));
#16094=CARTESIAN_POINT('',(-1.25,-0.421936396417837,-4.19550324218153));
#16095=CARTESIAN_POINT('',(-1.25,-0.459578099094978,-4.19154693980755));
#16096=CARTESIAN_POINT('',(-1.35,-0.421936396417837,-4.19550324218153));
#16097=CARTESIAN_POINT('',(1.25,-0.421936396417837,-4.19550324218153));
#16098=CARTESIAN_POINT('',(1.25,-2.5958467844602E-13,-2.47471008720625E-12));
#16099=CARTESIAN_POINT('',(1.25,-0.459578099094978,-4.19154693980755));
#16100=CARTESIAN_POINT('',(-1.35,-0.459578099094978,-4.19154693980755));
#16101=CARTESIAN_POINT('',(-1.25,-0.377503722035213,-4.2378129421849));
#16102=CARTESIAN_POINT('',(1.25,-0.377503722035213,-4.2378129421849));
#16103=CARTESIAN_POINT('',(-1.25,-0.36473460086622,-4.32277762952829));
#16104=CARTESIAN_POINT('',(1.25,-0.36473460086622,-4.32277762952829));
#16105=CARTESIAN_POINT('',(-1.25,-0.336923122304065,-4.42706451050031));
#16106=CARTESIAN_POINT('',(1.25,-0.336923122304065,-4.42706451050031));
#16107=CARTESIAN_POINT('',(-1.25,-0.295445502429882,-4.53705738699344));
#16108=CARTESIAN_POINT('',(1.25,-0.295445502429882,-4.53705738699344));
#16109=CARTESIAN_POINT('',(-1.35,-0.377503722773195,-4.23781293727442));
#16110=CARTESIAN_POINT('',(-1.25,-0.377503722773195,-4.23781293727442));
#16111=CARTESIAN_POINT('',(1.25,-0.377503722773191,-4.23781293727445));
#16112=CARTESIAN_POINT('',(-1.25,-0.382487110812805,-4.19928343742584));
#16113=CARTESIAN_POINT('',(-1.25,-0.381890137036826,-4.20485578620938));
#16114=CARTESIAN_POINT('',(-1.25,-0.380515692625768,-4.21658589331724));
#16115=CARTESIAN_POINT('',(-1.25,-0.377933226019279,-4.23537959635445));
#16116=CARTESIAN_POINT('',(-1.25,-0.374709757255183,-4.25580097366582));
#16117=CARTESIAN_POINT('',(-1.25,-0.370788034738826,-4.27778204226964));
#16118=CARTESIAN_POINT('',(-1.25,-0.366104495888168,-4.30130239063786));
#16119=CARTESIAN_POINT('',(-1.25,-0.360596159225751,-4.32633967780395));
#16120=CARTESIAN_POINT('',(-1.25,-0.354200523393454,-4.35286972145819));
#16121=CARTESIAN_POINT('',(-1.25,-0.346856212336928,-4.38086621883055));
#16122=CARTESIAN_POINT('',(-1.25,-0.338500708555533,-4.41030191179239));
#16123=CARTESIAN_POINT('',(-1.25,-0.329079415059849,-4.44114413736428));
#16124=CARTESIAN_POINT('',(-1.25,-0.318510730947826,-4.47337218394044));
#16125=CARTESIAN_POINT('',(-1.25,-0.307342744455394,-4.50541482087194));
#16126=CARTESIAN_POINT('',(-1.25,-0.299267226152993,-4.5269227074544));
#16127=CARTESIAN_POINT('',(-1.25,-0.295445502429882,-4.53705738699344));
#16128=CARTESIAN_POINT('',(1.25,-0.382487110812805,-4.19928343742584));
#16129=CARTESIAN_POINT('',(1.25,-0.381890137036826,-4.20485578620938));
#16130=CARTESIAN_POINT('',(1.25,-0.380515692625768,-4.21658589331724));
#16131=CARTESIAN_POINT('',(1.25,-0.377933226019279,-4.23537959635445));
#16132=CARTESIAN_POINT('',(1.25,-0.374709757255183,-4.25580097366582));
#16133=CARTESIAN_POINT('',(1.25,-0.370788034738826,-4.27778204226964));
#16134=CARTESIAN_POINT('',(1.25,-0.366104495888168,-4.30130239063786));
#16135=CARTESIAN_POINT('',(1.25,-0.360596159225751,-4.32633967780395));
#16136=CARTESIAN_POINT('',(1.25,-0.354200523393454,-4.35286972145819));
#16137=CARTESIAN_POINT('',(1.25,-0.346856212336928,-4.38086621883055));
#16138=CARTESIAN_POINT('',(1.25,-0.338500708555533,-4.41030191179239));
#16139=CARTESIAN_POINT('',(1.25,-0.329079415059849,-4.44114413736428));
#16140=CARTESIAN_POINT('',(1.25,-0.318510730947826,-4.47337218394044));
#16141=CARTESIAN_POINT('',(1.25,-0.307342744455394,-4.50541482087194));
#16142=CARTESIAN_POINT('',(1.25,-0.299267226152993,-4.5269227074544));
#16143=CARTESIAN_POINT('',(1.25,-0.295445502429882,-4.53705738699344));
#16144=CARTESIAN_POINT('',(-0.05,-0.426938597440972,-4.24524237535131));
#16145=CARTESIAN_POINT('',(-1.25,-0.426938597440972,-4.24524237535131));
#16146=CARTESIAN_POINT('',(1.25,-0.426938597440972,-4.24524237535131));
#16147=CARTESIAN_POINT('',(-0.05,-0.465026555442949,-4.24123916965268));
#16148=CARTESIAN_POINT('',(-1.25,-0.465026555442949,-4.24123916965268));
#16149=CARTESIAN_POINT('',(1.25,-0.465026555442949,-4.24123916965268));
#16150=CARTESIAN_POINT('',(-2.45,1.75,0.));
#16151=CARTESIAN_POINT('',(-2.45,0.,0.));
#16152=CARTESIAN_POINT('',(-2.45,0.,3.2));
#16153=CARTESIAN_POINT('',(-2.45,0.,3.06161699786838E-17));
#16154=CARTESIAN_POINT('',(-2.45,0.,0.5));
#16155=CARTESIAN_POINT('',(0.,0.,0.));
#16156=CARTESIAN_POINT('',(-2.15,0.,0.));
#16157=CARTESIAN_POINT('',(-2.15,0.,3.5));
#16158=CARTESIAN_POINT('',(-1.45,0.,0.));
#16159=CARTESIAN_POINT('',(-1.45,0.,-3.5));
#16160=CARTESIAN_POINT('',(-1.45,4.25,0.));
#16161=CARTESIAN_POINT('',(-1.45,0.,0.));
#16162=CARTESIAN_POINT('',(-1.45,0.,-5.));
#16163=CARTESIAN_POINT('',(0.,0.,0.));
#16164=CARTESIAN_POINT('',(-1.25,0.,0.));
#16165=CARTESIAN_POINT('',(-1.25,0.,-5.));
#16166=CARTESIAN_POINT('',(-1.25,4.25,0.));
#16167=CARTESIAN_POINT('',(1.25,4.25,0.));
#16168=CARTESIAN_POINT('',(1.25,0.,0.));
#16169=CARTESIAN_POINT('',(1.25,0.,-5.));
#16170=CARTESIAN_POINT('',(1.45,2.5,0.));
#16171=CARTESIAN_POINT('',(1.45,0.,3.06161699786838E-17));
#16172=CARTESIAN_POINT('',(1.45,0.,-0.5));
#16173=CARTESIAN_POINT('',(1.45,0.,0.));
#16174=CARTESIAN_POINT('',(1.45,0.,-5.));
#16175=CARTESIAN_POINT('',(0.,0.,0.));
#16176=CARTESIAN_POINT('',(-1.35,-6.93889390390723E-16,-3.06161699786838E-17));
#16177=CARTESIAN_POINT('',(-2.15,0.,0.));
#16178=MECHANICAL_DESIGN_GEOMETRIC_PRESENTATION_REPRESENTATION('',(#6958),
#16179);
#16179=(
GEOMETRIC_REPRESENTATION_CONTEXT(3)
GLOBAL_UNCERTAINTY_ASSIGNED_CONTEXT((#16180))
GLOBAL_UNIT_ASSIGNED_CONTEXT((#16183,#16182,#16181))
REPRESENTATION_CONTEXT('Spur gear (60 teeth)','TOP_LEVEL_ASSEMBLY_PART')
);
#16180=UNCERTAINTY_MEASURE_WITH_UNIT(LENGTH_MEASURE(0.002),#16183,
'DISTANCE_ACCURACY_VALUE','Maximum Tolerance applied to model');
#16181=(
NAMED_UNIT(*)
SI_UNIT($,.STERADIAN.)
SOLID_ANGLE_UNIT()
);
#16182=(
NAMED_UNIT(*)
PLANE_ANGLE_UNIT()
SI_UNIT($,.RADIAN.)
);
#16183=(
LENGTH_UNIT()
NAMED_UNIT(*)
SI_UNIT(.CENTI.,.METRE.)
);
#16184=PRODUCT_DEFINITION_SHAPE('','',#16185);
#16185=PRODUCT_DEFINITION('','',#16187,#16186);
#16186=PRODUCT_DEFINITION_CONTEXT('',#16193,'design');
#16187=PRODUCT_DEFINITION_FORMATION_WITH_SPECIFIED_SOURCE('','',#16189,
 .NOT_KNOWN.);
#16188=PRODUCT_RELATED_PRODUCT_CATEGORY('','',(#16189));
#16189=PRODUCT('Spur gear (60 teeth)','Spur gear (60 teeth)',
'Spur gear (60 teeth)',(#16191));
#16190=PRODUCT_CATEGORY('','');
#16191=PRODUCT_CONTEXT('',#16193,'mechanical');
#16192=APPLICATION_PROTOCOL_DEFINITION('international standard',
'ap242_managed_model_based_3d_engineering',2020,#16193);
#16193=APPLICATION_CONTEXT('managed model based 3d engineering');
ENDSEC;
END-ISO-10303-21;
