ISO-10303-21;
HEADER;
/* Generated by software containing ST-Developer
 * from STEP Tools, Inc. (www.steptools.com) 
 */
/* OPTION: using custom renumber hook */

FILE_DESCRIPTION(
/* description */ ('STEP AP242 Edition 2',
'CAx-IF Rec.Pracs.---Representation and Presentation of Product Manufa
cturing Information (PMI)---4.0---2014-10-13',
'CAx-IF Rec.Pracs.---3D Tessellated Geometry---0.4---2014-09-14','2;1',
'CAx-IF Rec.Pracs.---User Defined Attributes---1.5---2016-08-15'),
/* implementation_level */ '2;1');

FILE_NAME(
/* name */ 'Motor pulley',
/* time_stamp */ '2026-05-03T07:57:10Z',
/* author */ (''),
/* organization */ (''),
/* preprocessor_version */ 'ST-DEVELOPER v20',
/* originating_system */ 'ONSHAPE BY PTC INC, 1.214',
/* authorisation */ '  ');

FILE_SCHEMA (('AP242_MANAGED_MODEL_BASED_3D_ENGINEERING_MIM_LF { 1 0 10303 442 3 1 4 }'));
ENDSEC;

DATA;
#10=SHAPE_REPRESENTATION_RELATIONSHIP('','',#1657,#11);
#11=ADVANCED_BREP_SHAPE_REPRESENTATION('',(#1655),#5767);
#12=B_SPLINE_SURFACE_WITH_KNOTS('',3,1,((#5386,#5387),(#5388,#5389),(#5390,
#5391),(#5392,#5393)),.SURF_OF_LINEAR_EXTRUSION.,.F.,.F.,.F.,(4,4),(2,2),
(0.313370555529637,0.968596860837254),(0.,1.),.PIECEWISE_BEZIER_KNOTS.);
#13=B_SPLINE_SURFACE_WITH_KNOTS('',3,1,((#5395,#5396),(#5397,#5398),(#5399,
#5400),(#5401,#5402)),.SURF_OF_LINEAR_EXTRUSION.,.F.,.F.,.F.,(4,4),(2,2),
(0.313370555529642,0.968596860837254),(0.,1.),.PIECEWISE_BEZIER_KNOTS.);
#14=B_SPLINE_SURFACE_WITH_KNOTS('',3,1,((#5405,#5406),(#5407,#5408),(#5409,
#5410),(#5411,#5412)),.SURF_OF_LINEAR_EXTRUSION.,.F.,.F.,.F.,(4,4),(2,2),
(0.313370555529605,0.968596860837254),(0.,1.),.PIECEWISE_BEZIER_KNOTS.);
#15=B_SPLINE_SURFACE_WITH_KNOTS('',3,1,((#5414,#5415),(#5416,#5417),(#5418,
#5419),(#5420,#5421)),.SURF_OF_LINEAR_EXTRUSION.,.F.,.F.,.F.,(4,4),(2,2),
(0.313370555529603,0.968596860837254),(0.,1.),.PIECEWISE_BEZIER_KNOTS.);
#16=B_SPLINE_SURFACE_WITH_KNOTS('',3,1,((#5424,#5425),(#5426,#5427),(#5428,
#5429),(#5430,#5431)),.SURF_OF_LINEAR_EXTRUSION.,.F.,.F.,.F.,(4,4),(2,2),
(0.313370555529603,0.968596860837254),(0.,1.),.PIECEWISE_BEZIER_KNOTS.);
#17=B_SPLINE_SURFACE_WITH_KNOTS('',3,1,((#5433,#5434),(#5435,#5436),(#5437,
#5438),(#5439,#5440)),.SURF_OF_LINEAR_EXTRUSION.,.F.,.F.,.F.,(4,4),(2,2),
(0.313370555529605,0.968596860837254),(0.,1.),.PIECEWISE_BEZIER_KNOTS.);
#18=B_SPLINE_SURFACE_WITH_KNOTS('',3,1,((#5443,#5444),(#5445,#5446),(#5447,
#5448),(#5449,#5450)),.SURF_OF_LINEAR_EXTRUSION.,.F.,.F.,.F.,(4,4),(2,2),
(0.313370555529601,0.968596860837254),(0.,1.),.PIECEWISE_BEZIER_KNOTS.);
#19=B_SPLINE_SURFACE_WITH_KNOTS('',3,1,((#5452,#5453),(#5454,#5455),(#5456,
#5457),(#5458,#5459)),.SURF_OF_LINEAR_EXTRUSION.,.F.,.F.,.F.,(4,4),(2,2),
(0.313370555529606,0.968596860837254),(0.,1.),.PIECEWISE_BEZIER_KNOTS.);
#20=B_SPLINE_SURFACE_WITH_KNOTS('',3,1,((#5462,#5463),(#5464,#5465),(#5466,
#5467),(#5468,#5469)),.SURF_OF_LINEAR_EXTRUSION.,.F.,.F.,.F.,(4,4),(2,2),
(0.313370555529605,0.968596860837254),(0.,1.),.PIECEWISE_BEZIER_KNOTS.);
#21=B_SPLINE_SURFACE_WITH_KNOTS('',3,1,((#5471,#5472),(#5473,#5474),(#5475,
#5476),(#5477,#5478)),.SURF_OF_LINEAR_EXTRUSION.,.F.,.F.,.F.,(4,4),(2,2),
(0.313370555529601,0.968596860837254),(0.,1.),.PIECEWISE_BEZIER_KNOTS.);
#22=B_SPLINE_SURFACE_WITH_KNOTS('',3,1,((#5481,#5482),(#5483,#5484),(#5485,
#5486),(#5487,#5488)),.SURF_OF_LINEAR_EXTRUSION.,.F.,.F.,.F.,(4,4),(2,2),
(0.3133705555296,0.968596860837254),(0.,1.),.PIECEWISE_BEZIER_KNOTS.);
#23=B_SPLINE_SURFACE_WITH_KNOTS('',3,1,((#5490,#5491),(#5492,#5493),(#5494,
#5495),(#5496,#5497)),.SURF_OF_LINEAR_EXTRUSION.,.F.,.F.,.F.,(4,4),(2,2),
(0.313370555529602,0.968596860837254),(0.,1.),.PIECEWISE_BEZIER_KNOTS.);
#24=B_SPLINE_SURFACE_WITH_KNOTS('',3,1,((#5500,#5501),(#5502,#5503),(#5504,
#5505),(#5506,#5507)),.SURF_OF_LINEAR_EXTRUSION.,.F.,.F.,.F.,(4,4),(2,2),
(0.313370555529605,0.968596860837254),(0.,1.),.PIECEWISE_BEZIER_KNOTS.);
#25=B_SPLINE_SURFACE_WITH_KNOTS('',3,1,((#5509,#5510),(#5511,#5512),(#5513,
#5514),(#5515,#5516)),.SURF_OF_LINEAR_EXTRUSION.,.F.,.F.,.F.,(4,4),(2,2),
(0.313370555529603,0.968596860837254),(0.,1.),.PIECEWISE_BEZIER_KNOTS.);
#26=B_SPLINE_SURFACE_WITH_KNOTS('',3,1,((#5519,#5520),(#5521,#5522),(#5523,
#5524),(#5525,#5526)),.SURF_OF_LINEAR_EXTRUSION.,.F.,.F.,.F.,(4,4),(2,2),
(0.313370555529603,0.968596860837254),(0.,1.),.PIECEWISE_BEZIER_KNOTS.);
#27=B_SPLINE_SURFACE_WITH_KNOTS('',3,1,((#5528,#5529),(#5530,#5531),(#5532,
#5533),(#5534,#5535)),.SURF_OF_LINEAR_EXTRUSION.,.F.,.F.,.F.,(4,4),(2,2),
(0.313370555529605,0.968596860837254),(0.,1.),.PIECEWISE_BEZIER_KNOTS.);
#28=B_SPLINE_SURFACE_WITH_KNOTS('',3,1,((#5538,#5539),(#5540,#5541),(#5542,
#5543),(#5544,#5545)),.SURF_OF_LINEAR_EXTRUSION.,.F.,.F.,.F.,(4,4),(2,2),
(0.313370555529605,0.968596860837254),(0.,1.),.PIECEWISE_BEZIER_KNOTS.);
#29=B_SPLINE_SURFACE_WITH_KNOTS('',3,1,((#5547,#5548),(#5549,#5550),(#5551,
#5552),(#5553,#5554)),.SURF_OF_LINEAR_EXTRUSION.,.F.,.F.,.F.,(4,4),(2,2),
(0.313370555529606,0.968596860837254),(0.,1.),.PIECEWISE_BEZIER_KNOTS.);
#30=B_SPLINE_SURFACE_WITH_KNOTS('',3,1,((#5557,#5558),(#5559,#5560),(#5561,
#5562),(#5563,#5564)),.SURF_OF_LINEAR_EXTRUSION.,.F.,.F.,.F.,(4,4),(2,2),
(0.313370555529641,0.968596860837254),(0.,1.),.PIECEWISE_BEZIER_KNOTS.);
#31=B_SPLINE_SURFACE_WITH_KNOTS('',3,1,((#5566,#5567),(#5568,#5569),(#5570,
#5571),(#5572,#5573)),.SURF_OF_LINEAR_EXTRUSION.,.F.,.F.,.F.,(4,4),(2,2),
(0.313370555529639,0.968596860837254),(0.,1.),.PIECEWISE_BEZIER_KNOTS.);
#32=B_SPLINE_SURFACE_WITH_KNOTS('',3,1,((#5576,#5577),(#5578,#5579),(#5580,
#5581),(#5582,#5583)),.SURF_OF_LINEAR_EXTRUSION.,.F.,.F.,.F.,(4,4),(2,2),
(0.313370555529605,0.968596860837254),(0.,1.),.PIECEWISE_BEZIER_KNOTS.);
#33=B_SPLINE_SURFACE_WITH_KNOTS('',3,1,((#5585,#5586),(#5587,#5588),(#5589,
#5590),(#5591,#5592)),.SURF_OF_LINEAR_EXTRUSION.,.F.,.F.,.F.,(4,4),(2,2),
(0.313370555529601,0.968596860837254),(0.,1.),.PIECEWISE_BEZIER_KNOTS.);
#34=B_SPLINE_SURFACE_WITH_KNOTS('',3,1,((#5595,#5596),(#5597,#5598),(#5599,
#5600),(#5601,#5602)),.SURF_OF_LINEAR_EXTRUSION.,.F.,.F.,.F.,(4,4),(2,2),
(0.313370555529639,0.968596860837254),(0.,1.),.PIECEWISE_BEZIER_KNOTS.);
#35=B_SPLINE_SURFACE_WITH_KNOTS('',3,1,((#5604,#5605),(#5606,#5607),(#5608,
#5609),(#5610,#5611)),.SURF_OF_LINEAR_EXTRUSION.,.F.,.F.,.F.,(4,4),(2,2),
(0.313370555529638,0.968596860837254),(0.,1.),.PIECEWISE_BEZIER_KNOTS.);
#36=B_SPLINE_SURFACE_WITH_KNOTS('',3,1,((#5614,#5615),(#5616,#5617),(#5618,
#5619),(#5620,#5621)),.SURF_OF_LINEAR_EXTRUSION.,.F.,.F.,.F.,(4,4),(2,2),
(0.313370555529638,0.968596860837254),(0.,1.),.PIECEWISE_BEZIER_KNOTS.);
#37=B_SPLINE_SURFACE_WITH_KNOTS('',3,1,((#5623,#5624),(#5625,#5626),(#5627,
#5628),(#5629,#5630)),.SURF_OF_LINEAR_EXTRUSION.,.F.,.F.,.F.,(4,4),(2,2),
(0.313370555529639,0.968596860837254),(0.,1.),.PIECEWISE_BEZIER_KNOTS.);
#38=B_SPLINE_SURFACE_WITH_KNOTS('',3,1,((#5633,#5634),(#5635,#5636),(#5637,
#5638),(#5639,#5640)),.SURF_OF_LINEAR_EXTRUSION.,.F.,.F.,.F.,(4,4),(2,2),
(0.313370555529639,0.968596860837254),(0.,1.),.PIECEWISE_BEZIER_KNOTS.);
#39=B_SPLINE_SURFACE_WITH_KNOTS('',3,1,((#5642,#5643),(#5644,#5645),(#5646,
#5647),(#5648,#5649)),.SURF_OF_LINEAR_EXTRUSION.,.F.,.F.,.F.,(4,4),(2,2),
(0.313370555529638,0.968596860837254),(0.,1.),.PIECEWISE_BEZIER_KNOTS.);
#40=B_SPLINE_SURFACE_WITH_KNOTS('',3,1,((#5652,#5653),(#5654,#5655),(#5656,
#5657),(#5658,#5659)),.SURF_OF_LINEAR_EXTRUSION.,.F.,.F.,.F.,(4,4),(2,2),
(0.313370555529602,0.968596860837254),(0.,1.),.PIECEWISE_BEZIER_KNOTS.);
#41=B_SPLINE_SURFACE_WITH_KNOTS('',3,1,((#5661,#5662),(#5663,#5664),(#5665,
#5666),(#5667,#5668)),.SURF_OF_LINEAR_EXTRUSION.,.F.,.F.,.F.,(4,4),(2,2),
(0.3133705555296,0.968596860837254),(0.,1.),.PIECEWISE_BEZIER_KNOTS.);
#42=B_SPLINE_SURFACE_WITH_KNOTS('',3,1,((#5671,#5672),(#5673,#5674),(#5675,
#5676),(#5677,#5678)),.SURF_OF_LINEAR_EXTRUSION.,.F.,.F.,.F.,(4,4),(2,2),
(0.313370555529604,0.968596860837254),(0.,1.),.PIECEWISE_BEZIER_KNOTS.);
#43=B_SPLINE_SURFACE_WITH_KNOTS('',3,1,((#5680,#5681),(#5682,#5683),(#5684,
#5685),(#5686,#5687)),.SURF_OF_LINEAR_EXTRUSION.,.F.,.F.,.F.,(4,4),(2,2),
(0.313370555529603,0.968596860837254),(0.,1.),.PIECEWISE_BEZIER_KNOTS.);
#44=B_SPLINE_SURFACE_WITH_KNOTS('',3,1,((#5690,#5691),(#5692,#5693),(#5694,
#5695),(#5696,#5697)),.SURF_OF_LINEAR_EXTRUSION.,.F.,.F.,.F.,(4,4),(2,2),
(0.313370555529605,0.968596860837254),(0.,1.),.PIECEWISE_BEZIER_KNOTS.);
#45=B_SPLINE_SURFACE_WITH_KNOTS('',3,1,((#5699,#5700),(#5701,#5702),(#5703,
#5704),(#5705,#5706)),.SURF_OF_LINEAR_EXTRUSION.,.F.,.F.,.F.,(4,4),(2,2),
(0.313370555529602,0.968596860837254),(0.,1.),.PIECEWISE_BEZIER_KNOTS.);
#46=B_SPLINE_SURFACE_WITH_KNOTS('',3,1,((#5709,#5710),(#5711,#5712),(#5713,
#5714),(#5715,#5716)),.SURF_OF_LINEAR_EXTRUSION.,.F.,.F.,.F.,(4,4),(2,2),
(0.313370555529638,0.968596860837254),(0.,1.),.PIECEWISE_BEZIER_KNOTS.);
#47=B_SPLINE_SURFACE_WITH_KNOTS('',3,1,((#5718,#5719),(#5720,#5721),(#5722,
#5723),(#5724,#5725)),.SURF_OF_LINEAR_EXTRUSION.,.F.,.F.,.F.,(4,4),(2,2),
(0.313370555529638,0.968596860837254),(0.,1.),.PIECEWISE_BEZIER_KNOTS.);
#48=B_SPLINE_SURFACE_WITH_KNOTS('',3,1,((#5728,#5729),(#5730,#5731),(#5732,
#5733),(#5734,#5735)),.SURF_OF_LINEAR_EXTRUSION.,.F.,.F.,.F.,(4,4),(2,2),
(0.313370555529599,0.968596860837254),(0.,1.),.PIECEWISE_BEZIER_KNOTS.);
#49=B_SPLINE_SURFACE_WITH_KNOTS('',3,1,((#5737,#5738),(#5739,#5740),(#5741,
#5742),(#5743,#5744)),.SURF_OF_LINEAR_EXTRUSION.,.F.,.F.,.F.,(4,4),(2,2),
(0.313370555529602,0.968596860837254),(0.,1.),.PIECEWISE_BEZIER_KNOTS.);
#50=B_SPLINE_SURFACE_WITH_KNOTS('',3,1,((#5747,#5748),(#5749,#5750),(#5751,
#5752),(#5753,#5754)),.SURF_OF_LINEAR_EXTRUSION.,.F.,.F.,.F.,(4,4),(2,2),
(0.313370555529605,0.968596860837254),(0.,1.),.PIECEWISE_BEZIER_KNOTS.);
#51=B_SPLINE_SURFACE_WITH_KNOTS('',3,1,((#5756,#5757),(#5758,#5759),(#5760,
#5761),(#5762,#5763)),.SURF_OF_LINEAR_EXTRUSION.,.F.,.F.,.F.,(4,4),(2,2),
(0.313370555529603,0.968596860837254),(0.,1.),.PIECEWISE_BEZIER_KNOTS.);
#52=LINE('',#3720,#132);
#53=LINE('',#3724,#133);
#54=LINE('',#3726,#134);
#55=LINE('',#3730,#135);
#56=LINE('',#3732,#136);
#57=LINE('',#3736,#137);
#58=LINE('',#3738,#138);
#59=LINE('',#3742,#139);
#60=LINE('',#3744,#140);
#61=LINE('',#3748,#141);
#62=LINE('',#3750,#142);
#63=LINE('',#3754,#143);
#64=LINE('',#3756,#144);
#65=LINE('',#3760,#145);
#66=LINE('',#3762,#146);
#67=LINE('',#3766,#147);
#68=LINE('',#3768,#148);
#69=LINE('',#3772,#149);
#70=LINE('',#3774,#150);
#71=LINE('',#3778,#151);
#72=LINE('',#3780,#152);
#73=LINE('',#3784,#153);
#74=LINE('',#3786,#154);
#75=LINE('',#3790,#155);
#76=LINE('',#3792,#156);
#77=LINE('',#3796,#157);
#78=LINE('',#3798,#158);
#79=LINE('',#3802,#159);
#80=LINE('',#3804,#160);
#81=LINE('',#3808,#161);
#82=LINE('',#3810,#162);
#83=LINE('',#3814,#163);
#84=LINE('',#3816,#164);
#85=LINE('',#3820,#165);
#86=LINE('',#3822,#166);
#87=LINE('',#3826,#167);
#88=LINE('',#3828,#168);
#89=LINE('',#3832,#169);
#90=LINE('',#3834,#170);
#91=LINE('',#3838,#171);
#92=LINE('',#5394,#172);
#93=LINE('',#5403,#173);
#94=LINE('',#5413,#174);
#95=LINE('',#5422,#175);
#96=LINE('',#5432,#176);
#97=LINE('',#5441,#177);
#98=LINE('',#5451,#178);
#99=LINE('',#5460,#179);
#100=LINE('',#5470,#180);
#101=LINE('',#5479,#181);
#102=LINE('',#5489,#182);
#103=LINE('',#5498,#183);
#104=LINE('',#5508,#184);
#105=LINE('',#5517,#185);
#106=LINE('',#5527,#186);
#107=LINE('',#5536,#187);
#108=LINE('',#5546,#188);
#109=LINE('',#5555,#189);
#110=LINE('',#5565,#190);
#111=LINE('',#5574,#191);
#112=LINE('',#5584,#192);
#113=LINE('',#5593,#193);
#114=LINE('',#5603,#194);
#115=LINE('',#5612,#195);
#116=LINE('',#5622,#196);
#117=LINE('',#5631,#197);
#118=LINE('',#5641,#198);
#119=LINE('',#5650,#199);
#120=LINE('',#5660,#200);
#121=LINE('',#5669,#201);
#122=LINE('',#5679,#202);
#123=LINE('',#5688,#203);
#124=LINE('',#5698,#204);
#125=LINE('',#5707,#205);
#126=LINE('',#5717,#206);
#127=LINE('',#5726,#207);
#128=LINE('',#5736,#208);
#129=LINE('',#5745,#209);
#130=LINE('',#5755,#210);
#131=LINE('',#5764,#211);
#132=VECTOR('',#1885,100.);
#133=VECTOR('',#1888,100.);
#134=VECTOR('',#1891,100.);
#135=VECTOR('',#1894,100.);
#136=VECTOR('',#1897,100.);
#137=VECTOR('',#1900,100.);
#138=VECTOR('',#1903,100.);
#139=VECTOR('',#1906,100.);
#140=VECTOR('',#1909,100.);
#141=VECTOR('',#1912,100.);
#142=VECTOR('',#1915,100.);
#143=VECTOR('',#1918,100.);
#144=VECTOR('',#1921,100.);
#145=VECTOR('',#1924,100.);
#146=VECTOR('',#1927,100.);
#147=VECTOR('',#1930,100.);
#148=VECTOR('',#1933,100.);
#149=VECTOR('',#1936,100.);
#150=VECTOR('',#1939,100.);
#151=VECTOR('',#1942,100.);
#152=VECTOR('',#1945,100.);
#153=VECTOR('',#1948,100.);
#154=VECTOR('',#1951,100.);
#155=VECTOR('',#1954,100.);
#156=VECTOR('',#1957,100.);
#157=VECTOR('',#1960,100.);
#158=VECTOR('',#1963,100.);
#159=VECTOR('',#1966,100.);
#160=VECTOR('',#1969,100.);
#161=VECTOR('',#1972,100.);
#162=VECTOR('',#1975,100.);
#163=VECTOR('',#1978,100.);
#164=VECTOR('',#1981,100.);
#165=VECTOR('',#1984,100.);
#166=VECTOR('',#1987,100.);
#167=VECTOR('',#1990,100.);
#168=VECTOR('',#1993,100.);
#169=VECTOR('',#1996,100.);
#170=VECTOR('',#1999,100.);
#171=VECTOR('',#2002,100.);
#172=VECTOR('',#2075,100.);
#173=VECTOR('',#2076,100.);
#174=VECTOR('',#2079,100.);
#175=VECTOR('',#2080,100.);
#176=VECTOR('',#2083,100.);
#177=VECTOR('',#2084,100.);
#178=VECTOR('',#2087,100.);
#179=VECTOR('',#2088,100.);
#180=VECTOR('',#2091,100.);
#181=VECTOR('',#2092,100.);
#182=VECTOR('',#2095,100.);
#183=VECTOR('',#2096,100.);
#184=VECTOR('',#2099,100.);
#185=VECTOR('',#2100,100.);
#186=VECTOR('',#2103,100.);
#187=VECTOR('',#2104,100.);
#188=VECTOR('',#2107,100.);
#189=VECTOR('',#2108,100.);
#190=VECTOR('',#2111,100.);
#191=VECTOR('',#2112,100.);
#192=VECTOR('',#2115,100.);
#193=VECTOR('',#2116,100.);
#194=VECTOR('',#2119,100.);
#195=VECTOR('',#2120,100.);
#196=VECTOR('',#2123,100.);
#197=VECTOR('',#2124,100.);
#198=VECTOR('',#2127,100.);
#199=VECTOR('',#2128,100.);
#200=VECTOR('',#2131,100.);
#201=VECTOR('',#2132,100.);
#202=VECTOR('',#2135,100.);
#203=VECTOR('',#2136,100.);
#204=VECTOR('',#2139,100.);
#205=VECTOR('',#2140,100.);
#206=VECTOR('',#2143,100.);
#207=VECTOR('',#2144,100.);
#208=VECTOR('',#2147,100.);
#209=VECTOR('',#2148,100.);
#210=VECTOR('',#2151,100.);
#211=VECTOR('',#2152,100.);
#212=CYLINDRICAL_SURFACE('',#1701,1.2);
#213=CYLINDRICAL_SURFACE('',#1703,1.2);
#214=CYLINDRICAL_SURFACE('',#1705,1.2);
#215=CYLINDRICAL_SURFACE('',#1707,1.2);
#216=CYLINDRICAL_SURFACE('',#1709,1.2);
#217=CYLINDRICAL_SURFACE('',#1711,1.2);
#218=CYLINDRICAL_SURFACE('',#1713,1.2);
#219=CYLINDRICAL_SURFACE('',#1715,1.2);
#220=CYLINDRICAL_SURFACE('',#1717,1.2);
#221=CYLINDRICAL_SURFACE('',#1719,1.2);
#222=CYLINDRICAL_SURFACE('',#1721,1.2);
#223=CYLINDRICAL_SURFACE('',#1723,1.2);
#224=CYLINDRICAL_SURFACE('',#1725,1.2);
#225=CYLINDRICAL_SURFACE('',#1727,1.2);
#226=CYLINDRICAL_SURFACE('',#1729,1.2);
#227=CYLINDRICAL_SURFACE('',#1731,1.2);
#228=CYLINDRICAL_SURFACE('',#1733,1.2);
#229=CYLINDRICAL_SURFACE('',#1735,1.2);
#230=CYLINDRICAL_SURFACE('',#1737,1.2);
#231=CYLINDRICAL_SURFACE('',#1739,1.2);
#232=CYLINDRICAL_SURFACE('',#1766,0.8);
#233=CYLINDRICAL_SURFACE('',#1773,1.7);
#234=CYLINDRICAL_SURFACE('',#1774,1.7);
#235=CYLINDRICAL_SURFACE('',#1775,0.5);
#236=CYLINDRICAL_SURFACE('',#1776,0.134734986266293);
#237=CYLINDRICAL_SURFACE('',#1777,1.43);
#238=CYLINDRICAL_SURFACE('',#1778,1.43);
#239=CYLINDRICAL_SURFACE('',#1779,1.43);
#240=CYLINDRICAL_SURFACE('',#1780,1.43);
#241=CYLINDRICAL_SURFACE('',#1781,1.43);
#242=CYLINDRICAL_SURFACE('',#1782,1.43);
#243=CYLINDRICAL_SURFACE('',#1783,1.43);
#244=CYLINDRICAL_SURFACE('',#1784,1.43);
#245=CYLINDRICAL_SURFACE('',#1785,1.43);
#246=CYLINDRICAL_SURFACE('',#1786,1.43);
#247=CYLINDRICAL_SURFACE('',#1787,1.43);
#248=CYLINDRICAL_SURFACE('',#1788,1.43);
#249=CYLINDRICAL_SURFACE('',#1789,1.43);
#250=CYLINDRICAL_SURFACE('',#1790,1.43);
#251=CYLINDRICAL_SURFACE('',#1791,1.43);
#252=CYLINDRICAL_SURFACE('',#1792,1.43);
#253=CYLINDRICAL_SURFACE('',#1793,1.43);
#254=CYLINDRICAL_SURFACE('',#1794,1.43);
#255=CYLINDRICAL_SURFACE('',#1795,1.43);
#256=CYLINDRICAL_SURFACE('',#1796,1.43);
#257=B_SPLINE_CURVE_WITH_KNOTS('',3,(#2159,#2160,#2161,#2162,#2163,#2164,
#2165,#2166,#2167,#2168,#2169,#2170,#2171,#2172,#2173,#2174,#2175,#2176,
#2177,#2178,#2179,#2180,#2181,#2182,#2183,#2184,#2185,#2186,#2187,#2188,
#2189,#2190,#2191,#2192,#2193,#2194),.UNSPECIFIED.,.F.,.F.,(4,1,1,1,1,1,
1,1,1,1,1,1,1,1,1,1,1,1,1,1,1,1,1,1,1,1,1,1,1,1,1,1,1,4),(0.0769251295056636,
0.0897294580703794,0.107010202519751,0.125279202981818,0.144485676556023,
0.164585947114285,0.185541927786606,0.207320021720933,0.229890303618282,
0.25322589605712,0.277302484769885,0.302097935434016,0.327591986176287,
0.353765997578383,0.380602747055876,0.408086257970056,0.436201656274753,
0.464935049243603,0.4942734220884,0.524204549211599,0.554716917532587,0.585799659854517,
0.617442496641886,0.649635684891216,0.682369973021026,0.715636560899517,
0.749427064281274,0.783733483046726,0.818548172737015,0.853863818957268,
0.889673414287001,0.925970237390496,0.962747834064767,0.968596860837254),
 .UNSPECIFIED.);
#258=B_SPLINE_CURVE_WITH_KNOTS('',3,(#2199,#2200,#2201,#2202,#2203,#2204,
#2205,#2206,#2207,#2208,#2209,#2210,#2211,#2212,#2213,#2214,#2215,#2216,
#2217,#2218,#2219,#2220,#2221,#2222,#2223,#2224,#2225,#2226,#2227,#2228,
#2229,#2230,#2231,#2232,#2233,#2234),.UNSPECIFIED.,.F.,.F.,(4,1,1,1,1,1,
1,1,1,1,1,1,1,1,1,1,1,1,1,1,1,1,1,1,1,1,1,1,1,1,1,1,1,4),(0.0769251295056616,
0.0897294580703794,0.107010202519751,0.125279202981818,0.144485676556023,
0.164585947114285,0.185541927786606,0.207320021720933,0.229890303618282,
0.25322589605712,0.277302484769885,0.302097935434016,0.327591986176287,
0.353765997578383,0.380602747055876,0.408086257970056,0.436201656274753,
0.464935049243603,0.4942734220884,0.524204549211599,0.554716917532587,0.585799659854517,
0.617442496641886,0.649635684891216,0.682369973021026,0.715636560899517,
0.749427064281274,0.783733483046726,0.818548172737015,0.853863818957268,
0.889673414287001,0.925970237390496,0.962747834064767,0.968596860837254),
 .UNSPECIFIED.);
#259=B_SPLINE_CURVE_WITH_KNOTS('',3,(#2238,#2239,#2240,#2241,#2242,#2243,
#2244,#2245,#2246,#2247,#2248,#2249,#2250,#2251,#2252,#2253,#2254,#2255,
#2256,#2257,#2258,#2259,#2260,#2261,#2262,#2263,#2264,#2265,#2266,#2267,
#2268,#2269,#2270,#2271,#2272,#2273),.UNSPECIFIED.,.F.,.F.,(4,1,1,1,1,1,
1,1,1,1,1,1,1,1,1,1,1,1,1,1,1,1,1,1,1,1,1,1,1,1,1,1,1,4),(0.0769251295056636,
0.0897294580703794,0.107010202519751,0.125279202981818,0.144485676556023,
0.164585947114285,0.185541927786606,0.207320021720933,0.229890303618282,
0.25322589605712,0.277302484769885,0.302097935434016,0.327591986176287,
0.353765997578383,0.380602747055876,0.408086257970056,0.436201656274753,
0.464935049243603,0.4942734220884,0.524204549211599,0.554716917532587,0.585799659854517,
0.617442496641886,0.649635684891216,0.682369973021026,0.715636560899517,
0.749427064281274,0.783733483046726,0.818548172737015,0.853863818957268,
0.889673414287001,0.925970237390496,0.962747834064767,0.968596860837254),
 .UNSPECIFIED.);
#260=B_SPLINE_CURVE_WITH_KNOTS('',3,(#2277,#2278,#2279,#2280,#2281,#2282,
#2283,#2284,#2285,#2286,#2287,#2288,#2289,#2290,#2291,#2292,#2293,#2294,
#2295,#2296,#2297,#2298,#2299,#2300,#2301,#2302,#2303,#2304,#2305,#2306,
#2307,#2308,#2309,#2310,#2311,#2312),.UNSPECIFIED.,.F.,.F.,(4,1,1,1,1,1,
1,1,1,1,1,1,1,1,1,1,1,1,1,1,1,1,1,1,1,1,1,1,1,1,1,1,1,4),(0.0769251295056616,
0.0897294580703794,0.107010202519751,0.125279202981818,0.144485676556023,
0.164585947114285,0.185541927786606,0.207320021720933,0.229890303618282,
0.25322589605712,0.277302484769885,0.302097935434016,0.327591986176287,
0.353765997578383,0.380602747055876,0.408086257970056,0.436201656274753,
0.464935049243603,0.4942734220884,0.524204549211599,0.554716917532587,0.585799659854517,
0.617442496641886,0.649635684891216,0.682369973021026,0.715636560899517,
0.749427064281274,0.783733483046726,0.818548172737015,0.853863818957268,
0.889673414287001,0.925970237390496,0.962747834064767,0.968596860837254),
 .UNSPECIFIED.);
#261=B_SPLINE_CURVE_WITH_KNOTS('',3,(#2316,#2317,#2318,#2319,#2320,#2321,
#2322,#2323,#2324,#2325,#2326,#2327,#2328,#2329,#2330,#2331,#2332,#2333,
#2334,#2335,#2336,#2337,#2338,#2339,#2340,#2341,#2342,#2343,#2344,#2345,
#2346,#2347,#2348,#2349,#2350,#2351),.UNSPECIFIED.,.F.,.F.,(4,1,1,1,1,1,
1,1,1,1,1,1,1,1,1,1,1,1,1,1,1,1,1,1,1,1,1,1,1,1,1,1,1,4),(0.0769251295056636,
0.0897294580703794,0.107010202519751,0.125279202981818,0.144485676556023,
0.164585947114285,0.185541927786606,0.207320021720933,0.229890303618282,
0.25322589605712,0.277302484769885,0.302097935434016,0.327591986176287,
0.353765997578383,0.380602747055876,0.408086257970056,0.436201656274753,
0.464935049243603,0.4942734220884,0.524204549211599,0.554716917532587,0.585799659854517,
0.617442496641886,0.649635684891216,0.682369973021026,0.715636560899517,
0.749427064281274,0.783733483046726,0.818548172737015,0.853863818957268,
0.889673414287001,0.925970237390496,0.962747834064767,0.968596860837254),
 .UNSPECIFIED.);
#262=B_SPLINE_CURVE_WITH_KNOTS('',3,(#2355,#2356,#2357,#2358,#2359,#2360,
#2361,#2362,#2363,#2364,#2365,#2366,#2367,#2368,#2369,#2370,#2371,#2372,
#2373,#2374,#2375,#2376,#2377,#2378,#2379,#2380,#2381,#2382,#2383,#2384,
#2385,#2386,#2387,#2388,#2389,#2390),.UNSPECIFIED.,.F.,.F.,(4,1,1,1,1,1,
1,1,1,1,1,1,1,1,1,1,1,1,1,1,1,1,1,1,1,1,1,1,1,1,1,1,1,4),(0.0769251295056616,
0.0897294580703794,0.107010202519751,0.125279202981818,0.144485676556023,
0.164585947114285,0.185541927786606,0.207320021720933,0.229890303618282,
0.25322589605712,0.277302484769885,0.302097935434016,0.327591986176287,
0.353765997578383,0.380602747055876,0.408086257970056,0.436201656274753,
0.464935049243603,0.4942734220884,0.524204549211599,0.554716917532587,0.585799659854517,
0.617442496641886,0.649635684891216,0.682369973021026,0.715636560899517,
0.749427064281274,0.783733483046726,0.818548172737015,0.853863818957268,
0.889673414287001,0.925970237390496,0.962747834064767,0.968596860837254),
 .UNSPECIFIED.);
#263=B_SPLINE_CURVE_WITH_KNOTS('',3,(#2394,#2395,#2396,#2397,#2398,#2399,
#2400,#2401,#2402,#2403,#2404,#2405,#2406,#2407,#2408,#2409,#2410,#2411,
#2412,#2413,#2414,#2415,#2416,#2417,#2418,#2419,#2420,#2421,#2422,#2423,
#2424,#2425,#2426,#2427,#2428,#2429),.UNSPECIFIED.,.F.,.F.,(4,1,1,1,1,1,
1,1,1,1,1,1,1,1,1,1,1,1,1,1,1,1,1,1,1,1,1,1,1,1,1,1,1,4),(0.0769251295056636,
0.0897294580703794,0.107010202519751,0.125279202981818,0.144485676556023,
0.164585947114285,0.185541927786606,0.207320021720933,0.229890303618282,
0.25322589605712,0.277302484769885,0.302097935434016,0.327591986176287,
0.353765997578383,0.380602747055876,0.408086257970056,0.436201656274753,
0.464935049243603,0.4942734220884,0.524204549211599,0.554716917532587,0.585799659854517,
0.617442496641886,0.649635684891216,0.682369973021026,0.715636560899517,
0.749427064281274,0.783733483046726,0.818548172737015,0.853863818957268,
0.889673414287001,0.925970237390496,0.962747834064767,0.968596860837254),
 .UNSPECIFIED.);
#264=B_SPLINE_CURVE_WITH_KNOTS('',3,(#2433,#2434,#2435,#2436,#2437,#2438,
#2439,#2440,#2441,#2442,#2443,#2444,#2445,#2446,#2447,#2448,#2449,#2450,
#2451,#2452,#2453,#2454,#2455,#2456,#2457,#2458,#2459,#2460,#2461,#2462,
#2463,#2464,#2465,#2466,#2467,#2468),.UNSPECIFIED.,.F.,.F.,(4,1,1,1,1,1,
1,1,1,1,1,1,1,1,1,1,1,1,1,1,1,1,1,1,1,1,1,1,1,1,1,1,1,4),(0.0769251295056616,
0.0897294580703794,0.107010202519751,0.125279202981818,0.144485676556023,
0.164585947114285,0.185541927786606,0.207320021720933,0.229890303618282,
0.25322589605712,0.277302484769885,0.302097935434016,0.327591986176287,
0.353765997578383,0.380602747055876,0.408086257970056,0.436201656274753,
0.464935049243603,0.4942734220884,0.524204549211599,0.554716917532587,0.585799659854517,
0.617442496641886,0.649635684891216,0.682369973021026,0.715636560899517,
0.749427064281274,0.783733483046726,0.818548172737015,0.853863818957268,
0.889673414287001,0.925970237390496,0.962747834064767,0.968596860837254),
 .UNSPECIFIED.);
#265=B_SPLINE_CURVE_WITH_KNOTS('',3,(#2472,#2473,#2474,#2475,#2476,#2477,
#2478,#2479,#2480,#2481,#2482,#2483,#2484,#2485,#2486,#2487,#2488,#2489,
#2490,#2491,#2492,#2493,#2494,#2495,#2496,#2497,#2498,#2499,#2500,#2501,
#2502,#2503,#2504,#2505,#2506,#2507),.UNSPECIFIED.,.F.,.F.,(4,1,1,1,1,1,
1,1,1,1,1,1,1,1,1,1,1,1,1,1,1,1,1,1,1,1,1,1,1,1,1,1,1,4),(0.0769251295056636,
0.0897294580703794,0.107010202519751,0.125279202981818,0.144485676556023,
0.164585947114285,0.185541927786606,0.207320021720933,0.229890303618282,
0.25322589605712,0.277302484769885,0.302097935434016,0.327591986176287,
0.353765997578383,0.380602747055876,0.408086257970056,0.436201656274753,
0.464935049243603,0.4942734220884,0.524204549211599,0.554716917532587,0.585799659854517,
0.617442496641886,0.649635684891216,0.682369973021026,0.715636560899517,
0.749427064281274,0.783733483046726,0.818548172737015,0.853863818957268,
0.889673414287001,0.925970237390496,0.962747834064767,0.968596860837254),
 .UNSPECIFIED.);
#266=B_SPLINE_CURVE_WITH_KNOTS('',3,(#2511,#2512,#2513,#2514,#2515,#2516,
#2517,#2518,#2519,#2520,#2521,#2522,#2523,#2524,#2525,#2526,#2527,#2528,
#2529,#2530,#2531,#2532,#2533,#2534,#2535,#2536,#2537,#2538,#2539,#2540,
#2541,#2542,#2543,#2544,#2545,#2546),.UNSPECIFIED.,.F.,.F.,(4,1,1,1,1,1,
1,1,1,1,1,1,1,1,1,1,1,1,1,1,1,1,1,1,1,1,1,1,1,1,1,1,1,4),(0.0769251295056616,
0.0897294580703794,0.107010202519751,0.125279202981818,0.144485676556023,
0.164585947114285,0.185541927786606,0.207320021720933,0.229890303618282,
0.25322589605712,0.277302484769885,0.302097935434016,0.327591986176287,
0.353765997578383,0.380602747055876,0.408086257970056,0.436201656274753,
0.464935049243603,0.4942734220884,0.524204549211599,0.554716917532587,0.585799659854517,
0.617442496641886,0.649635684891216,0.682369973021026,0.715636560899517,
0.749427064281274,0.783733483046726,0.818548172737015,0.853863818957268,
0.889673414287001,0.925970237390496,0.962747834064767,0.968596860837254),
 .UNSPECIFIED.);
#267=B_SPLINE_CURVE_WITH_KNOTS('',3,(#2550,#2551,#2552,#2553,#2554,#2555,
#2556,#2557,#2558,#2559,#2560,#2561,#2562,#2563,#2564,#2565,#2566,#2567,
#2568,#2569,#2570,#2571,#2572,#2573,#2574,#2575,#2576,#2577,#2578,#2579,
#2580,#2581,#2582,#2583,#2584,#2585),.UNSPECIFIED.,.F.,.F.,(4,1,1,1,1,1,
1,1,1,1,1,1,1,1,1,1,1,1,1,1,1,1,1,1,1,1,1,1,1,1,1,1,1,4),(0.0769251295056636,
0.0897294580703794,0.107010202519751,0.125279202981818,0.144485676556023,
0.164585947114285,0.185541927786606,0.207320021720933,0.229890303618282,
0.25322589605712,0.277302484769885,0.302097935434016,0.327591986176287,
0.353765997578383,0.380602747055876,0.408086257970056,0.436201656274753,
0.464935049243603,0.4942734220884,0.524204549211599,0.554716917532587,0.585799659854517,
0.617442496641886,0.649635684891216,0.682369973021026,0.715636560899517,
0.749427064281274,0.783733483046726,0.818548172737015,0.853863818957268,
0.889673414287001,0.925970237390496,0.962747834064767,0.968596860837254),
 .UNSPECIFIED.);
#268=B_SPLINE_CURVE_WITH_KNOTS('',3,(#2589,#2590,#2591,#2592,#2593,#2594,
#2595,#2596,#2597,#2598,#2599,#2600,#2601,#2602,#2603,#2604,#2605,#2606,
#2607,#2608,#2609,#2610,#2611,#2612,#2613,#2614,#2615,#2616,#2617,#2618,
#2619,#2620,#2621,#2622,#2623,#2624),.UNSPECIFIED.,.F.,.F.,(4,1,1,1,1,1,
1,1,1,1,1,1,1,1,1,1,1,1,1,1,1,1,1,1,1,1,1,1,1,1,1,1,1,4),(0.0769251295056616,
0.0897294580703794,0.107010202519751,0.125279202981818,0.144485676556023,
0.164585947114285,0.185541927786606,0.207320021720933,0.229890303618282,
0.25322589605712,0.277302484769885,0.302097935434016,0.327591986176287,
0.353765997578383,0.380602747055876,0.408086257970056,0.436201656274753,
0.464935049243603,0.4942734220884,0.524204549211599,0.554716917532587,0.585799659854517,
0.617442496641886,0.649635684891216,0.682369973021026,0.715636560899517,
0.749427064281274,0.783733483046726,0.818548172737015,0.853863818957268,
0.889673414287001,0.925970237390496,0.962747834064767,0.968596860837254),
 .UNSPECIFIED.);
#269=B_SPLINE_CURVE_WITH_KNOTS('',3,(#2628,#2629,#2630,#2631,#2632,#2633,
#2634,#2635,#2636,#2637,#2638,#2639,#2640,#2641,#2642,#2643,#2644,#2645,
#2646,#2647,#2648,#2649,#2650,#2651,#2652,#2653,#2654,#2655,#2656,#2657,
#2658,#2659,#2660,#2661,#2662,#2663),.UNSPECIFIED.,.F.,.F.,(4,1,1,1,1,1,
1,1,1,1,1,1,1,1,1,1,1,1,1,1,1,1,1,1,1,1,1,1,1,1,1,1,1,4),(0.0769251295056636,
0.0897294580703794,0.107010202519751,0.125279202981818,0.144485676556023,
0.164585947114285,0.185541927786606,0.207320021720933,0.229890303618282,
0.25322589605712,0.277302484769885,0.302097935434016,0.327591986176287,
0.353765997578383,0.380602747055876,0.408086257970056,0.436201656274753,
0.464935049243603,0.4942734220884,0.524204549211599,0.554716917532587,0.585799659854517,
0.617442496641886,0.649635684891216,0.682369973021026,0.715636560899517,
0.749427064281274,0.783733483046726,0.818548172737015,0.853863818957268,
0.889673414287001,0.925970237390496,0.962747834064767,0.968596860837254),
 .UNSPECIFIED.);
#270=B_SPLINE_CURVE_WITH_KNOTS('',3,(#2667,#2668,#2669,#2670,#2671,#2672,
#2673,#2674,#2675,#2676,#2677,#2678,#2679,#2680,#2681,#2682,#2683,#2684,
#2685,#2686,#2687,#2688,#2689,#2690,#2691,#2692,#2693,#2694,#2695,#2696,
#2697,#2698,#2699,#2700,#2701,#2702),.UNSPECIFIED.,.F.,.F.,(4,1,1,1,1,1,
1,1,1,1,1,1,1,1,1,1,1,1,1,1,1,1,1,1,1,1,1,1,1,1,1,1,1,4),(0.0769251295056616,
0.0897294580703794,0.107010202519751,0.125279202981818,0.144485676556023,
0.164585947114285,0.185541927786606,0.207320021720933,0.229890303618282,
0.25322589605712,0.277302484769885,0.302097935434016,0.327591986176287,
0.353765997578383,0.380602747055876,0.408086257970056,0.436201656274753,
0.464935049243603,0.4942734220884,0.524204549211599,0.554716917532587,0.585799659854517,
0.617442496641886,0.649635684891216,0.682369973021026,0.715636560899517,
0.749427064281274,0.783733483046726,0.818548172737015,0.853863818957268,
0.889673414287001,0.925970237390496,0.962747834064767,0.968596860837254),
 .UNSPECIFIED.);
#271=B_SPLINE_CURVE_WITH_KNOTS('',3,(#2706,#2707,#2708,#2709,#2710,#2711,
#2712,#2713,#2714,#2715,#2716,#2717,#2718,#2719,#2720,#2721,#2722,#2723,
#2724,#2725,#2726,#2727,#2728,#2729,#2730,#2731,#2732,#2733,#2734,#2735,
#2736,#2737,#2738,#2739,#2740,#2741),.UNSPECIFIED.,.F.,.F.,(4,1,1,1,1,1,
1,1,1,1,1,1,1,1,1,1,1,1,1,1,1,1,1,1,1,1,1,1,1,1,1,1,1,4),(0.0769251295056636,
0.0897294580703794,0.107010202519751,0.125279202981818,0.144485676556023,
0.164585947114285,0.185541927786606,0.207320021720933,0.229890303618282,
0.25322589605712,0.277302484769885,0.302097935434016,0.327591986176287,
0.353765997578383,0.380602747055876,0.408086257970056,0.436201656274753,
0.464935049243603,0.4942734220884,0.524204549211599,0.554716917532587,0.585799659854517,
0.617442496641886,0.649635684891216,0.682369973021026,0.715636560899517,
0.749427064281274,0.783733483046726,0.818548172737015,0.853863818957268,
0.889673414287001,0.925970237390496,0.962747834064767,0.968596860837254),
 .UNSPECIFIED.);
#272=B_SPLINE_CURVE_WITH_KNOTS('',3,(#2745,#2746,#2747,#2748,#2749,#2750,
#2751,#2752,#2753,#2754,#2755,#2756,#2757,#2758,#2759,#2760,#2761,#2762,
#2763,#2764,#2765,#2766,#2767,#2768,#2769,#2770,#2771,#2772,#2773,#2774,
#2775,#2776,#2777,#2778,#2779,#2780),.UNSPECIFIED.,.F.,.F.,(4,1,1,1,1,1,
1,1,1,1,1,1,1,1,1,1,1,1,1,1,1,1,1,1,1,1,1,1,1,1,1,1,1,4),(0.0769251295056616,
0.0897294580703794,0.107010202519751,0.125279202981818,0.144485676556023,
0.164585947114285,0.185541927786606,0.207320021720933,0.229890303618282,
0.25322589605712,0.277302484769885,0.302097935434016,0.327591986176287,
0.353765997578383,0.380602747055876,0.408086257970056,0.436201656274753,
0.464935049243603,0.4942734220884,0.524204549211599,0.554716917532587,0.585799659854517,
0.617442496641886,0.649635684891216,0.682369973021026,0.715636560899517,
0.749427064281274,0.783733483046726,0.818548172737015,0.853863818957268,
0.889673414287001,0.925970237390496,0.962747834064767,0.968596860837254),
 .UNSPECIFIED.);
#273=B_SPLINE_CURVE_WITH_KNOTS('',3,(#2784,#2785,#2786,#2787,#2788,#2789,
#2790,#2791,#2792,#2793,#2794,#2795,#2796,#2797,#2798,#2799,#2800,#2801,
#2802,#2803,#2804,#2805,#2806,#2807,#2808,#2809,#2810,#2811,#2812,#2813,
#2814,#2815,#2816,#2817,#2818,#2819),.UNSPECIFIED.,.F.,.F.,(4,1,1,1,1,1,
1,1,1,1,1,1,1,1,1,1,1,1,1,1,1,1,1,1,1,1,1,1,1,1,1,1,1,4),(0.0769251295056636,
0.0897294580703794,0.107010202519751,0.125279202981818,0.144485676556023,
0.164585947114285,0.185541927786606,0.207320021720933,0.229890303618282,
0.25322589605712,0.277302484769885,0.302097935434016,0.327591986176287,
0.353765997578383,0.380602747055876,0.408086257970056,0.436201656274753,
0.464935049243603,0.4942734220884,0.524204549211599,0.554716917532587,0.585799659854517,
0.617442496641886,0.649635684891216,0.682369973021026,0.715636560899517,
0.749427064281274,0.783733483046726,0.818548172737015,0.853863818957268,
0.889673414287001,0.925970237390496,0.962747834064767,0.968596860837254),
 .UNSPECIFIED.);
#274=B_SPLINE_CURVE_WITH_KNOTS('',3,(#2823,#2824,#2825,#2826,#2827,#2828,
#2829,#2830,#2831,#2832,#2833,#2834,#2835,#2836,#2837,#2838,#2839,#2840,
#2841,#2842,#2843,#2844,#2845,#2846,#2847,#2848,#2849,#2850,#2851,#2852,
#2853,#2854,#2855,#2856,#2857,#2858),.UNSPECIFIED.,.F.,.F.,(4,1,1,1,1,1,
1,1,1,1,1,1,1,1,1,1,1,1,1,1,1,1,1,1,1,1,1,1,1,1,1,1,1,4),(0.0769251295056616,
0.0897294580703794,0.107010202519751,0.125279202981818,0.144485676556023,
0.164585947114285,0.185541927786606,0.207320021720933,0.229890303618282,
0.25322589605712,0.277302484769885,0.302097935434016,0.327591986176287,
0.353765997578383,0.380602747055876,0.408086257970056,0.436201656274753,
0.464935049243603,0.4942734220884,0.524204549211599,0.554716917532587,0.585799659854517,
0.617442496641886,0.649635684891216,0.682369973021026,0.715636560899517,
0.749427064281274,0.783733483046726,0.818548172737015,0.853863818957268,
0.889673414287001,0.925970237390496,0.962747834064767,0.968596860837254),
 .UNSPECIFIED.);
#275=B_SPLINE_CURVE_WITH_KNOTS('',3,(#2862,#2863,#2864,#2865,#2866,#2867,
#2868,#2869,#2870,#2871,#2872,#2873,#2874,#2875,#2876,#2877,#2878,#2879,
#2880,#2881,#2882,#2883,#2884,#2885,#2886,#2887,#2888,#2889,#2890,#2891,
#2892,#2893,#2894,#2895,#2896,#2897),.UNSPECIFIED.,.F.,.F.,(4,1,1,1,1,1,
1,1,1,1,1,1,1,1,1,1,1,1,1,1,1,1,1,1,1,1,1,1,1,1,1,1,1,4),(0.0769251295056636,
0.0897294580703794,0.107010202519751,0.125279202981818,0.144485676556023,
0.164585947114285,0.185541927786606,0.207320021720933,0.229890303618282,
0.25322589605712,0.277302484769885,0.302097935434016,0.327591986176287,
0.353765997578383,0.380602747055876,0.408086257970056,0.436201656274753,
0.464935049243603,0.4942734220884,0.524204549211599,0.554716917532587,0.585799659854517,
0.617442496641886,0.649635684891216,0.682369973021026,0.715636560899517,
0.749427064281274,0.783733483046726,0.818548172737015,0.853863818957268,
0.889673414287001,0.925970237390496,0.962747834064767,0.968596860837254),
 .UNSPECIFIED.);
#276=B_SPLINE_CURVE_WITH_KNOTS('',3,(#2901,#2902,#2903,#2904,#2905,#2906,
#2907,#2908,#2909,#2910,#2911,#2912,#2913,#2914,#2915,#2916,#2917,#2918,
#2919,#2920,#2921,#2922,#2923,#2924,#2925,#2926,#2927,#2928,#2929,#2930,
#2931,#2932,#2933,#2934,#2935,#2936),.UNSPECIFIED.,.F.,.F.,(4,1,1,1,1,1,
1,1,1,1,1,1,1,1,1,1,1,1,1,1,1,1,1,1,1,1,1,1,1,1,1,1,1,4),(0.0769251295056616,
0.0897294580703794,0.107010202519751,0.125279202981818,0.144485676556023,
0.164585947114285,0.185541927786606,0.207320021720933,0.229890303618282,
0.25322589605712,0.277302484769885,0.302097935434016,0.327591986176287,
0.353765997578383,0.380602747055876,0.408086257970056,0.436201656274753,
0.464935049243603,0.4942734220884,0.524204549211599,0.554716917532587,0.585799659854517,
0.617442496641886,0.649635684891216,0.682369973021026,0.715636560899517,
0.749427064281274,0.783733483046726,0.818548172737015,0.853863818957268,
0.889673414287001,0.925970237390496,0.962747834064767,0.968596860837254),
 .UNSPECIFIED.);
#277=B_SPLINE_CURVE_WITH_KNOTS('',3,(#2940,#2941,#2942,#2943,#2944,#2945,
#2946,#2947,#2948,#2949,#2950,#2951,#2952,#2953,#2954,#2955,#2956,#2957,
#2958,#2959,#2960,#2961,#2962,#2963,#2964,#2965,#2966,#2967,#2968,#2969,
#2970,#2971,#2972,#2973,#2974,#2975),.UNSPECIFIED.,.F.,.F.,(4,1,1,1,1,1,
1,1,1,1,1,1,1,1,1,1,1,1,1,1,1,1,1,1,1,1,1,1,1,1,1,1,1,4),(0.0769251295056636,
0.0897294580703794,0.107010202519751,0.125279202981818,0.144485676556023,
0.164585947114285,0.185541927786606,0.207320021720933,0.229890303618282,
0.25322589605712,0.277302484769885,0.302097935434016,0.327591986176287,
0.353765997578383,0.380602747055876,0.408086257970056,0.436201656274753,
0.464935049243603,0.4942734220884,0.524204549211599,0.554716917532587,0.585799659854517,
0.617442496641886,0.649635684891216,0.682369973021026,0.715636560899517,
0.749427064281274,0.783733483046726,0.818548172737015,0.853863818957268,
0.889673414287001,0.925970237390496,0.962747834064767,0.968596860837254),
 .UNSPECIFIED.);
#278=B_SPLINE_CURVE_WITH_KNOTS('',3,(#2979,#2980,#2981,#2982,#2983,#2984,
#2985,#2986,#2987,#2988,#2989,#2990,#2991,#2992,#2993,#2994,#2995,#2996,
#2997,#2998,#2999,#3000,#3001,#3002,#3003,#3004,#3005,#3006,#3007,#3008,
#3009,#3010,#3011,#3012,#3013,#3014),.UNSPECIFIED.,.F.,.F.,(4,1,1,1,1,1,
1,1,1,1,1,1,1,1,1,1,1,1,1,1,1,1,1,1,1,1,1,1,1,1,1,1,1,4),(0.0769251295056616,
0.0897294580703794,0.107010202519751,0.125279202981818,0.144485676556023,
0.164585947114285,0.185541927786606,0.207320021720933,0.229890303618282,
0.25322589605712,0.277302484769885,0.302097935434016,0.327591986176287,
0.353765997578383,0.380602747055876,0.408086257970056,0.436201656274753,
0.464935049243603,0.4942734220884,0.524204549211599,0.554716917532587,0.585799659854517,
0.617442496641886,0.649635684891216,0.682369973021026,0.715636560899517,
0.749427064281274,0.783733483046726,0.818548172737015,0.853863818957268,
0.889673414287001,0.925970237390496,0.962747834064767,0.968596860837254),
 .UNSPECIFIED.);
#279=B_SPLINE_CURVE_WITH_KNOTS('',3,(#3018,#3019,#3020,#3021,#3022,#3023,
#3024,#3025,#3026,#3027,#3028,#3029,#3030,#3031,#3032,#3033,#3034,#3035,
#3036,#3037,#3038,#3039,#3040,#3041,#3042,#3043,#3044,#3045,#3046,#3047,
#3048,#3049,#3050,#3051,#3052,#3053),.UNSPECIFIED.,.F.,.F.,(4,1,1,1,1,1,
1,1,1,1,1,1,1,1,1,1,1,1,1,1,1,1,1,1,1,1,1,1,1,1,1,1,1,4),(0.0769251295056636,
0.0897294580703794,0.107010202519751,0.125279202981818,0.144485676556023,
0.164585947114285,0.185541927786606,0.207320021720933,0.229890303618282,
0.25322589605712,0.277302484769885,0.302097935434016,0.327591986176287,
0.353765997578383,0.380602747055876,0.408086257970056,0.436201656274753,
0.464935049243603,0.4942734220884,0.524204549211599,0.554716917532587,0.585799659854517,
0.617442496641886,0.649635684891216,0.682369973021026,0.715636560899517,
0.749427064281274,0.783733483046726,0.818548172737015,0.853863818957268,
0.889673414287001,0.925970237390496,0.962747834064767,0.968596860837254),
 .UNSPECIFIED.);
#280=B_SPLINE_CURVE_WITH_KNOTS('',3,(#3057,#3058,#3059,#3060,#3061,#3062,
#3063,#3064,#3065,#3066,#3067,#3068,#3069,#3070,#3071,#3072,#3073,#3074,
#3075,#3076,#3077,#3078,#3079,#3080,#3081,#3082,#3083,#3084,#3085,#3086,
#3087,#3088,#3089,#3090,#3091,#3092),.UNSPECIFIED.,.F.,.F.,(4,1,1,1,1,1,
1,1,1,1,1,1,1,1,1,1,1,1,1,1,1,1,1,1,1,1,1,1,1,1,1,1,1,4),(0.0769251295056616,
0.0897294580703794,0.107010202519751,0.125279202981818,0.144485676556023,
0.164585947114285,0.185541927786606,0.207320021720933,0.229890303618282,
0.25322589605712,0.277302484769885,0.302097935434016,0.327591986176287,
0.353765997578383,0.380602747055876,0.408086257970056,0.436201656274753,
0.464935049243603,0.4942734220884,0.524204549211599,0.554716917532587,0.585799659854517,
0.617442496641886,0.649635684891216,0.682369973021026,0.715636560899517,
0.749427064281274,0.783733483046726,0.818548172737015,0.853863818957268,
0.889673414287001,0.925970237390496,0.962747834064767,0.968596860837254),
 .UNSPECIFIED.);
#281=B_SPLINE_CURVE_WITH_KNOTS('',3,(#3096,#3097,#3098,#3099,#3100,#3101,
#3102,#3103,#3104,#3105,#3106,#3107,#3108,#3109,#3110,#3111,#3112,#3113,
#3114,#3115,#3116,#3117,#3118,#3119,#3120,#3121,#3122,#3123,#3124,#3125,
#3126,#3127,#3128,#3129,#3130,#3131),.UNSPECIFIED.,.F.,.F.,(4,1,1,1,1,1,
1,1,1,1,1,1,1,1,1,1,1,1,1,1,1,1,1,1,1,1,1,1,1,1,1,1,1,4),(0.0769251295056636,
0.0897294580703794,0.107010202519751,0.125279202981818,0.144485676556023,
0.164585947114285,0.185541927786606,0.207320021720933,0.229890303618282,
0.25322589605712,0.277302484769885,0.302097935434016,0.327591986176287,
0.353765997578383,0.380602747055876,0.408086257970056,0.436201656274753,
0.464935049243603,0.4942734220884,0.524204549211599,0.554716917532587,0.585799659854517,
0.617442496641886,0.649635684891216,0.682369973021026,0.715636560899517,
0.749427064281274,0.783733483046726,0.818548172737015,0.853863818957268,
0.889673414287001,0.925970237390496,0.962747834064767,0.968596860837254),
 .UNSPECIFIED.);
#282=B_SPLINE_CURVE_WITH_KNOTS('',3,(#3135,#3136,#3137,#3138,#3139,#3140,
#3141,#3142,#3143,#3144,#3145,#3146,#3147,#3148,#3149,#3150,#3151,#3152,
#3153,#3154,#3155,#3156,#3157,#3158,#3159,#3160,#3161,#3162,#3163,#3164,
#3165,#3166,#3167,#3168,#3169,#3170),.UNSPECIFIED.,.F.,.F.,(4,1,1,1,1,1,
1,1,1,1,1,1,1,1,1,1,1,1,1,1,1,1,1,1,1,1,1,1,1,1,1,1,1,4),(0.0769251295056616,
0.0897294580703794,0.107010202519751,0.125279202981818,0.144485676556023,
0.164585947114285,0.185541927786606,0.207320021720933,0.229890303618282,
0.25322589605712,0.277302484769885,0.302097935434016,0.327591986176287,
0.353765997578383,0.380602747055876,0.408086257970056,0.436201656274753,
0.464935049243603,0.4942734220884,0.524204549211599,0.554716917532587,0.585799659854517,
0.617442496641886,0.649635684891216,0.682369973021026,0.715636560899517,
0.749427064281274,0.783733483046726,0.818548172737015,0.853863818957268,
0.889673414287001,0.925970237390496,0.962747834064767,0.968596860837254),
 .UNSPECIFIED.);
#283=B_SPLINE_CURVE_WITH_KNOTS('',3,(#3174,#3175,#3176,#3177,#3178,#3179,
#3180,#3181,#3182,#3183,#3184,#3185,#3186,#3187,#3188,#3189,#3190,#3191,
#3192,#3193,#3194,#3195,#3196,#3197,#3198,#3199,#3200,#3201,#3202,#3203,
#3204,#3205,#3206,#3207,#3208,#3209),.UNSPECIFIED.,.F.,.F.,(4,1,1,1,1,1,
1,1,1,1,1,1,1,1,1,1,1,1,1,1,1,1,1,1,1,1,1,1,1,1,1,1,1,4),(0.0769251295056636,
0.0897294580703794,0.107010202519751,0.125279202981818,0.144485676556023,
0.164585947114285,0.185541927786606,0.207320021720933,0.229890303618282,
0.25322589605712,0.277302484769885,0.302097935434016,0.327591986176287,
0.353765997578383,0.380602747055876,0.408086257970056,0.436201656274753,
0.464935049243603,0.4942734220884,0.524204549211599,0.554716917532587,0.585799659854517,
0.617442496641886,0.649635684891216,0.682369973021026,0.715636560899517,
0.749427064281274,0.783733483046726,0.818548172737015,0.853863818957268,
0.889673414287001,0.925970237390496,0.962747834064767,0.968596860837254),
 .UNSPECIFIED.);
#284=B_SPLINE_CURVE_WITH_KNOTS('',3,(#3213,#3214,#3215,#3216,#3217,#3218,
#3219,#3220,#3221,#3222,#3223,#3224,#3225,#3226,#3227,#3228,#3229,#3230,
#3231,#3232,#3233,#3234,#3235,#3236,#3237,#3238,#3239,#3240,#3241,#3242,
#3243,#3244,#3245,#3246,#3247,#3248),.UNSPECIFIED.,.F.,.F.,(4,1,1,1,1,1,
1,1,1,1,1,1,1,1,1,1,1,1,1,1,1,1,1,1,1,1,1,1,1,1,1,1,1,4),(0.0769251295056616,
0.0897294580703794,0.107010202519751,0.125279202981818,0.144485676556023,
0.164585947114285,0.185541927786606,0.207320021720933,0.229890303618282,
0.25322589605712,0.277302484769885,0.302097935434016,0.327591986176287,
0.353765997578383,0.380602747055876,0.408086257970056,0.436201656274753,
0.464935049243603,0.4942734220884,0.524204549211599,0.554716917532587,0.585799659854517,
0.617442496641886,0.649635684891216,0.682369973021026,0.715636560899517,
0.749427064281274,0.783733483046726,0.818548172737015,0.853863818957268,
0.889673414287001,0.925970237390496,0.962747834064767,0.968596860837254),
 .UNSPECIFIED.);
#285=B_SPLINE_CURVE_WITH_KNOTS('',3,(#3252,#3253,#3254,#3255,#3256,#3257,
#3258,#3259,#3260,#3261,#3262,#3263,#3264,#3265,#3266,#3267,#3268,#3269,
#3270,#3271,#3272,#3273,#3274,#3275,#3276,#3277,#3278,#3279,#3280,#3281,
#3282,#3283,#3284,#3285,#3286,#3287),.UNSPECIFIED.,.F.,.F.,(4,1,1,1,1,1,
1,1,1,1,1,1,1,1,1,1,1,1,1,1,1,1,1,1,1,1,1,1,1,1,1,1,1,4),(0.0769251295056636,
0.0897294580703794,0.107010202519751,0.125279202981818,0.144485676556023,
0.164585947114285,0.185541927786606,0.207320021720933,0.229890303618282,
0.25322589605712,0.277302484769885,0.302097935434016,0.327591986176287,
0.353765997578383,0.380602747055876,0.408086257970056,0.436201656274753,
0.464935049243603,0.4942734220884,0.524204549211599,0.554716917532587,0.585799659854517,
0.617442496641886,0.649635684891216,0.682369973021026,0.715636560899517,
0.749427064281274,0.783733483046726,0.818548172737015,0.853863818957268,
0.889673414287001,0.925970237390496,0.962747834064767,0.968596860837254),
 .UNSPECIFIED.);
#286=B_SPLINE_CURVE_WITH_KNOTS('',3,(#3291,#3292,#3293,#3294,#3295,#3296,
#3297,#3298,#3299,#3300,#3301,#3302,#3303,#3304,#3305,#3306,#3307,#3308,
#3309,#3310,#3311,#3312,#3313,#3314,#3315,#3316,#3317,#3318,#3319,#3320,
#3321,#3322,#3323,#3324,#3325,#3326),.UNSPECIFIED.,.F.,.F.,(4,1,1,1,1,1,
1,1,1,1,1,1,1,1,1,1,1,1,1,1,1,1,1,1,1,1,1,1,1,1,1,1,1,4),(0.0769251295056616,
0.0897294580703794,0.107010202519751,0.125279202981818,0.144485676556023,
0.164585947114285,0.185541927786606,0.207320021720933,0.229890303618282,
0.25322589605712,0.277302484769885,0.302097935434016,0.327591986176287,
0.353765997578383,0.380602747055876,0.408086257970056,0.436201656274753,
0.464935049243603,0.4942734220884,0.524204549211599,0.554716917532587,0.585799659854517,
0.617442496641886,0.649635684891216,0.682369973021026,0.715636560899517,
0.749427064281274,0.783733483046726,0.818548172737015,0.853863818957268,
0.889673414287001,0.925970237390496,0.962747834064767,0.968596860837254),
 .UNSPECIFIED.);
#287=B_SPLINE_CURVE_WITH_KNOTS('',3,(#3330,#3331,#3332,#3333,#3334,#3335,
#3336,#3337,#3338,#3339,#3340,#3341,#3342,#3343,#3344,#3345,#3346,#3347,
#3348,#3349,#3350,#3351,#3352,#3353,#3354,#3355,#3356,#3357,#3358,#3359,
#3360,#3361,#3362,#3363,#3364,#3365),.UNSPECIFIED.,.F.,.F.,(4,1,1,1,1,1,
1,1,1,1,1,1,1,1,1,1,1,1,1,1,1,1,1,1,1,1,1,1,1,1,1,1,1,4),(0.0769251295056636,
0.0897294580703794,0.107010202519751,0.125279202981818,0.144485676556023,
0.164585947114285,0.185541927786606,0.207320021720933,0.229890303618282,
0.25322589605712,0.277302484769885,0.302097935434016,0.327591986176287,
0.353765997578383,0.380602747055876,0.408086257970056,0.436201656274753,
0.464935049243603,0.4942734220884,0.524204549211599,0.554716917532587,0.585799659854517,
0.617442496641886,0.649635684891216,0.682369973021026,0.715636560899517,
0.749427064281274,0.783733483046726,0.818548172737015,0.853863818957268,
0.889673414287001,0.925970237390496,0.962747834064767,0.968596860837254),
 .UNSPECIFIED.);
#288=B_SPLINE_CURVE_WITH_KNOTS('',3,(#3369,#3370,#3371,#3372,#3373,#3374,
#3375,#3376,#3377,#3378,#3379,#3380,#3381,#3382,#3383,#3384,#3385,#3386,
#3387,#3388,#3389,#3390,#3391,#3392,#3393,#3394,#3395,#3396,#3397,#3398,
#3399,#3400,#3401,#3402,#3403,#3404),.UNSPECIFIED.,.F.,.F.,(4,1,1,1,1,1,
1,1,1,1,1,1,1,1,1,1,1,1,1,1,1,1,1,1,1,1,1,1,1,1,1,1,1,4),(0.0769251295056616,
0.0897294580703794,0.107010202519751,0.125279202981818,0.144485676556023,
0.164585947114285,0.185541927786606,0.207320021720933,0.229890303618282,
0.25322589605712,0.277302484769885,0.302097935434016,0.327591986176287,
0.353765997578383,0.380602747055876,0.408086257970056,0.436201656274753,
0.464935049243603,0.4942734220884,0.524204549211599,0.554716917532587,0.585799659854517,
0.617442496641886,0.649635684891216,0.682369973021026,0.715636560899517,
0.749427064281274,0.783733483046726,0.818548172737015,0.853863818957268,
0.889673414287001,0.925970237390496,0.962747834064767,0.968596860837254),
 .UNSPECIFIED.);
#289=B_SPLINE_CURVE_WITH_KNOTS('',3,(#3408,#3409,#3410,#3411,#3412,#3413,
#3414,#3415,#3416,#3417,#3418,#3419,#3420,#3421,#3422,#3423,#3424,#3425,
#3426,#3427,#3428,#3429,#3430,#3431,#3432,#3433,#3434,#3435,#3436,#3437,
#3438,#3439,#3440,#3441,#3442,#3443),.UNSPECIFIED.,.F.,.F.,(4,1,1,1,1,1,
1,1,1,1,1,1,1,1,1,1,1,1,1,1,1,1,1,1,1,1,1,1,1,1,1,1,1,4),(0.0769251295056636,
0.0897294580703794,0.107010202519751,0.125279202981818,0.144485676556023,
0.164585947114285,0.185541927786606,0.207320021720933,0.229890303618282,
0.25322589605712,0.277302484769885,0.302097935434016,0.327591986176287,
0.353765997578383,0.380602747055876,0.408086257970056,0.436201656274753,
0.464935049243603,0.4942734220884,0.524204549211599,0.554716917532587,0.585799659854517,
0.617442496641886,0.649635684891216,0.682369973021026,0.715636560899517,
0.749427064281274,0.783733483046726,0.818548172737015,0.853863818957268,
0.889673414287001,0.925970237390496,0.962747834064767,0.968596860837254),
 .UNSPECIFIED.);
#290=B_SPLINE_CURVE_WITH_KNOTS('',3,(#3447,#3448,#3449,#3450,#3451,#3452,
#3453,#3454,#3455,#3456,#3457,#3458,#3459,#3460,#3461,#3462,#3463,#3464,
#3465,#3466,#3467,#3468,#3469,#3470,#3471,#3472,#3473,#3474,#3475,#3476,
#3477,#3478,#3479,#3480,#3481,#3482),.UNSPECIFIED.,.F.,.F.,(4,1,1,1,1,1,
1,1,1,1,1,1,1,1,1,1,1,1,1,1,1,1,1,1,1,1,1,1,1,1,1,1,1,4),(0.0769251295056616,
0.0897294580703794,0.107010202519751,0.125279202981818,0.144485676556023,
0.164585947114285,0.185541927786606,0.207320021720933,0.229890303618282,
0.25322589605712,0.277302484769885,0.302097935434016,0.327591986176287,
0.353765997578383,0.380602747055876,0.408086257970056,0.436201656274753,
0.464935049243603,0.4942734220884,0.524204549211599,0.554716917532587,0.585799659854517,
0.617442496641886,0.649635684891216,0.682369973021026,0.715636560899517,
0.749427064281274,0.783733483046726,0.818548172737015,0.853863818957268,
0.889673414287001,0.925970237390496,0.962747834064767,0.968596860837254),
 .UNSPECIFIED.);
#291=B_SPLINE_CURVE_WITH_KNOTS('',3,(#3486,#3487,#3488,#3489,#3490,#3491,
#3492,#3493,#3494,#3495,#3496,#3497,#3498,#3499,#3500,#3501,#3502,#3503,
#3504,#3505,#3506,#3507,#3508,#3509,#3510,#3511,#3512,#3513,#3514,#3515,
#3516,#3517,#3518,#3519,#3520,#3521),.UNSPECIFIED.,.F.,.F.,(4,1,1,1,1,1,
1,1,1,1,1,1,1,1,1,1,1,1,1,1,1,1,1,1,1,1,1,1,1,1,1,1,1,4),(0.0769251295056636,
0.0897294580703794,0.107010202519751,0.125279202981818,0.144485676556023,
0.164585947114285,0.185541927786606,0.207320021720933,0.229890303618282,
0.25322589605712,0.277302484769885,0.302097935434016,0.327591986176287,
0.353765997578383,0.380602747055876,0.408086257970056,0.436201656274753,
0.464935049243603,0.4942734220884,0.524204549211599,0.554716917532587,0.585799659854517,
0.617442496641886,0.649635684891216,0.682369973021026,0.715636560899517,
0.749427064281274,0.783733483046726,0.818548172737015,0.853863818957268,
0.889673414287001,0.925970237390496,0.962747834064767,0.968596860837254),
 .UNSPECIFIED.);
#292=B_SPLINE_CURVE_WITH_KNOTS('',3,(#3525,#3526,#3527,#3528,#3529,#3530,
#3531,#3532,#3533,#3534,#3535,#3536,#3537,#3538,#3539,#3540,#3541,#3542,
#3543,#3544,#3545,#3546,#3547,#3548,#3549,#3550,#3551,#3552,#3553,#3554,
#3555,#3556,#3557,#3558,#3559,#3560),.UNSPECIFIED.,.F.,.F.,(4,1,1,1,1,1,
1,1,1,1,1,1,1,1,1,1,1,1,1,1,1,1,1,1,1,1,1,1,1,1,1,1,1,4),(0.0769251295056616,
0.0897294580703794,0.107010202519751,0.125279202981818,0.144485676556023,
0.164585947114285,0.185541927786606,0.207320021720933,0.229890303618282,
0.25322589605712,0.277302484769885,0.302097935434016,0.327591986176287,
0.353765997578383,0.380602747055876,0.408086257970056,0.436201656274753,
0.464935049243603,0.4942734220884,0.524204549211599,0.554716917532587,0.585799659854517,
0.617442496641886,0.649635684891216,0.682369973021026,0.715636560899517,
0.749427064281274,0.783733483046726,0.818548172737015,0.853863818957268,
0.889673414287001,0.925970237390496,0.962747834064767,0.968596860837254),
 .UNSPECIFIED.);
#293=B_SPLINE_CURVE_WITH_KNOTS('',3,(#3564,#3565,#3566,#3567,#3568,#3569,
#3570,#3571,#3572,#3573,#3574,#3575,#3576,#3577,#3578,#3579,#3580,#3581,
#3582,#3583,#3584,#3585,#3586,#3587,#3588,#3589,#3590,#3591,#3592,#3593,
#3594,#3595,#3596,#3597,#3598,#3599),.UNSPECIFIED.,.F.,.F.,(4,1,1,1,1,1,
1,1,1,1,1,1,1,1,1,1,1,1,1,1,1,1,1,1,1,1,1,1,1,1,1,1,1,4),(0.0769251295056636,
0.0897294580703794,0.107010202519751,0.125279202981818,0.144485676556023,
0.164585947114285,0.185541927786606,0.207320021720933,0.229890303618282,
0.25322589605712,0.277302484769885,0.302097935434016,0.327591986176287,
0.353765997578383,0.380602747055876,0.408086257970056,0.436201656274753,
0.464935049243603,0.4942734220884,0.524204549211599,0.554716917532587,0.585799659854517,
0.617442496641886,0.649635684891216,0.682369973021026,0.715636560899517,
0.749427064281274,0.783733483046726,0.818548172737015,0.853863818957268,
0.889673414287001,0.925970237390496,0.962747834064767,0.968596860837254),
 .UNSPECIFIED.);
#294=B_SPLINE_CURVE_WITH_KNOTS('',3,(#3603,#3604,#3605,#3606,#3607,#3608,
#3609,#3610,#3611,#3612,#3613,#3614,#3615,#3616,#3617,#3618,#3619,#3620,
#3621,#3622,#3623,#3624,#3625,#3626,#3627,#3628,#3629,#3630,#3631,#3632,
#3633,#3634,#3635,#3636,#3637,#3638),.UNSPECIFIED.,.F.,.F.,(4,1,1,1,1,1,
1,1,1,1,1,1,1,1,1,1,1,1,1,1,1,1,1,1,1,1,1,1,1,1,1,1,1,4),(0.0769251295056616,
0.0897294580703794,0.107010202519751,0.125279202981818,0.144485676556023,
0.164585947114285,0.185541927786606,0.207320021720933,0.229890303618282,
0.25322589605712,0.277302484769885,0.302097935434016,0.327591986176287,
0.353765997578383,0.380602747055876,0.408086257970056,0.436201656274753,
0.464935049243603,0.4942734220884,0.524204549211599,0.554716917532587,0.585799659854517,
0.617442496641886,0.649635684891216,0.682369973021026,0.715636560899517,
0.749427064281274,0.783733483046726,0.818548172737015,0.853863818957268,
0.889673414287001,0.925970237390496,0.962747834064767,0.968596860837254),
 .UNSPECIFIED.);
#295=B_SPLINE_CURVE_WITH_KNOTS('',3,(#3642,#3643,#3644,#3645,#3646,#3647,
#3648,#3649,#3650,#3651,#3652,#3653,#3654,#3655,#3656,#3657,#3658,#3659,
#3660,#3661,#3662,#3663,#3664,#3665,#3666,#3667,#3668,#3669,#3670,#3671,
#3672,#3673,#3674,#3675,#3676,#3677),.UNSPECIFIED.,.F.,.F.,(4,1,1,1,1,1,
1,1,1,1,1,1,1,1,1,1,1,1,1,1,1,1,1,1,1,1,1,1,1,1,1,1,1,4),(0.0769251295056636,
0.0897294580703794,0.107010202519751,0.125279202981818,0.144485676556023,
0.164585947114285,0.185541927786606,0.207320021720933,0.229890303618282,
0.25322589605712,0.277302484769885,0.302097935434016,0.327591986176287,
0.353765997578383,0.380602747055876,0.408086257970056,0.436201656274753,
0.464935049243603,0.4942734220884,0.524204549211599,0.554716917532587,0.585799659854517,
0.617442496641886,0.649635684891216,0.682369973021026,0.715636560899517,
0.749427064281274,0.783733483046726,0.818548172737015,0.853863818957268,
0.889673414287001,0.925970237390496,0.962747834064767,0.968596860837254),
 .UNSPECIFIED.);
#296=B_SPLINE_CURVE_WITH_KNOTS('',3,(#3681,#3682,#3683,#3684,#3685,#3686,
#3687,#3688,#3689,#3690,#3691,#3692,#3693,#3694,#3695,#3696,#3697,#3698,
#3699,#3700,#3701,#3702,#3703,#3704,#3705,#3706,#3707,#3708,#3709,#3710,
#3711,#3712,#3713,#3714,#3715,#3716),.UNSPECIFIED.,.F.,.F.,(4,1,1,1,1,1,
1,1,1,1,1,1,1,1,1,1,1,1,1,1,1,1,1,1,1,1,1,1,1,1,1,1,1,4),(0.0769251295056616,
0.0897294580703794,0.107010202519751,0.125279202981818,0.144485676556023,
0.164585947114285,0.185541927786606,0.207320021720933,0.229890303618282,
0.25322589605712,0.277302484769885,0.302097935434016,0.327591986176287,
0.353765997578383,0.380602747055876,0.408086257970056,0.436201656274753,
0.464935049243603,0.4942734220884,0.524204549211599,0.554716917532587,0.585799659854517,
0.617442496641886,0.649635684891216,0.682369973021026,0.715636560899517,
0.749427064281274,0.783733483046726,0.818548172737015,0.853863818957268,
0.889673414287001,0.925970237390496,0.962747834064767,0.968596860837254),
 .UNSPECIFIED.);
#297=B_SPLINE_CURVE_WITH_KNOTS('',3,(#3842,#3843,#3844,#3845,#3846,#3847,
#3848,#3849,#3850,#3851,#3852,#3853,#3854,#3855,#3856,#3857,#3858,#3859,
#3860,#3861,#3862,#3863,#3864,#3865,#3866,#3867,#3868,#3869,#3870,#3871,
#3872,#3873,#3874,#3875,#3876,#3877),.UNSPECIFIED.,.F.,.F.,(4,1,1,1,1,1,
1,1,1,1,1,1,1,1,1,1,1,1,1,1,1,1,1,1,1,1,1,1,1,1,1,1,1,4),(0.0769251295056636,
0.0897294580703794,0.107010202519751,0.125279202981818,0.144485676556023,
0.164585947114285,0.185541927786606,0.207320021720933,0.229890303618282,
0.25322589605712,0.277302484769885,0.302097935434016,0.327591986176287,
0.353765997578383,0.380602747055876,0.408086257970056,0.436201656274753,
0.464935049243603,0.4942734220884,0.524204549211599,0.554716917532587,0.585799659854517,
0.617442496641886,0.649635684891216,0.682369973021026,0.715636560899517,
0.749427064281274,0.783733483046726,0.818548172737015,0.853863818957268,
0.889673414287001,0.925970237390496,0.962747834064767,0.968596860837254),
 .UNSPECIFIED.);
#298=B_SPLINE_CURVE_WITH_KNOTS('',3,(#3881,#3882,#3883,#3884,#3885,#3886,
#3887,#3888,#3889,#3890,#3891,#3892,#3893,#3894,#3895,#3896,#3897,#3898,
#3899,#3900,#3901,#3902,#3903,#3904,#3905,#3906,#3907,#3908,#3909,#3910,
#3911,#3912,#3913,#3914,#3915,#3916),.UNSPECIFIED.,.F.,.F.,(4,1,1,1,1,1,
1,1,1,1,1,1,1,1,1,1,1,1,1,1,1,1,1,1,1,1,1,1,1,1,1,1,1,4),(0.0769251295056616,
0.0897294580703794,0.107010202519751,0.125279202981818,0.144485676556023,
0.164585947114285,0.185541927786606,0.207320021720933,0.229890303618282,
0.25322589605712,0.277302484769885,0.302097935434016,0.327591986176287,
0.353765997578383,0.380602747055876,0.408086257970056,0.436201656274753,
0.464935049243603,0.4942734220884,0.524204549211599,0.554716917532587,0.585799659854517,
0.617442496641886,0.649635684891216,0.682369973021026,0.715636560899517,
0.749427064281274,0.783733483046726,0.818548172737015,0.853863818957268,
0.889673414287001,0.925970237390496,0.962747834064767,0.968596860837254),
 .UNSPECIFIED.);
#299=B_SPLINE_CURVE_WITH_KNOTS('',3,(#3917,#3918,#3919,#3920,#3921,#3922,
#3923,#3924,#3925,#3926,#3927,#3928,#3929,#3930,#3931,#3932,#3933,#3934,
#3935,#3936,#3937,#3938,#3939,#3940,#3941,#3942,#3943,#3944,#3945,#3946,
#3947,#3948,#3949,#3950,#3951,#3952),.UNSPECIFIED.,.F.,.F.,(4,1,1,1,1,1,
1,1,1,1,1,1,1,1,1,1,1,1,1,1,1,1,1,1,1,1,1,1,1,1,1,1,1,4),(0.0769251295056636,
0.0897294580703794,0.107010202519751,0.125279202981818,0.144485676556023,
0.164585947114285,0.185541927786606,0.207320021720933,0.229890303618282,
0.25322589605712,0.277302484769885,0.302097935434016,0.327591986176287,
0.353765997578383,0.380602747055876,0.408086257970056,0.436201656274753,
0.464935049243603,0.4942734220884,0.524204549211599,0.554716917532587,0.585799659854517,
0.617442496641886,0.649635684891216,0.682369973021026,0.715636560899517,
0.749427064281274,0.783733483046726,0.818548172737015,0.853863818957268,
0.889673414287001,0.925970237390496,0.962747834064767,0.968596860837254),
 .UNSPECIFIED.);
#300=B_SPLINE_CURVE_WITH_KNOTS('',3,(#3956,#3957,#3958,#3959,#3960,#3961,
#3962,#3963,#3964,#3965,#3966,#3967,#3968,#3969,#3970,#3971,#3972,#3973,
#3974,#3975,#3976,#3977,#3978,#3979,#3980,#3981,#3982,#3983,#3984,#3985,
#3986,#3987,#3988,#3989,#3990,#3991),.UNSPECIFIED.,.F.,.F.,(4,1,1,1,1,1,
1,1,1,1,1,1,1,1,1,1,1,1,1,1,1,1,1,1,1,1,1,1,1,1,1,1,1,4),(0.0769251295056616,
0.0897294580703794,0.107010202519751,0.125279202981818,0.144485676556023,
0.164585947114285,0.185541927786606,0.207320021720933,0.229890303618282,
0.25322589605712,0.277302484769885,0.302097935434016,0.327591986176287,
0.353765997578383,0.380602747055876,0.408086257970056,0.436201656274753,
0.464935049243603,0.4942734220884,0.524204549211599,0.554716917532587,0.585799659854517,
0.617442496641886,0.649635684891216,0.682369973021026,0.715636560899517,
0.749427064281274,0.783733483046726,0.818548172737015,0.853863818957268,
0.889673414287001,0.925970237390496,0.962747834064767,0.968596860837254),
 .UNSPECIFIED.);
#301=B_SPLINE_CURVE_WITH_KNOTS('',3,(#3992,#3993,#3994,#3995,#3996,#3997,
#3998,#3999,#4000,#4001,#4002,#4003,#4004,#4005,#4006,#4007,#4008,#4009,
#4010,#4011,#4012,#4013,#4014,#4015,#4016,#4017,#4018,#4019,#4020,#4021,
#4022,#4023,#4024,#4025,#4026,#4027),.UNSPECIFIED.,.F.,.F.,(4,1,1,1,1,1,
1,1,1,1,1,1,1,1,1,1,1,1,1,1,1,1,1,1,1,1,1,1,1,1,1,1,1,4),(0.0769251295056636,
0.0897294580703794,0.107010202519751,0.125279202981818,0.144485676556023,
0.164585947114285,0.185541927786606,0.207320021720933,0.229890303618282,
0.25322589605712,0.277302484769885,0.302097935434016,0.327591986176287,
0.353765997578383,0.380602747055876,0.408086257970056,0.436201656274753,
0.464935049243603,0.4942734220884,0.524204549211599,0.554716917532587,0.585799659854517,
0.617442496641886,0.649635684891216,0.682369973021026,0.715636560899517,
0.749427064281274,0.783733483046726,0.818548172737015,0.853863818957268,
0.889673414287001,0.925970237390496,0.962747834064767,0.968596860837254),
 .UNSPECIFIED.);
#302=B_SPLINE_CURVE_WITH_KNOTS('',3,(#4031,#4032,#4033,#4034,#4035,#4036,
#4037,#4038,#4039,#4040,#4041,#4042,#4043,#4044,#4045,#4046,#4047,#4048,
#4049,#4050,#4051,#4052,#4053,#4054,#4055,#4056,#4057,#4058,#4059,#4060,
#4061,#4062,#4063,#4064,#4065,#4066),.UNSPECIFIED.,.F.,.F.,(4,1,1,1,1,1,
1,1,1,1,1,1,1,1,1,1,1,1,1,1,1,1,1,1,1,1,1,1,1,1,1,1,1,4),(0.0769251295056616,
0.0897294580703794,0.107010202519751,0.125279202981818,0.144485676556023,
0.164585947114285,0.185541927786606,0.207320021720933,0.229890303618282,
0.25322589605712,0.277302484769885,0.302097935434016,0.327591986176287,
0.353765997578383,0.380602747055876,0.408086257970056,0.436201656274753,
0.464935049243603,0.4942734220884,0.524204549211599,0.554716917532587,0.585799659854517,
0.617442496641886,0.649635684891216,0.682369973021026,0.715636560899517,
0.749427064281274,0.783733483046726,0.818548172737015,0.853863818957268,
0.889673414287001,0.925970237390496,0.962747834064767,0.968596860837254),
 .UNSPECIFIED.);
#303=B_SPLINE_CURVE_WITH_KNOTS('',3,(#4067,#4068,#4069,#4070,#4071,#4072,
#4073,#4074,#4075,#4076,#4077,#4078,#4079,#4080,#4081,#4082,#4083,#4084,
#4085,#4086,#4087,#4088,#4089,#4090,#4091,#4092,#4093,#4094,#4095,#4096,
#4097,#4098,#4099,#4100,#4101,#4102),.UNSPECIFIED.,.F.,.F.,(4,1,1,1,1,1,
1,1,1,1,1,1,1,1,1,1,1,1,1,1,1,1,1,1,1,1,1,1,1,1,1,1,1,4),(0.0769251295056636,
0.0897294580703794,0.107010202519751,0.125279202981818,0.144485676556023,
0.164585947114285,0.185541927786606,0.207320021720933,0.229890303618282,
0.25322589605712,0.277302484769885,0.302097935434016,0.327591986176287,
0.353765997578383,0.380602747055876,0.408086257970056,0.436201656274753,
0.464935049243603,0.4942734220884,0.524204549211599,0.554716917532587,0.585799659854517,
0.617442496641886,0.649635684891216,0.682369973021026,0.715636560899517,
0.749427064281274,0.783733483046726,0.818548172737015,0.853863818957268,
0.889673414287001,0.925970237390496,0.962747834064767,0.968596860837254),
 .UNSPECIFIED.);
#304=B_SPLINE_CURVE_WITH_KNOTS('',3,(#4106,#4107,#4108,#4109,#4110,#4111,
#4112,#4113,#4114,#4115,#4116,#4117,#4118,#4119,#4120,#4121,#4122,#4123,
#4124,#4125,#4126,#4127,#4128,#4129,#4130,#4131,#4132,#4133,#4134,#4135,
#4136,#4137,#4138,#4139,#4140,#4141),.UNSPECIFIED.,.F.,.F.,(4,1,1,1,1,1,
1,1,1,1,1,1,1,1,1,1,1,1,1,1,1,1,1,1,1,1,1,1,1,1,1,1,1,4),(0.0769251295056616,
0.0897294580703794,0.107010202519751,0.125279202981818,0.144485676556023,
0.164585947114285,0.185541927786606,0.207320021720933,0.229890303618282,
0.25322589605712,0.277302484769885,0.302097935434016,0.327591986176287,
0.353765997578383,0.380602747055876,0.408086257970056,0.436201656274753,
0.464935049243603,0.4942734220884,0.524204549211599,0.554716917532587,0.585799659854517,
0.617442496641886,0.649635684891216,0.682369973021026,0.715636560899517,
0.749427064281274,0.783733483046726,0.818548172737015,0.853863818957268,
0.889673414287001,0.925970237390496,0.962747834064767,0.968596860837254),
 .UNSPECIFIED.);
#305=B_SPLINE_CURVE_WITH_KNOTS('',3,(#4142,#4143,#4144,#4145,#4146,#4147,
#4148,#4149,#4150,#4151,#4152,#4153,#4154,#4155,#4156,#4157,#4158,#4159,
#4160,#4161,#4162,#4163,#4164,#4165,#4166,#4167,#4168,#4169,#4170,#4171,
#4172,#4173,#4174,#4175,#4176,#4177),.UNSPECIFIED.,.F.,.F.,(4,1,1,1,1,1,
1,1,1,1,1,1,1,1,1,1,1,1,1,1,1,1,1,1,1,1,1,1,1,1,1,1,1,4),(0.0769251295056636,
0.0897294580703794,0.107010202519751,0.125279202981818,0.144485676556023,
0.164585947114285,0.185541927786606,0.207320021720933,0.229890303618282,
0.25322589605712,0.277302484769885,0.302097935434016,0.327591986176287,
0.353765997578383,0.380602747055876,0.408086257970056,0.436201656274753,
0.464935049243603,0.4942734220884,0.524204549211599,0.554716917532587,0.585799659854517,
0.617442496641886,0.649635684891216,0.682369973021026,0.715636560899517,
0.749427064281274,0.783733483046726,0.818548172737015,0.853863818957268,
0.889673414287001,0.925970237390496,0.962747834064767,0.968596860837254),
 .UNSPECIFIED.);
#306=B_SPLINE_CURVE_WITH_KNOTS('',3,(#4181,#4182,#4183,#4184,#4185,#4186,
#4187,#4188,#4189,#4190,#4191,#4192,#4193,#4194,#4195,#4196,#4197,#4198,
#4199,#4200,#4201,#4202,#4203,#4204,#4205,#4206,#4207,#4208,#4209,#4210,
#4211,#4212,#4213,#4214,#4215,#4216),.UNSPECIFIED.,.F.,.F.,(4,1,1,1,1,1,
1,1,1,1,1,1,1,1,1,1,1,1,1,1,1,1,1,1,1,1,1,1,1,1,1,1,1,4),(0.0769251295056616,
0.0897294580703794,0.107010202519751,0.125279202981818,0.144485676556023,
0.164585947114285,0.185541927786606,0.207320021720933,0.229890303618282,
0.25322589605712,0.277302484769885,0.302097935434016,0.327591986176287,
0.353765997578383,0.380602747055876,0.408086257970056,0.436201656274753,
0.464935049243603,0.4942734220884,0.524204549211599,0.554716917532587,0.585799659854517,
0.617442496641886,0.649635684891216,0.682369973021026,0.715636560899517,
0.749427064281274,0.783733483046726,0.818548172737015,0.853863818957268,
0.889673414287001,0.925970237390496,0.962747834064767,0.968596860837254),
 .UNSPECIFIED.);
#307=B_SPLINE_CURVE_WITH_KNOTS('',3,(#4217,#4218,#4219,#4220,#4221,#4222,
#4223,#4224,#4225,#4226,#4227,#4228,#4229,#4230,#4231,#4232,#4233,#4234,
#4235,#4236,#4237,#4238,#4239,#4240,#4241,#4242,#4243,#4244,#4245,#4246,
#4247,#4248,#4249,#4250,#4251,#4252),.UNSPECIFIED.,.F.,.F.,(4,1,1,1,1,1,
1,1,1,1,1,1,1,1,1,1,1,1,1,1,1,1,1,1,1,1,1,1,1,1,1,1,1,4),(0.0769251295056636,
0.0897294580703794,0.107010202519751,0.125279202981818,0.144485676556023,
0.164585947114285,0.185541927786606,0.207320021720933,0.229890303618282,
0.25322589605712,0.277302484769885,0.302097935434016,0.327591986176287,
0.353765997578383,0.380602747055876,0.408086257970056,0.436201656274753,
0.464935049243603,0.4942734220884,0.524204549211599,0.554716917532587,0.585799659854517,
0.617442496641886,0.649635684891216,0.682369973021026,0.715636560899517,
0.749427064281274,0.783733483046726,0.818548172737015,0.853863818957268,
0.889673414287001,0.925970237390496,0.962747834064767,0.968596860837254),
 .UNSPECIFIED.);
#308=B_SPLINE_CURVE_WITH_KNOTS('',3,(#4256,#4257,#4258,#4259,#4260,#4261,
#4262,#4263,#4264,#4265,#4266,#4267,#4268,#4269,#4270,#4271,#4272,#4273,
#4274,#4275,#4276,#4277,#4278,#4279,#4280,#4281,#4282,#4283,#4284,#4285,
#4286,#4287,#4288,#4289,#4290,#4291),.UNSPECIFIED.,.F.,.F.,(4,1,1,1,1,1,
1,1,1,1,1,1,1,1,1,1,1,1,1,1,1,1,1,1,1,1,1,1,1,1,1,1,1,4),(0.0769251295056616,
0.0897294580703794,0.107010202519751,0.125279202981818,0.144485676556023,
0.164585947114285,0.185541927786606,0.207320021720933,0.229890303618282,
0.25322589605712,0.277302484769885,0.302097935434016,0.327591986176287,
0.353765997578383,0.380602747055876,0.408086257970056,0.436201656274753,
0.464935049243603,0.4942734220884,0.524204549211599,0.554716917532587,0.585799659854517,
0.617442496641886,0.649635684891216,0.682369973021026,0.715636560899517,
0.749427064281274,0.783733483046726,0.818548172737015,0.853863818957268,
0.889673414287001,0.925970237390496,0.962747834064767,0.968596860837254),
 .UNSPECIFIED.);
#309=B_SPLINE_CURVE_WITH_KNOTS('',3,(#4292,#4293,#4294,#4295,#4296,#4297,
#4298,#4299,#4300,#4301,#4302,#4303,#4304,#4305,#4306,#4307,#4308,#4309,
#4310,#4311,#4312,#4313,#4314,#4315,#4316,#4317,#4318,#4319,#4320,#4321,
#4322,#4323,#4324,#4325,#4326,#4327),.UNSPECIFIED.,.F.,.F.,(4,1,1,1,1,1,
1,1,1,1,1,1,1,1,1,1,1,1,1,1,1,1,1,1,1,1,1,1,1,1,1,1,1,4),(0.0769251295056636,
0.0897294580703794,0.107010202519751,0.125279202981818,0.144485676556023,
0.164585947114285,0.185541927786606,0.207320021720933,0.229890303618282,
0.25322589605712,0.277302484769885,0.302097935434016,0.327591986176287,
0.353765997578383,0.380602747055876,0.408086257970056,0.436201656274753,
0.464935049243603,0.4942734220884,0.524204549211599,0.554716917532587,0.585799659854517,
0.617442496641886,0.649635684891216,0.682369973021026,0.715636560899517,
0.749427064281274,0.783733483046726,0.818548172737015,0.853863818957268,
0.889673414287001,0.925970237390496,0.962747834064767,0.968596860837254),
 .UNSPECIFIED.);
#310=B_SPLINE_CURVE_WITH_KNOTS('',3,(#4331,#4332,#4333,#4334,#4335,#4336,
#4337,#4338,#4339,#4340,#4341,#4342,#4343,#4344,#4345,#4346,#4347,#4348,
#4349,#4350,#4351,#4352,#4353,#4354,#4355,#4356,#4357,#4358,#4359,#4360,
#4361,#4362,#4363,#4364,#4365,#4366),.UNSPECIFIED.,.F.,.F.,(4,1,1,1,1,1,
1,1,1,1,1,1,1,1,1,1,1,1,1,1,1,1,1,1,1,1,1,1,1,1,1,1,1,4),(0.0769251295056616,
0.0897294580703794,0.107010202519751,0.125279202981818,0.144485676556023,
0.164585947114285,0.185541927786606,0.207320021720933,0.229890303618282,
0.25322589605712,0.277302484769885,0.302097935434016,0.327591986176287,
0.353765997578383,0.380602747055876,0.408086257970056,0.436201656274753,
0.464935049243603,0.4942734220884,0.524204549211599,0.554716917532587,0.585799659854517,
0.617442496641886,0.649635684891216,0.682369973021026,0.715636560899517,
0.749427064281274,0.783733483046726,0.818548172737015,0.853863818957268,
0.889673414287001,0.925970237390496,0.962747834064767,0.968596860837254),
 .UNSPECIFIED.);
#311=B_SPLINE_CURVE_WITH_KNOTS('',3,(#4367,#4368,#4369,#4370,#4371,#4372,
#4373,#4374,#4375,#4376,#4377,#4378,#4379,#4380,#4381,#4382,#4383,#4384,
#4385,#4386,#4387,#4388,#4389,#4390,#4391,#4392,#4393,#4394,#4395,#4396,
#4397,#4398,#4399,#4400,#4401,#4402),.UNSPECIFIED.,.F.,.F.,(4,1,1,1,1,1,
1,1,1,1,1,1,1,1,1,1,1,1,1,1,1,1,1,1,1,1,1,1,1,1,1,1,1,4),(0.0769251295056636,
0.0897294580703794,0.107010202519751,0.125279202981818,0.144485676556023,
0.164585947114285,0.185541927786606,0.207320021720933,0.229890303618282,
0.25322589605712,0.277302484769885,0.302097935434016,0.327591986176287,
0.353765997578383,0.380602747055876,0.408086257970056,0.436201656274753,
0.464935049243603,0.4942734220884,0.524204549211599,0.554716917532587,0.585799659854517,
0.617442496641886,0.649635684891216,0.682369973021026,0.715636560899517,
0.749427064281274,0.783733483046726,0.818548172737015,0.853863818957268,
0.889673414287001,0.925970237390496,0.962747834064767,0.968596860837254),
 .UNSPECIFIED.);
#312=B_SPLINE_CURVE_WITH_KNOTS('',3,(#4406,#4407,#4408,#4409,#4410,#4411,
#4412,#4413,#4414,#4415,#4416,#4417,#4418,#4419,#4420,#4421,#4422,#4423,
#4424,#4425,#4426,#4427,#4428,#4429,#4430,#4431,#4432,#4433,#4434,#4435,
#4436,#4437,#4438,#4439,#4440,#4441),.UNSPECIFIED.,.F.,.F.,(4,1,1,1,1,1,
1,1,1,1,1,1,1,1,1,1,1,1,1,1,1,1,1,1,1,1,1,1,1,1,1,1,1,4),(0.0769251295056616,
0.0897294580703794,0.107010202519751,0.125279202981818,0.144485676556023,
0.164585947114285,0.185541927786606,0.207320021720933,0.229890303618282,
0.25322589605712,0.277302484769885,0.302097935434016,0.327591986176287,
0.353765997578383,0.380602747055876,0.408086257970056,0.436201656274753,
0.464935049243603,0.4942734220884,0.524204549211599,0.554716917532587,0.585799659854517,
0.617442496641886,0.649635684891216,0.682369973021026,0.715636560899517,
0.749427064281274,0.783733483046726,0.818548172737015,0.853863818957268,
0.889673414287001,0.925970237390496,0.962747834064767,0.968596860837254),
 .UNSPECIFIED.);
#313=B_SPLINE_CURVE_WITH_KNOTS('',3,(#4442,#4443,#4444,#4445,#4446,#4447,
#4448,#4449,#4450,#4451,#4452,#4453,#4454,#4455,#4456,#4457,#4458,#4459,
#4460,#4461,#4462,#4463,#4464,#4465,#4466,#4467,#4468,#4469,#4470,#4471,
#4472,#4473,#4474,#4475,#4476,#4477),.UNSPECIFIED.,.F.,.F.,(4,1,1,1,1,1,
1,1,1,1,1,1,1,1,1,1,1,1,1,1,1,1,1,1,1,1,1,1,1,1,1,1,1,4),(0.0769251295056636,
0.0897294580703794,0.107010202519751,0.125279202981818,0.144485676556023,
0.164585947114285,0.185541927786606,0.207320021720933,0.229890303618282,
0.25322589605712,0.277302484769885,0.302097935434016,0.327591986176287,
0.353765997578383,0.380602747055876,0.408086257970056,0.436201656274753,
0.464935049243603,0.4942734220884,0.524204549211599,0.554716917532587,0.585799659854517,
0.617442496641886,0.649635684891216,0.682369973021026,0.715636560899517,
0.749427064281274,0.783733483046726,0.818548172737015,0.853863818957268,
0.889673414287001,0.925970237390496,0.962747834064767,0.968596860837254),
 .UNSPECIFIED.);
#314=B_SPLINE_CURVE_WITH_KNOTS('',3,(#4481,#4482,#4483,#4484,#4485,#4486,
#4487,#4488,#4489,#4490,#4491,#4492,#4493,#4494,#4495,#4496,#4497,#4498,
#4499,#4500,#4501,#4502,#4503,#4504,#4505,#4506,#4507,#4508,#4509,#4510,
#4511,#4512,#4513,#4514,#4515,#4516),.UNSPECIFIED.,.F.,.F.,(4,1,1,1,1,1,
1,1,1,1,1,1,1,1,1,1,1,1,1,1,1,1,1,1,1,1,1,1,1,1,1,1,1,4),(0.0769251295056616,
0.0897294580703794,0.107010202519751,0.125279202981818,0.144485676556023,
0.164585947114285,0.185541927786606,0.207320021720933,0.229890303618282,
0.25322589605712,0.277302484769885,0.302097935434016,0.327591986176287,
0.353765997578383,0.380602747055876,0.408086257970056,0.436201656274753,
0.464935049243603,0.4942734220884,0.524204549211599,0.554716917532587,0.585799659854517,
0.617442496641886,0.649635684891216,0.682369973021026,0.715636560899517,
0.749427064281274,0.783733483046726,0.818548172737015,0.853863818957268,
0.889673414287001,0.925970237390496,0.962747834064767,0.968596860837254),
 .UNSPECIFIED.);
#315=B_SPLINE_CURVE_WITH_KNOTS('',3,(#4517,#4518,#4519,#4520,#4521,#4522,
#4523,#4524,#4525,#4526,#4527,#4528,#4529,#4530,#4531,#4532,#4533,#4534,
#4535,#4536,#4537,#4538,#4539,#4540,#4541,#4542,#4543,#4544,#4545,#4546,
#4547,#4548,#4549,#4550,#4551,#4552),.UNSPECIFIED.,.F.,.F.,(4,1,1,1,1,1,
1,1,1,1,1,1,1,1,1,1,1,1,1,1,1,1,1,1,1,1,1,1,1,1,1,1,1,4),(0.0769251295056636,
0.0897294580703794,0.107010202519751,0.125279202981818,0.144485676556023,
0.164585947114285,0.185541927786606,0.207320021720933,0.229890303618282,
0.25322589605712,0.277302484769885,0.302097935434016,0.327591986176287,
0.353765997578383,0.380602747055876,0.408086257970056,0.436201656274753,
0.464935049243603,0.4942734220884,0.524204549211599,0.554716917532587,0.585799659854517,
0.617442496641886,0.649635684891216,0.682369973021026,0.715636560899517,
0.749427064281274,0.783733483046726,0.818548172737015,0.853863818957268,
0.889673414287001,0.925970237390496,0.962747834064767,0.968596860837254),
 .UNSPECIFIED.);
#316=B_SPLINE_CURVE_WITH_KNOTS('',3,(#4556,#4557,#4558,#4559,#4560,#4561,
#4562,#4563,#4564,#4565,#4566,#4567,#4568,#4569,#4570,#4571,#4572,#4573,
#4574,#4575,#4576,#4577,#4578,#4579,#4580,#4581,#4582,#4583,#4584,#4585,
#4586,#4587,#4588,#4589,#4590,#4591),.UNSPECIFIED.,.F.,.F.,(4,1,1,1,1,1,
1,1,1,1,1,1,1,1,1,1,1,1,1,1,1,1,1,1,1,1,1,1,1,1,1,1,1,4),(0.0769251295056616,
0.0897294580703794,0.107010202519751,0.125279202981818,0.144485676556023,
0.164585947114285,0.185541927786606,0.207320021720933,0.229890303618282,
0.25322589605712,0.277302484769885,0.302097935434016,0.327591986176287,
0.353765997578383,0.380602747055876,0.408086257970056,0.436201656274753,
0.464935049243603,0.4942734220884,0.524204549211599,0.554716917532587,0.585799659854517,
0.617442496641886,0.649635684891216,0.682369973021026,0.715636560899517,
0.749427064281274,0.783733483046726,0.818548172737015,0.853863818957268,
0.889673414287001,0.925970237390496,0.962747834064767,0.968596860837254),
 .UNSPECIFIED.);
#317=B_SPLINE_CURVE_WITH_KNOTS('',3,(#4592,#4593,#4594,#4595,#4596,#4597,
#4598,#4599,#4600,#4601,#4602,#4603,#4604,#4605,#4606,#4607,#4608,#4609,
#4610,#4611,#4612,#4613,#4614,#4615,#4616,#4617,#4618,#4619,#4620,#4621,
#4622,#4623,#4624,#4625,#4626,#4627),.UNSPECIFIED.,.F.,.F.,(4,1,1,1,1,1,
1,1,1,1,1,1,1,1,1,1,1,1,1,1,1,1,1,1,1,1,1,1,1,1,1,1,1,4),(0.0769251295056636,
0.0897294580703794,0.107010202519751,0.125279202981818,0.144485676556023,
0.164585947114285,0.185541927786606,0.207320021720933,0.229890303618282,
0.25322589605712,0.277302484769885,0.302097935434016,0.327591986176287,
0.353765997578383,0.380602747055876,0.408086257970056,0.436201656274753,
0.464935049243603,0.4942734220884,0.524204549211599,0.554716917532587,0.585799659854517,
0.617442496641886,0.649635684891216,0.682369973021026,0.715636560899517,
0.749427064281274,0.783733483046726,0.818548172737015,0.853863818957268,
0.889673414287001,0.925970237390496,0.962747834064767,0.968596860837254),
 .UNSPECIFIED.);
#318=B_SPLINE_CURVE_WITH_KNOTS('',3,(#4631,#4632,#4633,#4634,#4635,#4636,
#4637,#4638,#4639,#4640,#4641,#4642,#4643,#4644,#4645,#4646,#4647,#4648,
#4649,#4650,#4651,#4652,#4653,#4654,#4655,#4656,#4657,#4658,#4659,#4660,
#4661,#4662,#4663,#4664,#4665,#4666),.UNSPECIFIED.,.F.,.F.,(4,1,1,1,1,1,
1,1,1,1,1,1,1,1,1,1,1,1,1,1,1,1,1,1,1,1,1,1,1,1,1,1,1,4),(0.0769251295056616,
0.0897294580703794,0.107010202519751,0.125279202981818,0.144485676556023,
0.164585947114285,0.185541927786606,0.207320021720933,0.229890303618282,
0.25322589605712,0.277302484769885,0.302097935434016,0.327591986176287,
0.353765997578383,0.380602747055876,0.408086257970056,0.436201656274753,
0.464935049243603,0.4942734220884,0.524204549211599,0.554716917532587,0.585799659854517,
0.617442496641886,0.649635684891216,0.682369973021026,0.715636560899517,
0.749427064281274,0.783733483046726,0.818548172737015,0.853863818957268,
0.889673414287001,0.925970237390496,0.962747834064767,0.968596860837254),
 .UNSPECIFIED.);
#319=B_SPLINE_CURVE_WITH_KNOTS('',3,(#4667,#4668,#4669,#4670,#4671,#4672,
#4673,#4674,#4675,#4676,#4677,#4678,#4679,#4680,#4681,#4682,#4683,#4684,
#4685,#4686,#4687,#4688,#4689,#4690,#4691,#4692,#4693,#4694,#4695,#4696,
#4697,#4698,#4699,#4700,#4701,#4702),.UNSPECIFIED.,.F.,.F.,(4,1,1,1,1,1,
1,1,1,1,1,1,1,1,1,1,1,1,1,1,1,1,1,1,1,1,1,1,1,1,1,1,1,4),(0.0769251295056636,
0.0897294580703794,0.107010202519751,0.125279202981818,0.144485676556023,
0.164585947114285,0.185541927786606,0.207320021720933,0.229890303618282,
0.25322589605712,0.277302484769885,0.302097935434016,0.327591986176287,
0.353765997578383,0.380602747055876,0.408086257970056,0.436201656274753,
0.464935049243603,0.4942734220884,0.524204549211599,0.554716917532587,0.585799659854517,
0.617442496641886,0.649635684891216,0.682369973021026,0.715636560899517,
0.749427064281274,0.783733483046726,0.818548172737015,0.853863818957268,
0.889673414287001,0.925970237390496,0.962747834064767,0.968596860837254),
 .UNSPECIFIED.);
#320=B_SPLINE_CURVE_WITH_KNOTS('',3,(#4706,#4707,#4708,#4709,#4710,#4711,
#4712,#4713,#4714,#4715,#4716,#4717,#4718,#4719,#4720,#4721,#4722,#4723,
#4724,#4725,#4726,#4727,#4728,#4729,#4730,#4731,#4732,#4733,#4734,#4735,
#4736,#4737,#4738,#4739,#4740,#4741),.UNSPECIFIED.,.F.,.F.,(4,1,1,1,1,1,
1,1,1,1,1,1,1,1,1,1,1,1,1,1,1,1,1,1,1,1,1,1,1,1,1,1,1,4),(0.0769251295056616,
0.0897294580703794,0.107010202519751,0.125279202981818,0.144485676556023,
0.164585947114285,0.185541927786606,0.207320021720933,0.229890303618282,
0.25322589605712,0.277302484769885,0.302097935434016,0.327591986176287,
0.353765997578383,0.380602747055876,0.408086257970056,0.436201656274753,
0.464935049243603,0.4942734220884,0.524204549211599,0.554716917532587,0.585799659854517,
0.617442496641886,0.649635684891216,0.682369973021026,0.715636560899517,
0.749427064281274,0.783733483046726,0.818548172737015,0.853863818957268,
0.889673414287001,0.925970237390496,0.962747834064767,0.968596860837254),
 .UNSPECIFIED.);
#321=B_SPLINE_CURVE_WITH_KNOTS('',3,(#4742,#4743,#4744,#4745,#4746,#4747,
#4748,#4749,#4750,#4751,#4752,#4753,#4754,#4755,#4756,#4757,#4758,#4759,
#4760,#4761,#4762,#4763,#4764,#4765,#4766,#4767,#4768,#4769,#4770,#4771,
#4772,#4773,#4774,#4775,#4776,#4777),.UNSPECIFIED.,.F.,.F.,(4,1,1,1,1,1,
1,1,1,1,1,1,1,1,1,1,1,1,1,1,1,1,1,1,1,1,1,1,1,1,1,1,1,4),(0.0769251295056636,
0.0897294580703794,0.107010202519751,0.125279202981818,0.144485676556023,
0.164585947114285,0.185541927786606,0.207320021720933,0.229890303618282,
0.25322589605712,0.277302484769885,0.302097935434016,0.327591986176287,
0.353765997578383,0.380602747055876,0.408086257970056,0.436201656274753,
0.464935049243603,0.4942734220884,0.524204549211599,0.554716917532587,0.585799659854517,
0.617442496641886,0.649635684891216,0.682369973021026,0.715636560899517,
0.749427064281274,0.783733483046726,0.818548172737015,0.853863818957268,
0.889673414287001,0.925970237390496,0.962747834064767,0.968596860837254),
 .UNSPECIFIED.);
#322=B_SPLINE_CURVE_WITH_KNOTS('',3,(#4781,#4782,#4783,#4784,#4785,#4786,
#4787,#4788,#4789,#4790,#4791,#4792,#4793,#4794,#4795,#4796,#4797,#4798,
#4799,#4800,#4801,#4802,#4803,#4804,#4805,#4806,#4807,#4808,#4809,#4810,
#4811,#4812,#4813,#4814,#4815,#4816),.UNSPECIFIED.,.F.,.F.,(4,1,1,1,1,1,
1,1,1,1,1,1,1,1,1,1,1,1,1,1,1,1,1,1,1,1,1,1,1,1,1,1,1,4),(0.0769251295056616,
0.0897294580703794,0.107010202519751,0.125279202981818,0.144485676556023,
0.164585947114285,0.185541927786606,0.207320021720933,0.229890303618282,
0.25322589605712,0.277302484769885,0.302097935434016,0.327591986176287,
0.353765997578383,0.380602747055876,0.408086257970056,0.436201656274753,
0.464935049243603,0.4942734220884,0.524204549211599,0.554716917532587,0.585799659854517,
0.617442496641886,0.649635684891216,0.682369973021026,0.715636560899517,
0.749427064281274,0.783733483046726,0.818548172737015,0.853863818957268,
0.889673414287001,0.925970237390496,0.962747834064767,0.968596860837254),
 .UNSPECIFIED.);
#323=B_SPLINE_CURVE_WITH_KNOTS('',3,(#4817,#4818,#4819,#4820,#4821,#4822,
#4823,#4824,#4825,#4826,#4827,#4828,#4829,#4830,#4831,#4832,#4833,#4834,
#4835,#4836,#4837,#4838,#4839,#4840,#4841,#4842,#4843,#4844,#4845,#4846,
#4847,#4848,#4849,#4850,#4851,#4852),.UNSPECIFIED.,.F.,.F.,(4,1,1,1,1,1,
1,1,1,1,1,1,1,1,1,1,1,1,1,1,1,1,1,1,1,1,1,1,1,1,1,1,1,4),(0.0769251295056636,
0.0897294580703794,0.107010202519751,0.125279202981818,0.144485676556023,
0.164585947114285,0.185541927786606,0.207320021720933,0.229890303618282,
0.25322589605712,0.277302484769885,0.302097935434016,0.327591986176287,
0.353765997578383,0.380602747055876,0.408086257970056,0.436201656274753,
0.464935049243603,0.4942734220884,0.524204549211599,0.554716917532587,0.585799659854517,
0.617442496641886,0.649635684891216,0.682369973021026,0.715636560899517,
0.749427064281274,0.783733483046726,0.818548172737015,0.853863818957268,
0.889673414287001,0.925970237390496,0.962747834064767,0.968596860837254),
 .UNSPECIFIED.);
#324=B_SPLINE_CURVE_WITH_KNOTS('',3,(#4856,#4857,#4858,#4859,#4860,#4861,
#4862,#4863,#4864,#4865,#4866,#4867,#4868,#4869,#4870,#4871,#4872,#4873,
#4874,#4875,#4876,#4877,#4878,#4879,#4880,#4881,#4882,#4883,#4884,#4885,
#4886,#4887,#4888,#4889,#4890,#4891),.UNSPECIFIED.,.F.,.F.,(4,1,1,1,1,1,
1,1,1,1,1,1,1,1,1,1,1,1,1,1,1,1,1,1,1,1,1,1,1,1,1,1,1,4),(0.0769251295056616,
0.0897294580703794,0.107010202519751,0.125279202981818,0.144485676556023,
0.164585947114285,0.185541927786606,0.207320021720933,0.229890303618282,
0.25322589605712,0.277302484769885,0.302097935434016,0.327591986176287,
0.353765997578383,0.380602747055876,0.408086257970056,0.436201656274753,
0.464935049243603,0.4942734220884,0.524204549211599,0.554716917532587,0.585799659854517,
0.617442496641886,0.649635684891216,0.682369973021026,0.715636560899517,
0.749427064281274,0.783733483046726,0.818548172737015,0.853863818957268,
0.889673414287001,0.925970237390496,0.962747834064767,0.968596860837254),
 .UNSPECIFIED.);
#325=B_SPLINE_CURVE_WITH_KNOTS('',3,(#4892,#4893,#4894,#4895,#4896,#4897,
#4898,#4899,#4900,#4901,#4902,#4903,#4904,#4905,#4906,#4907,#4908,#4909,
#4910,#4911,#4912,#4913,#4914,#4915,#4916,#4917,#4918,#4919,#4920,#4921,
#4922,#4923,#4924,#4925,#4926,#4927),.UNSPECIFIED.,.F.,.F.,(4,1,1,1,1,1,
1,1,1,1,1,1,1,1,1,1,1,1,1,1,1,1,1,1,1,1,1,1,1,1,1,1,1,4),(0.0769251295056636,
0.0897294580703794,0.107010202519751,0.125279202981818,0.144485676556023,
0.164585947114285,0.185541927786606,0.207320021720933,0.229890303618282,
0.25322589605712,0.277302484769885,0.302097935434016,0.327591986176287,
0.353765997578383,0.380602747055876,0.408086257970056,0.436201656274753,
0.464935049243603,0.4942734220884,0.524204549211599,0.554716917532587,0.585799659854517,
0.617442496641886,0.649635684891216,0.682369973021026,0.715636560899517,
0.749427064281274,0.783733483046726,0.818548172737015,0.853863818957268,
0.889673414287001,0.925970237390496,0.962747834064767,0.968596860837254),
 .UNSPECIFIED.);
#326=B_SPLINE_CURVE_WITH_KNOTS('',3,(#4931,#4932,#4933,#4934,#4935,#4936,
#4937,#4938,#4939,#4940,#4941,#4942,#4943,#4944,#4945,#4946,#4947,#4948,
#4949,#4950,#4951,#4952,#4953,#4954,#4955,#4956,#4957,#4958,#4959,#4960,
#4961,#4962,#4963,#4964,#4965,#4966),.UNSPECIFIED.,.F.,.F.,(4,1,1,1,1,1,
1,1,1,1,1,1,1,1,1,1,1,1,1,1,1,1,1,1,1,1,1,1,1,1,1,1,1,4),(0.0769251295056616,
0.0897294580703794,0.107010202519751,0.125279202981818,0.144485676556023,
0.164585947114285,0.185541927786606,0.207320021720933,0.229890303618282,
0.25322589605712,0.277302484769885,0.302097935434016,0.327591986176287,
0.353765997578383,0.380602747055876,0.408086257970056,0.436201656274753,
0.464935049243603,0.4942734220884,0.524204549211599,0.554716917532587,0.585799659854517,
0.617442496641886,0.649635684891216,0.682369973021026,0.715636560899517,
0.749427064281274,0.783733483046726,0.818548172737015,0.853863818957268,
0.889673414287001,0.925970237390496,0.962747834064767,0.968596860837254),
 .UNSPECIFIED.);
#327=B_SPLINE_CURVE_WITH_KNOTS('',3,(#4967,#4968,#4969,#4970,#4971,#4972,
#4973,#4974,#4975,#4976,#4977,#4978,#4979,#4980,#4981,#4982,#4983,#4984,
#4985,#4986,#4987,#4988,#4989,#4990,#4991,#4992,#4993,#4994,#4995,#4996,
#4997,#4998,#4999,#5000,#5001,#5002),.UNSPECIFIED.,.F.,.F.,(4,1,1,1,1,1,
1,1,1,1,1,1,1,1,1,1,1,1,1,1,1,1,1,1,1,1,1,1,1,1,1,1,1,4),(0.0769251295056636,
0.0897294580703794,0.107010202519751,0.125279202981818,0.144485676556023,
0.164585947114285,0.185541927786606,0.207320021720933,0.229890303618282,
0.25322589605712,0.277302484769885,0.302097935434016,0.327591986176287,
0.353765997578383,0.380602747055876,0.408086257970056,0.436201656274753,
0.464935049243603,0.4942734220884,0.524204549211599,0.554716917532587,0.585799659854517,
0.617442496641886,0.649635684891216,0.682369973021026,0.715636560899517,
0.749427064281274,0.783733483046726,0.818548172737015,0.853863818957268,
0.889673414287001,0.925970237390496,0.962747834064767,0.968596860837254),
 .UNSPECIFIED.);
#328=B_SPLINE_CURVE_WITH_KNOTS('',3,(#5006,#5007,#5008,#5009,#5010,#5011,
#5012,#5013,#5014,#5015,#5016,#5017,#5018,#5019,#5020,#5021,#5022,#5023,
#5024,#5025,#5026,#5027,#5028,#5029,#5030,#5031,#5032,#5033,#5034,#5035,
#5036,#5037,#5038,#5039,#5040,#5041),.UNSPECIFIED.,.F.,.F.,(4,1,1,1,1,1,
1,1,1,1,1,1,1,1,1,1,1,1,1,1,1,1,1,1,1,1,1,1,1,1,1,1,1,4),(0.0769251295056616,
0.0897294580703794,0.107010202519751,0.125279202981818,0.144485676556023,
0.164585947114285,0.185541927786606,0.207320021720933,0.229890303618282,
0.25322589605712,0.277302484769885,0.302097935434016,0.327591986176287,
0.353765997578383,0.380602747055876,0.408086257970056,0.436201656274753,
0.464935049243603,0.4942734220884,0.524204549211599,0.554716917532587,0.585799659854517,
0.617442496641886,0.649635684891216,0.682369973021026,0.715636560899517,
0.749427064281274,0.783733483046726,0.818548172737015,0.853863818957268,
0.889673414287001,0.925970237390496,0.962747834064767,0.968596860837254),
 .UNSPECIFIED.);
#329=B_SPLINE_CURVE_WITH_KNOTS('',3,(#5042,#5043,#5044,#5045,#5046,#5047,
#5048,#5049,#5050,#5051,#5052,#5053,#5054,#5055,#5056,#5057,#5058,#5059,
#5060,#5061,#5062,#5063,#5064,#5065,#5066,#5067,#5068,#5069,#5070,#5071,
#5072,#5073,#5074,#5075,#5076,#5077),.UNSPECIFIED.,.F.,.F.,(4,1,1,1,1,1,
1,1,1,1,1,1,1,1,1,1,1,1,1,1,1,1,1,1,1,1,1,1,1,1,1,1,1,4),(0.0769251295056636,
0.0897294580703794,0.107010202519751,0.125279202981818,0.144485676556023,
0.164585947114285,0.185541927786606,0.207320021720933,0.229890303618282,
0.25322589605712,0.277302484769885,0.302097935434016,0.327591986176287,
0.353765997578383,0.380602747055876,0.408086257970056,0.436201656274753,
0.464935049243603,0.4942734220884,0.524204549211599,0.554716917532587,0.585799659854517,
0.617442496641886,0.649635684891216,0.682369973021026,0.715636560899517,
0.749427064281274,0.783733483046726,0.818548172737015,0.853863818957268,
0.889673414287001,0.925970237390496,0.962747834064767,0.968596860837254),
 .UNSPECIFIED.);
#330=B_SPLINE_CURVE_WITH_KNOTS('',3,(#5081,#5082,#5083,#5084,#5085,#5086,
#5087,#5088,#5089,#5090,#5091,#5092,#5093,#5094,#5095,#5096,#5097,#5098,
#5099,#5100,#5101,#5102,#5103,#5104,#5105,#5106,#5107,#5108,#5109,#5110,
#5111,#5112,#5113,#5114,#5115,#5116),.UNSPECIFIED.,.F.,.F.,(4,1,1,1,1,1,
1,1,1,1,1,1,1,1,1,1,1,1,1,1,1,1,1,1,1,1,1,1,1,1,1,1,1,4),(0.0769251295056616,
0.0897294580703794,0.107010202519751,0.125279202981818,0.144485676556023,
0.164585947114285,0.185541927786606,0.207320021720933,0.229890303618282,
0.25322589605712,0.277302484769885,0.302097935434016,0.327591986176287,
0.353765997578383,0.380602747055876,0.408086257970056,0.436201656274753,
0.464935049243603,0.4942734220884,0.524204549211599,0.554716917532587,0.585799659854517,
0.617442496641886,0.649635684891216,0.682369973021026,0.715636560899517,
0.749427064281274,0.783733483046726,0.818548172737015,0.853863818957268,
0.889673414287001,0.925970237390496,0.962747834064767,0.968596860837254),
 .UNSPECIFIED.);
#331=B_SPLINE_CURVE_WITH_KNOTS('',3,(#5117,#5118,#5119,#5120,#5121,#5122,
#5123,#5124,#5125,#5126,#5127,#5128,#5129,#5130,#5131,#5132,#5133,#5134,
#5135,#5136,#5137,#5138,#5139,#5140,#5141,#5142,#5143,#5144,#5145,#5146,
#5147,#5148,#5149,#5150,#5151,#5152),.UNSPECIFIED.,.F.,.F.,(4,1,1,1,1,1,
1,1,1,1,1,1,1,1,1,1,1,1,1,1,1,1,1,1,1,1,1,1,1,1,1,1,1,4),(0.0769251295056636,
0.0897294580703794,0.107010202519751,0.125279202981818,0.144485676556023,
0.164585947114285,0.185541927786606,0.207320021720933,0.229890303618282,
0.25322589605712,0.277302484769885,0.302097935434016,0.327591986176287,
0.353765997578383,0.380602747055876,0.408086257970056,0.436201656274753,
0.464935049243603,0.4942734220884,0.524204549211599,0.554716917532587,0.585799659854517,
0.617442496641886,0.649635684891216,0.682369973021026,0.715636560899517,
0.749427064281274,0.783733483046726,0.818548172737015,0.853863818957268,
0.889673414287001,0.925970237390496,0.962747834064767,0.968596860837254),
 .UNSPECIFIED.);
#332=B_SPLINE_CURVE_WITH_KNOTS('',3,(#5156,#5157,#5158,#5159,#5160,#5161,
#5162,#5163,#5164,#5165,#5166,#5167,#5168,#5169,#5170,#5171,#5172,#5173,
#5174,#5175,#5176,#5177,#5178,#5179,#5180,#5181,#5182,#5183,#5184,#5185,
#5186,#5187,#5188,#5189,#5190,#5191),.UNSPECIFIED.,.F.,.F.,(4,1,1,1,1,1,
1,1,1,1,1,1,1,1,1,1,1,1,1,1,1,1,1,1,1,1,1,1,1,1,1,1,1,4),(0.0769251295056616,
0.0897294580703794,0.107010202519751,0.125279202981818,0.144485676556023,
0.164585947114285,0.185541927786606,0.207320021720933,0.229890303618282,
0.25322589605712,0.277302484769885,0.302097935434016,0.327591986176287,
0.353765997578383,0.380602747055876,0.408086257970056,0.436201656274753,
0.464935049243603,0.4942734220884,0.524204549211599,0.554716917532587,0.585799659854517,
0.617442496641886,0.649635684891216,0.682369973021026,0.715636560899517,
0.749427064281274,0.783733483046726,0.818548172737015,0.853863818957268,
0.889673414287001,0.925970237390496,0.962747834064767,0.968596860837254),
 .UNSPECIFIED.);
#333=B_SPLINE_CURVE_WITH_KNOTS('',3,(#5192,#5193,#5194,#5195,#5196,#5197,
#5198,#5199,#5200,#5201,#5202,#5203,#5204,#5205,#5206,#5207,#5208,#5209,
#5210,#5211,#5212,#5213,#5214,#5215,#5216,#5217,#5218,#5219,#5220,#5221,
#5222,#5223,#5224,#5225,#5226,#5227),.UNSPECIFIED.,.F.,.F.,(4,1,1,1,1,1,
1,1,1,1,1,1,1,1,1,1,1,1,1,1,1,1,1,1,1,1,1,1,1,1,1,1,1,4),(0.0769251295056636,
0.0897294580703794,0.107010202519751,0.125279202981818,0.144485676556023,
0.164585947114285,0.185541927786606,0.207320021720933,0.229890303618282,
0.25322589605712,0.277302484769885,0.302097935434016,0.327591986176287,
0.353765997578383,0.380602747055876,0.408086257970056,0.436201656274753,
0.464935049243603,0.4942734220884,0.524204549211599,0.554716917532587,0.585799659854517,
0.617442496641886,0.649635684891216,0.682369973021026,0.715636560899517,
0.749427064281274,0.783733483046726,0.818548172737015,0.853863818957268,
0.889673414287001,0.925970237390496,0.962747834064767,0.968596860837254),
 .UNSPECIFIED.);
#334=B_SPLINE_CURVE_WITH_KNOTS('',3,(#5231,#5232,#5233,#5234,#5235,#5236,
#5237,#5238,#5239,#5240,#5241,#5242,#5243,#5244,#5245,#5246,#5247,#5248,
#5249,#5250,#5251,#5252,#5253,#5254,#5255,#5256,#5257,#5258,#5259,#5260,
#5261,#5262,#5263,#5264,#5265,#5266),.UNSPECIFIED.,.F.,.F.,(4,1,1,1,1,1,
1,1,1,1,1,1,1,1,1,1,1,1,1,1,1,1,1,1,1,1,1,1,1,1,1,1,1,4),(0.0769251295056616,
0.0897294580703794,0.107010202519751,0.125279202981818,0.144485676556023,
0.164585947114285,0.185541927786606,0.207320021720933,0.229890303618282,
0.25322589605712,0.277302484769885,0.302097935434016,0.327591986176287,
0.353765997578383,0.380602747055876,0.408086257970056,0.436201656274753,
0.464935049243603,0.4942734220884,0.524204549211599,0.554716917532587,0.585799659854517,
0.617442496641886,0.649635684891216,0.682369973021026,0.715636560899517,
0.749427064281274,0.783733483046726,0.818548172737015,0.853863818957268,
0.889673414287001,0.925970237390496,0.962747834064767,0.968596860837254),
 .UNSPECIFIED.);
#335=B_SPLINE_CURVE_WITH_KNOTS('',3,(#5267,#5268,#5269,#5270,#5271,#5272,
#5273,#5274,#5275,#5276,#5277,#5278,#5279,#5280,#5281,#5282,#5283,#5284,
#5285,#5286,#5287,#5288,#5289,#5290,#5291,#5292,#5293,#5294,#5295,#5296,
#5297,#5298,#5299,#5300,#5301,#5302),.UNSPECIFIED.,.F.,.F.,(4,1,1,1,1,1,
1,1,1,1,1,1,1,1,1,1,1,1,1,1,1,1,1,1,1,1,1,1,1,1,1,1,1,4),(0.0769251295056636,
0.0897294580703794,0.107010202519751,0.125279202981818,0.144485676556023,
0.164585947114285,0.185541927786606,0.207320021720933,0.229890303618282,
0.25322589605712,0.277302484769885,0.302097935434016,0.327591986176287,
0.353765997578383,0.380602747055876,0.408086257970056,0.436201656274753,
0.464935049243603,0.4942734220884,0.524204549211599,0.554716917532587,0.585799659854517,
0.617442496641886,0.649635684891216,0.682369973021026,0.715636560899517,
0.749427064281274,0.783733483046726,0.818548172737015,0.853863818957268,
0.889673414287001,0.925970237390496,0.962747834064767,0.968596860837254),
 .UNSPECIFIED.);
#336=B_SPLINE_CURVE_WITH_KNOTS('',3,(#5306,#5307,#5308,#5309,#5310,#5311,
#5312,#5313,#5314,#5315,#5316,#5317,#5318,#5319,#5320,#5321,#5322,#5323,
#5324,#5325,#5326,#5327,#5328,#5329,#5330,#5331,#5332,#5333,#5334,#5335,
#5336,#5337,#5338,#5339,#5340,#5341),.UNSPECIFIED.,.F.,.F.,(4,1,1,1,1,1,
1,1,1,1,1,1,1,1,1,1,1,1,1,1,1,1,1,1,1,1,1,1,1,1,1,1,1,4),(0.0769251295056616,
0.0897294580703794,0.107010202519751,0.125279202981818,0.144485676556023,
0.164585947114285,0.185541927786606,0.207320021720933,0.229890303618282,
0.25322589605712,0.277302484769885,0.302097935434016,0.327591986176287,
0.353765997578383,0.380602747055876,0.408086257970056,0.436201656274753,
0.464935049243603,0.4942734220884,0.524204549211599,0.554716917532587,0.585799659854517,
0.617442496641886,0.649635684891216,0.682369973021026,0.715636560899517,
0.749427064281274,0.783733483046726,0.818548172737015,0.853863818957268,
0.889673414287001,0.925970237390496,0.962747834064767,0.968596860837254),
 .UNSPECIFIED.);
#337=B_SPLINE_CURVE_WITH_KNOTS('',3,(#5348,#5349,#5350,#5351,#5352,#5353,
#5354,#5355,#5356,#5357,#5358),.UNSPECIFIED.,.T.,.F.,(1,1,1,1,1,1,1,1,1,
1,1,1,1,1,1),(-0.00316457032619057,-0.00210971355079371,-0.00105485677539686,
4.37245046625069E-19,0.00105485677539686,0.00210971355079371,0.00316457032619057,
0.00421942710158743,0.00527428387698428,0.00632914065238114,0.007383997427778,
0.00843885420317486,0.00949371097857171,0.0105485677539686,0.0116034245293654),
 .UNSPECIFIED.);
#338=B_SPLINE_CURVE_WITH_KNOTS('',3,(#5373,#5374,#5375,#5376,#5377,#5378,
#5379,#5380,#5381,#5382,#5383),.UNSPECIFIED.,.T.,.F.,(1,1,1,1,1,1,1,1,1,
1,1,1,1,1,1),(-0.00317362466190815,-0.00211574977460543,-0.00105787488730272,
7.44526171330398E-20,0.00105787488730272,0.00211574977460543,0.00317362466190815,
0.00423149954921087,0.00528937443651358,0.0063472493238163,0.00740512421111902,
0.00846299909842173,0.00952087398572445,0.0105787488730272,0.0116366237603299),
 .UNSPECIFIED.);
#339=ORIENTED_EDGE('',*,*,#839,.T.);
#340=ORIENTED_EDGE('',*,*,#840,.F.);
#341=ORIENTED_EDGE('',*,*,#841,.F.);
#342=ORIENTED_EDGE('',*,*,#842,.T.);
#343=ORIENTED_EDGE('',*,*,#843,.F.);
#344=ORIENTED_EDGE('',*,*,#844,.F.);
#345=ORIENTED_EDGE('',*,*,#845,.F.);
#346=ORIENTED_EDGE('',*,*,#846,.T.);
#347=ORIENTED_EDGE('',*,*,#847,.F.);
#348=ORIENTED_EDGE('',*,*,#848,.F.);
#349=ORIENTED_EDGE('',*,*,#849,.F.);
#350=ORIENTED_EDGE('',*,*,#850,.T.);
#351=ORIENTED_EDGE('',*,*,#851,.F.);
#352=ORIENTED_EDGE('',*,*,#852,.F.);
#353=ORIENTED_EDGE('',*,*,#853,.F.);
#354=ORIENTED_EDGE('',*,*,#854,.T.);
#355=ORIENTED_EDGE('',*,*,#855,.F.);
#356=ORIENTED_EDGE('',*,*,#856,.F.);
#357=ORIENTED_EDGE('',*,*,#857,.F.);
#358=ORIENTED_EDGE('',*,*,#858,.T.);
#359=ORIENTED_EDGE('',*,*,#859,.F.);
#360=ORIENTED_EDGE('',*,*,#860,.F.);
#361=ORIENTED_EDGE('',*,*,#861,.F.);
#362=ORIENTED_EDGE('',*,*,#862,.T.);
#363=ORIENTED_EDGE('',*,*,#863,.F.);
#364=ORIENTED_EDGE('',*,*,#864,.F.);
#365=ORIENTED_EDGE('',*,*,#865,.F.);
#366=ORIENTED_EDGE('',*,*,#866,.T.);
#367=ORIENTED_EDGE('',*,*,#867,.F.);
#368=ORIENTED_EDGE('',*,*,#868,.F.);
#369=ORIENTED_EDGE('',*,*,#869,.F.);
#370=ORIENTED_EDGE('',*,*,#870,.T.);
#371=ORIENTED_EDGE('',*,*,#871,.F.);
#372=ORIENTED_EDGE('',*,*,#872,.F.);
#373=ORIENTED_EDGE('',*,*,#873,.F.);
#374=ORIENTED_EDGE('',*,*,#874,.T.);
#375=ORIENTED_EDGE('',*,*,#875,.F.);
#376=ORIENTED_EDGE('',*,*,#876,.F.);
#377=ORIENTED_EDGE('',*,*,#877,.F.);
#378=ORIENTED_EDGE('',*,*,#878,.T.);
#379=ORIENTED_EDGE('',*,*,#879,.F.);
#380=ORIENTED_EDGE('',*,*,#880,.F.);
#381=ORIENTED_EDGE('',*,*,#881,.F.);
#382=ORIENTED_EDGE('',*,*,#882,.T.);
#383=ORIENTED_EDGE('',*,*,#883,.F.);
#384=ORIENTED_EDGE('',*,*,#884,.F.);
#385=ORIENTED_EDGE('',*,*,#885,.F.);
#386=ORIENTED_EDGE('',*,*,#886,.T.);
#387=ORIENTED_EDGE('',*,*,#887,.F.);
#388=ORIENTED_EDGE('',*,*,#888,.F.);
#389=ORIENTED_EDGE('',*,*,#889,.F.);
#390=ORIENTED_EDGE('',*,*,#890,.T.);
#391=ORIENTED_EDGE('',*,*,#891,.F.);
#392=ORIENTED_EDGE('',*,*,#892,.F.);
#393=ORIENTED_EDGE('',*,*,#893,.F.);
#394=ORIENTED_EDGE('',*,*,#894,.T.);
#395=ORIENTED_EDGE('',*,*,#895,.F.);
#396=ORIENTED_EDGE('',*,*,#896,.F.);
#397=ORIENTED_EDGE('',*,*,#897,.F.);
#398=ORIENTED_EDGE('',*,*,#898,.T.);
#399=ORIENTED_EDGE('',*,*,#899,.F.);
#400=ORIENTED_EDGE('',*,*,#900,.F.);
#401=ORIENTED_EDGE('',*,*,#901,.F.);
#402=ORIENTED_EDGE('',*,*,#902,.T.);
#403=ORIENTED_EDGE('',*,*,#903,.F.);
#404=ORIENTED_EDGE('',*,*,#904,.F.);
#405=ORIENTED_EDGE('',*,*,#905,.F.);
#406=ORIENTED_EDGE('',*,*,#906,.T.);
#407=ORIENTED_EDGE('',*,*,#907,.F.);
#408=ORIENTED_EDGE('',*,*,#908,.F.);
#409=ORIENTED_EDGE('',*,*,#909,.F.);
#410=ORIENTED_EDGE('',*,*,#910,.T.);
#411=ORIENTED_EDGE('',*,*,#911,.F.);
#412=ORIENTED_EDGE('',*,*,#912,.F.);
#413=ORIENTED_EDGE('',*,*,#913,.F.);
#414=ORIENTED_EDGE('',*,*,#914,.T.);
#415=ORIENTED_EDGE('',*,*,#915,.F.);
#416=ORIENTED_EDGE('',*,*,#916,.F.);
#417=ORIENTED_EDGE('',*,*,#917,.F.);
#418=ORIENTED_EDGE('',*,*,#918,.T.);
#419=ORIENTED_EDGE('',*,*,#919,.F.);
#420=ORIENTED_EDGE('',*,*,#920,.F.);
#421=ORIENTED_EDGE('',*,*,#921,.F.);
#422=ORIENTED_EDGE('',*,*,#922,.T.);
#423=ORIENTED_EDGE('',*,*,#841,.T.);
#424=ORIENTED_EDGE('',*,*,#923,.F.);
#425=ORIENTED_EDGE('',*,*,#924,.F.);
#426=ORIENTED_EDGE('',*,*,#925,.T.);
#427=ORIENTED_EDGE('',*,*,#845,.T.);
#428=ORIENTED_EDGE('',*,*,#926,.F.);
#429=ORIENTED_EDGE('',*,*,#927,.F.);
#430=ORIENTED_EDGE('',*,*,#928,.T.);
#431=ORIENTED_EDGE('',*,*,#853,.T.);
#432=ORIENTED_EDGE('',*,*,#929,.F.);
#433=ORIENTED_EDGE('',*,*,#930,.F.);
#434=ORIENTED_EDGE('',*,*,#931,.T.);
#435=ORIENTED_EDGE('',*,*,#849,.T.);
#436=ORIENTED_EDGE('',*,*,#932,.F.);
#437=ORIENTED_EDGE('',*,*,#933,.F.);
#438=ORIENTED_EDGE('',*,*,#934,.T.);
#439=ORIENTED_EDGE('',*,*,#905,.T.);
#440=ORIENTED_EDGE('',*,*,#935,.F.);
#441=ORIENTED_EDGE('',*,*,#936,.F.);
#442=ORIENTED_EDGE('',*,*,#937,.T.);
#443=ORIENTED_EDGE('',*,*,#909,.T.);
#444=ORIENTED_EDGE('',*,*,#938,.F.);
#445=ORIENTED_EDGE('',*,*,#939,.F.);
#446=ORIENTED_EDGE('',*,*,#940,.T.);
#447=ORIENTED_EDGE('',*,*,#913,.T.);
#448=ORIENTED_EDGE('',*,*,#941,.F.);
#449=ORIENTED_EDGE('',*,*,#942,.F.);
#450=ORIENTED_EDGE('',*,*,#943,.T.);
#451=ORIENTED_EDGE('',*,*,#917,.T.);
#452=ORIENTED_EDGE('',*,*,#944,.F.);
#453=ORIENTED_EDGE('',*,*,#945,.F.);
#454=ORIENTED_EDGE('',*,*,#946,.T.);
#455=ORIENTED_EDGE('',*,*,#901,.T.);
#456=ORIENTED_EDGE('',*,*,#947,.F.);
#457=ORIENTED_EDGE('',*,*,#948,.F.);
#458=ORIENTED_EDGE('',*,*,#949,.T.);
#459=ORIENTED_EDGE('',*,*,#897,.T.);
#460=ORIENTED_EDGE('',*,*,#950,.F.);
#461=ORIENTED_EDGE('',*,*,#951,.F.);
#462=ORIENTED_EDGE('',*,*,#952,.T.);
#463=ORIENTED_EDGE('',*,*,#889,.T.);
#464=ORIENTED_EDGE('',*,*,#953,.F.);
#465=ORIENTED_EDGE('',*,*,#954,.F.);
#466=ORIENTED_EDGE('',*,*,#955,.T.);
#467=ORIENTED_EDGE('',*,*,#893,.T.);
#468=ORIENTED_EDGE('',*,*,#956,.F.);
#469=ORIENTED_EDGE('',*,*,#957,.F.);
#470=ORIENTED_EDGE('',*,*,#958,.T.);
#471=ORIENTED_EDGE('',*,*,#857,.T.);
#472=ORIENTED_EDGE('',*,*,#959,.F.);
#473=ORIENTED_EDGE('',*,*,#960,.F.);
#474=ORIENTED_EDGE('',*,*,#961,.T.);
#475=ORIENTED_EDGE('',*,*,#861,.T.);
#476=ORIENTED_EDGE('',*,*,#962,.F.);
#477=ORIENTED_EDGE('',*,*,#963,.F.);
#478=ORIENTED_EDGE('',*,*,#964,.T.);
#479=ORIENTED_EDGE('',*,*,#865,.T.);
#480=ORIENTED_EDGE('',*,*,#965,.F.);
#481=ORIENTED_EDGE('',*,*,#966,.F.);
#482=ORIENTED_EDGE('',*,*,#967,.T.);
#483=ORIENTED_EDGE('',*,*,#869,.T.);
#484=ORIENTED_EDGE('',*,*,#968,.F.);
#485=ORIENTED_EDGE('',*,*,#969,.F.);
#486=ORIENTED_EDGE('',*,*,#970,.T.);
#487=ORIENTED_EDGE('',*,*,#873,.T.);
#488=ORIENTED_EDGE('',*,*,#971,.F.);
#489=ORIENTED_EDGE('',*,*,#972,.F.);
#490=ORIENTED_EDGE('',*,*,#973,.T.);
#491=ORIENTED_EDGE('',*,*,#877,.T.);
#492=ORIENTED_EDGE('',*,*,#974,.F.);
#493=ORIENTED_EDGE('',*,*,#975,.F.);
#494=ORIENTED_EDGE('',*,*,#976,.T.);
#495=ORIENTED_EDGE('',*,*,#881,.T.);
#496=ORIENTED_EDGE('',*,*,#977,.F.);
#497=ORIENTED_EDGE('',*,*,#978,.F.);
#498=ORIENTED_EDGE('',*,*,#979,.T.);
#499=ORIENTED_EDGE('',*,*,#885,.T.);
#500=ORIENTED_EDGE('',*,*,#980,.F.);
#501=ORIENTED_EDGE('',*,*,#921,.T.);
#502=ORIENTED_EDGE('',*,*,#981,.T.);
#503=ORIENTED_EDGE('',*,*,#982,.F.);
#504=ORIENTED_EDGE('',*,*,#983,.F.);
#505=ORIENTED_EDGE('',*,*,#942,.T.);
#506=ORIENTED_EDGE('',*,*,#984,.T.);
#507=ORIENTED_EDGE('',*,*,#985,.F.);
#508=ORIENTED_EDGE('',*,*,#986,.F.);
#509=ORIENTED_EDGE('',*,*,#939,.T.);
#510=ORIENTED_EDGE('',*,*,#987,.T.);
#511=ORIENTED_EDGE('',*,*,#988,.F.);
#512=ORIENTED_EDGE('',*,*,#989,.F.);
#513=ORIENTED_EDGE('',*,*,#936,.T.);
#514=ORIENTED_EDGE('',*,*,#990,.T.);
#515=ORIENTED_EDGE('',*,*,#991,.F.);
#516=ORIENTED_EDGE('',*,*,#992,.F.);
#517=ORIENTED_EDGE('',*,*,#933,.T.);
#518=ORIENTED_EDGE('',*,*,#993,.T.);
#519=ORIENTED_EDGE('',*,*,#994,.F.);
#520=ORIENTED_EDGE('',*,*,#995,.F.);
#521=ORIENTED_EDGE('',*,*,#945,.T.);
#522=ORIENTED_EDGE('',*,*,#996,.T.);
#523=ORIENTED_EDGE('',*,*,#997,.F.);
#524=ORIENTED_EDGE('',*,*,#998,.F.);
#525=ORIENTED_EDGE('',*,*,#948,.T.);
#526=ORIENTED_EDGE('',*,*,#999,.T.);
#527=ORIENTED_EDGE('',*,*,#1000,.F.);
#528=ORIENTED_EDGE('',*,*,#1001,.F.);
#529=ORIENTED_EDGE('',*,*,#954,.T.);
#530=ORIENTED_EDGE('',*,*,#1002,.T.);
#531=ORIENTED_EDGE('',*,*,#1003,.F.);
#532=ORIENTED_EDGE('',*,*,#1004,.F.);
#533=ORIENTED_EDGE('',*,*,#951,.T.);
#534=ORIENTED_EDGE('',*,*,#1005,.T.);
#535=ORIENTED_EDGE('',*,*,#1006,.F.);
#536=ORIENTED_EDGE('',*,*,#1007,.F.);
#537=ORIENTED_EDGE('',*,*,#978,.T.);
#538=ORIENTED_EDGE('',*,*,#1008,.T.);
#539=ORIENTED_EDGE('',*,*,#1009,.F.);
#540=ORIENTED_EDGE('',*,*,#1010,.F.);
#541=ORIENTED_EDGE('',*,*,#975,.T.);
#542=ORIENTED_EDGE('',*,*,#1011,.T.);
#543=ORIENTED_EDGE('',*,*,#1012,.F.);
#544=ORIENTED_EDGE('',*,*,#1013,.F.);
#545=ORIENTED_EDGE('',*,*,#972,.T.);
#546=ORIENTED_EDGE('',*,*,#1014,.T.);
#547=ORIENTED_EDGE('',*,*,#1015,.F.);
#548=ORIENTED_EDGE('',*,*,#1016,.F.);
#549=ORIENTED_EDGE('',*,*,#969,.T.);
#550=ORIENTED_EDGE('',*,*,#1017,.T.);
#551=ORIENTED_EDGE('',*,*,#1018,.F.);
#552=ORIENTED_EDGE('',*,*,#1019,.F.);
#553=ORIENTED_EDGE('',*,*,#966,.T.);
#554=ORIENTED_EDGE('',*,*,#1020,.T.);
#555=ORIENTED_EDGE('',*,*,#1021,.F.);
#556=ORIENTED_EDGE('',*,*,#1022,.F.);
#557=ORIENTED_EDGE('',*,*,#963,.T.);
#558=ORIENTED_EDGE('',*,*,#1023,.T.);
#559=ORIENTED_EDGE('',*,*,#1024,.F.);
#560=ORIENTED_EDGE('',*,*,#1025,.F.);
#561=ORIENTED_EDGE('',*,*,#960,.T.);
#562=ORIENTED_EDGE('',*,*,#1026,.T.);
#563=ORIENTED_EDGE('',*,*,#1027,.F.);
#564=ORIENTED_EDGE('',*,*,#1028,.F.);
#565=ORIENTED_EDGE('',*,*,#957,.T.);
#566=ORIENTED_EDGE('',*,*,#1029,.T.);
#567=ORIENTED_EDGE('',*,*,#1030,.F.);
#568=ORIENTED_EDGE('',*,*,#1031,.F.);
#569=ORIENTED_EDGE('',*,*,#927,.T.);
#570=ORIENTED_EDGE('',*,*,#1032,.T.);
#571=ORIENTED_EDGE('',*,*,#1033,.F.);
#572=ORIENTED_EDGE('',*,*,#1034,.F.);
#573=ORIENTED_EDGE('',*,*,#930,.T.);
#574=ORIENTED_EDGE('',*,*,#1035,.T.);
#575=ORIENTED_EDGE('',*,*,#1036,.F.);
#576=ORIENTED_EDGE('',*,*,#1037,.F.);
#577=ORIENTED_EDGE('',*,*,#924,.T.);
#578=ORIENTED_EDGE('',*,*,#1038,.T.);
#579=ORIENTED_EDGE('',*,*,#1039,.F.);
#580=ORIENTED_EDGE('',*,*,#1040,.F.);
#581=ORIENTED_EDGE('',*,*,#1041,.T.);
#582=ORIENTED_EDGE('',*,*,#1042,.F.);
#583=ORIENTED_EDGE('',*,*,#1043,.T.);
#584=ORIENTED_EDGE('',*,*,#1044,.F.);
#585=ORIENTED_EDGE('',*,*,#1042,.T.);
#586=ORIENTED_EDGE('',*,*,#1045,.F.);
#587=ORIENTED_EDGE('',*,*,#1044,.T.);
#588=ORIENTED_EDGE('',*,*,#1046,.T.);
#589=ORIENTED_EDGE('',*,*,#1047,.F.);
#590=ORIENTED_EDGE('',*,*,#839,.F.);
#591=ORIENTED_EDGE('',*,*,#1047,.T.);
#592=ORIENTED_EDGE('',*,*,#980,.T.);
#593=ORIENTED_EDGE('',*,*,#1041,.F.);
#594=ORIENTED_EDGE('',*,*,#1048,.T.);
#595=ORIENTED_EDGE('',*,*,#1045,.T.);
#596=ORIENTED_EDGE('',*,*,#1046,.F.);
#597=ORIENTED_EDGE('',*,*,#1048,.F.);
#598=ORIENTED_EDGE('',*,*,#1043,.F.);
#599=ORIENTED_EDGE('',*,*,#950,.T.);
#600=ORIENTED_EDGE('',*,*,#888,.T.);
#601=ORIENTED_EDGE('',*,*,#1049,.F.);
#602=ORIENTED_EDGE('',*,*,#1005,.F.);
#603=ORIENTED_EDGE('',*,*,#886,.F.);
#604=ORIENTED_EDGE('',*,*,#979,.F.);
#605=ORIENTED_EDGE('',*,*,#1007,.T.);
#606=ORIENTED_EDGE('',*,*,#1050,.T.);
#607=ORIENTED_EDGE('',*,*,#1050,.F.);
#608=ORIENTED_EDGE('',*,*,#1006,.T.);
#609=ORIENTED_EDGE('',*,*,#1049,.T.);
#610=ORIENTED_EDGE('',*,*,#887,.T.);
#611=ORIENTED_EDGE('',*,*,#882,.F.);
#612=ORIENTED_EDGE('',*,*,#976,.F.);
#613=ORIENTED_EDGE('',*,*,#1010,.T.);
#614=ORIENTED_EDGE('',*,*,#1051,.T.);
#615=ORIENTED_EDGE('',*,*,#977,.T.);
#616=ORIENTED_EDGE('',*,*,#884,.T.);
#617=ORIENTED_EDGE('',*,*,#1052,.F.);
#618=ORIENTED_EDGE('',*,*,#1008,.F.);
#619=ORIENTED_EDGE('',*,*,#1009,.T.);
#620=ORIENTED_EDGE('',*,*,#1052,.T.);
#621=ORIENTED_EDGE('',*,*,#883,.T.);
#622=ORIENTED_EDGE('',*,*,#1051,.F.);
#623=ORIENTED_EDGE('',*,*,#878,.F.);
#624=ORIENTED_EDGE('',*,*,#973,.F.);
#625=ORIENTED_EDGE('',*,*,#1013,.T.);
#626=ORIENTED_EDGE('',*,*,#1053,.T.);
#627=ORIENTED_EDGE('',*,*,#974,.T.);
#628=ORIENTED_EDGE('',*,*,#880,.T.);
#629=ORIENTED_EDGE('',*,*,#1054,.F.);
#630=ORIENTED_EDGE('',*,*,#1011,.F.);
#631=ORIENTED_EDGE('',*,*,#1012,.T.);
#632=ORIENTED_EDGE('',*,*,#1054,.T.);
#633=ORIENTED_EDGE('',*,*,#879,.T.);
#634=ORIENTED_EDGE('',*,*,#1053,.F.);
#635=ORIENTED_EDGE('',*,*,#874,.F.);
#636=ORIENTED_EDGE('',*,*,#970,.F.);
#637=ORIENTED_EDGE('',*,*,#1016,.T.);
#638=ORIENTED_EDGE('',*,*,#1055,.T.);
#639=ORIENTED_EDGE('',*,*,#971,.T.);
#640=ORIENTED_EDGE('',*,*,#876,.T.);
#641=ORIENTED_EDGE('',*,*,#1056,.F.);
#642=ORIENTED_EDGE('',*,*,#1014,.F.);
#643=ORIENTED_EDGE('',*,*,#1015,.T.);
#644=ORIENTED_EDGE('',*,*,#1056,.T.);
#645=ORIENTED_EDGE('',*,*,#875,.T.);
#646=ORIENTED_EDGE('',*,*,#1055,.F.);
#647=ORIENTED_EDGE('',*,*,#870,.F.);
#648=ORIENTED_EDGE('',*,*,#967,.F.);
#649=ORIENTED_EDGE('',*,*,#1019,.T.);
#650=ORIENTED_EDGE('',*,*,#1057,.T.);
#651=ORIENTED_EDGE('',*,*,#968,.T.);
#652=ORIENTED_EDGE('',*,*,#872,.T.);
#653=ORIENTED_EDGE('',*,*,#1058,.F.);
#654=ORIENTED_EDGE('',*,*,#1017,.F.);
#655=ORIENTED_EDGE('',*,*,#1018,.T.);
#656=ORIENTED_EDGE('',*,*,#1058,.T.);
#657=ORIENTED_EDGE('',*,*,#871,.T.);
#658=ORIENTED_EDGE('',*,*,#1057,.F.);
#659=ORIENTED_EDGE('',*,*,#866,.F.);
#660=ORIENTED_EDGE('',*,*,#964,.F.);
#661=ORIENTED_EDGE('',*,*,#1022,.T.);
#662=ORIENTED_EDGE('',*,*,#1059,.T.);
#663=ORIENTED_EDGE('',*,*,#965,.T.);
#664=ORIENTED_EDGE('',*,*,#868,.T.);
#665=ORIENTED_EDGE('',*,*,#1060,.F.);
#666=ORIENTED_EDGE('',*,*,#1020,.F.);
#667=ORIENTED_EDGE('',*,*,#1021,.T.);
#668=ORIENTED_EDGE('',*,*,#1060,.T.);
#669=ORIENTED_EDGE('',*,*,#867,.T.);
#670=ORIENTED_EDGE('',*,*,#1059,.F.);
#671=ORIENTED_EDGE('',*,*,#862,.F.);
#672=ORIENTED_EDGE('',*,*,#961,.F.);
#673=ORIENTED_EDGE('',*,*,#1025,.T.);
#674=ORIENTED_EDGE('',*,*,#1061,.T.);
#675=ORIENTED_EDGE('',*,*,#962,.T.);
#676=ORIENTED_EDGE('',*,*,#864,.T.);
#677=ORIENTED_EDGE('',*,*,#1062,.F.);
#678=ORIENTED_EDGE('',*,*,#1023,.F.);
#679=ORIENTED_EDGE('',*,*,#1024,.T.);
#680=ORIENTED_EDGE('',*,*,#1062,.T.);
#681=ORIENTED_EDGE('',*,*,#863,.T.);
#682=ORIENTED_EDGE('',*,*,#1061,.F.);
#683=ORIENTED_EDGE('',*,*,#858,.F.);
#684=ORIENTED_EDGE('',*,*,#958,.F.);
#685=ORIENTED_EDGE('',*,*,#1028,.T.);
#686=ORIENTED_EDGE('',*,*,#1063,.T.);
#687=ORIENTED_EDGE('',*,*,#959,.T.);
#688=ORIENTED_EDGE('',*,*,#860,.T.);
#689=ORIENTED_EDGE('',*,*,#1064,.F.);
#690=ORIENTED_EDGE('',*,*,#1026,.F.);
#691=ORIENTED_EDGE('',*,*,#1027,.T.);
#692=ORIENTED_EDGE('',*,*,#1064,.T.);
#693=ORIENTED_EDGE('',*,*,#859,.T.);
#694=ORIENTED_EDGE('',*,*,#1063,.F.);
#695=ORIENTED_EDGE('',*,*,#854,.F.);
#696=ORIENTED_EDGE('',*,*,#928,.F.);
#697=ORIENTED_EDGE('',*,*,#1031,.T.);
#698=ORIENTED_EDGE('',*,*,#1065,.T.);
#699=ORIENTED_EDGE('',*,*,#956,.T.);
#700=ORIENTED_EDGE('',*,*,#856,.T.);
#701=ORIENTED_EDGE('',*,*,#1066,.F.);
#702=ORIENTED_EDGE('',*,*,#1029,.F.);
#703=ORIENTED_EDGE('',*,*,#1030,.T.);
#704=ORIENTED_EDGE('',*,*,#1066,.T.);
#705=ORIENTED_EDGE('',*,*,#855,.T.);
#706=ORIENTED_EDGE('',*,*,#1065,.F.);
#707=ORIENTED_EDGE('',*,*,#947,.T.);
#708=ORIENTED_EDGE('',*,*,#896,.T.);
#709=ORIENTED_EDGE('',*,*,#1067,.F.);
#710=ORIENTED_EDGE('',*,*,#999,.F.);
#711=ORIENTED_EDGE('',*,*,#894,.F.);
#712=ORIENTED_EDGE('',*,*,#955,.F.);
#713=ORIENTED_EDGE('',*,*,#1001,.T.);
#714=ORIENTED_EDGE('',*,*,#1068,.T.);
#715=ORIENTED_EDGE('',*,*,#1068,.F.);
#716=ORIENTED_EDGE('',*,*,#1000,.T.);
#717=ORIENTED_EDGE('',*,*,#1067,.T.);
#718=ORIENTED_EDGE('',*,*,#895,.T.);
#719=ORIENTED_EDGE('',*,*,#890,.F.);
#720=ORIENTED_EDGE('',*,*,#952,.F.);
#721=ORIENTED_EDGE('',*,*,#1004,.T.);
#722=ORIENTED_EDGE('',*,*,#1069,.T.);
#723=ORIENTED_EDGE('',*,*,#953,.T.);
#724=ORIENTED_EDGE('',*,*,#892,.T.);
#725=ORIENTED_EDGE('',*,*,#1070,.F.);
#726=ORIENTED_EDGE('',*,*,#1002,.F.);
#727=ORIENTED_EDGE('',*,*,#1003,.T.);
#728=ORIENTED_EDGE('',*,*,#1070,.T.);
#729=ORIENTED_EDGE('',*,*,#891,.T.);
#730=ORIENTED_EDGE('',*,*,#1069,.F.);
#731=ORIENTED_EDGE('',*,*,#944,.T.);
#732=ORIENTED_EDGE('',*,*,#900,.T.);
#733=ORIENTED_EDGE('',*,*,#1071,.F.);
#734=ORIENTED_EDGE('',*,*,#996,.F.);
#735=ORIENTED_EDGE('',*,*,#898,.F.);
#736=ORIENTED_EDGE('',*,*,#949,.F.);
#737=ORIENTED_EDGE('',*,*,#998,.T.);
#738=ORIENTED_EDGE('',*,*,#1072,.T.);
#739=ORIENTED_EDGE('',*,*,#1072,.F.);
#740=ORIENTED_EDGE('',*,*,#997,.T.);
#741=ORIENTED_EDGE('',*,*,#1071,.T.);
#742=ORIENTED_EDGE('',*,*,#899,.T.);
#743=ORIENTED_EDGE('',*,*,#932,.T.);
#744=ORIENTED_EDGE('',*,*,#904,.T.);
#745=ORIENTED_EDGE('',*,*,#1073,.F.);
#746=ORIENTED_EDGE('',*,*,#993,.F.);
#747=ORIENTED_EDGE('',*,*,#902,.F.);
#748=ORIENTED_EDGE('',*,*,#946,.F.);
#749=ORIENTED_EDGE('',*,*,#995,.T.);
#750=ORIENTED_EDGE('',*,*,#1074,.T.);
#751=ORIENTED_EDGE('',*,*,#1074,.F.);
#752=ORIENTED_EDGE('',*,*,#994,.T.);
#753=ORIENTED_EDGE('',*,*,#1073,.T.);
#754=ORIENTED_EDGE('',*,*,#903,.T.);
#755=ORIENTED_EDGE('',*,*,#920,.T.);
#756=ORIENTED_EDGE('',*,*,#840,.T.);
#757=ORIENTED_EDGE('',*,*,#1075,.F.);
#758=ORIENTED_EDGE('',*,*,#981,.F.);
#759=ORIENTED_EDGE('',*,*,#918,.F.);
#760=ORIENTED_EDGE('',*,*,#943,.F.);
#761=ORIENTED_EDGE('',*,*,#983,.T.);
#762=ORIENTED_EDGE('',*,*,#1076,.T.);
#763=ORIENTED_EDGE('',*,*,#1076,.F.);
#764=ORIENTED_EDGE('',*,*,#982,.T.);
#765=ORIENTED_EDGE('',*,*,#1075,.T.);
#766=ORIENTED_EDGE('',*,*,#919,.T.);
#767=ORIENTED_EDGE('',*,*,#914,.F.);
#768=ORIENTED_EDGE('',*,*,#940,.F.);
#769=ORIENTED_EDGE('',*,*,#986,.T.);
#770=ORIENTED_EDGE('',*,*,#1077,.T.);
#771=ORIENTED_EDGE('',*,*,#941,.T.);
#772=ORIENTED_EDGE('',*,*,#916,.T.);
#773=ORIENTED_EDGE('',*,*,#1078,.F.);
#774=ORIENTED_EDGE('',*,*,#984,.F.);
#775=ORIENTED_EDGE('',*,*,#985,.T.);
#776=ORIENTED_EDGE('',*,*,#1078,.T.);
#777=ORIENTED_EDGE('',*,*,#915,.T.);
#778=ORIENTED_EDGE('',*,*,#1077,.F.);
#779=ORIENTED_EDGE('',*,*,#910,.F.);
#780=ORIENTED_EDGE('',*,*,#937,.F.);
#781=ORIENTED_EDGE('',*,*,#989,.T.);
#782=ORIENTED_EDGE('',*,*,#1079,.T.);
#783=ORIENTED_EDGE('',*,*,#938,.T.);
#784=ORIENTED_EDGE('',*,*,#912,.T.);
#785=ORIENTED_EDGE('',*,*,#1080,.F.);
#786=ORIENTED_EDGE('',*,*,#987,.F.);
#787=ORIENTED_EDGE('',*,*,#988,.T.);
#788=ORIENTED_EDGE('',*,*,#1080,.T.);
#789=ORIENTED_EDGE('',*,*,#911,.T.);
#790=ORIENTED_EDGE('',*,*,#1079,.F.);
#791=ORIENTED_EDGE('',*,*,#906,.F.);
#792=ORIENTED_EDGE('',*,*,#934,.F.);
#793=ORIENTED_EDGE('',*,*,#992,.T.);
#794=ORIENTED_EDGE('',*,*,#1081,.T.);
#795=ORIENTED_EDGE('',*,*,#935,.T.);
#796=ORIENTED_EDGE('',*,*,#908,.T.);
#797=ORIENTED_EDGE('',*,*,#1082,.F.);
#798=ORIENTED_EDGE('',*,*,#990,.F.);
#799=ORIENTED_EDGE('',*,*,#991,.T.);
#800=ORIENTED_EDGE('',*,*,#1082,.T.);
#801=ORIENTED_EDGE('',*,*,#907,.T.);
#802=ORIENTED_EDGE('',*,*,#1081,.F.);
#803=ORIENTED_EDGE('',*,*,#926,.T.);
#804=ORIENTED_EDGE('',*,*,#852,.T.);
#805=ORIENTED_EDGE('',*,*,#1083,.F.);
#806=ORIENTED_EDGE('',*,*,#1032,.F.);
#807=ORIENTED_EDGE('',*,*,#850,.F.);
#808=ORIENTED_EDGE('',*,*,#931,.F.);
#809=ORIENTED_EDGE('',*,*,#1034,.T.);
#810=ORIENTED_EDGE('',*,*,#1084,.T.);
#811=ORIENTED_EDGE('',*,*,#1084,.F.);
#812=ORIENTED_EDGE('',*,*,#1033,.T.);
#813=ORIENTED_EDGE('',*,*,#1083,.T.);
#814=ORIENTED_EDGE('',*,*,#851,.T.);
#815=ORIENTED_EDGE('',*,*,#846,.F.);
#816=ORIENTED_EDGE('',*,*,#925,.F.);
#817=ORIENTED_EDGE('',*,*,#1037,.T.);
#818=ORIENTED_EDGE('',*,*,#1085,.T.);
#819=ORIENTED_EDGE('',*,*,#929,.T.);
#820=ORIENTED_EDGE('',*,*,#848,.T.);
#821=ORIENTED_EDGE('',*,*,#1086,.F.);
#822=ORIENTED_EDGE('',*,*,#1035,.F.);
#823=ORIENTED_EDGE('',*,*,#1036,.T.);
#824=ORIENTED_EDGE('',*,*,#1086,.T.);
#825=ORIENTED_EDGE('',*,*,#847,.T.);
#826=ORIENTED_EDGE('',*,*,#1085,.F.);
#827=ORIENTED_EDGE('',*,*,#842,.F.);
#828=ORIENTED_EDGE('',*,*,#922,.F.);
#829=ORIENTED_EDGE('',*,*,#1040,.T.);
#830=ORIENTED_EDGE('',*,*,#1087,.T.);
#831=ORIENTED_EDGE('',*,*,#923,.T.);
#832=ORIENTED_EDGE('',*,*,#844,.T.);
#833=ORIENTED_EDGE('',*,*,#1088,.F.);
#834=ORIENTED_EDGE('',*,*,#1038,.F.);
#835=ORIENTED_EDGE('',*,*,#1039,.T.);
#836=ORIENTED_EDGE('',*,*,#1088,.T.);
#837=ORIENTED_EDGE('',*,*,#843,.T.);
#838=ORIENTED_EDGE('',*,*,#1087,.F.);
#839=EDGE_CURVE('',#1089,#1089,#1259,.T.);
#840=EDGE_CURVE('',#1090,#1091,#257,.T.);
#841=EDGE_CURVE('',#1092,#1090,#1260,.T.);
#842=EDGE_CURVE('',#1092,#1093,#258,.T.);
#843=EDGE_CURVE('',#1094,#1093,#1261,.T.);
#844=EDGE_CURVE('',#1095,#1094,#259,.T.);
#845=EDGE_CURVE('',#1096,#1095,#1262,.T.);
#846=EDGE_CURVE('',#1096,#1097,#260,.T.);
#847=EDGE_CURVE('',#1098,#1097,#1263,.T.);
#848=EDGE_CURVE('',#1099,#1098,#261,.T.);
#849=EDGE_CURVE('',#1100,#1099,#1264,.T.);
#850=EDGE_CURVE('',#1100,#1101,#262,.T.);
#851=EDGE_CURVE('',#1102,#1101,#1265,.T.);
#852=EDGE_CURVE('',#1103,#1102,#263,.T.);
#853=EDGE_CURVE('',#1104,#1103,#1266,.T.);
#854=EDGE_CURVE('',#1104,#1105,#264,.T.);
#855=EDGE_CURVE('',#1106,#1105,#1267,.T.);
#856=EDGE_CURVE('',#1107,#1106,#265,.T.);
#857=EDGE_CURVE('',#1108,#1107,#1268,.T.);
#858=EDGE_CURVE('',#1108,#1109,#266,.T.);
#859=EDGE_CURVE('',#1110,#1109,#1269,.T.);
#860=EDGE_CURVE('',#1111,#1110,#267,.T.);
#861=EDGE_CURVE('',#1112,#1111,#1270,.T.);
#862=EDGE_CURVE('',#1112,#1113,#268,.T.);
#863=EDGE_CURVE('',#1114,#1113,#1271,.T.);
#864=EDGE_CURVE('',#1115,#1114,#269,.T.);
#865=EDGE_CURVE('',#1116,#1115,#1272,.T.);
#866=EDGE_CURVE('',#1116,#1117,#270,.T.);
#867=EDGE_CURVE('',#1118,#1117,#1273,.T.);
#868=EDGE_CURVE('',#1119,#1118,#271,.T.);
#869=EDGE_CURVE('',#1120,#1119,#1274,.T.);
#870=EDGE_CURVE('',#1120,#1121,#272,.T.);
#871=EDGE_CURVE('',#1122,#1121,#1275,.T.);
#872=EDGE_CURVE('',#1123,#1122,#273,.T.);
#873=EDGE_CURVE('',#1124,#1123,#1276,.T.);
#874=EDGE_CURVE('',#1124,#1125,#274,.T.);
#875=EDGE_CURVE('',#1126,#1125,#1277,.T.);
#876=EDGE_CURVE('',#1127,#1126,#275,.T.);
#877=EDGE_CURVE('',#1128,#1127,#1278,.T.);
#878=EDGE_CURVE('',#1128,#1129,#276,.T.);
#879=EDGE_CURVE('',#1130,#1129,#1279,.T.);
#880=EDGE_CURVE('',#1131,#1130,#277,.T.);
#881=EDGE_CURVE('',#1132,#1131,#1280,.T.);
#882=EDGE_CURVE('',#1132,#1133,#278,.T.);
#883=EDGE_CURVE('',#1134,#1133,#1281,.T.);
#884=EDGE_CURVE('',#1135,#1134,#279,.T.);
#885=EDGE_CURVE('',#1136,#1135,#1282,.T.);
#886=EDGE_CURVE('',#1136,#1137,#280,.T.);
#887=EDGE_CURVE('',#1138,#1137,#1283,.T.);
#888=EDGE_CURVE('',#1139,#1138,#281,.T.);
#889=EDGE_CURVE('',#1140,#1139,#1284,.T.);
#890=EDGE_CURVE('',#1140,#1141,#282,.T.);
#891=EDGE_CURVE('',#1142,#1141,#1285,.T.);
#892=EDGE_CURVE('',#1143,#1142,#283,.T.);
#893=EDGE_CURVE('',#1144,#1143,#1286,.T.);
#894=EDGE_CURVE('',#1144,#1145,#284,.T.);
#895=EDGE_CURVE('',#1146,#1145,#1287,.T.);
#896=EDGE_CURVE('',#1147,#1146,#285,.T.);
#897=EDGE_CURVE('',#1148,#1147,#1288,.T.);
#898=EDGE_CURVE('',#1148,#1149,#286,.T.);
#899=EDGE_CURVE('',#1150,#1149,#1289,.T.);
#900=EDGE_CURVE('',#1151,#1150,#287,.T.);
#901=EDGE_CURVE('',#1152,#1151,#1290,.T.);
#902=EDGE_CURVE('',#1152,#1153,#288,.T.);
#903=EDGE_CURVE('',#1154,#1153,#1291,.T.);
#904=EDGE_CURVE('',#1155,#1154,#289,.T.);
#905=EDGE_CURVE('',#1156,#1155,#1292,.T.);
#906=EDGE_CURVE('',#1156,#1157,#290,.T.);
#907=EDGE_CURVE('',#1158,#1157,#1293,.T.);
#908=EDGE_CURVE('',#1159,#1158,#291,.T.);
#909=EDGE_CURVE('',#1160,#1159,#1294,.T.);
#910=EDGE_CURVE('',#1160,#1161,#292,.T.);
#911=EDGE_CURVE('',#1162,#1161,#1295,.T.);
#912=EDGE_CURVE('',#1163,#1162,#293,.T.);
#913=EDGE_CURVE('',#1164,#1163,#1296,.T.);
#914=EDGE_CURVE('',#1164,#1165,#294,.T.);
#915=EDGE_CURVE('',#1166,#1165,#1297,.T.);
#916=EDGE_CURVE('',#1167,#1166,#295,.T.);
#917=EDGE_CURVE('',#1168,#1167,#1298,.T.);
#918=EDGE_CURVE('',#1168,#1169,#296,.T.);
#919=EDGE_CURVE('',#1091,#1169,#1299,.T.);
#920=EDGE_CURVE('',#1170,#1090,#52,.T.);
#921=EDGE_CURVE('',#1171,#1170,#1300,.T.);
#922=EDGE_CURVE('',#1171,#1092,#53,.T.);
#923=EDGE_CURVE('',#1172,#1095,#54,.T.);
#924=EDGE_CURVE('',#1173,#1172,#1301,.T.);
#925=EDGE_CURVE('',#1173,#1096,#55,.T.);
#926=EDGE_CURVE('',#1174,#1103,#56,.T.);
#927=EDGE_CURVE('',#1175,#1174,#1302,.T.);
#928=EDGE_CURVE('',#1175,#1104,#57,.T.);
#929=EDGE_CURVE('',#1176,#1099,#58,.T.);
#930=EDGE_CURVE('',#1177,#1176,#1303,.T.);
#931=EDGE_CURVE('',#1177,#1100,#59,.T.);
#932=EDGE_CURVE('',#1178,#1155,#60,.T.);
#933=EDGE_CURVE('',#1179,#1178,#1304,.T.);
#934=EDGE_CURVE('',#1179,#1156,#61,.T.);
#935=EDGE_CURVE('',#1180,#1159,#62,.T.);
#936=EDGE_CURVE('',#1181,#1180,#1305,.T.);
#937=EDGE_CURVE('',#1181,#1160,#63,.T.);
#938=EDGE_CURVE('',#1182,#1163,#64,.T.);
#939=EDGE_CURVE('',#1183,#1182,#1306,.T.);
#940=EDGE_CURVE('',#1183,#1164,#65,.T.);
#941=EDGE_CURVE('',#1184,#1167,#66,.T.);
#942=EDGE_CURVE('',#1185,#1184,#1307,.T.);
#943=EDGE_CURVE('',#1185,#1168,#67,.T.);
#944=EDGE_CURVE('',#1186,#1151,#68,.T.);
#945=EDGE_CURVE('',#1187,#1186,#1308,.T.);
#946=EDGE_CURVE('',#1187,#1152,#69,.T.);
#947=EDGE_CURVE('',#1188,#1147,#70,.T.);
#948=EDGE_CURVE('',#1189,#1188,#1309,.T.);
#949=EDGE_CURVE('',#1189,#1148,#71,.T.);
#950=EDGE_CURVE('',#1190,#1139,#72,.T.);
#951=EDGE_CURVE('',#1191,#1190,#1310,.T.);
#952=EDGE_CURVE('',#1191,#1140,#73,.T.);
#953=EDGE_CURVE('',#1192,#1143,#74,.T.);
#954=EDGE_CURVE('',#1193,#1192,#1311,.T.);
#955=EDGE_CURVE('',#1193,#1144,#75,.T.);
#956=EDGE_CURVE('',#1194,#1107,#76,.T.);
#957=EDGE_CURVE('',#1195,#1194,#1312,.T.);
#958=EDGE_CURVE('',#1195,#1108,#77,.T.);
#959=EDGE_CURVE('',#1196,#1111,#78,.T.);
#960=EDGE_CURVE('',#1197,#1196,#1313,.T.);
#961=EDGE_CURVE('',#1197,#1112,#79,.T.);
#962=EDGE_CURVE('',#1198,#1115,#80,.T.);
#963=EDGE_CURVE('',#1199,#1198,#1314,.T.);
#964=EDGE_CURVE('',#1199,#1116,#81,.T.);
#965=EDGE_CURVE('',#1200,#1119,#82,.T.);
#966=EDGE_CURVE('',#1201,#1200,#1315,.T.);
#967=EDGE_CURVE('',#1201,#1120,#83,.T.);
#968=EDGE_CURVE('',#1202,#1123,#84,.T.);
#969=EDGE_CURVE('',#1203,#1202,#1316,.T.);
#970=EDGE_CURVE('',#1203,#1124,#85,.T.);
#971=EDGE_CURVE('',#1204,#1127,#86,.T.);
#972=EDGE_CURVE('',#1205,#1204,#1317,.T.);
#973=EDGE_CURVE('',#1205,#1128,#87,.T.);
#974=EDGE_CURVE('',#1206,#1131,#88,.T.);
#975=EDGE_CURVE('',#1207,#1206,#1318,.T.);
#976=EDGE_CURVE('',#1207,#1132,#89,.T.);
#977=EDGE_CURVE('',#1208,#1135,#90,.T.);
#978=EDGE_CURVE('',#1209,#1208,#1319,.T.);
#979=EDGE_CURVE('',#1209,#1136,#91,.T.);
#980=EDGE_CURVE('',#1210,#1210,#1320,.T.);
#981=EDGE_CURVE('',#1170,#1211,#297,.T.);
#982=EDGE_CURVE('',#1212,#1211,#1321,.F.);
#983=EDGE_CURVE('',#1185,#1212,#298,.T.);
#984=EDGE_CURVE('',#1184,#1213,#299,.T.);
#985=EDGE_CURVE('',#1214,#1213,#1322,.F.);
#986=EDGE_CURVE('',#1183,#1214,#300,.T.);
#987=EDGE_CURVE('',#1182,#1215,#301,.T.);
#988=EDGE_CURVE('',#1216,#1215,#1323,.F.);
#989=EDGE_CURVE('',#1181,#1216,#302,.T.);
#990=EDGE_CURVE('',#1180,#1217,#303,.T.);
#991=EDGE_CURVE('',#1218,#1217,#1324,.F.);
#992=EDGE_CURVE('',#1179,#1218,#304,.T.);
#993=EDGE_CURVE('',#1178,#1219,#305,.T.);
#994=EDGE_CURVE('',#1220,#1219,#1325,.F.);
#995=EDGE_CURVE('',#1187,#1220,#306,.T.);
#996=EDGE_CURVE('',#1186,#1221,#307,.T.);
#997=EDGE_CURVE('',#1222,#1221,#1326,.F.);
#998=EDGE_CURVE('',#1189,#1222,#308,.T.);
#999=EDGE_CURVE('',#1188,#1223,#309,.T.);
#1000=EDGE_CURVE('',#1224,#1223,#1327,.F.);
#1001=EDGE_CURVE('',#1193,#1224,#310,.T.);
#1002=EDGE_CURVE('',#1192,#1225,#311,.T.);
#1003=EDGE_CURVE('',#1226,#1225,#1328,.F.);
#1004=EDGE_CURVE('',#1191,#1226,#312,.T.);
#1005=EDGE_CURVE('',#1190,#1227,#313,.T.);
#1006=EDGE_CURVE('',#1228,#1227,#1329,.F.);
#1007=EDGE_CURVE('',#1209,#1228,#314,.T.);
#1008=EDGE_CURVE('',#1208,#1229,#315,.T.);
#1009=EDGE_CURVE('',#1230,#1229,#1330,.F.);
#1010=EDGE_CURVE('',#1207,#1230,#316,.T.);
#1011=EDGE_CURVE('',#1206,#1231,#317,.T.);
#1012=EDGE_CURVE('',#1232,#1231,#1331,.F.);
#1013=EDGE_CURVE('',#1205,#1232,#318,.T.);
#1014=EDGE_CURVE('',#1204,#1233,#319,.T.);
#1015=EDGE_CURVE('',#1234,#1233,#1332,.F.);
#1016=EDGE_CURVE('',#1203,#1234,#320,.T.);
#1017=EDGE_CURVE('',#1202,#1235,#321,.T.);
#1018=EDGE_CURVE('',#1236,#1235,#1333,.F.);
#1019=EDGE_CURVE('',#1201,#1236,#322,.T.);
#1020=EDGE_CURVE('',#1200,#1237,#323,.T.);
#1021=EDGE_CURVE('',#1238,#1237,#1334,.F.);
#1022=EDGE_CURVE('',#1199,#1238,#324,.T.);
#1023=EDGE_CURVE('',#1198,#1239,#325,.T.);
#1024=EDGE_CURVE('',#1240,#1239,#1335,.F.);
#1025=EDGE_CURVE('',#1197,#1240,#326,.T.);
#1026=EDGE_CURVE('',#1196,#1241,#327,.T.);
#1027=EDGE_CURVE('',#1242,#1241,#1336,.F.);
#1028=EDGE_CURVE('',#1195,#1242,#328,.T.);
#1029=EDGE_CURVE('',#1194,#1243,#329,.T.);
#1030=EDGE_CURVE('',#1244,#1243,#1337,.F.);
#1031=EDGE_CURVE('',#1175,#1244,#330,.T.);
#1032=EDGE_CURVE('',#1174,#1245,#331,.T.);
#1033=EDGE_CURVE('',#1246,#1245,#1338,.F.);
#1034=EDGE_CURVE('',#1177,#1246,#332,.T.);
#1035=EDGE_CURVE('',#1176,#1247,#333,.T.);
#1036=EDGE_CURVE('',#1248,#1247,#1339,.F.);
#1037=EDGE_CURVE('',#1173,#1248,#334,.T.);
#1038=EDGE_CURVE('',#1172,#1249,#335,.T.);
#1039=EDGE_CURVE('',#1250,#1249,#1340,.F.);
#1040=EDGE_CURVE('',#1171,#1250,#336,.T.);
#1041=EDGE_CURVE('',#1251,#1251,#1341,.T.);
#1042=EDGE_CURVE('',#1252,#1252,#1342,.T.);
#1043=EDGE_CURVE('',#1253,#1253,#337,.T.);
#1044=EDGE_CURVE('',#1254,#1254,#1343,.T.);
#1045=EDGE_CURVE('',#1255,#1255,#1344,.T.);
#1046=EDGE_CURVE('',#1256,#1256,#1345,.T.);
#1047=EDGE_CURVE('',#1257,#1257,#1346,.T.);
#1048=EDGE_CURVE('',#1258,#1258,#338,.T.);
#1049=EDGE_CURVE('',#1227,#1138,#92,.T.);
#1050=EDGE_CURVE('',#1228,#1137,#93,.T.);
#1051=EDGE_CURVE('',#1230,#1133,#94,.T.);
#1052=EDGE_CURVE('',#1229,#1134,#95,.T.);
#1053=EDGE_CURVE('',#1232,#1129,#96,.T.);
#1054=EDGE_CURVE('',#1231,#1130,#97,.T.);
#1055=EDGE_CURVE('',#1234,#1125,#98,.T.);
#1056=EDGE_CURVE('',#1233,#1126,#99,.T.);
#1057=EDGE_CURVE('',#1236,#1121,#100,.T.);
#1058=EDGE_CURVE('',#1235,#1122,#101,.T.);
#1059=EDGE_CURVE('',#1238,#1117,#102,.T.);
#1060=EDGE_CURVE('',#1237,#1118,#103,.T.);
#1061=EDGE_CURVE('',#1240,#1113,#104,.T.);
#1062=EDGE_CURVE('',#1239,#1114,#105,.T.);
#1063=EDGE_CURVE('',#1242,#1109,#106,.T.);
#1064=EDGE_CURVE('',#1241,#1110,#107,.T.);
#1065=EDGE_CURVE('',#1244,#1105,#108,.T.);
#1066=EDGE_CURVE('',#1243,#1106,#109,.T.);
#1067=EDGE_CURVE('',#1223,#1146,#110,.T.);
#1068=EDGE_CURVE('',#1224,#1145,#111,.T.);
#1069=EDGE_CURVE('',#1226,#1141,#112,.T.);
#1070=EDGE_CURVE('',#1225,#1142,#113,.T.);
#1071=EDGE_CURVE('',#1221,#1150,#114,.T.);
#1072=EDGE_CURVE('',#1222,#1149,#115,.T.);
#1073=EDGE_CURVE('',#1219,#1154,#116,.T.);
#1074=EDGE_CURVE('',#1220,#1153,#117,.T.);
#1075=EDGE_CURVE('',#1211,#1091,#118,.T.);
#1076=EDGE_CURVE('',#1212,#1169,#119,.T.);
#1077=EDGE_CURVE('',#1214,#1165,#120,.T.);
#1078=EDGE_CURVE('',#1213,#1166,#121,.T.);
#1079=EDGE_CURVE('',#1216,#1161,#122,.T.);
#1080=EDGE_CURVE('',#1215,#1162,#123,.T.);
#1081=EDGE_CURVE('',#1218,#1157,#124,.T.);
#1082=EDGE_CURVE('',#1217,#1158,#125,.T.);
#1083=EDGE_CURVE('',#1245,#1102,#126,.T.);
#1084=EDGE_CURVE('',#1246,#1101,#127,.T.);
#1085=EDGE_CURVE('',#1248,#1097,#128,.T.);
#1086=EDGE_CURVE('',#1247,#1098,#129,.T.);
#1087=EDGE_CURVE('',#1250,#1093,#130,.T.);
#1088=EDGE_CURVE('',#1249,#1094,#131,.T.);
#1089=VERTEX_POINT('',#2158);
#1090=VERTEX_POINT('',#2195);
#1091=VERTEX_POINT('',#2196);
#1092=VERTEX_POINT('',#2198);
#1093=VERTEX_POINT('',#2235);
#1094=VERTEX_POINT('',#2237);
#1095=VERTEX_POINT('',#2274);
#1096=VERTEX_POINT('',#2276);
#1097=VERTEX_POINT('',#2313);
#1098=VERTEX_POINT('',#2315);
#1099=VERTEX_POINT('',#2352);
#1100=VERTEX_POINT('',#2354);
#1101=VERTEX_POINT('',#2391);
#1102=VERTEX_POINT('',#2393);
#1103=VERTEX_POINT('',#2430);
#1104=VERTEX_POINT('',#2432);
#1105=VERTEX_POINT('',#2469);
#1106=VERTEX_POINT('',#2471);
#1107=VERTEX_POINT('',#2508);
#1108=VERTEX_POINT('',#2510);
#1109=VERTEX_POINT('',#2547);
#1110=VERTEX_POINT('',#2549);
#1111=VERTEX_POINT('',#2586);
#1112=VERTEX_POINT('',#2588);
#1113=VERTEX_POINT('',#2625);
#1114=VERTEX_POINT('',#2627);
#1115=VERTEX_POINT('',#2664);
#1116=VERTEX_POINT('',#2666);
#1117=VERTEX_POINT('',#2703);
#1118=VERTEX_POINT('',#2705);
#1119=VERTEX_POINT('',#2742);
#1120=VERTEX_POINT('',#2744);
#1121=VERTEX_POINT('',#2781);
#1122=VERTEX_POINT('',#2783);
#1123=VERTEX_POINT('',#2820);
#1124=VERTEX_POINT('',#2822);
#1125=VERTEX_POINT('',#2859);
#1126=VERTEX_POINT('',#2861);
#1127=VERTEX_POINT('',#2898);
#1128=VERTEX_POINT('',#2900);
#1129=VERTEX_POINT('',#2937);
#1130=VERTEX_POINT('',#2939);
#1131=VERTEX_POINT('',#2976);
#1132=VERTEX_POINT('',#2978);
#1133=VERTEX_POINT('',#3015);
#1134=VERTEX_POINT('',#3017);
#1135=VERTEX_POINT('',#3054);
#1136=VERTEX_POINT('',#3056);
#1137=VERTEX_POINT('',#3093);
#1138=VERTEX_POINT('',#3095);
#1139=VERTEX_POINT('',#3132);
#1140=VERTEX_POINT('',#3134);
#1141=VERTEX_POINT('',#3171);
#1142=VERTEX_POINT('',#3173);
#1143=VERTEX_POINT('',#3210);
#1144=VERTEX_POINT('',#3212);
#1145=VERTEX_POINT('',#3249);
#1146=VERTEX_POINT('',#3251);
#1147=VERTEX_POINT('',#3288);
#1148=VERTEX_POINT('',#3290);
#1149=VERTEX_POINT('',#3327);
#1150=VERTEX_POINT('',#3329);
#1151=VERTEX_POINT('',#3366);
#1152=VERTEX_POINT('',#3368);
#1153=VERTEX_POINT('',#3405);
#1154=VERTEX_POINT('',#3407);
#1155=VERTEX_POINT('',#3444);
#1156=VERTEX_POINT('',#3446);
#1157=VERTEX_POINT('',#3483);
#1158=VERTEX_POINT('',#3485);
#1159=VERTEX_POINT('',#3522);
#1160=VERTEX_POINT('',#3524);
#1161=VERTEX_POINT('',#3561);
#1162=VERTEX_POINT('',#3563);
#1163=VERTEX_POINT('',#3600);
#1164=VERTEX_POINT('',#3602);
#1165=VERTEX_POINT('',#3639);
#1166=VERTEX_POINT('',#3641);
#1167=VERTEX_POINT('',#3678);
#1168=VERTEX_POINT('',#3680);
#1169=VERTEX_POINT('',#3717);
#1170=VERTEX_POINT('',#3721);
#1171=VERTEX_POINT('',#3723);
#1172=VERTEX_POINT('',#3727);
#1173=VERTEX_POINT('',#3729);
#1174=VERTEX_POINT('',#3733);
#1175=VERTEX_POINT('',#3735);
#1176=VERTEX_POINT('',#3739);
#1177=VERTEX_POINT('',#3741);
#1178=VERTEX_POINT('',#3745);
#1179=VERTEX_POINT('',#3747);
#1180=VERTEX_POINT('',#3751);
#1181=VERTEX_POINT('',#3753);
#1182=VERTEX_POINT('',#3757);
#1183=VERTEX_POINT('',#3759);
#1184=VERTEX_POINT('',#3763);
#1185=VERTEX_POINT('',#3765);
#1186=VERTEX_POINT('',#3769);
#1187=VERTEX_POINT('',#3771);
#1188=VERTEX_POINT('',#3775);
#1189=VERTEX_POINT('',#3777);
#1190=VERTEX_POINT('',#3781);
#1191=VERTEX_POINT('',#3783);
#1192=VERTEX_POINT('',#3787);
#1193=VERTEX_POINT('',#3789);
#1194=VERTEX_POINT('',#3793);
#1195=VERTEX_POINT('',#3795);
#1196=VERTEX_POINT('',#3799);
#1197=VERTEX_POINT('',#3801);
#1198=VERTEX_POINT('',#3805);
#1199=VERTEX_POINT('',#3807);
#1200=VERTEX_POINT('',#3811);
#1201=VERTEX_POINT('',#3813);
#1202=VERTEX_POINT('',#3817);
#1203=VERTEX_POINT('',#3819);
#1204=VERTEX_POINT('',#3823);
#1205=VERTEX_POINT('',#3825);
#1206=VERTEX_POINT('',#3829);
#1207=VERTEX_POINT('',#3831);
#1208=VERTEX_POINT('',#3835);
#1209=VERTEX_POINT('',#3837);
#1210=VERTEX_POINT('',#3841);
#1211=VERTEX_POINT('',#3878);
#1212=VERTEX_POINT('',#3880);
#1213=VERTEX_POINT('',#3953);
#1214=VERTEX_POINT('',#3955);
#1215=VERTEX_POINT('',#4028);
#1216=VERTEX_POINT('',#4030);
#1217=VERTEX_POINT('',#4103);
#1218=VERTEX_POINT('',#4105);
#1219=VERTEX_POINT('',#4178);
#1220=VERTEX_POINT('',#4180);
#1221=VERTEX_POINT('',#4253);
#1222=VERTEX_POINT('',#4255);
#1223=VERTEX_POINT('',#4328);
#1224=VERTEX_POINT('',#4330);
#1225=VERTEX_POINT('',#4403);
#1226=VERTEX_POINT('',#4405);
#1227=VERTEX_POINT('',#4478);
#1228=VERTEX_POINT('',#4480);
#1229=VERTEX_POINT('',#4553);
#1230=VERTEX_POINT('',#4555);
#1231=VERTEX_POINT('',#4628);
#1232=VERTEX_POINT('',#4630);
#1233=VERTEX_POINT('',#4703);
#1234=VERTEX_POINT('',#4705);
#1235=VERTEX_POINT('',#4778);
#1236=VERTEX_POINT('',#4780);
#1237=VERTEX_POINT('',#4853);
#1238=VERTEX_POINT('',#4855);
#1239=VERTEX_POINT('',#4928);
#1240=VERTEX_POINT('',#4930);
#1241=VERTEX_POINT('',#5003);
#1242=VERTEX_POINT('',#5005);
#1243=VERTEX_POINT('',#5078);
#1244=VERTEX_POINT('',#5080);
#1245=VERTEX_POINT('',#5153);
#1246=VERTEX_POINT('',#5155);
#1247=VERTEX_POINT('',#5228);
#1248=VERTEX_POINT('',#5230);
#1249=VERTEX_POINT('',#5303);
#1250=VERTEX_POINT('',#5305);
#1251=VERTEX_POINT('',#5344);
#1252=VERTEX_POINT('',#5346);
#1253=VERTEX_POINT('',#5359);
#1254=VERTEX_POINT('',#5361);
#1255=VERTEX_POINT('',#5364);
#1256=VERTEX_POINT('',#5367);
#1257=VERTEX_POINT('',#5369);
#1258=VERTEX_POINT('',#5384);
#1259=CIRCLE('',#1660,1.7);
#1260=CIRCLE('',#1661,1.2);
#1261=CIRCLE('',#1662,1.43);
#1262=CIRCLE('',#1663,1.2);
#1263=CIRCLE('',#1664,1.43);
#1264=CIRCLE('',#1665,1.2);
#1265=CIRCLE('',#1666,1.43);
#1266=CIRCLE('',#1667,1.2);
#1267=CIRCLE('',#1668,1.43);
#1268=CIRCLE('',#1669,1.2);
#1269=CIRCLE('',#1670,1.43);
#1270=CIRCLE('',#1671,1.2);
#1271=CIRCLE('',#1672,1.43);
#1272=CIRCLE('',#1673,1.2);
#1273=CIRCLE('',#1674,1.43);
#1274=CIRCLE('',#1675,1.2);
#1275=CIRCLE('',#1676,1.43);
#1276=CIRCLE('',#1677,1.2);
#1277=CIRCLE('',#1678,1.43);
#1278=CIRCLE('',#1679,1.2);
#1279=CIRCLE('',#1680,1.43);
#1280=CIRCLE('',#1681,1.2);
#1281=CIRCLE('',#1682,1.43);
#1282=CIRCLE('',#1683,1.2);
#1283=CIRCLE('',#1684,1.43);
#1284=CIRCLE('',#1685,1.2);
#1285=CIRCLE('',#1686,1.43);
#1286=CIRCLE('',#1687,1.2);
#1287=CIRCLE('',#1688,1.43);
#1288=CIRCLE('',#1689,1.2);
#1289=CIRCLE('',#1690,1.43);
#1290=CIRCLE('',#1691,1.2);
#1291=CIRCLE('',#1692,1.43);
#1292=CIRCLE('',#1693,1.2);
#1293=CIRCLE('',#1694,1.43);
#1294=CIRCLE('',#1695,1.2);
#1295=CIRCLE('',#1696,1.43);
#1296=CIRCLE('',#1697,1.2);
#1297=CIRCLE('',#1698,1.43);
#1298=CIRCLE('',#1699,1.2);
#1299=CIRCLE('',#1700,1.43);
#1300=CIRCLE('',#1702,1.2);
#1301=CIRCLE('',#1704,1.2);
#1302=CIRCLE('',#1706,1.2);
#1303=CIRCLE('',#1708,1.2);
#1304=CIRCLE('',#1710,1.2);
#1305=CIRCLE('',#1712,1.2);
#1306=CIRCLE('',#1714,1.2);
#1307=CIRCLE('',#1716,1.2);
#1308=CIRCLE('',#1718,1.2);
#1309=CIRCLE('',#1720,1.2);
#1310=CIRCLE('',#1722,1.2);
#1311=CIRCLE('',#1724,1.2);
#1312=CIRCLE('',#1726,1.2);
#1313=CIRCLE('',#1728,1.2);
#1314=CIRCLE('',#1730,1.2);
#1315=CIRCLE('',#1732,1.2);
#1316=CIRCLE('',#1734,1.2);
#1317=CIRCLE('',#1736,1.2);
#1318=CIRCLE('',#1738,1.2);
#1319=CIRCLE('',#1740,1.2);
#1320=CIRCLE('',#1742,1.7);
#1321=CIRCLE('',#1743,1.43);
#1322=CIRCLE('',#1744,1.43);
#1323=CIRCLE('',#1745,1.43);
#1324=CIRCLE('',#1746,1.43);
#1325=CIRCLE('',#1747,1.43);
#1326=CIRCLE('',#1748,1.43);
#1327=CIRCLE('',#1749,1.43);
#1328=CIRCLE('',#1750,1.43);
#1329=CIRCLE('',#1751,1.43);
#1330=CIRCLE('',#1752,1.43);
#1331=CIRCLE('',#1753,1.43);
#1332=CIRCLE('',#1754,1.43);
#1333=CIRCLE('',#1755,1.43);
#1334=CIRCLE('',#1756,1.43);
#1335=CIRCLE('',#1757,1.43);
#1336=CIRCLE('',#1758,1.43);
#1337=CIRCLE('',#1759,1.43);
#1338=CIRCLE('',#1760,1.43);
#1339=CIRCLE('',#1761,1.43);
#1340=CIRCLE('',#1762,1.43);
#1341=CIRCLE('',#1764,1.7);
#1342=CIRCLE('',#1765,0.8);
#1343=CIRCLE('',#1767,0.8);
#1344=CIRCLE('',#1769,0.5);
#1345=CIRCLE('',#1771,0.5);
#1346=CIRCLE('',#1772,1.7);
#1347=EDGE_LOOP('',(#339));
#1348=EDGE_LOOP('',(#340,#341,#342,#343,#344,#345,#346,#347,#348,#349,#350,
#351,#352,#353,#354,#355,#356,#357,#358,#359,#360,#361,#362,#363,#364,#365,
#366,#367,#368,#369,#370,#371,#372,#373,#374,#375,#376,#377,#378,#379,#380,
#381,#382,#383,#384,#385,#386,#387,#388,#389,#390,#391,#392,#393,#394,#395,
#396,#397,#398,#399,#400,#401,#402,#403,#404,#405,#406,#407,#408,#409,#410,
#411,#412,#413,#414,#415,#416,#417,#418,#419));
#1349=EDGE_LOOP('',(#420,#421,#422,#423));
#1350=EDGE_LOOP('',(#424,#425,#426,#427));
#1351=EDGE_LOOP('',(#428,#429,#430,#431));
#1352=EDGE_LOOP('',(#432,#433,#434,#435));
#1353=EDGE_LOOP('',(#436,#437,#438,#439));
#1354=EDGE_LOOP('',(#440,#441,#442,#443));
#1355=EDGE_LOOP('',(#444,#445,#446,#447));
#1356=EDGE_LOOP('',(#448,#449,#450,#451));
#1357=EDGE_LOOP('',(#452,#453,#454,#455));
#1358=EDGE_LOOP('',(#456,#457,#458,#459));
#1359=EDGE_LOOP('',(#460,#461,#462,#463));
#1360=EDGE_LOOP('',(#464,#465,#466,#467));
#1361=EDGE_LOOP('',(#468,#469,#470,#471));
#1362=EDGE_LOOP('',(#472,#473,#474,#475));
#1363=EDGE_LOOP('',(#476,#477,#478,#479));
#1364=EDGE_LOOP('',(#480,#481,#482,#483));
#1365=EDGE_LOOP('',(#484,#485,#486,#487));
#1366=EDGE_LOOP('',(#488,#489,#490,#491));
#1367=EDGE_LOOP('',(#492,#493,#494,#495));
#1368=EDGE_LOOP('',(#496,#497,#498,#499));
#1369=EDGE_LOOP('',(#500));
#1370=EDGE_LOOP('',(#501,#502,#503,#504,#505,#506,#507,#508,#509,#510,#511,
#512,#513,#514,#515,#516,#517,#518,#519,#520,#521,#522,#523,#524,#525,#526,
#527,#528,#529,#530,#531,#532,#533,#534,#535,#536,#537,#538,#539,#540,#541,
#542,#543,#544,#545,#546,#547,#548,#549,#550,#551,#552,#553,#554,#555,#556,
#557,#558,#559,#560,#561,#562,#563,#564,#565,#566,#567,#568,#569,#570,#571,
#572,#573,#574,#575,#576,#577,#578,#579,#580));
#1371=EDGE_LOOP('',(#581));
#1372=EDGE_LOOP('',(#582));
#1373=EDGE_LOOP('',(#583));
#1374=EDGE_LOOP('',(#584));
#1375=EDGE_LOOP('',(#585));
#1376=EDGE_LOOP('',(#586));
#1377=EDGE_LOOP('',(#587));
#1378=EDGE_LOOP('',(#588));
#1379=EDGE_LOOP('',(#589));
#1380=EDGE_LOOP('',(#590));
#1381=EDGE_LOOP('',(#591));
#1382=EDGE_LOOP('',(#592));
#1383=EDGE_LOOP('',(#593));
#1384=EDGE_LOOP('',(#594));
#1385=EDGE_LOOP('',(#595));
#1386=EDGE_LOOP('',(#596));
#1387=EDGE_LOOP('',(#597));
#1388=EDGE_LOOP('',(#598));
#1389=EDGE_LOOP('',(#599,#600,#601,#602));
#1390=EDGE_LOOP('',(#603,#604,#605,#606));
#1391=EDGE_LOOP('',(#607,#608,#609,#610));
#1392=EDGE_LOOP('',(#611,#612,#613,#614));
#1393=EDGE_LOOP('',(#615,#616,#617,#618));
#1394=EDGE_LOOP('',(#619,#620,#621,#622));
#1395=EDGE_LOOP('',(#623,#624,#625,#626));
#1396=EDGE_LOOP('',(#627,#628,#629,#630));
#1397=EDGE_LOOP('',(#631,#632,#633,#634));
#1398=EDGE_LOOP('',(#635,#636,#637,#638));
#1399=EDGE_LOOP('',(#639,#640,#641,#642));
#1400=EDGE_LOOP('',(#643,#644,#645,#646));
#1401=EDGE_LOOP('',(#647,#648,#649,#650));
#1402=EDGE_LOOP('',(#651,#652,#653,#654));
#1403=EDGE_LOOP('',(#655,#656,#657,#658));
#1404=EDGE_LOOP('',(#659,#660,#661,#662));
#1405=EDGE_LOOP('',(#663,#664,#665,#666));
#1406=EDGE_LOOP('',(#667,#668,#669,#670));
#1407=EDGE_LOOP('',(#671,#672,#673,#674));
#1408=EDGE_LOOP('',(#675,#676,#677,#678));
#1409=EDGE_LOOP('',(#679,#680,#681,#682));
#1410=EDGE_LOOP('',(#683,#684,#685,#686));
#1411=EDGE_LOOP('',(#687,#688,#689,#690));
#1412=EDGE_LOOP('',(#691,#692,#693,#694));
#1413=EDGE_LOOP('',(#695,#696,#697,#698));
#1414=EDGE_LOOP('',(#699,#700,#701,#702));
#1415=EDGE_LOOP('',(#703,#704,#705,#706));
#1416=EDGE_LOOP('',(#707,#708,#709,#710));
#1417=EDGE_LOOP('',(#711,#712,#713,#714));
#1418=EDGE_LOOP('',(#715,#716,#717,#718));
#1419=EDGE_LOOP('',(#719,#720,#721,#722));
#1420=EDGE_LOOP('',(#723,#724,#725,#726));
#1421=EDGE_LOOP('',(#727,#728,#729,#730));
#1422=EDGE_LOOP('',(#731,#732,#733,#734));
#1423=EDGE_LOOP('',(#735,#736,#737,#738));
#1424=EDGE_LOOP('',(#739,#740,#741,#742));
#1425=EDGE_LOOP('',(#743,#744,#745,#746));
#1426=EDGE_LOOP('',(#747,#748,#749,#750));
#1427=EDGE_LOOP('',(#751,#752,#753,#754));
#1428=EDGE_LOOP('',(#755,#756,#757,#758));
#1429=EDGE_LOOP('',(#759,#760,#761,#762));
#1430=EDGE_LOOP('',(#763,#764,#765,#766));
#1431=EDGE_LOOP('',(#767,#768,#769,#770));
#1432=EDGE_LOOP('',(#771,#772,#773,#774));
#1433=EDGE_LOOP('',(#775,#776,#777,#778));
#1434=EDGE_LOOP('',(#779,#780,#781,#782));
#1435=EDGE_LOOP('',(#783,#784,#785,#786));
#1436=EDGE_LOOP('',(#787,#788,#789,#790));
#1437=EDGE_LOOP('',(#791,#792,#793,#794));
#1438=EDGE_LOOP('',(#795,#796,#797,#798));
#1439=EDGE_LOOP('',(#799,#800,#801,#802));
#1440=EDGE_LOOP('',(#803,#804,#805,#806));
#1441=EDGE_LOOP('',(#807,#808,#809,#810));
#1442=EDGE_LOOP('',(#811,#812,#813,#814));
#1443=EDGE_LOOP('',(#815,#816,#817,#818));
#1444=EDGE_LOOP('',(#819,#820,#821,#822));
#1445=EDGE_LOOP('',(#823,#824,#825,#826));
#1446=EDGE_LOOP('',(#827,#828,#829,#830));
#1447=EDGE_LOOP('',(#831,#832,#833,#834));
#1448=EDGE_LOOP('',(#835,#836,#837,#838));
#1449=FACE_BOUND('',#1347,.T.);
#1450=FACE_BOUND('',#1348,.T.);
#1451=FACE_BOUND('',#1349,.T.);
#1452=FACE_BOUND('',#1350,.T.);
#1453=FACE_BOUND('',#1351,.T.);
#1454=FACE_BOUND('',#1352,.T.);
#1455=FACE_BOUND('',#1353,.T.);
#1456=FACE_BOUND('',#1354,.T.);
#1457=FACE_BOUND('',#1355,.T.);
#1458=FACE_BOUND('',#1356,.T.);
#1459=FACE_BOUND('',#1357,.T.);
#1460=FACE_BOUND('',#1358,.T.);
#1461=FACE_BOUND('',#1359,.T.);
#1462=FACE_BOUND('',#1360,.T.);
#1463=FACE_BOUND('',#1361,.T.);
#1464=FACE_BOUND('',#1362,.T.);
#1465=FACE_BOUND('',#1363,.T.);
#1466=FACE_BOUND('',#1364,.T.);
#1467=FACE_BOUND('',#1365,.T.);
#1468=FACE_BOUND('',#1366,.T.);
#1469=FACE_BOUND('',#1367,.T.);
#1470=FACE_BOUND('',#1368,.T.);
#1471=FACE_BOUND('',#1369,.T.);
#1472=FACE_BOUND('',#1370,.T.);
#1473=FACE_BOUND('',#1371,.T.);
#1474=FACE_BOUND('',#1372,.T.);
#1475=FACE_BOUND('',#1373,.T.);
#1476=FACE_BOUND('',#1374,.T.);
#1477=FACE_BOUND('',#1375,.T.);
#1478=FACE_BOUND('',#1376,.T.);
#1479=FACE_BOUND('',#1377,.T.);
#1480=FACE_BOUND('',#1378,.T.);
#1481=FACE_BOUND('',#1379,.T.);
#1482=FACE_BOUND('',#1380,.T.);
#1483=FACE_BOUND('',#1381,.T.);
#1484=FACE_BOUND('',#1382,.T.);
#1485=FACE_BOUND('',#1383,.T.);
#1486=FACE_BOUND('',#1384,.T.);
#1487=FACE_BOUND('',#1385,.T.);
#1488=FACE_BOUND('',#1386,.T.);
#1489=FACE_BOUND('',#1387,.T.);
#1490=FACE_BOUND('',#1388,.T.);
#1491=FACE_BOUND('',#1389,.T.);
#1492=FACE_BOUND('',#1390,.T.);
#1493=FACE_BOUND('',#1391,.T.);
#1494=FACE_BOUND('',#1392,.T.);
#1495=FACE_BOUND('',#1393,.T.);
#1496=FACE_BOUND('',#1394,.T.);
#1497=FACE_BOUND('',#1395,.T.);
#1498=FACE_BOUND('',#1396,.T.);
#1499=FACE_BOUND('',#1397,.T.);
#1500=FACE_BOUND('',#1398,.T.);
#1501=FACE_BOUND('',#1399,.T.);
#1502=FACE_BOUND('',#1400,.T.);
#1503=FACE_BOUND('',#1401,.T.);
#1504=FACE_BOUND('',#1402,.T.);
#1505=FACE_BOUND('',#1403,.T.);
#1506=FACE_BOUND('',#1404,.T.);
#1507=FACE_BOUND('',#1405,.T.);
#1508=FACE_BOUND('',#1406,.T.);
#1509=FACE_BOUND('',#1407,.T.);
#1510=FACE_BOUND('',#1408,.T.);
#1511=FACE_BOUND('',#1409,.T.);
#1512=FACE_BOUND('',#1410,.T.);
#1513=FACE_BOUND('',#1411,.T.);
#1514=FACE_BOUND('',#1412,.T.);
#1515=FACE_BOUND('',#1413,.T.);
#1516=FACE_BOUND('',#1414,.T.);
#1517=FACE_BOUND('',#1415,.T.);
#1518=FACE_BOUND('',#1416,.T.);
#1519=FACE_BOUND('',#1417,.T.);
#1520=FACE_BOUND('',#1418,.T.);
#1521=FACE_BOUND('',#1419,.T.);
#1522=FACE_BOUND('',#1420,.T.);
#1523=FACE_BOUND('',#1421,.T.);
#1524=FACE_BOUND('',#1422,.T.);
#1525=FACE_BOUND('',#1423,.T.);
#1526=FACE_BOUND('',#1424,.T.);
#1527=FACE_BOUND('',#1425,.T.);
#1528=FACE_BOUND('',#1426,.T.);
#1529=FACE_BOUND('',#1427,.T.);
#1530=FACE_BOUND('',#1428,.T.);
#1531=FACE_BOUND('',#1429,.T.);
#1532=FACE_BOUND('',#1430,.T.);
#1533=FACE_BOUND('',#1431,.T.);
#1534=FACE_BOUND('',#1432,.T.);
#1535=FACE_BOUND('',#1433,.T.);
#1536=FACE_BOUND('',#1434,.T.);
#1537=FACE_BOUND('',#1435,.T.);
#1538=FACE_BOUND('',#1436,.T.);
#1539=FACE_BOUND('',#1437,.T.);
#1540=FACE_BOUND('',#1438,.T.);
#1541=FACE_BOUND('',#1439,.T.);
#1542=FACE_BOUND('',#1440,.T.);
#1543=FACE_BOUND('',#1441,.T.);
#1544=FACE_BOUND('',#1442,.T.);
#1545=FACE_BOUND('',#1443,.T.);
#1546=FACE_BOUND('',#1444,.T.);
#1547=FACE_BOUND('',#1445,.T.);
#1548=FACE_BOUND('',#1446,.T.);
#1549=FACE_BOUND('',#1447,.T.);
#1550=FACE_BOUND('',#1448,.T.);
#1551=PLANE('',#1659);
#1552=PLANE('',#1741);
#1553=PLANE('',#1763);
#1554=PLANE('',#1768);
#1555=PLANE('',#1770);
#1556=ADVANCED_FACE('',(#1449,#1450),#1551,.F.);
#1557=ADVANCED_FACE('',(#1451),#212,.T.);
#1558=ADVANCED_FACE('',(#1452),#213,.T.);
#1559=ADVANCED_FACE('',(#1453),#214,.T.);
#1560=ADVANCED_FACE('',(#1454),#215,.T.);
#1561=ADVANCED_FACE('',(#1455),#216,.T.);
#1562=ADVANCED_FACE('',(#1456),#217,.T.);
#1563=ADVANCED_FACE('',(#1457),#218,.T.);
#1564=ADVANCED_FACE('',(#1458),#219,.T.);
#1565=ADVANCED_FACE('',(#1459),#220,.T.);
#1566=ADVANCED_FACE('',(#1460),#221,.T.);
#1567=ADVANCED_FACE('',(#1461),#222,.T.);
#1568=ADVANCED_FACE('',(#1462),#223,.T.);
#1569=ADVANCED_FACE('',(#1463),#224,.T.);
#1570=ADVANCED_FACE('',(#1464),#225,.T.);
#1571=ADVANCED_FACE('',(#1465),#226,.T.);
#1572=ADVANCED_FACE('',(#1466),#227,.T.);
#1573=ADVANCED_FACE('',(#1467),#228,.T.);
#1574=ADVANCED_FACE('',(#1468),#229,.T.);
#1575=ADVANCED_FACE('',(#1469),#230,.T.);
#1576=ADVANCED_FACE('',(#1470),#231,.T.);
#1577=ADVANCED_FACE('',(#1471,#1472),#1552,.T.);
#1578=ADVANCED_FACE('',(#1473,#1474),#1553,.T.);
#1579=ADVANCED_FACE('',(#1475,#1476,#1477),#232,.T.);
#1580=ADVANCED_FACE('',(#1478,#1479),#1554,.F.);
#1581=ADVANCED_FACE('',(#1480,#1481),#1555,.F.);
#1582=ADVANCED_FACE('',(#1482,#1483),#233,.T.);
#1583=ADVANCED_FACE('',(#1484,#1485),#234,.T.);
#1584=ADVANCED_FACE('',(#1486,#1487,#1488),#235,.F.);
#1585=ADVANCED_FACE('',(#1489,#1490),#236,.F.);
#1586=ADVANCED_FACE('',(#1491),#12,.F.);
#1587=ADVANCED_FACE('',(#1492),#13,.T.);
#1588=ADVANCED_FACE('',(#1493),#237,.T.);
#1589=ADVANCED_FACE('',(#1494),#14,.T.);
#1590=ADVANCED_FACE('',(#1495),#15,.F.);
#1591=ADVANCED_FACE('',(#1496),#238,.T.);
#1592=ADVANCED_FACE('',(#1497),#16,.T.);
#1593=ADVANCED_FACE('',(#1498),#17,.F.);
#1594=ADVANCED_FACE('',(#1499),#239,.T.);
#1595=ADVANCED_FACE('',(#1500),#18,.T.);
#1596=ADVANCED_FACE('',(#1501),#19,.F.);
#1597=ADVANCED_FACE('',(#1502),#240,.T.);
#1598=ADVANCED_FACE('',(#1503),#20,.T.);
#1599=ADVANCED_FACE('',(#1504),#21,.F.);
#1600=ADVANCED_FACE('',(#1505),#241,.T.);
#1601=ADVANCED_FACE('',(#1506),#22,.T.);
#1602=ADVANCED_FACE('',(#1507),#23,.F.);
#1603=ADVANCED_FACE('',(#1508),#242,.T.);
#1604=ADVANCED_FACE('',(#1509),#24,.T.);
#1605=ADVANCED_FACE('',(#1510),#25,.F.);
#1606=ADVANCED_FACE('',(#1511),#243,.T.);
#1607=ADVANCED_FACE('',(#1512),#26,.T.);
#1608=ADVANCED_FACE('',(#1513),#27,.F.);
#1609=ADVANCED_FACE('',(#1514),#244,.T.);
#1610=ADVANCED_FACE('',(#1515),#28,.T.);
#1611=ADVANCED_FACE('',(#1516),#29,.F.);
#1612=ADVANCED_FACE('',(#1517),#245,.T.);
#1613=ADVANCED_FACE('',(#1518),#30,.F.);
#1614=ADVANCED_FACE('',(#1519),#31,.T.);
#1615=ADVANCED_FACE('',(#1520),#246,.T.);
#1616=ADVANCED_FACE('',(#1521),#32,.T.);
#1617=ADVANCED_FACE('',(#1522),#33,.F.);
#1618=ADVANCED_FACE('',(#1523),#247,.T.);
#1619=ADVANCED_FACE('',(#1524),#34,.F.);
#1620=ADVANCED_FACE('',(#1525),#35,.T.);
#1621=ADVANCED_FACE('',(#1526),#248,.T.);
#1622=ADVANCED_FACE('',(#1527),#36,.F.);
#1623=ADVANCED_FACE('',(#1528),#37,.T.);
#1624=ADVANCED_FACE('',(#1529),#249,.T.);
#1625=ADVANCED_FACE('',(#1530),#38,.F.);
#1626=ADVANCED_FACE('',(#1531),#39,.T.);
#1627=ADVANCED_FACE('',(#1532),#250,.T.);
#1628=ADVANCED_FACE('',(#1533),#40,.T.);
#1629=ADVANCED_FACE('',(#1534),#41,.F.);
#1630=ADVANCED_FACE('',(#1535),#251,.T.);
#1631=ADVANCED_FACE('',(#1536),#42,.T.);
#1632=ADVANCED_FACE('',(#1537),#43,.F.);
#1633=ADVANCED_FACE('',(#1538),#252,.T.);
#1634=ADVANCED_FACE('',(#1539),#44,.T.);
#1635=ADVANCED_FACE('',(#1540),#45,.F.);
#1636=ADVANCED_FACE('',(#1541),#253,.T.);
#1637=ADVANCED_FACE('',(#1542),#46,.F.);
#1638=ADVANCED_FACE('',(#1543),#47,.T.);
#1639=ADVANCED_FACE('',(#1544),#254,.T.);
#1640=ADVANCED_FACE('',(#1545),#48,.T.);
#1641=ADVANCED_FACE('',(#1546),#49,.F.);
#1642=ADVANCED_FACE('',(#1547),#255,.T.);
#1643=ADVANCED_FACE('',(#1548),#50,.T.);
#1644=ADVANCED_FACE('',(#1549),#51,.F.);
#1645=ADVANCED_FACE('',(#1550),#256,.T.);
#1646=CLOSED_SHELL('',(#1556,#1557,#1558,#1559,#1560,#1561,#1562,#1563,
#1564,#1565,#1566,#1567,#1568,#1569,#1570,#1571,#1572,#1573,#1574,#1575,
#1576,#1577,#1578,#1579,#1580,#1581,#1582,#1583,#1584,#1585,#1586,#1587,
#1588,#1589,#1590,#1591,#1592,#1593,#1594,#1595,#1596,#1597,#1598,#1599,
#1600,#1601,#1602,#1603,#1604,#1605,#1606,#1607,#1608,#1609,#1610,#1611,
#1612,#1613,#1614,#1615,#1616,#1617,#1618,#1619,#1620,#1621,#1622,#1623,
#1624,#1625,#1626,#1627,#1628,#1629,#1630,#1631,#1632,#1633,#1634,#1635,
#1636,#1637,#1638,#1639,#1640,#1641,#1642,#1643,#1644,#1645));
#1647=STYLED_ITEM('',(#1648),#1655);
#1648=PRESENTATION_STYLE_ASSIGNMENT((#1649));
#1649=SURFACE_STYLE_USAGE(.BOTH.,#1650);
#1650=SURFACE_SIDE_STYLE('',(#1651));
#1651=SURFACE_STYLE_FILL_AREA(#1652);
#1652=FILL_AREA_STYLE('',(#1653));
#1653=FILL_AREA_STYLE_COLOUR('',#1654);
#1654=COLOUR_RGB('',0.615686274509804,0.811764705882353,0.929411764705882);
#1655=MANIFOLD_SOLID_BREP('Part 1',#1646);
#1656=SHAPE_DEFINITION_REPRESENTATION(#5772,#1657);
#1657=SHAPE_REPRESENTATION('Part 1',(#1658),#5767);
#1658=AXIS2_PLACEMENT_3D('',#2155,#1797,#1798);
#1659=AXIS2_PLACEMENT_3D('',#2156,#1799,#1800);
#1660=AXIS2_PLACEMENT_3D('',#2157,#1801,#1802);
#1661=AXIS2_PLACEMENT_3D('',#2197,#1803,#1804);
#1662=AXIS2_PLACEMENT_3D('',#2236,#1805,#1806);
#1663=AXIS2_PLACEMENT_3D('',#2275,#1807,#1808);
#1664=AXIS2_PLACEMENT_3D('',#2314,#1809,#1810);
#1665=AXIS2_PLACEMENT_3D('',#2353,#1811,#1812);
#1666=AXIS2_PLACEMENT_3D('',#2392,#1813,#1814);
#1667=AXIS2_PLACEMENT_3D('',#2431,#1815,#1816);
#1668=AXIS2_PLACEMENT_3D('',#2470,#1817,#1818);
#1669=AXIS2_PLACEMENT_3D('',#2509,#1819,#1820);
#1670=AXIS2_PLACEMENT_3D('',#2548,#1821,#1822);
#1671=AXIS2_PLACEMENT_3D('',#2587,#1823,#1824);
#1672=AXIS2_PLACEMENT_3D('',#2626,#1825,#1826);
#1673=AXIS2_PLACEMENT_3D('',#2665,#1827,#1828);
#1674=AXIS2_PLACEMENT_3D('',#2704,#1829,#1830);
#1675=AXIS2_PLACEMENT_3D('',#2743,#1831,#1832);
#1676=AXIS2_PLACEMENT_3D('',#2782,#1833,#1834);
#1677=AXIS2_PLACEMENT_3D('',#2821,#1835,#1836);
#1678=AXIS2_PLACEMENT_3D('',#2860,#1837,#1838);
#1679=AXIS2_PLACEMENT_3D('',#2899,#1839,#1840);
#1680=AXIS2_PLACEMENT_3D('',#2938,#1841,#1842);
#1681=AXIS2_PLACEMENT_3D('',#2977,#1843,#1844);
#1682=AXIS2_PLACEMENT_3D('',#3016,#1845,#1846);
#1683=AXIS2_PLACEMENT_3D('',#3055,#1847,#1848);
#1684=AXIS2_PLACEMENT_3D('',#3094,#1849,#1850);
#1685=AXIS2_PLACEMENT_3D('',#3133,#1851,#1852);
#1686=AXIS2_PLACEMENT_3D('',#3172,#1853,#1854);
#1687=AXIS2_PLACEMENT_3D('',#3211,#1855,#1856);
#1688=AXIS2_PLACEMENT_3D('',#3250,#1857,#1858);
#1689=AXIS2_PLACEMENT_3D('',#3289,#1859,#1860);
#1690=AXIS2_PLACEMENT_3D('',#3328,#1861,#1862);
#1691=AXIS2_PLACEMENT_3D('',#3367,#1863,#1864);
#1692=AXIS2_PLACEMENT_3D('',#3406,#1865,#1866);
#1693=AXIS2_PLACEMENT_3D('',#3445,#1867,#1868);
#1694=AXIS2_PLACEMENT_3D('',#3484,#1869,#1870);
#1695=AXIS2_PLACEMENT_3D('',#3523,#1871,#1872);
#1696=AXIS2_PLACEMENT_3D('',#3562,#1873,#1874);
#1697=AXIS2_PLACEMENT_3D('',#3601,#1875,#1876);
#1698=AXIS2_PLACEMENT_3D('',#3640,#1877,#1878);
#1699=AXIS2_PLACEMENT_3D('',#3679,#1879,#1880);
#1700=AXIS2_PLACEMENT_3D('',#3718,#1881,#1882);
#1701=AXIS2_PLACEMENT_3D('',#3719,#1883,#1884);
#1702=AXIS2_PLACEMENT_3D('',#3722,#1886,#1887);
#1703=AXIS2_PLACEMENT_3D('',#3725,#1889,#1890);
#1704=AXIS2_PLACEMENT_3D('',#3728,#1892,#1893);
#1705=AXIS2_PLACEMENT_3D('',#3731,#1895,#1896);
#1706=AXIS2_PLACEMENT_3D('',#3734,#1898,#1899);
#1707=AXIS2_PLACEMENT_3D('',#3737,#1901,#1902);
#1708=AXIS2_PLACEMENT_3D('',#3740,#1904,#1905);
#1709=AXIS2_PLACEMENT_3D('',#3743,#1907,#1908);
#1710=AXIS2_PLACEMENT_3D('',#3746,#1910,#1911);
#1711=AXIS2_PLACEMENT_3D('',#3749,#1913,#1914);
#1712=AXIS2_PLACEMENT_3D('',#3752,#1916,#1917);
#1713=AXIS2_PLACEMENT_3D('',#3755,#1919,#1920);
#1714=AXIS2_PLACEMENT_3D('',#3758,#1922,#1923);
#1715=AXIS2_PLACEMENT_3D('',#3761,#1925,#1926);
#1716=AXIS2_PLACEMENT_3D('',#3764,#1928,#1929);
#1717=AXIS2_PLACEMENT_3D('',#3767,#1931,#1932);
#1718=AXIS2_PLACEMENT_3D('',#3770,#1934,#1935);
#1719=AXIS2_PLACEMENT_3D('',#3773,#1937,#1938);
#1720=AXIS2_PLACEMENT_3D('',#3776,#1940,#1941);
#1721=AXIS2_PLACEMENT_3D('',#3779,#1943,#1944);
#1722=AXIS2_PLACEMENT_3D('',#3782,#1946,#1947);
#1723=AXIS2_PLACEMENT_3D('',#3785,#1949,#1950);
#1724=AXIS2_PLACEMENT_3D('',#3788,#1952,#1953);
#1725=AXIS2_PLACEMENT_3D('',#3791,#1955,#1956);
#1726=AXIS2_PLACEMENT_3D('',#3794,#1958,#1959);
#1727=AXIS2_PLACEMENT_3D('',#3797,#1961,#1962);
#1728=AXIS2_PLACEMENT_3D('',#3800,#1964,#1965);
#1729=AXIS2_PLACEMENT_3D('',#3803,#1967,#1968);
#1730=AXIS2_PLACEMENT_3D('',#3806,#1970,#1971);
#1731=AXIS2_PLACEMENT_3D('',#3809,#1973,#1974);
#1732=AXIS2_PLACEMENT_3D('',#3812,#1976,#1977);
#1733=AXIS2_PLACEMENT_3D('',#3815,#1979,#1980);
#1734=AXIS2_PLACEMENT_3D('',#3818,#1982,#1983);
#1735=AXIS2_PLACEMENT_3D('',#3821,#1985,#1986);
#1736=AXIS2_PLACEMENT_3D('',#3824,#1988,#1989);
#1737=AXIS2_PLACEMENT_3D('',#3827,#1991,#1992);
#1738=AXIS2_PLACEMENT_3D('',#3830,#1994,#1995);
#1739=AXIS2_PLACEMENT_3D('',#3833,#1997,#1998);
#1740=AXIS2_PLACEMENT_3D('',#3836,#2000,#2001);
#1741=AXIS2_PLACEMENT_3D('',#3839,#2003,#2004);
#1742=AXIS2_PLACEMENT_3D('',#3840,#2005,#2006);
#1743=AXIS2_PLACEMENT_3D('',#3879,#2007,#2008);
#1744=AXIS2_PLACEMENT_3D('',#3954,#2009,#2010);
#1745=AXIS2_PLACEMENT_3D('',#4029,#2011,#2012);
#1746=AXIS2_PLACEMENT_3D('',#4104,#2013,#2014);
#1747=AXIS2_PLACEMENT_3D('',#4179,#2015,#2016);
#1748=AXIS2_PLACEMENT_3D('',#4254,#2017,#2018);
#1749=AXIS2_PLACEMENT_3D('',#4329,#2019,#2020);
#1750=AXIS2_PLACEMENT_3D('',#4404,#2021,#2022);
#1751=AXIS2_PLACEMENT_3D('',#4479,#2023,#2024);
#1752=AXIS2_PLACEMENT_3D('',#4554,#2025,#2026);
#1753=AXIS2_PLACEMENT_3D('',#4629,#2027,#2028);
#1754=AXIS2_PLACEMENT_3D('',#4704,#2029,#2030);
#1755=AXIS2_PLACEMENT_3D('',#4779,#2031,#2032);
#1756=AXIS2_PLACEMENT_3D('',#4854,#2033,#2034);
#1757=AXIS2_PLACEMENT_3D('',#4929,#2035,#2036);
#1758=AXIS2_PLACEMENT_3D('',#5004,#2037,#2038);
#1759=AXIS2_PLACEMENT_3D('',#5079,#2039,#2040);
#1760=AXIS2_PLACEMENT_3D('',#5154,#2041,#2042);
#1761=AXIS2_PLACEMENT_3D('',#5229,#2043,#2044);
#1762=AXIS2_PLACEMENT_3D('',#5304,#2045,#2046);
#1763=AXIS2_PLACEMENT_3D('',#5342,#2047,#2048);
#1764=AXIS2_PLACEMENT_3D('',#5343,#2049,#2050);
#1765=AXIS2_PLACEMENT_3D('',#5345,#2051,#2052);
#1766=AXIS2_PLACEMENT_3D('',#5347,#2053,#2054);
#1767=AXIS2_PLACEMENT_3D('',#5360,#2055,#2056);
#1768=AXIS2_PLACEMENT_3D('',#5362,#2057,#2058);
#1769=AXIS2_PLACEMENT_3D('',#5363,#2059,#2060);
#1770=AXIS2_PLACEMENT_3D('',#5365,#2061,#2062);
#1771=AXIS2_PLACEMENT_3D('',#5366,#2063,#2064);
#1772=AXIS2_PLACEMENT_3D('',#5368,#2065,#2066);
#1773=AXIS2_PLACEMENT_3D('',#5370,#2067,#2068);
#1774=AXIS2_PLACEMENT_3D('',#5371,#2069,#2070);
#1775=AXIS2_PLACEMENT_3D('',#5372,#2071,#2072);
#1776=AXIS2_PLACEMENT_3D('',#5385,#2073,#2074);
#1777=AXIS2_PLACEMENT_3D('',#5404,#2077,#2078);
#1778=AXIS2_PLACEMENT_3D('',#5423,#2081,#2082);
#1779=AXIS2_PLACEMENT_3D('',#5442,#2085,#2086);
#1780=AXIS2_PLACEMENT_3D('',#5461,#2089,#2090);
#1781=AXIS2_PLACEMENT_3D('',#5480,#2093,#2094);
#1782=AXIS2_PLACEMENT_3D('',#5499,#2097,#2098);
#1783=AXIS2_PLACEMENT_3D('',#5518,#2101,#2102);
#1784=AXIS2_PLACEMENT_3D('',#5537,#2105,#2106);
#1785=AXIS2_PLACEMENT_3D('',#5556,#2109,#2110);
#1786=AXIS2_PLACEMENT_3D('',#5575,#2113,#2114);
#1787=AXIS2_PLACEMENT_3D('',#5594,#2117,#2118);
#1788=AXIS2_PLACEMENT_3D('',#5613,#2121,#2122);
#1789=AXIS2_PLACEMENT_3D('',#5632,#2125,#2126);
#1790=AXIS2_PLACEMENT_3D('',#5651,#2129,#2130);
#1791=AXIS2_PLACEMENT_3D('',#5670,#2133,#2134);
#1792=AXIS2_PLACEMENT_3D('',#5689,#2137,#2138);
#1793=AXIS2_PLACEMENT_3D('',#5708,#2141,#2142);
#1794=AXIS2_PLACEMENT_3D('',#5727,#2145,#2146);
#1795=AXIS2_PLACEMENT_3D('',#5746,#2149,#2150);
#1796=AXIS2_PLACEMENT_3D('',#5765,#2153,#2154);
#1797=DIRECTION('',(0.,0.,1.));
#1798=DIRECTION('',(1.,0.,0.));
#1799=DIRECTION('',(0.,1.,0.));
#1800=DIRECTION('',(0.,0.,1.));
#1801=DIRECTION('',(0.,-1.,0.));
#1802=DIRECTION('',(0.,0.,-1.));
#1803=DIRECTION('',(0.,-1.,0.));
#1804=DIRECTION('',(0.,0.,-1.));
#1805=DIRECTION('',(0.,-1.,0.));
#1806=DIRECTION('',(0.,0.,-1.));
#1807=DIRECTION('',(0.,-1.,0.));
#1808=DIRECTION('',(0.,0.,-1.));
#1809=DIRECTION('',(0.,-1.,0.));
#1810=DIRECTION('',(0.,0.,-1.));
#1811=DIRECTION('',(0.,-1.,0.));
#1812=DIRECTION('',(0.,0.,-1.));
#1813=DIRECTION('',(0.,-1.,0.));
#1814=DIRECTION('',(0.,0.,-1.));
#1815=DIRECTION('',(0.,-1.,0.));
#1816=DIRECTION('',(0.,0.,-1.));
#1817=DIRECTION('',(0.,-1.,0.));
#1818=DIRECTION('',(0.,0.,-1.));
#1819=DIRECTION('',(0.,-1.,0.));
#1820=DIRECTION('',(0.,0.,-1.));
#1821=DIRECTION('',(0.,-1.,0.));
#1822=DIRECTION('',(0.,0.,-1.));
#1823=DIRECTION('',(0.,-1.,0.));
#1824=DIRECTION('',(0.,0.,-1.));
#1825=DIRECTION('',(0.,-1.,0.));
#1826=DIRECTION('',(0.,0.,-1.));
#1827=DIRECTION('',(0.,-1.,0.));
#1828=DIRECTION('',(0.,0.,-1.));
#1829=DIRECTION('',(0.,-1.,0.));
#1830=DIRECTION('',(0.,0.,-1.));
#1831=DIRECTION('',(0.,-1.,0.));
#1832=DIRECTION('',(0.,0.,-1.));
#1833=DIRECTION('',(0.,-1.,0.));
#1834=DIRECTION('',(0.,0.,-1.));
#1835=DIRECTION('',(0.,-1.,0.));
#1836=DIRECTION('',(0.,0.,-1.));
#1837=DIRECTION('',(0.,-1.,0.));
#1838=DIRECTION('',(0.,0.,-1.));
#1839=DIRECTION('',(0.,-1.,0.));
#1840=DIRECTION('',(0.,0.,-1.));
#1841=DIRECTION('',(0.,-1.,0.));
#1842=DIRECTION('',(0.,0.,-1.));
#1843=DIRECTION('',(0.,-1.,0.));
#1844=DIRECTION('',(0.,0.,-1.));
#1845=DIRECTION('',(0.,-1.,0.));
#1846=DIRECTION('',(0.,0.,-1.));
#1847=DIRECTION('',(0.,-1.,0.));
#1848=DIRECTION('',(0.,0.,-1.));
#1849=DIRECTION('',(0.,-1.,0.));
#1850=DIRECTION('',(0.,0.,-1.));
#1851=DIRECTION('',(0.,-1.,0.));
#1852=DIRECTION('',(0.,0.,-1.));
#1853=DIRECTION('',(0.,-1.,0.));
#1854=DIRECTION('',(0.,0.,-1.));
#1855=DIRECTION('',(0.,-1.,0.));
#1856=DIRECTION('',(0.,0.,-1.));
#1857=DIRECTION('',(0.,-1.,0.));
#1858=DIRECTION('',(0.,0.,-1.));
#1859=DIRECTION('',(0.,-1.,0.));
#1860=DIRECTION('',(0.,0.,-1.));
#1861=DIRECTION('',(0.,-1.,0.));
#1862=DIRECTION('',(0.,0.,-1.));
#1863=DIRECTION('',(0.,-1.,0.));
#1864=DIRECTION('',(0.,0.,-1.));
#1865=DIRECTION('',(0.,-1.,0.));
#1866=DIRECTION('',(0.,0.,-1.));
#1867=DIRECTION('',(0.,-1.,0.));
#1868=DIRECTION('',(0.,0.,-1.));
#1869=DIRECTION('',(0.,-1.,0.));
#1870=DIRECTION('',(0.,0.,-1.));
#1871=DIRECTION('',(0.,-1.,0.));
#1872=DIRECTION('',(0.,0.,-1.));
#1873=DIRECTION('',(0.,-1.,0.));
#1874=DIRECTION('',(0.,0.,-1.));
#1875=DIRECTION('',(0.,-1.,0.));
#1876=DIRECTION('',(0.,0.,-1.));
#1877=DIRECTION('',(0.,-1.,0.));
#1878=DIRECTION('',(0.,0.,-1.));
#1879=DIRECTION('',(0.,-1.,0.));
#1880=DIRECTION('',(0.,0.,-1.));
#1881=DIRECTION('',(0.,-1.,0.));
#1882=DIRECTION('',(0.,0.,-1.));
#1883=DIRECTION('',(0.,-1.,0.));
#1884=DIRECTION('',(0.,0.,-1.));
#1885=DIRECTION('',(0.,1.,0.));
#1886=DIRECTION('',(0.,-1.,0.));
#1887=DIRECTION('',(0.,0.,-1.));
#1888=DIRECTION('',(0.,1.,0.));
#1889=DIRECTION('',(0.,-1.,0.));
#1890=DIRECTION('',(0.,0.,-1.));
#1891=DIRECTION('',(0.,1.,0.));
#1892=DIRECTION('',(0.,-1.,0.));
#1893=DIRECTION('',(0.,0.,-1.));
#1894=DIRECTION('',(0.,1.,0.));
#1895=DIRECTION('',(0.,-1.,0.));
#1896=DIRECTION('',(0.,0.,-1.));
#1897=DIRECTION('',(0.,1.,0.));
#1898=DIRECTION('',(0.,-1.,0.));
#1899=DIRECTION('',(0.,0.,-1.));
#1900=DIRECTION('',(0.,1.,0.));
#1901=DIRECTION('',(0.,-1.,0.));
#1902=DIRECTION('',(0.,0.,-1.));
#1903=DIRECTION('',(0.,1.,0.));
#1904=DIRECTION('',(0.,-1.,0.));
#1905=DIRECTION('',(0.,0.,-1.));
#1906=DIRECTION('',(0.,1.,0.));
#1907=DIRECTION('',(0.,-1.,0.));
#1908=DIRECTION('',(0.,0.,-1.));
#1909=DIRECTION('',(0.,1.,0.));
#1910=DIRECTION('',(0.,-1.,0.));
#1911=DIRECTION('',(0.,0.,-1.));
#1912=DIRECTION('',(0.,1.,0.));
#1913=DIRECTION('',(0.,-1.,0.));
#1914=DIRECTION('',(0.,0.,-1.));
#1915=DIRECTION('',(0.,1.,0.));
#1916=DIRECTION('',(0.,-1.,0.));
#1917=DIRECTION('',(0.,0.,-1.));
#1918=DIRECTION('',(0.,1.,0.));
#1919=DIRECTION('',(0.,-1.,0.));
#1920=DIRECTION('',(0.,0.,-1.));
#1921=DIRECTION('',(0.,1.,0.));
#1922=DIRECTION('',(0.,-1.,0.));
#1923=DIRECTION('',(0.,0.,-1.));
#1924=DIRECTION('',(0.,1.,0.));
#1925=DIRECTION('',(0.,-1.,0.));
#1926=DIRECTION('',(0.,0.,-1.));
#1927=DIRECTION('',(0.,1.,0.));
#1928=DIRECTION('',(0.,-1.,0.));
#1929=DIRECTION('',(0.,0.,-1.));
#1930=DIRECTION('',(0.,1.,0.));
#1931=DIRECTION('',(0.,-1.,0.));
#1932=DIRECTION('',(0.,0.,-1.));
#1933=DIRECTION('',(0.,1.,0.));
#1934=DIRECTION('',(0.,-1.,0.));
#1935=DIRECTION('',(0.,0.,-1.));
#1936=DIRECTION('',(0.,1.,0.));
#1937=DIRECTION('',(0.,-1.,0.));
#1938=DIRECTION('',(0.,0.,-1.));
#1939=DIRECTION('',(0.,1.,0.));
#1940=DIRECTION('',(0.,-1.,0.));
#1941=DIRECTION('',(0.,0.,-1.));
#1942=DIRECTION('',(0.,1.,0.));
#1943=DIRECTION('',(0.,-1.,0.));
#1944=DIRECTION('',(0.,0.,-1.));
#1945=DIRECTION('',(0.,1.,0.));
#1946=DIRECTION('',(0.,-1.,0.));
#1947=DIRECTION('',(0.,0.,-1.));
#1948=DIRECTION('',(0.,1.,0.));
#1949=DIRECTION('',(0.,-1.,0.));
#1950=DIRECTION('',(0.,0.,-1.));
#1951=DIRECTION('',(0.,1.,0.));
#1952=DIRECTION('',(0.,-1.,0.));
#1953=DIRECTION('',(0.,0.,-1.));
#1954=DIRECTION('',(0.,1.,0.));
#1955=DIRECTION('',(0.,-1.,0.));
#1956=DIRECTION('',(0.,0.,-1.));
#1957=DIRECTION('',(0.,1.,0.));
#1958=DIRECTION('',(0.,-1.,0.));
#1959=DIRECTION('',(0.,0.,-1.));
#1960=DIRECTION('',(0.,1.,0.));
#1961=DIRECTION('',(0.,-1.,0.));
#1962=DIRECTION('',(0.,0.,-1.));
#1963=DIRECTION('',(0.,1.,0.));
#1964=DIRECTION('',(0.,-1.,0.));
#1965=DIRECTION('',(0.,0.,-1.));
#1966=DIRECTION('',(0.,1.,0.));
#1967=DIRECTION('',(0.,-1.,0.));
#1968=DIRECTION('',(0.,0.,-1.));
#1969=DIRECTION('',(0.,1.,0.));
#1970=DIRECTION('',(0.,-1.,0.));
#1971=DIRECTION('',(0.,0.,-1.));
#1972=DIRECTION('',(0.,1.,0.));
#1973=DIRECTION('',(0.,-1.,0.));
#1974=DIRECTION('',(0.,0.,-1.));
#1975=DIRECTION('',(0.,1.,0.));
#1976=DIRECTION('',(0.,-1.,0.));
#1977=DIRECTION('',(0.,0.,-1.));
#1978=DIRECTION('',(0.,1.,0.));
#1979=DIRECTION('',(0.,-1.,0.));
#1980=DIRECTION('',(0.,0.,-1.));
#1981=DIRECTION('',(0.,1.,0.));
#1982=DIRECTION('',(0.,-1.,0.));
#1983=DIRECTION('',(0.,0.,-1.));
#1984=DIRECTION('',(0.,1.,0.));
#1985=DIRECTION('',(0.,-1.,0.));
#1986=DIRECTION('',(0.,0.,-1.));
#1987=DIRECTION('',(0.,1.,0.));
#1988=DIRECTION('',(0.,-1.,0.));
#1989=DIRECTION('',(0.,0.,-1.));
#1990=DIRECTION('',(0.,1.,0.));
#1991=DIRECTION('',(0.,-1.,0.));
#1992=DIRECTION('',(0.,0.,-1.));
#1993=DIRECTION('',(0.,1.,0.));
#1994=DIRECTION('',(0.,-1.,0.));
#1995=DIRECTION('',(0.,0.,-1.));
#1996=DIRECTION('',(0.,1.,0.));
#1997=DIRECTION('',(0.,-1.,0.));
#1998=DIRECTION('',(0.,0.,-1.));
#1999=DIRECTION('',(0.,1.,0.));
#2000=DIRECTION('',(0.,-1.,0.));
#2001=DIRECTION('',(0.,0.,-1.));
#2002=DIRECTION('',(0.,1.,0.));
#2003=DIRECTION('',(0.,1.,0.));
#2004=DIRECTION('',(0.,0.,1.));
#2005=DIRECTION('',(0.,-1.,0.));
#2006=DIRECTION('',(0.,0.,-1.));
#2007=DIRECTION('',(0.,-1.,0.));
#2008=DIRECTION('',(0.,0.,-1.));
#2009=DIRECTION('',(0.,-1.,0.));
#2010=DIRECTION('',(0.,0.,-1.));
#2011=DIRECTION('',(0.,-1.,0.));
#2012=DIRECTION('',(0.,0.,-1.));
#2013=DIRECTION('',(0.,-1.,0.));
#2014=DIRECTION('',(0.,0.,-1.));
#2015=DIRECTION('',(0.,-1.,0.));
#2016=DIRECTION('',(0.,0.,-1.));
#2017=DIRECTION('',(0.,-1.,0.));
#2018=DIRECTION('',(0.,0.,-1.));
#2019=DIRECTION('',(0.,-1.,0.));
#2020=DIRECTION('',(0.,0.,-1.));
#2021=DIRECTION('',(0.,-1.,0.));
#2022=DIRECTION('',(0.,0.,-1.));
#2023=DIRECTION('',(0.,-1.,0.));
#2024=DIRECTION('',(0.,0.,-1.));
#2025=DIRECTION('',(0.,-1.,0.));
#2026=DIRECTION('',(0.,0.,-1.));
#2027=DIRECTION('',(0.,-1.,0.));
#2028=DIRECTION('',(0.,0.,-1.));
#2029=DIRECTION('',(0.,-1.,0.));
#2030=DIRECTION('',(0.,0.,-1.));
#2031=DIRECTION('',(0.,-1.,0.));
#2032=DIRECTION('',(0.,0.,-1.));
#2033=DIRECTION('',(0.,-1.,0.));
#2034=DIRECTION('',(0.,0.,-1.));
#2035=DIRECTION('',(0.,-1.,0.));
#2036=DIRECTION('',(0.,0.,-1.));
#2037=DIRECTION('',(0.,-1.,0.));
#2038=DIRECTION('',(0.,0.,-1.));
#2039=DIRECTION('',(0.,-1.,0.));
#2040=DIRECTION('',(0.,0.,-1.));
#2041=DIRECTION('',(0.,-1.,0.));
#2042=DIRECTION('',(0.,0.,-1.));
#2043=DIRECTION('',(0.,-1.,0.));
#2044=DIRECTION('',(0.,0.,-1.));
#2045=DIRECTION('',(0.,-1.,0.));
#2046=DIRECTION('',(0.,0.,-1.));
#2047=DIRECTION('',(0.,-1.,0.));
#2048=DIRECTION('',(0.,0.,-1.));
#2049=DIRECTION('',(0.,-1.,0.));
#2050=DIRECTION('',(0.,0.,-1.));
#2051=DIRECTION('',(0.,-1.,0.));
#2052=DIRECTION('',(0.,0.,-1.));
#2053=DIRECTION('',(0.,-1.,0.));
#2054=DIRECTION('',(0.,0.,-1.));
#2055=DIRECTION('',(0.,-1.,0.));
#2056=DIRECTION('',(0.,0.,-1.));
#2057=DIRECTION('',(0.,1.,0.));
#2058=DIRECTION('',(0.,0.,1.));
#2059=DIRECTION('',(0.,-1.,0.));
#2060=DIRECTION('',(0.,0.,-1.));
#2061=DIRECTION('',(0.,-1.,0.));
#2062=DIRECTION('',(0.,0.,-1.));
#2063=DIRECTION('',(0.,-1.,0.));
#2064=DIRECTION('',(0.,0.,-1.));
#2065=DIRECTION('',(0.,-1.,0.));
#2066=DIRECTION('',(0.,0.,-1.));
#2067=DIRECTION('',(0.,-1.,0.));
#2068=DIRECTION('',(0.,0.,-1.));
#2069=DIRECTION('',(0.,-1.,0.));
#2070=DIRECTION('',(0.,0.,-1.));
#2071=DIRECTION('',(0.,-1.,0.));
#2072=DIRECTION('',(0.,0.,-1.));
#2073=DIRECTION('',(0.,0.,1.));
#2074=DIRECTION('',(1.,0.,0.));
#2075=DIRECTION('',(0.,1.,0.));
#2076=DIRECTION('',(0.,1.,0.));
#2077=DIRECTION('',(0.,1.,0.));
#2078=DIRECTION('',(0.,0.,1.));
#2079=DIRECTION('',(0.,1.,0.));
#2080=DIRECTION('',(0.,1.,0.));
#2081=DIRECTION('',(0.,1.,0.));
#2082=DIRECTION('',(0.,0.,1.));
#2083=DIRECTION('',(0.,1.,0.));
#2084=DIRECTION('',(0.,1.,0.));
#2085=DIRECTION('',(0.,1.,0.));
#2086=DIRECTION('',(0.,0.,1.));
#2087=DIRECTION('',(0.,1.,0.));
#2088=DIRECTION('',(0.,1.,0.));
#2089=DIRECTION('',(0.,1.,0.));
#2090=DIRECTION('',(0.,0.,1.));
#2091=DIRECTION('',(0.,1.,0.));
#2092=DIRECTION('',(0.,1.,0.));
#2093=DIRECTION('',(0.,1.,0.));
#2094=DIRECTION('',(0.,0.,1.));
#2095=DIRECTION('',(0.,1.,0.));
#2096=DIRECTION('',(0.,1.,0.));
#2097=DIRECTION('',(0.,1.,0.));
#2098=DIRECTION('',(0.,0.,1.));
#2099=DIRECTION('',(0.,1.,0.));
#2100=DIRECTION('',(0.,1.,0.));
#2101=DIRECTION('',(0.,1.,0.));
#2102=DIRECTION('',(0.,0.,1.));
#2103=DIRECTION('',(0.,1.,0.));
#2104=DIRECTION('',(0.,1.,0.));
#2105=DIRECTION('',(0.,1.,0.));
#2106=DIRECTION('',(0.,0.,1.));
#2107=DIRECTION('',(0.,1.,0.));
#2108=DIRECTION('',(0.,1.,0.));
#2109=DIRECTION('',(0.,1.,0.));
#2110=DIRECTION('',(0.,0.,1.));
#2111=DIRECTION('',(0.,1.,0.));
#2112=DIRECTION('',(0.,1.,0.));
#2113=DIRECTION('',(0.,1.,0.));
#2114=DIRECTION('',(0.,0.,1.));
#2115=DIRECTION('',(0.,1.,0.));
#2116=DIRECTION('',(0.,1.,0.));
#2117=DIRECTION('',(0.,1.,0.));
#2118=DIRECTION('',(0.,0.,1.));
#2119=DIRECTION('',(0.,1.,0.));
#2120=DIRECTION('',(0.,1.,0.));
#2121=DIRECTION('',(0.,1.,0.));
#2122=DIRECTION('',(0.,0.,1.));
#2123=DIRECTION('',(0.,1.,0.));
#2124=DIRECTION('',(0.,1.,0.));
#2125=DIRECTION('',(0.,1.,0.));
#2126=DIRECTION('',(0.,0.,1.));
#2127=DIRECTION('',(0.,1.,0.));
#2128=DIRECTION('',(0.,1.,0.));
#2129=DIRECTION('',(0.,1.,0.));
#2130=DIRECTION('',(0.,0.,1.));
#2131=DIRECTION('',(0.,1.,0.));
#2132=DIRECTION('',(0.,1.,0.));
#2133=DIRECTION('',(0.,1.,0.));
#2134=DIRECTION('',(0.,0.,1.));
#2135=DIRECTION('',(0.,1.,0.));
#2136=DIRECTION('',(0.,1.,0.));
#2137=DIRECTION('',(0.,1.,0.));
#2138=DIRECTION('',(0.,0.,1.));
#2139=DIRECTION('',(0.,1.,0.));
#2140=DIRECTION('',(0.,1.,0.));
#2141=DIRECTION('',(0.,1.,0.));
#2142=DIRECTION('',(0.,0.,1.));
#2143=DIRECTION('',(0.,1.,0.));
#2144=DIRECTION('',(0.,1.,0.));
#2145=DIRECTION('',(0.,1.,0.));
#2146=DIRECTION('',(0.,0.,1.));
#2147=DIRECTION('',(0.,1.,0.));
#2148=DIRECTION('',(0.,1.,0.));
#2149=DIRECTION('',(0.,1.,0.));
#2150=DIRECTION('',(0.,0.,1.));
#2151=DIRECTION('',(0.,1.,0.));
#2152=DIRECTION('',(0.,1.,0.));
#2153=DIRECTION('',(0.,1.,0.));
#2154=DIRECTION('',(0.,0.,1.));
#2155=CARTESIAN_POINT('',(0.,0.,0.));
#2156=CARTESIAN_POINT('',(0.,1.25,1.45));
#2157=CARTESIAN_POINT('',(0.,1.25,0.));
#2158=CARTESIAN_POINT('',(0.,1.25,-1.7));
#2159=CARTESIAN_POINT('',(1.13712207406141,1.25,0.0293195955341843));
#2160=CARTESIAN_POINT('',(1.137980592017,1.25,0.0294661977156369));
#2161=CARTESIAN_POINT('',(1.14005125518554,1.25,0.0298364751519436));
#2162=CARTESIAN_POINT('',(1.1435581987203,1.25,0.0305283646107227));
#2163=CARTESIAN_POINT('',(1.14773824125283,1.25,0.0314402568012747));
#2164=CARTESIAN_POINT('',(1.15233721269548,1.25,0.0325403324893594));
#2165=CARTESIAN_POINT('',(1.15734908821262,1.25,0.0338456705743588));
#2166=CARTESIAN_POINT('',(1.1627673192473,1.25,0.0353731801942063));
#2167=CARTESIAN_POINT('',(1.16858485043883,1.25,0.0371395875103005));
#2168=CARTESIAN_POINT('',(1.17479412048811,1.25,0.0391614219086008));
#2169=CARTESIAN_POINT('',(1.18138706820752,1.25,0.0414550025289734));
#2170=CARTESIAN_POINT('',(1.1883551376014,1.25,0.0440364248677148));
#2171=CARTESIAN_POINT('',(1.19568928369411,1.25,0.0469215475341117));
#2172=CARTESIAN_POINT('',(1.20337997859704,1.25,0.0501259791471646));
#2173=CARTESIAN_POINT('',(1.2114172179442,1.25,0.0536650653858825));
#2174=CARTESIAN_POINT('',(1.21979052764976,1.25,0.0575538761990361));
#2175=CARTESIAN_POINT('',(1.22848897099247,1.25,0.0618071931824359));
#2176=CARTESIAN_POINT('',(1.23750115601847,1.25,0.0664394971311376));
#2177=CARTESIAN_POINT('',(1.24681524325822,1.25,0.0714649557742788));
#2178=CARTESIAN_POINT('',(1.25641895375265,1.25,0.0768974116993578));
#2179=CARTESIAN_POINT('',(1.26629957738296,1.25,0.0827503704757369));
#2180=CARTESIAN_POINT('',(1.27644398150159,1.25,0.0890369889752974));
#2181=CARTESIAN_POINT('',(1.28683861984962,1.25,0.0957700639332756));
#2182=CARTESIAN_POINT('',(1.29746954179303,1.25,0.102962020618656));
#2183=CARTESIAN_POINT('',(1.30832240172837,1.25,0.110624902148953));
#2184=CARTESIAN_POINT('',(1.31938246920414,1.25,0.118770357434012));
#2185=CARTESIAN_POINT('',(1.33063463764127,1.25,0.127409635495028));
#2186=CARTESIAN_POINT('',(1.34206343971973,1.25,0.136553556568308));
#2187=CARTESIAN_POINT('',(1.35365303857755,1.25,0.146212573096915));
#2188=CARTESIAN_POINT('',(1.36538731260789,1.25,0.156396488761142));
#2189=CARTESIAN_POINT('',(1.37724958436992,1.25,0.167115483458697));
#2190=CARTESIAN_POINT('',(1.38922370766236,1.25,0.178376160065016));
#2191=CARTESIAN_POINT('',(1.40128998026003,1.25,0.190196562813062));
#2192=CARTESIAN_POINT('',(1.40998218939071,1.25,0.199032986399547));
#2193=CARTESIAN_POINT('',(1.41464890322037,1.25,0.203919055990976));
#2194=CARTESIAN_POINT('',(1.41528880424767,1.25,0.204591301308729));
#2195=CARTESIAN_POINT('',(1.19902676506126,1.25,0.0483199406738617));
#2196=CARTESIAN_POINT('',(1.41528880424767,1.25,0.20459130130873));
#2197=CARTESIAN_POINT('',(0.,1.25,0.));
#2198=CARTESIAN_POINT('',(1.19902676506126,1.25,-0.0483199406738616));
#2199=CARTESIAN_POINT('',(1.1371220740614,1.25,-0.0293195955341842));
#2200=CARTESIAN_POINT('',(1.137980592017,1.25,-0.0294661977156368));
#2201=CARTESIAN_POINT('',(1.14005125518554,1.25,-0.0298364751519436));
#2202=CARTESIAN_POINT('',(1.1435581987203,1.25,-0.0305283646107227));
#2203=CARTESIAN_POINT('',(1.14773824125283,1.25,-0.0314402568012747));
#2204=CARTESIAN_POINT('',(1.15233721269548,1.25,-0.0325403324893594));
#2205=CARTESIAN_POINT('',(1.15734908821262,1.25,-0.0338456705743588));
#2206=CARTESIAN_POINT('',(1.1627673192473,1.25,-0.0353731801942063));
#2207=CARTESIAN_POINT('',(1.16858485043883,1.25,-0.0371395875103005));
#2208=CARTESIAN_POINT('',(1.17479412048811,1.25,-0.0391614219086008));
#2209=CARTESIAN_POINT('',(1.18138706820752,1.25,-0.0414550025289734));
#2210=CARTESIAN_POINT('',(1.1883551376014,1.25,-0.0440364248677148));
#2211=CARTESIAN_POINT('',(1.19568928369411,1.25,-0.0469215475341117));
#2212=CARTESIAN_POINT('',(1.20337997859704,1.25,-0.0501259791471646));
#2213=CARTESIAN_POINT('',(1.2114172179442,1.25,-0.0536650653858825));
#2214=CARTESIAN_POINT('',(1.21979052764976,1.25,-0.0575538761990361));
#2215=CARTESIAN_POINT('',(1.22848897099247,1.25,-0.0618071931824359));
#2216=CARTESIAN_POINT('',(1.23750115601847,1.25,-0.0664394971311376));
#2217=CARTESIAN_POINT('',(1.24681524325821,1.25,-0.0714649557742788));
#2218=CARTESIAN_POINT('',(1.25641895375265,1.25,-0.0768974116993578));
#2219=CARTESIAN_POINT('',(1.26629957738296,1.25,-0.0827503704757369));
#2220=CARTESIAN_POINT('',(1.27644398150159,1.25,-0.0890369889752974));
#2221=CARTESIAN_POINT('',(1.28683861984962,1.25,-0.0957700639332756));
#2222=CARTESIAN_POINT('',(1.29746954179303,1.25,-0.102962020618656));
#2223=CARTESIAN_POINT('',(1.30832240172837,1.25,-0.110624902148953));
#2224=CARTESIAN_POINT('',(1.31938246920414,1.25,-0.118770357434012));
#2225=CARTESIAN_POINT('',(1.33063463764127,1.25,-0.127409635495028));
#2226=CARTESIAN_POINT('',(1.34206343971973,1.25,-0.136553556568308));
#2227=CARTESIAN_POINT('',(1.35365303857755,1.25,-0.146212573096915));
#2228=CARTESIAN_POINT('',(1.36538731260789,1.25,-0.156396488761142));
#2229=CARTESIAN_POINT('',(1.37724958436992,1.25,-0.167115483458697));
#2230=CARTESIAN_POINT('',(1.38922370766236,1.25,-0.178376160065016));
#2231=CARTESIAN_POINT('',(1.40128998026003,1.25,-0.190196562813062));
#2232=CARTESIAN_POINT('',(1.40998218939071,1.25,-0.199032986399548));
#2233=CARTESIAN_POINT('',(1.41464890322037,1.25,-0.203919055990976));
#2234=CARTESIAN_POINT('',(1.41528880424767,1.25,-0.204591301308729));
#2235=CARTESIAN_POINT('',(1.41528880424767,1.25,-0.20459130130873));
#2236=CARTESIAN_POINT('',(0.,1.25,8.75622461390358E-17));
#2237=CARTESIAN_POINT('',(1.40924182872501,1.25,-0.242770402174156));
#2238=CARTESIAN_POINT('',(1.09052761164742,1.25,-0.323505453175938));
#2239=CARTESIAN_POINT('',(1.09138941330893,1.25,-0.323631322854221));
#2240=CARTESIAN_POINT('',(1.09347315302887,1.25,-0.323919038194288));
#2241=CARTESIAN_POINT('',(1.09702226013087,1.25,-0.324344717366513));
#2242=CARTESIAN_POINT('',(1.10127950700375,1.25,-0.324769160536292));
#2243=CARTESIAN_POINT('',(1.10599333084526,1.25,-0.325144086717147));
#2244=CARTESIAN_POINT('',(1.11116327936636,1.25,-0.325451391133929));
#2245=CARTESIAN_POINT('',(1.11678834973029,1.25,-0.325672968625435));
#2246=CARTESIAN_POINT('',(1.12286700055841,1.25,-0.32579073144052));
#2247=CARTESIAN_POINT('',(1.1293971484891,1.25,-0.325786622629037));
#2248=CARTESIAN_POINT('',(1.1363761697689,1.25,-0.325642630722706));
#2249=CARTESIAN_POINT('',(1.14380090094427,1.25,-0.32534080404683));
#2250=CARTESIAN_POINT('',(1.15166764031198,1.25,-0.32486326511652));
#2251=CARTESIAN_POINT('',(1.15997214964,1.25,-0.324192224973462));
#2252=CARTESIAN_POINT('',(1.16870965628646,1.25,-0.323309997490529));
#2253=CARTESIAN_POINT('',(1.17787485567406,1.25,-0.322199013624222));
#2254=CARTESIAN_POINT('',(1.18746191412711,1.25,-0.320841835608798));
#2255=CARTESIAN_POINT('',(1.1974644720654,1.25,-0.319221171082409));
#2256=CARTESIAN_POINT('',(1.20787564755336,1.25,-0.31731988713665));
#2257=CARTESIAN_POINT('',(1.21868804020175,1.25,-0.315121024281455));
#2258=CARTESIAN_POINT('',(1.22989373541969,1.25,-0.312607810314362));
#2259=CARTESIAN_POINT('',(1.24148430901416,1.25,-0.309763674095355));
#2260=CARTESIAN_POINT('',(1.253450832136,1.25,-0.306572259181791));
#2261=CARTESIAN_POINT('',(1.2657838765631,1.25,-0.303017437457634));
#2262=CARTESIAN_POINT('',(1.27847352034378,1.25,-0.299083322202237));
#2263=CARTESIAN_POINT('',(1.29150935369728,1.25,-0.294754282684139));
#2264=CARTESIAN_POINT('',(1.30488048555185,1.25,-0.290014952258766));
#2265=CARTESIAN_POINT('',(1.31857554924889,1.25,-0.284850260605126));
#2266=CARTESIAN_POINT('',(1.33258271302015,1.25,-0.279245372999648));
#2267=CARTESIAN_POINT('',(1.34688967381022,1.25,-0.273185983737811));
#2268=CARTESIAN_POINT('',(1.36148371619173,1.25,-0.26665725754893));
#2269=CARTESIAN_POINT('',(1.37635152461544,1.25,-0.259647925274703));
#2270=CARTESIAN_POINT('',(1.39147993712635,1.25,-0.252134737507382));
#2271=CARTESIAN_POINT('',(1.4024773243188,1.25,-0.24641683961475));
#2272=CARTESIAN_POINT('',(1.40842551145563,1.25,-0.243212005172002));
#2273=CARTESIAN_POINT('',(1.40924182872501,1.25,-0.242770402174156));
#2274=CARTESIAN_POINT('',(1.15527390095922,1.25,-0.324564652669476));
#2275=CARTESIAN_POINT('',(0.,1.25,0.));
#2276=CARTESIAN_POINT('',(1.1254105352884,1.25,-0.416474641559219));
#2277=CARTESIAN_POINT('',(1.0724071050709,1.25,-0.379274637951786));
#2278=CARTESIAN_POINT('',(1.07317830160144,1.25,-0.379679361550015));
#2279=CARTESIAN_POINT('',(1.07503319728048,1.25,-0.380671386427356));
#2280=CARTESIAN_POINT('',(1.0781546931805,1.25,-0.382413117556238));
#2281=CARTESIAN_POINT('',(1.08184835968554,1.25,-0.384572082745983));
#2282=CARTESIAN_POINT('',(1.08588229936161,1.25,-0.38703947722998));
#2283=CARTESIAN_POINT('',(1.09024550457938,1.25,-0.389829682230175));
#2284=CARTESIAN_POINT('',(1.0949265220801,1.25,-0.392956755677));
#2285=CARTESIAN_POINT('',(1.09991347314889,1.25,-0.39643442486889));
#2286=CARTESIAN_POINT('',(1.10519405870181,1.25,-0.400276073616155));
#2287=CARTESIAN_POINT('',(1.11075556920228,1.25,-0.404494731299131));
#2288=CARTESIAN_POINT('',(1.116584893633,1.25,-0.409103061696394));
#2289=CARTESIAN_POINT('',(1.12266852913116,1.25,-0.41411335219046));
#2290=CARTESIAN_POINT('',(1.12899259080768,1.25,-0.419537503180633));
#2291=CARTESIAN_POINT('',(1.1355428218695,1.25,-0.425387017755826));
#2292=CARTESIAN_POINT('',(1.14230460399875,1.25,-0.431672991618498));
#2293=CARTESIAN_POINT('',(1.14926296799113,1.25,-0.438406103268935));
#2294=CARTESIAN_POINT('',(1.1564026046429,1.25,-0.445596604454292));
#2295=CARTESIAN_POINT('',(1.16370787588035,1.25,-0.453254310888396));
#2296=CARTESIAN_POINT('',(1.17116282612465,1.25,-0.461388593247266));
#2297=CARTESIAN_POINT('',(1.17875119388404,1.25,-0.470008368447937));
#2298=CARTESIAN_POINT('',(1.18645642357147,1.25,-0.479122091207868));
#2299=CARTESIAN_POINT('',(1.19426167752049,1.25,-0.488737745921281));
#2300=CARTESIAN_POINT('',(1.2021498482704,1.25,-0.498862838738212));
#2301=CARTESIAN_POINT('',(1.2101035708136,1.25,-0.509504390308789));
#2302=CARTESIAN_POINT('',(1.21810523594709,1.25,-0.520668927444782));
#2303=CARTESIAN_POINT('',(1.22613700032169,1.25,-0.532362480411439));
#2304=CARTESIAN_POINT('',(1.23418081000499,1.25,-0.544590560200263));
#2305=CARTESIAN_POINT('',(1.24221837326368,1.25,-0.557358213815853));
#2306=CARTESIAN_POINT('',(1.2502313280347,1.25,-0.570669783261742));
#2307=CARTESIAN_POINT('',(1.25820066736788,1.25,-0.584529796583349));
#2308=CARTESIAN_POINT('',(1.26610899491257,1.25,-0.598939544037785));
#2309=CARTESIAN_POINT('',(1.27393199676447,1.25,-0.613910098387989));
#2310=CARTESIAN_POINT('',(1.27946817384148,1.25,-0.6250000769607));
#2311=CARTESIAN_POINT('',(1.28239660389942,1.25,-0.631089099165949));
#2312=CARTESIAN_POINT('',(1.28279745071364,1.25,-0.631926182748101));
#2313=CARTESIAN_POINT('',(1.28279745071364,1.25,-0.631926182748102));
#2314=CARTESIAN_POINT('',(0.,1.25,8.75622461390358E-17));
#2315=CARTESIAN_POINT('',(1.26524844424156,1.25,-0.666368047211382));
#2316=CARTESIAN_POINT('',(0.937184708452738,1.25,-0.644663534134169));
#2317=CARTESIAN_POINT('',(0.937965434669005,1.25,-0.64504955467109));
#2318=CARTESIAN_POINT('',(0.939858279978294,1.25,-0.645967099205415));
#2319=CARTESIAN_POINT('',(0.943102139316314,1.25,-0.647468678565387));
#2320=CARTESIAN_POINT('',(0.947019861543629,1.25,-0.64918790964077));
#2321=CARTESIAN_POINT('',(0.951387115863244,1.25,-0.651001137303717));
#2322=CARTESIAN_POINT('',(0.956209066805921,1.25,-0.652891003124849));
#2323=CARTESIAN_POINT('',(0.961490355419707,1.25,-0.654839978179019));
#2324=CARTESIAN_POINT('',(0.967235105188901,1.25,-0.656830383680442));
#2325=CARTESIAN_POINT('',(0.973446914623331,1.25,-0.658844402654874));
#2326=CARTESIAN_POINT('',(0.980128854234955,1.25,-0.660864094393626));
#2327=CARTESIAN_POINT('',(0.98728346277324,1.25,-0.662871408278599));
#2328=CARTESIAN_POINT('',(0.994912744155838,1.25,-0.664848197922084));
#2329=CARTESIAN_POINT('',(1.00301816467499,1.25,-0.666776235333634));
#2330=CARTESIAN_POINT('',(1.01160065059241,1.25,-0.668637225179356));
#2331=CARTESIAN_POINT('',(1.0206605860883,1.25,-0.670412819101412));
#2332=CARTESIAN_POINT('',(1.03019781157333,1.25,-0.672084630094126));
#2333=CARTESIAN_POINT('',(1.04021162236099,1.25,-0.673634246925727));
#2334=CARTESIAN_POINT('',(1.05070076770148,1.25,-0.675043248596986));
#2335=CARTESIAN_POINT('',(1.06166345017703,1.25,-0.676293218828321));
#2336=CARTESIAN_POINT('',(1.07309732546001,1.25,-0.677365760564204));
#2337=CARTESIAN_POINT('',(1.08499950243061,1.25,-0.678242510495129));
#2338=CARTESIAN_POINT('',(1.09736654366743,1.25,-0.678905153553612));
#2339=CARTESIAN_POINT('',(1.11019446626032,1.25,-0.679335437508941));
#2340=CARTESIAN_POINT('',(1.12347874313915,1.25,-0.679515187140236));
#2341=CARTESIAN_POINT('',(1.13721430417575,1.25,-0.67942631993932));
#2342=CARTESIAN_POINT('',(1.15139553989967,1.25,-0.679050855832482));
#2343=CARTESIAN_POINT('',(1.1660162969615,1.25,-0.678370949602065));
#2344=CARTESIAN_POINT('',(1.18106990686263,1.25,-0.677368836370086));
#2345=CARTESIAN_POINT('',(1.19654908940784,1.25,-0.676027108749836));
#2346=CARTESIAN_POINT('',(1.21244633585785,1.25,-0.674327728277307));
#2347=CARTESIAN_POINT('',(1.2287524647342,1.25,-0.672255862615063));
#2348=CARTESIAN_POINT('',(1.24546214273594,1.25,-0.669785332994589));
#2349=CARTESIAN_POINT('',(1.25768820710846,1.25,-0.66774566848048));
#2350=CARTESIAN_POINT('',(1.26433561755206,1.25,-0.666535780711061));
#2351=CARTESIAN_POINT('',(1.26524844424156,1.25,-0.666368047211382));
#2352=CARTESIAN_POINT('',(0.998434778164721,1.25,-0.665678596434619));
#2353=CARTESIAN_POINT('',(0.,1.25,0.));
#2354=CARTESIAN_POINT('',(0.941631281125235,1.25,-0.743861902779306));
#2355=CARTESIAN_POINT('',(0.90271745673639,1.25,-0.692103636244878));
#2356=CARTESIAN_POINT('',(0.903325841752234,1.25,-0.692726864094215));
#2357=CARTESIAN_POINT('',(0.904783399828887,1.25,-0.694243530105751));
#2358=CARTESIAN_POINT('',(0.907213894326733,1.25,-0.696864610126485));
#2359=CARTESIAN_POINT('',(0.910059622991475,1.25,-0.700059313760258));
#2360=CARTESIAN_POINT('',(0.913133660779365,1.25,-0.703652501276723));
#2361=CARTESIAN_POINT('',(0.916421094770806,1.25,-0.707654448486194));
#2362=CARTESIAN_POINT('',(0.91990668813003,1.25,-0.712074986023419));
#2363=CARTESIAN_POINT('',(0.92357490155934,1.25,-0.716923498600259));
#2364=CARTESIAN_POINT('',(0.927409902109973,1.25,-0.722208914350765));
#2365=CARTESIAN_POINT('',(0.9313955759944,1.25,-0.727939697489218));
#2366=CARTESIAN_POINT('',(0.935515540571384,1.25,-0.734123840457593));
#2367=CARTESIAN_POINT('',(0.939753156845255,1.25,-0.74076885663702));
#2368=CARTESIAN_POINT('',(0.944091542076145,1.25,-0.747881773313115));
#2369=CARTESIAN_POINT('',(0.948513582598144,1.25,-0.755469124982199));
#2370=CARTESIAN_POINT('',(0.95300194680418,1.25,-0.763536946975755));
#2371=CARTESIAN_POINT('',(0.957539098296875,1.25,-0.772090769412538));
#2372=CARTESIAN_POINT('',(0.962107309194174,1.25,-0.781135611479359));
#2373=CARTESIAN_POINT('',(0.966688673581775,1.25,-0.790675976044277));
#2374=CARTESIAN_POINT('',(0.971265121104341,1.25,-0.800715844604776));
#2375=CARTESIAN_POINT('',(0.975818430685254,1.25,-0.811258672575591));
#2376=CARTESIAN_POINT('',(0.980330244374197,1.25,-0.822307384913109));
#2377=CARTESIAN_POINT('',(0.984782081285259,1.25,-0.833864372102403));
#2378=CARTESIAN_POINT('',(0.989155351728559,1.25,-0.845931486420294));
#2379=CARTESIAN_POINT('',(0.993431371100245,1.25,-0.858510038819373));
#2380=CARTESIAN_POINT('',(0.997591375157312,1.25,-0.871600795123525));
#2381=CARTESIAN_POINT('',(1.0016165304118,1.25,-0.885203976557672));
#2382=CARTESIAN_POINT('',(1.00548796356362,1.25,-0.899319245414269));
#2383=CARTESIAN_POINT('',(1.00918671853042,1.25,-0.913945749223473));
#2384=CARTESIAN_POINT('',(1.0126939901996,1.25,-0.929081943286504));
#2385=CARTESIAN_POINT('',(1.01599030264435,1.25,-0.944726260559851));
#2386=CARTESIAN_POINT('',(1.01905871224065,1.25,-0.96087455238295));
#2387=CARTESIAN_POINT('',(1.02187267341946,1.25,-0.977529836169528));
#2388=CARTESIAN_POINT('',(1.0237108988577,1.25,-0.989787805357343));
#2389=CARTESIAN_POINT('',(1.02461439000626,1.25,-0.996483744258252));
#2390=CARTESIAN_POINT('',(1.02473694492837,1.25,-0.997403726531478));
#2391=CARTESIAN_POINT('',(1.02473694492837,1.25,-0.997403726531478));
#2392=CARTESIAN_POINT('',(0.,1.25,8.75622461390358E-17));
#2393=CARTESIAN_POINT('',(0.997403726531477,1.25,-1.02473694492837));
#2394=CARTESIAN_POINT('',(0.692103636244878,1.25,-0.902717456736391));
#2395=CARTESIAN_POINT('',(0.692726864094215,1.25,-0.903325841752234));
#2396=CARTESIAN_POINT('',(0.694243530105751,1.25,-0.904783399828888));
#2397=CARTESIAN_POINT('',(0.696864610126485,1.25,-0.907213894326733));
#2398=CARTESIAN_POINT('',(0.700059313760257,1.25,-0.910059622991475));
#2399=CARTESIAN_POINT('',(0.703652501276723,1.25,-0.913133660779366));
#2400=CARTESIAN_POINT('',(0.707654448486193,1.25,-0.916421094770806));
#2401=CARTESIAN_POINT('',(0.712074986023419,1.25,-0.91990668813003));
#2402=CARTESIAN_POINT('',(0.716923498600259,1.25,-0.92357490155934));
#2403=CARTESIAN_POINT('',(0.722208914350764,1.25,-0.927409902109973));
#2404=CARTESIAN_POINT('',(0.727939697489217,1.25,-0.9313955759944));
#2405=CARTESIAN_POINT('',(0.734123840457592,1.25,-0.935515540571384));
#2406=CARTESIAN_POINT('',(0.74076885663702,1.25,-0.939753156845256));
#2407=CARTESIAN_POINT('',(0.747881773313114,1.25,-0.944091542076146));
#2408=CARTESIAN_POINT('',(0.755469124982199,1.25,-0.948513582598144));
#2409=CARTESIAN_POINT('',(0.763536946975755,1.25,-0.95300194680418));
#2410=CARTESIAN_POINT('',(0.772090769412537,1.25,-0.957539098296875));
#2411=CARTESIAN_POINT('',(0.781135611479358,1.25,-0.962107309194174));
#2412=CARTESIAN_POINT('',(0.790675976044277,1.25,-0.966688673581776));
#2413=CARTESIAN_POINT('',(0.800715844604775,1.25,-0.971265121104342));
#2414=CARTESIAN_POINT('',(0.811258672575591,1.25,-0.975818430685255));
#2415=CARTESIAN_POINT('',(0.822307384913109,1.25,-0.980330244374197));
#2416=CARTESIAN_POINT('',(0.833864372102402,1.25,-0.984782081285259));
#2417=CARTESIAN_POINT('',(0.845931486420293,1.25,-0.98915535172856));
#2418=CARTESIAN_POINT('',(0.858510038819373,1.25,-0.993431371100246));
#2419=CARTESIAN_POINT('',(0.871600795123524,1.25,-0.997591375157312));
#2420=CARTESIAN_POINT('',(0.885203976557672,1.25,-1.0016165304118));
#2421=CARTESIAN_POINT('',(0.899319245414268,1.25,-1.00548796356362));
#2422=CARTESIAN_POINT('',(0.913945749223473,1.25,-1.00918671853042));
#2423=CARTESIAN_POINT('',(0.929081943286503,1.25,-1.0126939901996));
#2424=CARTESIAN_POINT('',(0.944726260559851,1.25,-1.01599030264435));
#2425=CARTESIAN_POINT('',(0.96087455238295,1.25,-1.01905871224065));
#2426=CARTESIAN_POINT('',(0.977529836169528,1.25,-1.02187267341946));
#2427=CARTESIAN_POINT('',(0.989787805357343,1.25,-1.0237108988577));
#2428=CARTESIAN_POINT('',(0.996483744258252,1.25,-1.02461439000626));
#2429=CARTESIAN_POINT('',(0.997403726531477,1.25,-1.02473694492837));
#2430=CARTESIAN_POINT('',(0.743861902779305,1.25,-0.941631281125235));
#2431=CARTESIAN_POINT('',(0.,1.25,0.));
#2432=CARTESIAN_POINT('',(0.665678596434618,1.25,-0.998434778164722));
#2433=CARTESIAN_POINT('',(0.644663534134168,1.25,-0.937184708452738));
#2434=CARTESIAN_POINT('',(0.64504955467109,1.25,-0.937965434669005));
#2435=CARTESIAN_POINT('',(0.645967099205414,1.25,-0.939858279978294));
#2436=CARTESIAN_POINT('',(0.647468678565386,1.25,-0.943102139316314));
#2437=CARTESIAN_POINT('',(0.64918790964077,1.25,-0.94701986154363));
#2438=CARTESIAN_POINT('',(0.651001137303717,1.25,-0.951387115863244));
#2439=CARTESIAN_POINT('',(0.652891003124849,1.25,-0.956209066805921));
#2440=CARTESIAN_POINT('',(0.654839978179019,1.25,-0.961490355419707));
#2441=CARTESIAN_POINT('',(0.656830383680441,1.25,-0.967235105188901));
#2442=CARTESIAN_POINT('',(0.658844402654873,1.25,-0.973446914623331));
#2443=CARTESIAN_POINT('',(0.660864094393625,1.25,-0.980128854234956));
#2444=CARTESIAN_POINT('',(0.662871408278599,1.25,-0.987283462773241));
#2445=CARTESIAN_POINT('',(0.664848197922083,1.25,-0.994912744155838));
#2446=CARTESIAN_POINT('',(0.666776235333634,1.25,-1.00301816467499));
#2447=CARTESIAN_POINT('',(0.668637225179355,1.25,-1.01160065059241));
#2448=CARTESIAN_POINT('',(0.670412819101411,1.25,-1.0206605860883));
#2449=CARTESIAN_POINT('',(0.672084630094125,1.25,-1.03019781157333));
#2450=CARTESIAN_POINT('',(0.673634246925727,1.25,-1.040211622361));
#2451=CARTESIAN_POINT('',(0.675043248596985,1.25,-1.05070076770148));
#2452=CARTESIAN_POINT('',(0.67629321882832,1.25,-1.06166345017703));
#2453=CARTESIAN_POINT('',(0.677365760564203,1.25,-1.07309732546001));
#2454=CARTESIAN_POINT('',(0.678242510495128,1.25,-1.08499950243061));
#2455=CARTESIAN_POINT('',(0.678905153553612,1.25,-1.09736654366743));
#2456=CARTESIAN_POINT('',(0.67933543750894,1.25,-1.11019446626032));
#2457=CARTESIAN_POINT('',(0.679515187140235,1.25,-1.12347874313915));
#2458=CARTESIAN_POINT('',(0.679426319939319,1.25,-1.13721430417575));
#2459=CARTESIAN_POINT('',(0.679050855832481,1.25,-1.15139553989967));
#2460=CARTESIAN_POINT('',(0.678370949602064,1.25,-1.1660162969615));
#2461=CARTESIAN_POINT('',(0.677368836370085,1.25,-1.18106990686263));
#2462=CARTESIAN_POINT('',(0.676027108749835,1.25,-1.19654908940784));
#2463=CARTESIAN_POINT('',(0.674327728277307,1.25,-1.21244633585785));
#2464=CARTESIAN_POINT('',(0.672255862615062,1.25,-1.2287524647342));
#2465=CARTESIAN_POINT('',(0.669785332994589,1.25,-1.24546214273594));
#2466=CARTESIAN_POINT('',(0.667745668480479,1.25,-1.25768820710846));
#2467=CARTESIAN_POINT('',(0.66653578071106,1.25,-1.26433561755206));
#2468=CARTESIAN_POINT('',(0.666368047211382,1.25,-1.26524844424156));
#2469=CARTESIAN_POINT('',(0.666368047211381,1.25,-1.26524844424156));
#2470=CARTESIAN_POINT('',(0.,1.25,8.75622461390358E-17));
#2471=CARTESIAN_POINT('',(0.631926182748101,1.25,-1.28279745071364));
#2472=CARTESIAN_POINT('',(0.379274637951786,1.25,-1.0724071050709));
#2473=CARTESIAN_POINT('',(0.379679361550015,1.25,-1.07317830160144));
#2474=CARTESIAN_POINT('',(0.380671386427355,1.25,-1.07503319728048));
#2475=CARTESIAN_POINT('',(0.382413117556237,1.25,-1.0781546931805));
#2476=CARTESIAN_POINT('',(0.384572082745982,1.25,-1.08184835968554));
#2477=CARTESIAN_POINT('',(0.387039477229979,1.25,-1.08588229936161));
#2478=CARTESIAN_POINT('',(0.389829682230174,1.25,-1.09024550457938));
#2479=CARTESIAN_POINT('',(0.392956755676999,1.25,-1.0949265220801));
#2480=CARTESIAN_POINT('',(0.39643442486889,1.25,-1.09991347314889));
#2481=CARTESIAN_POINT('',(0.400276073616155,1.25,-1.10519405870181));
#2482=CARTESIAN_POINT('',(0.40449473129913,1.25,-1.11075556920228));
#2483=CARTESIAN_POINT('',(0.409103061696393,1.25,-1.116584893633));
#2484=CARTESIAN_POINT('',(0.414113352190458,1.25,-1.12266852913116));
#2485=CARTESIAN_POINT('',(0.419537503180633,1.25,-1.12899259080768));
#2486=CARTESIAN_POINT('',(0.425387017755826,1.25,-1.1355428218695));
#2487=CARTESIAN_POINT('',(0.431672991618498,1.25,-1.14230460399875));
#2488=CARTESIAN_POINT('',(0.438406103268935,1.25,-1.14926296799113));
#2489=CARTESIAN_POINT('',(0.445596604454292,1.25,-1.1564026046429));
#2490=CARTESIAN_POINT('',(0.453254310888395,1.25,-1.16370787588035));
#2491=CARTESIAN_POINT('',(0.461388593247266,1.25,-1.17116282612465));
#2492=CARTESIAN_POINT('',(0.470008368447937,1.25,-1.17875119388404));
#2493=CARTESIAN_POINT('',(0.479122091207867,1.25,-1.18645642357147));
#2494=CARTESIAN_POINT('',(0.48873774592128,1.25,-1.19426167752049));
#2495=CARTESIAN_POINT('',(0.498862838738212,1.25,-1.2021498482704));
#2496=CARTESIAN_POINT('',(0.509504390308789,1.25,-1.2101035708136));
#2497=CARTESIAN_POINT('',(0.520668927444782,1.25,-1.21810523594709));
#2498=CARTESIAN_POINT('',(0.532362480411438,1.25,-1.22613700032169));
#2499=CARTESIAN_POINT('',(0.544590560200263,1.25,-1.23418081000499));
#2500=CARTESIAN_POINT('',(0.557358213815852,1.25,-1.24221837326368));
#2501=CARTESIAN_POINT('',(0.570669783261741,1.25,-1.2502313280347));
#2502=CARTESIAN_POINT('',(0.584529796583348,1.25,-1.25820066736788));
#2503=CARTESIAN_POINT('',(0.598939544037784,1.25,-1.26610899491257));
#2504=CARTESIAN_POINT('',(0.613910098387988,1.25,-1.27393199676447));
#2505=CARTESIAN_POINT('',(0.625000076960699,1.25,-1.27946817384148));
#2506=CARTESIAN_POINT('',(0.631089099165948,1.25,-1.28239660389942));
#2507=CARTESIAN_POINT('',(0.631926182748101,1.25,-1.28279745071364));
#2508=CARTESIAN_POINT('',(0.416474641559218,1.25,-1.1254105352884));
#2509=CARTESIAN_POINT('',(0.,1.25,0.));
#2510=CARTESIAN_POINT('',(0.324564652669476,1.25,-1.15527390095922));
#2511=CARTESIAN_POINT('',(0.323505453175937,1.25,-1.09052761164742));
#2512=CARTESIAN_POINT('',(0.32363132285422,1.25,-1.09138941330893));
#2513=CARTESIAN_POINT('',(0.323919038194287,1.25,-1.09347315302887));
#2514=CARTESIAN_POINT('',(0.324344717366513,1.25,-1.09702226013087));
#2515=CARTESIAN_POINT('',(0.324769160536292,1.25,-1.10127950700375));
#2516=CARTESIAN_POINT('',(0.325144086717147,1.25,-1.10599333084526));
#2517=CARTESIAN_POINT('',(0.325451391133928,1.25,-1.11116327936636));
#2518=CARTESIAN_POINT('',(0.325672968625434,1.25,-1.11678834973029));
#2519=CARTESIAN_POINT('',(0.32579073144052,1.25,-1.12286700055841));
#2520=CARTESIAN_POINT('',(0.325786622629037,1.25,-1.1293971484891));
#2521=CARTESIAN_POINT('',(0.325642630722706,1.25,-1.1363761697689));
#2522=CARTESIAN_POINT('',(0.32534080404683,1.25,-1.14380090094428));
#2523=CARTESIAN_POINT('',(0.32486326511652,1.25,-1.15166764031198));
#2524=CARTESIAN_POINT('',(0.324192224973461,1.25,-1.15997214964));
#2525=CARTESIAN_POINT('',(0.323309997490528,1.25,-1.16870965628646));
#2526=CARTESIAN_POINT('',(0.322199013624222,1.25,-1.17787485567406));
#2527=CARTESIAN_POINT('',(0.320841835608797,1.25,-1.18746191412711));
#2528=CARTESIAN_POINT('',(0.319221171082409,1.25,-1.1974644720654));
#2529=CARTESIAN_POINT('',(0.317319887136649,1.25,-1.20787564755336));
#2530=CARTESIAN_POINT('',(0.315121024281455,1.25,-1.21868804020175));
#2531=CARTESIAN_POINT('',(0.312607810314362,1.25,-1.22989373541969));
#2532=CARTESIAN_POINT('',(0.309763674095354,1.25,-1.24148430901416));
#2533=CARTESIAN_POINT('',(0.30657225918179,1.25,-1.253450832136));
#2534=CARTESIAN_POINT('',(0.303017437457633,1.25,-1.2657838765631));
#2535=CARTESIAN_POINT('',(0.299083322202237,1.25,-1.27847352034378));
#2536=CARTESIAN_POINT('',(0.294754282684139,1.25,-1.29150935369728));
#2537=CARTESIAN_POINT('',(0.290014952258766,1.25,-1.30488048555185));
#2538=CARTESIAN_POINT('',(0.284850260605126,1.25,-1.31857554924889));
#2539=CARTESIAN_POINT('',(0.279245372999647,1.25,-1.33258271302015));
#2540=CARTESIAN_POINT('',(0.273185983737811,1.25,-1.34688967381022));
#2541=CARTESIAN_POINT('',(0.26665725754893,1.25,-1.36148371619173));
#2542=CARTESIAN_POINT('',(0.259647925274702,1.25,-1.37635152461544));
#2543=CARTESIAN_POINT('',(0.252134737507381,1.25,-1.39147993712635));
#2544=CARTESIAN_POINT('',(0.24641683961475,1.25,-1.4024773243188));
#2545=CARTESIAN_POINT('',(0.243212005172001,1.25,-1.40842551145563));
#2546=CARTESIAN_POINT('',(0.242770402174155,1.25,-1.40924182872501));
#2547=CARTESIAN_POINT('',(0.242770402174155,1.25,-1.40924182872501));
#2548=CARTESIAN_POINT('',(0.,1.25,8.75622461390358E-17));
#2549=CARTESIAN_POINT('',(0.20459130130873,1.25,-1.41528880424767));
#2550=CARTESIAN_POINT('',(0.0293195955341841,1.25,-1.13712207406141));
#2551=CARTESIAN_POINT('',(0.0294661977156367,1.25,-1.137980592017));
#2552=CARTESIAN_POINT('',(0.0298364751519434,1.25,-1.14005125518554));
#2553=CARTESIAN_POINT('',(0.0305283646107225,1.25,-1.1435581987203));
#2554=CARTESIAN_POINT('',(0.0314402568012745,1.25,-1.14773824125283));
#2555=CARTESIAN_POINT('',(0.0325403324893592,1.25,-1.15233721269548));
#2556=CARTESIAN_POINT('',(0.0338456705743586,1.25,-1.15734908821262));
#2557=CARTESIAN_POINT('',(0.0353731801942061,1.25,-1.1627673192473));
#2558=CARTESIAN_POINT('',(0.0371395875103003,1.25,-1.16858485043883));
#2559=CARTESIAN_POINT('',(0.0391614219086006,1.25,-1.17479412048811));
#2560=CARTESIAN_POINT('',(0.0414550025289732,1.25,-1.18138706820752));
#2561=CARTESIAN_POINT('',(0.0440364248677145,1.25,-1.1883551376014));
#2562=CARTESIAN_POINT('',(0.0469215475341115,1.25,-1.19568928369411));
#2563=CARTESIAN_POINT('',(0.0501259791471644,1.25,-1.20337997859704));
#2564=CARTESIAN_POINT('',(0.0536650653858823,1.25,-1.2114172179442));
#2565=CARTESIAN_POINT('',(0.0575538761990358,1.25,-1.21979052764976));
#2566=CARTESIAN_POINT('',(0.0618071931824357,1.25,-1.22848897099247));
#2567=CARTESIAN_POINT('',(0.0664394971311374,1.25,-1.23750115601847));
#2568=CARTESIAN_POINT('',(0.0714649557742786,1.25,-1.24681524325822));
#2569=CARTESIAN_POINT('',(0.0768974116993575,1.25,-1.25641895375265));
#2570=CARTESIAN_POINT('',(0.0827503704757367,1.25,-1.26629957738296));
#2571=CARTESIAN_POINT('',(0.0890369889752972,1.25,-1.27644398150159));
#2572=CARTESIAN_POINT('',(0.0957700639332753,1.25,-1.28683861984962));
#2573=CARTESIAN_POINT('',(0.102962020618656,1.25,-1.29746954179303));
#2574=CARTESIAN_POINT('',(0.110624902148953,1.25,-1.30832240172837));
#2575=CARTESIAN_POINT('',(0.118770357434012,1.25,-1.31938246920414));
#2576=CARTESIAN_POINT('',(0.127409635495028,1.25,-1.33063463764127));
#2577=CARTESIAN_POINT('',(0.136553556568308,1.25,-1.34206343971973));
#2578=CARTESIAN_POINT('',(0.146212573096915,1.25,-1.35365303857755));
#2579=CARTESIAN_POINT('',(0.156396488761141,1.25,-1.36538731260789));
#2580=CARTESIAN_POINT('',(0.167115483458697,1.25,-1.37724958436992));
#2581=CARTESIAN_POINT('',(0.178376160065016,1.25,-1.38922370766236));
#2582=CARTESIAN_POINT('',(0.190196562813062,1.25,-1.40128998026003));
#2583=CARTESIAN_POINT('',(0.199032986399547,1.25,-1.40998218939071));
#2584=CARTESIAN_POINT('',(0.203919055990975,1.25,-1.41464890322037));
#2585=CARTESIAN_POINT('',(0.204591301308729,1.25,-1.41528880424767));
#2586=CARTESIAN_POINT('',(0.0483199406738615,1.25,-1.19902676506126));
#2587=CARTESIAN_POINT('',(0.,1.25,0.));
#2588=CARTESIAN_POINT('',(-0.0483199406738626,1.25,-1.19902676506126));
#2589=CARTESIAN_POINT('',(-0.0293195955341844,1.25,-1.1371220740614));
#2590=CARTESIAN_POINT('',(-0.029466197715637,1.25,-1.137980592017));
#2591=CARTESIAN_POINT('',(-0.0298364751519438,1.25,-1.14005125518554));
#2592=CARTESIAN_POINT('',(-0.030528364610723,1.25,-1.1435581987203));
#2593=CARTESIAN_POINT('',(-0.0314402568012749,1.25,-1.14773824125283));
#2594=CARTESIAN_POINT('',(-0.0325403324893596,1.25,-1.15233721269548));
#2595=CARTESIAN_POINT('',(-0.0338456705743591,1.25,-1.15734908821262));
#2596=CARTESIAN_POINT('',(-0.0353731801942065,1.25,-1.1627673192473));
#2597=CARTESIAN_POINT('',(-0.0371395875103007,1.25,-1.16858485043883));
#2598=CARTESIAN_POINT('',(-0.039161421908601,1.25,-1.17479412048811));
#2599=CARTESIAN_POINT('',(-0.0414550025289736,1.25,-1.18138706820752));
#2600=CARTESIAN_POINT('',(-0.044036424867715,1.25,-1.1883551376014));
#2601=CARTESIAN_POINT('',(-0.0469215475341119,1.25,-1.19568928369411));
#2602=CARTESIAN_POINT('',(-0.0501259791471648,1.25,-1.20337997859704));
#2603=CARTESIAN_POINT('',(-0.0536650653858827,1.25,-1.2114172179442));
#2604=CARTESIAN_POINT('',(-0.0575538761990363,1.25,-1.21979052764976));
#2605=CARTESIAN_POINT('',(-0.0618071931824362,1.25,-1.22848897099247));
#2606=CARTESIAN_POINT('',(-0.0664394971311379,1.25,-1.23750115601847));
#2607=CARTESIAN_POINT('',(-0.071464955774279,1.25,-1.24681524325821));
#2608=CARTESIAN_POINT('',(-0.076897411699358,1.25,-1.25641895375265));
#2609=CARTESIAN_POINT('',(-0.0827503704757371,1.25,-1.26629957738296));
#2610=CARTESIAN_POINT('',(-0.0890369889752977,1.25,-1.27644398150159));
#2611=CARTESIAN_POINT('',(-0.0957700639332758,1.25,-1.28683861984962));
#2612=CARTESIAN_POINT('',(-0.102962020618657,1.25,-1.29746954179303));
#2613=CARTESIAN_POINT('',(-0.110624902148954,1.25,-1.30832240172837));
#2614=CARTESIAN_POINT('',(-0.118770357434012,1.25,-1.31938246920414));
#2615=CARTESIAN_POINT('',(-0.127409635495028,1.25,-1.33063463764127));
#2616=CARTESIAN_POINT('',(-0.136553556568308,1.25,-1.34206343971973));
#2617=CARTESIAN_POINT('',(-0.146212573096916,1.25,-1.35365303857755));
#2618=CARTESIAN_POINT('',(-0.156396488761142,1.25,-1.36538731260789));
#2619=CARTESIAN_POINT('',(-0.167115483458698,1.25,-1.37724958436992));
#2620=CARTESIAN_POINT('',(-0.178376160065016,1.25,-1.38922370766236));
#2621=CARTESIAN_POINT('',(-0.190196562813062,1.25,-1.40128998026003));
#2622=CARTESIAN_POINT('',(-0.199032986399548,1.25,-1.40998218939071));
#2623=CARTESIAN_POINT('',(-0.203919055990976,1.25,-1.41464890322037));
#2624=CARTESIAN_POINT('',(-0.20459130130873,1.25,-1.41528880424767));
#2625=CARTESIAN_POINT('',(-0.20459130130873,1.25,-1.41528880424767));
#2626=CARTESIAN_POINT('',(0.,1.25,8.75622461390358E-17));
#2627=CARTESIAN_POINT('',(-0.242770402174156,1.25,-1.40924182872501));
#2628=CARTESIAN_POINT('',(-0.323505453175937,1.25,-1.09052761164742));
#2629=CARTESIAN_POINT('',(-0.32363132285422,1.25,-1.09138941330893));
#2630=CARTESIAN_POINT('',(-0.323919038194288,1.25,-1.09347315302887));
#2631=CARTESIAN_POINT('',(-0.324344717366513,1.25,-1.09702226013087));
#2632=CARTESIAN_POINT('',(-0.324769160536292,1.25,-1.10127950700375));
#2633=CARTESIAN_POINT('',(-0.325144086717147,1.25,-1.10599333084526));
#2634=CARTESIAN_POINT('',(-0.325451391133928,1.25,-1.11116327936636));
#2635=CARTESIAN_POINT('',(-0.325672968625434,1.25,-1.11678834973029));
#2636=CARTESIAN_POINT('',(-0.32579073144052,1.25,-1.12286700055841));
#2637=CARTESIAN_POINT('',(-0.325786622629037,1.25,-1.1293971484891));
#2638=CARTESIAN_POINT('',(-0.325642630722706,1.25,-1.1363761697689));
#2639=CARTESIAN_POINT('',(-0.32534080404683,1.25,-1.14380090094427));
#2640=CARTESIAN_POINT('',(-0.32486326511652,1.25,-1.15166764031198));
#2641=CARTESIAN_POINT('',(-0.324192224973462,1.25,-1.15997214964));
#2642=CARTESIAN_POINT('',(-0.323309997490529,1.25,-1.16870965628646));
#2643=CARTESIAN_POINT('',(-0.322199013624222,1.25,-1.17787485567406));
#2644=CARTESIAN_POINT('',(-0.320841835608798,1.25,-1.18746191412711));
#2645=CARTESIAN_POINT('',(-0.319221171082409,1.25,-1.1974644720654));
#2646=CARTESIAN_POINT('',(-0.31731988713665,1.25,-1.20787564755336));
#2647=CARTESIAN_POINT('',(-0.315121024281455,1.25,-1.21868804020175));
#2648=CARTESIAN_POINT('',(-0.312607810314362,1.25,-1.22989373541969));
#2649=CARTESIAN_POINT('',(-0.309763674095355,1.25,-1.24148430901416));
#2650=CARTESIAN_POINT('',(-0.306572259181791,1.25,-1.253450832136));
#2651=CARTESIAN_POINT('',(-0.303017437457634,1.25,-1.2657838765631));
#2652=CARTESIAN_POINT('',(-0.299083322202237,1.25,-1.27847352034378));
#2653=CARTESIAN_POINT('',(-0.294754282684139,1.25,-1.29150935369728));
#2654=CARTESIAN_POINT('',(-0.290014952258766,1.25,-1.30488048555185));
#2655=CARTESIAN_POINT('',(-0.284850260605126,1.25,-1.31857554924889));
#2656=CARTESIAN_POINT('',(-0.279245372999647,1.25,-1.33258271302015));
#2657=CARTESIAN_POINT('',(-0.273185983737811,1.25,-1.34688967381022));
#2658=CARTESIAN_POINT('',(-0.26665725754893,1.25,-1.36148371619173));
#2659=CARTESIAN_POINT('',(-0.259647925274703,1.25,-1.37635152461544));
#2660=CARTESIAN_POINT('',(-0.252134737507382,1.25,-1.39147993712635));
#2661=CARTESIAN_POINT('',(-0.24641683961475,1.25,-1.4024773243188));
#2662=CARTESIAN_POINT('',(-0.243212005172002,1.25,-1.40842551145563));
#2663=CARTESIAN_POINT('',(-0.242770402174156,1.25,-1.40924182872501));
#2664=CARTESIAN_POINT('',(-0.324564652669477,1.25,-1.15527390095922));
#2665=CARTESIAN_POINT('',(0.,1.25,0.));
#2666=CARTESIAN_POINT('',(-0.416474641559219,1.25,-1.1254105352884));
#2667=CARTESIAN_POINT('',(-0.379274637951786,1.25,-1.0724071050709));
#2668=CARTESIAN_POINT('',(-0.379679361550015,1.25,-1.07317830160144));
#2669=CARTESIAN_POINT('',(-0.380671386427356,1.25,-1.07503319728048));
#2670=CARTESIAN_POINT('',(-0.382413117556238,1.25,-1.0781546931805));
#2671=CARTESIAN_POINT('',(-0.384572082745983,1.25,-1.08184835968554));
#2672=CARTESIAN_POINT('',(-0.387039477229979,1.25,-1.08588229936161));
#2673=CARTESIAN_POINT('',(-0.389829682230175,1.25,-1.09024550457938));
#2674=CARTESIAN_POINT('',(-0.392956755677,1.25,-1.0949265220801));
#2675=CARTESIAN_POINT('',(-0.39643442486889,1.25,-1.09991347314889));
#2676=CARTESIAN_POINT('',(-0.400276073616155,1.25,-1.10519405870181));
#2677=CARTESIAN_POINT('',(-0.404494731299131,1.25,-1.11075556920228));
#2678=CARTESIAN_POINT('',(-0.409103061696394,1.25,-1.116584893633));
#2679=CARTESIAN_POINT('',(-0.414113352190459,1.25,-1.12266852913116));
#2680=CARTESIAN_POINT('',(-0.419537503180633,1.25,-1.12899259080768));
#2681=CARTESIAN_POINT('',(-0.425387017755826,1.25,-1.1355428218695));
#2682=CARTESIAN_POINT('',(-0.431672991618498,1.25,-1.14230460399875));
#2683=CARTESIAN_POINT('',(-0.438406103268935,1.25,-1.14926296799113));
#2684=CARTESIAN_POINT('',(-0.445596604454292,1.25,-1.1564026046429));
#2685=CARTESIAN_POINT('',(-0.453254310888396,1.25,-1.16370787588035));
#2686=CARTESIAN_POINT('',(-0.461388593247266,1.25,-1.17116282612465));
#2687=CARTESIAN_POINT('',(-0.470008368447937,1.25,-1.17875119388404));
#2688=CARTESIAN_POINT('',(-0.479122091207868,1.25,-1.18645642357147));
#2689=CARTESIAN_POINT('',(-0.488737745921281,1.25,-1.19426167752049));
#2690=CARTESIAN_POINT('',(-0.498862838738212,1.25,-1.2021498482704));
#2691=CARTESIAN_POINT('',(-0.509504390308789,1.25,-1.2101035708136));
#2692=CARTESIAN_POINT('',(-0.520668927444782,1.25,-1.21810523594709));
#2693=CARTESIAN_POINT('',(-0.532362480411439,1.25,-1.22613700032169));
#2694=CARTESIAN_POINT('',(-0.544590560200263,1.25,-1.23418081000499));
#2695=CARTESIAN_POINT('',(-0.557358213815853,1.25,-1.24221837326368));
#2696=CARTESIAN_POINT('',(-0.570669783261742,1.25,-1.2502313280347));
#2697=CARTESIAN_POINT('',(-0.584529796583349,1.25,-1.25820066736788));
#2698=CARTESIAN_POINT('',(-0.598939544037785,1.25,-1.26610899491257));
#2699=CARTESIAN_POINT('',(-0.613910098387989,1.25,-1.27393199676447));
#2700=CARTESIAN_POINT('',(-0.625000076960699,1.25,-1.27946817384148));
#2701=CARTESIAN_POINT('',(-0.631089099165949,1.25,-1.28239660389942));
#2702=CARTESIAN_POINT('',(-0.631926182748101,1.25,-1.28279745071364));
#2703=CARTESIAN_POINT('',(-0.631926182748102,1.25,-1.28279745071364));
#2704=CARTESIAN_POINT('',(0.,1.25,8.75622461390358E-17));
#2705=CARTESIAN_POINT('',(-0.666368047211382,1.25,-1.26524844424156));
#2706=CARTESIAN_POINT('',(-0.644663534134169,1.25,-0.937184708452738));
#2707=CARTESIAN_POINT('',(-0.64504955467109,1.25,-0.937965434669005));
#2708=CARTESIAN_POINT('',(-0.645967099205415,1.25,-0.939858279978294));
#2709=CARTESIAN_POINT('',(-0.647468678565387,1.25,-0.943102139316314));
#2710=CARTESIAN_POINT('',(-0.64918790964077,1.25,-0.947019861543629));
#2711=CARTESIAN_POINT('',(-0.651001137303717,1.25,-0.951387115863244));
#2712=CARTESIAN_POINT('',(-0.652891003124849,1.25,-0.956209066805921));
#2713=CARTESIAN_POINT('',(-0.654839978179019,1.25,-0.961490355419707));
#2714=CARTESIAN_POINT('',(-0.656830383680442,1.25,-0.967235105188901));
#2715=CARTESIAN_POINT('',(-0.658844402654873,1.25,-0.973446914623331));
#2716=CARTESIAN_POINT('',(-0.660864094393626,1.25,-0.980128854234955));
#2717=CARTESIAN_POINT('',(-0.662871408278599,1.25,-0.98728346277324));
#2718=CARTESIAN_POINT('',(-0.664848197922084,1.25,-0.994912744155838));
#2719=CARTESIAN_POINT('',(-0.666776235333634,1.25,-1.00301816467499));
#2720=CARTESIAN_POINT('',(-0.668637225179356,1.25,-1.01160065059241));
#2721=CARTESIAN_POINT('',(-0.670412819101411,1.25,-1.0206605860883));
#2722=CARTESIAN_POINT('',(-0.672084630094126,1.25,-1.03019781157333));
#2723=CARTESIAN_POINT('',(-0.673634246925727,1.25,-1.04021162236099));
#2724=CARTESIAN_POINT('',(-0.675043248596986,1.25,-1.05070076770148));
#2725=CARTESIAN_POINT('',(-0.676293218828321,1.25,-1.06166345017703));
#2726=CARTESIAN_POINT('',(-0.677365760564203,1.25,-1.07309732546001));
#2727=CARTESIAN_POINT('',(-0.678242510495128,1.25,-1.08499950243061));
#2728=CARTESIAN_POINT('',(-0.678905153553612,1.25,-1.09736654366743));
#2729=CARTESIAN_POINT('',(-0.67933543750894,1.25,-1.11019446626032));
#2730=CARTESIAN_POINT('',(-0.679515187140235,1.25,-1.12347874313915));
#2731=CARTESIAN_POINT('',(-0.679426319939319,1.25,-1.13721430417575));
#2732=CARTESIAN_POINT('',(-0.679050855832482,1.25,-1.15139553989967));
#2733=CARTESIAN_POINT('',(-0.678370949602065,1.25,-1.1660162969615));
#2734=CARTESIAN_POINT('',(-0.677368836370086,1.25,-1.18106990686263));
#2735=CARTESIAN_POINT('',(-0.676027108749836,1.25,-1.19654908940784));
#2736=CARTESIAN_POINT('',(-0.674327728277307,1.25,-1.21244633585785));
#2737=CARTESIAN_POINT('',(-0.672255862615063,1.25,-1.2287524647342));
#2738=CARTESIAN_POINT('',(-0.669785332994589,1.25,-1.24546214273594));
#2739=CARTESIAN_POINT('',(-0.66774566848048,1.25,-1.25768820710846));
#2740=CARTESIAN_POINT('',(-0.666535780711061,1.25,-1.26433561755206));
#2741=CARTESIAN_POINT('',(-0.666368047211382,1.25,-1.26524844424156));
#2742=CARTESIAN_POINT('',(-0.665678596434619,1.25,-0.998434778164721));
#2743=CARTESIAN_POINT('',(0.,1.25,0.));
#2744=CARTESIAN_POINT('',(-0.743861902779306,1.25,-0.941631281125235));
#2745=CARTESIAN_POINT('',(-0.692103636244878,1.25,-0.90271745673639));
#2746=CARTESIAN_POINT('',(-0.692726864094215,1.25,-0.903325841752234));
#2747=CARTESIAN_POINT('',(-0.694243530105751,1.25,-0.904783399828887));
#2748=CARTESIAN_POINT('',(-0.696864610126485,1.25,-0.907213894326733));
#2749=CARTESIAN_POINT('',(-0.700059313760258,1.25,-0.910059622991475));
#2750=CARTESIAN_POINT('',(-0.703652501276723,1.25,-0.913133660779365));
#2751=CARTESIAN_POINT('',(-0.707654448486194,1.25,-0.916421094770806));
#2752=CARTESIAN_POINT('',(-0.712074986023419,1.25,-0.91990668813003));
#2753=CARTESIAN_POINT('',(-0.716923498600259,1.25,-0.92357490155934));
#2754=CARTESIAN_POINT('',(-0.722208914350764,1.25,-0.927409902109973));
#2755=CARTESIAN_POINT('',(-0.727939697489218,1.25,-0.9313955759944));
#2756=CARTESIAN_POINT('',(-0.734123840457593,1.25,-0.935515540571384));
#2757=CARTESIAN_POINT('',(-0.74076885663702,1.25,-0.939753156845255));
#2758=CARTESIAN_POINT('',(-0.747881773313115,1.25,-0.944091542076145));
#2759=CARTESIAN_POINT('',(-0.755469124982199,1.25,-0.948513582598144));
#2760=CARTESIAN_POINT('',(-0.763536946975755,1.25,-0.95300194680418));
#2761=CARTESIAN_POINT('',(-0.772090769412538,1.25,-0.957539098296875));
#2762=CARTESIAN_POINT('',(-0.781135611479359,1.25,-0.962107309194174));
#2763=CARTESIAN_POINT('',(-0.790675976044277,1.25,-0.966688673581775));
#2764=CARTESIAN_POINT('',(-0.800715844604775,1.25,-0.971265121104341));
#2765=CARTESIAN_POINT('',(-0.811258672575591,1.25,-0.975818430685254));
#2766=CARTESIAN_POINT('',(-0.822307384913109,1.25,-0.980330244374197));
#2767=CARTESIAN_POINT('',(-0.833864372102403,1.25,-0.984782081285259));
#2768=CARTESIAN_POINT('',(-0.845931486420294,1.25,-0.989155351728559));
#2769=CARTESIAN_POINT('',(-0.858510038819373,1.25,-0.993431371100245));
#2770=CARTESIAN_POINT('',(-0.871600795123525,1.25,-0.997591375157312));
#2771=CARTESIAN_POINT('',(-0.885203976557672,1.25,-1.0016165304118));
#2772=CARTESIAN_POINT('',(-0.899319245414268,1.25,-1.00548796356362));
#2773=CARTESIAN_POINT('',(-0.913945749223473,1.25,-1.00918671853042));
#2774=CARTESIAN_POINT('',(-0.929081943286504,1.25,-1.0126939901996));
#2775=CARTESIAN_POINT('',(-0.944726260559851,1.25,-1.01599030264435));
#2776=CARTESIAN_POINT('',(-0.96087455238295,1.25,-1.01905871224065));
#2777=CARTESIAN_POINT('',(-0.977529836169528,1.25,-1.02187267341946));
#2778=CARTESIAN_POINT('',(-0.989787805357343,1.25,-1.0237108988577));
#2779=CARTESIAN_POINT('',(-0.996483744258252,1.25,-1.02461439000626));
#2780=CARTESIAN_POINT('',(-0.997403726531478,1.25,-1.02473694492837));
#2781=CARTESIAN_POINT('',(-0.997403726531478,1.25,-1.02473694492837));
#2782=CARTESIAN_POINT('',(0.,1.25,8.75622461390358E-17));
#2783=CARTESIAN_POINT('',(-1.02473694492837,1.25,-0.997403726531478));
#2784=CARTESIAN_POINT('',(-0.902717456736391,1.25,-0.692103636244878));
#2785=CARTESIAN_POINT('',(-0.903325841752234,1.25,-0.692726864094215));
#2786=CARTESIAN_POINT('',(-0.904783399828888,1.25,-0.694243530105751));
#2787=CARTESIAN_POINT('',(-0.907213894326733,1.25,-0.696864610126485));
#2788=CARTESIAN_POINT('',(-0.910059622991475,1.25,-0.700059313760257));
#2789=CARTESIAN_POINT('',(-0.913133660779366,1.25,-0.703652501276723));
#2790=CARTESIAN_POINT('',(-0.916421094770806,1.25,-0.707654448486193));
#2791=CARTESIAN_POINT('',(-0.91990668813003,1.25,-0.712074986023419));
#2792=CARTESIAN_POINT('',(-0.92357490155934,1.25,-0.716923498600259));
#2793=CARTESIAN_POINT('',(-0.927409902109973,1.25,-0.722208914350764));
#2794=CARTESIAN_POINT('',(-0.9313955759944,1.25,-0.727939697489217));
#2795=CARTESIAN_POINT('',(-0.935515540571384,1.25,-0.734123840457592));
#2796=CARTESIAN_POINT('',(-0.939753156845256,1.25,-0.74076885663702));
#2797=CARTESIAN_POINT('',(-0.944091542076146,1.25,-0.747881773313115));
#2798=CARTESIAN_POINT('',(-0.948513582598144,1.25,-0.755469124982199));
#2799=CARTESIAN_POINT('',(-0.95300194680418,1.25,-0.763536946975755));
#2800=CARTESIAN_POINT('',(-0.957539098296875,1.25,-0.772090769412538));
#2801=CARTESIAN_POINT('',(-0.962107309194174,1.25,-0.781135611479359));
#2802=CARTESIAN_POINT('',(-0.966688673581776,1.25,-0.790675976044277));
#2803=CARTESIAN_POINT('',(-0.971265121104342,1.25,-0.800715844604775));
#2804=CARTESIAN_POINT('',(-0.975818430685255,1.25,-0.811258672575591));
#2805=CARTESIAN_POINT('',(-0.980330244374197,1.25,-0.822307384913109));
#2806=CARTESIAN_POINT('',(-0.984782081285259,1.25,-0.833864372102402));
#2807=CARTESIAN_POINT('',(-0.98915535172856,1.25,-0.845931486420294));
#2808=CARTESIAN_POINT('',(-0.993431371100246,1.25,-0.858510038819373));
#2809=CARTESIAN_POINT('',(-0.997591375157312,1.25,-0.871600795123524));
#2810=CARTESIAN_POINT('',(-1.0016165304118,1.25,-0.885203976557672));
#2811=CARTESIAN_POINT('',(-1.00548796356362,1.25,-0.899319245414268));
#2812=CARTESIAN_POINT('',(-1.00918671853042,1.25,-0.913945749223473));
#2813=CARTESIAN_POINT('',(-1.0126939901996,1.25,-0.929081943286503));
#2814=CARTESIAN_POINT('',(-1.01599030264435,1.25,-0.944726260559851));
#2815=CARTESIAN_POINT('',(-1.01905871224065,1.25,-0.96087455238295));
#2816=CARTESIAN_POINT('',(-1.02187267341946,1.25,-0.977529836169528));
#2817=CARTESIAN_POINT('',(-1.0237108988577,1.25,-0.989787805357343));
#2818=CARTESIAN_POINT('',(-1.02461439000626,1.25,-0.996483744258252));
#2819=CARTESIAN_POINT('',(-1.02473694492837,1.25,-0.997403726531477));
#2820=CARTESIAN_POINT('',(-0.941631281125236,1.25,-0.743861902779305));
#2821=CARTESIAN_POINT('',(0.,1.25,0.));
#2822=CARTESIAN_POINT('',(-0.998434778164722,1.25,-0.665678596434618));
#2823=CARTESIAN_POINT('',(-0.937184708452738,1.25,-0.644663534134168));
#2824=CARTESIAN_POINT('',(-0.937965434669005,1.25,-0.64504955467109));
#2825=CARTESIAN_POINT('',(-0.939858279978294,1.25,-0.645967099205414));
#2826=CARTESIAN_POINT('',(-0.943102139316314,1.25,-0.647468678565386));
#2827=CARTESIAN_POINT('',(-0.94701986154363,1.25,-0.64918790964077));
#2828=CARTESIAN_POINT('',(-0.951387115863244,1.25,-0.651001137303717));
#2829=CARTESIAN_POINT('',(-0.956209066805921,1.25,-0.652891003124849));
#2830=CARTESIAN_POINT('',(-0.961490355419707,1.25,-0.654839978179019));
#2831=CARTESIAN_POINT('',(-0.967235105188901,1.25,-0.656830383680442));
#2832=CARTESIAN_POINT('',(-0.973446914623331,1.25,-0.658844402654873));
#2833=CARTESIAN_POINT('',(-0.980128854234956,1.25,-0.660864094393626));
#2834=CARTESIAN_POINT('',(-0.987283462773241,1.25,-0.662871408278599));
#2835=CARTESIAN_POINT('',(-0.994912744155838,1.25,-0.664848197922084));
#2836=CARTESIAN_POINT('',(-1.00301816467499,1.25,-0.666776235333634));
#2837=CARTESIAN_POINT('',(-1.01160065059241,1.25,-0.668637225179356));
#2838=CARTESIAN_POINT('',(-1.0206605860883,1.25,-0.670412819101411));
#2839=CARTESIAN_POINT('',(-1.03019781157333,1.25,-0.672084630094125));
#2840=CARTESIAN_POINT('',(-1.040211622361,1.25,-0.673634246925727));
#2841=CARTESIAN_POINT('',(-1.05070076770148,1.25,-0.675043248596986));
#2842=CARTESIAN_POINT('',(-1.06166345017703,1.25,-0.67629321882832));
#2843=CARTESIAN_POINT('',(-1.07309732546001,1.25,-0.677365760564203));
#2844=CARTESIAN_POINT('',(-1.08499950243061,1.25,-0.678242510495128));
#2845=CARTESIAN_POINT('',(-1.09736654366743,1.25,-0.678905153553612));
#2846=CARTESIAN_POINT('',(-1.11019446626032,1.25,-0.67933543750894));
#2847=CARTESIAN_POINT('',(-1.12347874313915,1.25,-0.679515187140235));
#2848=CARTESIAN_POINT('',(-1.13721430417575,1.25,-0.679426319939319));
#2849=CARTESIAN_POINT('',(-1.15139553989967,1.25,-0.679050855832482));
#2850=CARTESIAN_POINT('',(-1.1660162969615,1.25,-0.678370949602064));
#2851=CARTESIAN_POINT('',(-1.18106990686263,1.25,-0.677368836370085));
#2852=CARTESIAN_POINT('',(-1.19654908940784,1.25,-0.676027108749836));
#2853=CARTESIAN_POINT('',(-1.21244633585785,1.25,-0.674327728277307));
#2854=CARTESIAN_POINT('',(-1.2287524647342,1.25,-0.672255862615062));
#2855=CARTESIAN_POINT('',(-1.24546214273594,1.25,-0.669785332994589));
#2856=CARTESIAN_POINT('',(-1.25768820710846,1.25,-0.667745668480479));
#2857=CARTESIAN_POINT('',(-1.26433561755206,1.25,-0.666535780711061));
#2858=CARTESIAN_POINT('',(-1.26524844424156,1.25,-0.666368047211382));
#2859=CARTESIAN_POINT('',(-1.26524844424156,1.25,-0.666368047211381));
#2860=CARTESIAN_POINT('',(0.,1.25,8.75622461390358E-17));
#2861=CARTESIAN_POINT('',(-1.28279745071364,1.25,-0.631926182748101));
#2862=CARTESIAN_POINT('',(-1.0724071050709,1.25,-0.379274637951786));
#2863=CARTESIAN_POINT('',(-1.07317830160144,1.25,-0.379679361550015));
#2864=CARTESIAN_POINT('',(-1.07503319728048,1.25,-0.380671386427355));
#2865=CARTESIAN_POINT('',(-1.0781546931805,1.25,-0.382413117556237));
#2866=CARTESIAN_POINT('',(-1.08184835968554,1.25,-0.384572082745983));
#2867=CARTESIAN_POINT('',(-1.08588229936161,1.25,-0.387039477229979));
#2868=CARTESIAN_POINT('',(-1.09024550457938,1.25,-0.389829682230174));
#2869=CARTESIAN_POINT('',(-1.0949265220801,1.25,-0.392956755676999));
#2870=CARTESIAN_POINT('',(-1.09991347314889,1.25,-0.39643442486889));
#2871=CARTESIAN_POINT('',(-1.10519405870181,1.25,-0.400276073616155));
#2872=CARTESIAN_POINT('',(-1.11075556920228,1.25,-0.40449473129913));
#2873=CARTESIAN_POINT('',(-1.116584893633,1.25,-0.409103061696393));
#2874=CARTESIAN_POINT('',(-1.12266852913116,1.25,-0.414113352190458));
#2875=CARTESIAN_POINT('',(-1.12899259080768,1.25,-0.419537503180633));
#2876=CARTESIAN_POINT('',(-1.1355428218695,1.25,-0.425387017755826));
#2877=CARTESIAN_POINT('',(-1.14230460399875,1.25,-0.431672991618498));
#2878=CARTESIAN_POINT('',(-1.14926296799113,1.25,-0.438406103268935));
#2879=CARTESIAN_POINT('',(-1.1564026046429,1.25,-0.445596604454292));
#2880=CARTESIAN_POINT('',(-1.16370787588035,1.25,-0.453254310888395));
#2881=CARTESIAN_POINT('',(-1.17116282612465,1.25,-0.461388593247266));
#2882=CARTESIAN_POINT('',(-1.17875119388404,1.25,-0.470008368447937));
#2883=CARTESIAN_POINT('',(-1.18645642357147,1.25,-0.479122091207867));
#2884=CARTESIAN_POINT('',(-1.19426167752049,1.25,-0.48873774592128));
#2885=CARTESIAN_POINT('',(-1.2021498482704,1.25,-0.498862838738212));
#2886=CARTESIAN_POINT('',(-1.2101035708136,1.25,-0.509504390308789));
#2887=CARTESIAN_POINT('',(-1.21810523594709,1.25,-0.520668927444782));
#2888=CARTESIAN_POINT('',(-1.22613700032169,1.25,-0.532362480411439));
#2889=CARTESIAN_POINT('',(-1.23418081000499,1.25,-0.544590560200263));
#2890=CARTESIAN_POINT('',(-1.24221837326368,1.25,-0.557358213815852));
#2891=CARTESIAN_POINT('',(-1.2502313280347,1.25,-0.570669783261742));
#2892=CARTESIAN_POINT('',(-1.25820066736788,1.25,-0.584529796583348));
#2893=CARTESIAN_POINT('',(-1.26610899491257,1.25,-0.598939544037784));
#2894=CARTESIAN_POINT('',(-1.27393199676447,1.25,-0.613910098387988));
#2895=CARTESIAN_POINT('',(-1.27946817384148,1.25,-0.625000076960699));
#2896=CARTESIAN_POINT('',(-1.28239660389942,1.25,-0.631089099165948));
#2897=CARTESIAN_POINT('',(-1.28279745071364,1.25,-0.631926182748101));
#2898=CARTESIAN_POINT('',(-1.1254105352884,1.25,-0.416474641559218));
#2899=CARTESIAN_POINT('',(0.,1.25,0.));
#2900=CARTESIAN_POINT('',(-1.15527390095922,1.25,-0.324564652669475));
#2901=CARTESIAN_POINT('',(-1.09052761164742,1.25,-0.323505453175937));
#2902=CARTESIAN_POINT('',(-1.09138941330893,1.25,-0.32363132285422));
#2903=CARTESIAN_POINT('',(-1.09347315302887,1.25,-0.323919038194287));
#2904=CARTESIAN_POINT('',(-1.09702226013087,1.25,-0.324344717366513));
#2905=CARTESIAN_POINT('',(-1.10127950700375,1.25,-0.324769160536292));
#2906=CARTESIAN_POINT('',(-1.10599333084526,1.25,-0.325144086717147));
#2907=CARTESIAN_POINT('',(-1.11116327936636,1.25,-0.325451391133928));
#2908=CARTESIAN_POINT('',(-1.11678834973029,1.25,-0.325672968625434));
#2909=CARTESIAN_POINT('',(-1.12286700055841,1.25,-0.32579073144052));
#2910=CARTESIAN_POINT('',(-1.1293971484891,1.25,-0.325786622629037));
#2911=CARTESIAN_POINT('',(-1.1363761697689,1.25,-0.325642630722706));
#2912=CARTESIAN_POINT('',(-1.14380090094428,1.25,-0.32534080404683));
#2913=CARTESIAN_POINT('',(-1.15166764031198,1.25,-0.32486326511652));
#2914=CARTESIAN_POINT('',(-1.15997214964,1.25,-0.324192224973461));
#2915=CARTESIAN_POINT('',(-1.16870965628646,1.25,-0.323309997490528));
#2916=CARTESIAN_POINT('',(-1.17787485567406,1.25,-0.322199013624222));
#2917=CARTESIAN_POINT('',(-1.18746191412711,1.25,-0.320841835608797));
#2918=CARTESIAN_POINT('',(-1.1974644720654,1.25,-0.319221171082409));
#2919=CARTESIAN_POINT('',(-1.20787564755336,1.25,-0.317319887136649));
#2920=CARTESIAN_POINT('',(-1.21868804020175,1.25,-0.315121024281455));
#2921=CARTESIAN_POINT('',(-1.22989373541969,1.25,-0.312607810314362));
#2922=CARTESIAN_POINT('',(-1.24148430901416,1.25,-0.309763674095354));
#2923=CARTESIAN_POINT('',(-1.253450832136,1.25,-0.30657225918179));
#2924=CARTESIAN_POINT('',(-1.2657838765631,1.25,-0.303017437457633));
#2925=CARTESIAN_POINT('',(-1.27847352034378,1.25,-0.299083322202237));
#2926=CARTESIAN_POINT('',(-1.29150935369728,1.25,-0.294754282684139));
#2927=CARTESIAN_POINT('',(-1.30488048555185,1.25,-0.290014952258766));
#2928=CARTESIAN_POINT('',(-1.31857554924889,1.25,-0.284850260605126));
#2929=CARTESIAN_POINT('',(-1.33258271302015,1.25,-0.279245372999647));
#2930=CARTESIAN_POINT('',(-1.34688967381022,1.25,-0.273185983737811));
#2931=CARTESIAN_POINT('',(-1.36148371619173,1.25,-0.26665725754893));
#2932=CARTESIAN_POINT('',(-1.37635152461544,1.25,-0.259647925274702));
#2933=CARTESIAN_POINT('',(-1.39147993712635,1.25,-0.252134737507382));
#2934=CARTESIAN_POINT('',(-1.4024773243188,1.25,-0.24641683961475));
#2935=CARTESIAN_POINT('',(-1.40842551145563,1.25,-0.243212005172001));
#2936=CARTESIAN_POINT('',(-1.40924182872501,1.25,-0.242770402174155));
#2937=CARTESIAN_POINT('',(-1.40924182872501,1.25,-0.242770402174155));
#2938=CARTESIAN_POINT('',(0.,1.25,8.75622461390358E-17));
#2939=CARTESIAN_POINT('',(-1.41528880424767,1.25,-0.20459130130873));
#2940=CARTESIAN_POINT('',(-1.13712207406141,1.25,-0.0293195955341842));
#2941=CARTESIAN_POINT('',(-1.137980592017,1.25,-0.0294661977156367));
#2942=CARTESIAN_POINT('',(-1.14005125518554,1.25,-0.0298364751519434));
#2943=CARTESIAN_POINT('',(-1.1435581987203,1.25,-0.0305283646107226));
#2944=CARTESIAN_POINT('',(-1.14773824125283,1.25,-0.0314402568012746));
#2945=CARTESIAN_POINT('',(-1.15233721269548,1.25,-0.0325403324893592));
#2946=CARTESIAN_POINT('',(-1.15734908821262,1.25,-0.0338456705743587));
#2947=CARTESIAN_POINT('',(-1.1627673192473,1.25,-0.0353731801942062));
#2948=CARTESIAN_POINT('',(-1.16858485043883,1.25,-0.0371395875103004));
#2949=CARTESIAN_POINT('',(-1.17479412048811,1.25,-0.0391614219086006));
#2950=CARTESIAN_POINT('',(-1.18138706820752,1.25,-0.0414550025289732));
#2951=CARTESIAN_POINT('',(-1.1883551376014,1.25,-0.0440364248677146));
#2952=CARTESIAN_POINT('',(-1.19568928369411,1.25,-0.0469215475341116));
#2953=CARTESIAN_POINT('',(-1.20337997859704,1.25,-0.0501259791471644));
#2954=CARTESIAN_POINT('',(-1.2114172179442,1.25,-0.0536650653858824));
#2955=CARTESIAN_POINT('',(-1.21979052764976,1.25,-0.0575538761990359));
#2956=CARTESIAN_POINT('',(-1.22848897099247,1.25,-0.0618071931824358));
#2957=CARTESIAN_POINT('',(-1.23750115601847,1.25,-0.0664394971311375));
#2958=CARTESIAN_POINT('',(-1.24681524325822,1.25,-0.0714649557742786));
#2959=CARTESIAN_POINT('',(-1.25641895375265,1.25,-0.0768974116993576));
#2960=CARTESIAN_POINT('',(-1.26629957738296,1.25,-0.0827503704757367));
#2961=CARTESIAN_POINT('',(-1.27644398150159,1.25,-0.0890369889752973));
#2962=CARTESIAN_POINT('',(-1.28683861984962,1.25,-0.0957700639332754));
#2963=CARTESIAN_POINT('',(-1.29746954179303,1.25,-0.102962020618656));
#2964=CARTESIAN_POINT('',(-1.30832240172837,1.25,-0.110624902148953));
#2965=CARTESIAN_POINT('',(-1.31938246920414,1.25,-0.118770357434012));
#2966=CARTESIAN_POINT('',(-1.33063463764127,1.25,-0.127409635495028));
#2967=CARTESIAN_POINT('',(-1.34206343971973,1.25,-0.136553556568308));
#2968=CARTESIAN_POINT('',(-1.35365303857755,1.25,-0.146212573096915));
#2969=CARTESIAN_POINT('',(-1.36538731260789,1.25,-0.156396488761141));
#2970=CARTESIAN_POINT('',(-1.37724958436992,1.25,-0.167115483458697));
#2971=CARTESIAN_POINT('',(-1.38922370766236,1.25,-0.178376160065016));
#2972=CARTESIAN_POINT('',(-1.40128998026003,1.25,-0.190196562813062));
#2973=CARTESIAN_POINT('',(-1.40998218939071,1.25,-0.199032986399547));
#2974=CARTESIAN_POINT('',(-1.41464890322037,1.25,-0.203919055990976));
#2975=CARTESIAN_POINT('',(-1.41528880424767,1.25,-0.204591301308729));
#2976=CARTESIAN_POINT('',(-1.19902676506126,1.25,-0.048319940673861));
#2977=CARTESIAN_POINT('',(0.,1.25,0.));
#2978=CARTESIAN_POINT('',(-1.19902676506126,1.25,0.0483199406738625));
#2979=CARTESIAN_POINT('',(-1.1371220740614,1.25,0.0293195955341844));
#2980=CARTESIAN_POINT('',(-1.137980592017,1.25,0.0294661977156369));
#2981=CARTESIAN_POINT('',(-1.14005125518554,1.25,0.0298364751519437));
#2982=CARTESIAN_POINT('',(-1.1435581987203,1.25,0.0305283646107229));
#2983=CARTESIAN_POINT('',(-1.14773824125283,1.25,0.0314402568012749));
#2984=CARTESIAN_POINT('',(-1.15233721269548,1.25,0.0325403324893595));
#2985=CARTESIAN_POINT('',(-1.15734908821262,1.25,0.033845670574359));
#2986=CARTESIAN_POINT('',(-1.1627673192473,1.25,0.0353731801942065));
#2987=CARTESIAN_POINT('',(-1.16858485043883,1.25,0.0371395875103007));
#2988=CARTESIAN_POINT('',(-1.17479412048811,1.25,0.0391614219086009));
#2989=CARTESIAN_POINT('',(-1.18138706820752,1.25,0.0414550025289736));
#2990=CARTESIAN_POINT('',(-1.1883551376014,1.25,0.0440364248677149));
#2991=CARTESIAN_POINT('',(-1.19568928369411,1.25,0.0469215475341118));
#2992=CARTESIAN_POINT('',(-1.20337997859704,1.25,0.0501259791471647));
#2993=CARTESIAN_POINT('',(-1.2114172179442,1.25,0.0536650653858827));
#2994=CARTESIAN_POINT('',(-1.21979052764976,1.25,0.0575538761990362));
#2995=CARTESIAN_POINT('',(-1.22848897099247,1.25,0.0618071931824361));
#2996=CARTESIAN_POINT('',(-1.23750115601847,1.25,0.0664394971311378));
#2997=CARTESIAN_POINT('',(-1.24681524325821,1.25,0.0714649557742789));
#2998=CARTESIAN_POINT('',(-1.25641895375265,1.25,0.0768974116993579));
#2999=CARTESIAN_POINT('',(-1.26629957738296,1.25,0.082750370475737));
#3000=CARTESIAN_POINT('',(-1.27644398150159,1.25,0.0890369889752976));
#3001=CARTESIAN_POINT('',(-1.28683861984962,1.25,0.0957700639332757));
#3002=CARTESIAN_POINT('',(-1.29746954179303,1.25,0.102962020618656));
#3003=CARTESIAN_POINT('',(-1.30832240172837,1.25,0.110624902148954));
#3004=CARTESIAN_POINT('',(-1.31938246920414,1.25,0.118770357434012));
#3005=CARTESIAN_POINT('',(-1.33063463764127,1.25,0.127409635495028));
#3006=CARTESIAN_POINT('',(-1.34206343971973,1.25,0.136553556568308));
#3007=CARTESIAN_POINT('',(-1.35365303857755,1.25,0.146212573096916));
#3008=CARTESIAN_POINT('',(-1.36538731260789,1.25,0.156396488761142));
#3009=CARTESIAN_POINT('',(-1.37724958436992,1.25,0.167115483458698));
#3010=CARTESIAN_POINT('',(-1.38922370766236,1.25,0.178376160065016));
#3011=CARTESIAN_POINT('',(-1.40128998026003,1.25,0.190196562813062));
#3012=CARTESIAN_POINT('',(-1.40998218939071,1.25,0.199032986399548));
#3013=CARTESIAN_POINT('',(-1.41464890322037,1.25,0.203919055990976));
#3014=CARTESIAN_POINT('',(-1.41528880424767,1.25,0.20459130130873));
#3015=CARTESIAN_POINT('',(-1.41528880424767,1.25,0.20459130130873));
#3016=CARTESIAN_POINT('',(0.,1.25,8.75622461390358E-17));
#3017=CARTESIAN_POINT('',(-1.40924182872501,1.25,0.242770402174155));
#3018=CARTESIAN_POINT('',(-1.09052761164742,1.25,0.323505453175937));
#3019=CARTESIAN_POINT('',(-1.09138941330893,1.25,0.32363132285422));
#3020=CARTESIAN_POINT('',(-1.09347315302887,1.25,0.323919038194287));
#3021=CARTESIAN_POINT('',(-1.09702226013087,1.25,0.324344717366513));
#3022=CARTESIAN_POINT('',(-1.10127950700375,1.25,0.324769160536292));
#3023=CARTESIAN_POINT('',(-1.10599333084526,1.25,0.325144086717147));
#3024=CARTESIAN_POINT('',(-1.11116327936636,1.25,0.325451391133928));
#3025=CARTESIAN_POINT('',(-1.11678834973029,1.25,0.325672968625434));
#3026=CARTESIAN_POINT('',(-1.12286700055841,1.25,0.32579073144052));
#3027=CARTESIAN_POINT('',(-1.1293971484891,1.25,0.325786622629037));
#3028=CARTESIAN_POINT('',(-1.1363761697689,1.25,0.325642630722706));
#3029=CARTESIAN_POINT('',(-1.14380090094427,1.25,0.32534080404683));
#3030=CARTESIAN_POINT('',(-1.15166764031198,1.25,0.32486326511652));
#3031=CARTESIAN_POINT('',(-1.15997214964,1.25,0.324192224973462));
#3032=CARTESIAN_POINT('',(-1.16870965628646,1.25,0.323309997490529));
#3033=CARTESIAN_POINT('',(-1.17787485567406,1.25,0.322199013624222));
#3034=CARTESIAN_POINT('',(-1.18746191412711,1.25,0.320841835608797));
#3035=CARTESIAN_POINT('',(-1.1974644720654,1.25,0.319221171082409));
#3036=CARTESIAN_POINT('',(-1.20787564755336,1.25,0.31731988713665));
#3037=CARTESIAN_POINT('',(-1.21868804020175,1.25,0.315121024281455));
#3038=CARTESIAN_POINT('',(-1.22989373541969,1.25,0.312607810314362));
#3039=CARTESIAN_POINT('',(-1.24148430901416,1.25,0.309763674095355));
#3040=CARTESIAN_POINT('',(-1.253450832136,1.25,0.306572259181791));
#3041=CARTESIAN_POINT('',(-1.2657838765631,1.25,0.303017437457634));
#3042=CARTESIAN_POINT('',(-1.27847352034378,1.25,0.299083322202237));
#3043=CARTESIAN_POINT('',(-1.29150935369728,1.25,0.294754282684139));
#3044=CARTESIAN_POINT('',(-1.30488048555185,1.25,0.290014952258766));
#3045=CARTESIAN_POINT('',(-1.31857554924889,1.25,0.284850260605126));
#3046=CARTESIAN_POINT('',(-1.33258271302015,1.25,0.279245372999647));
#3047=CARTESIAN_POINT('',(-1.34688967381022,1.25,0.273185983737811));
#3048=CARTESIAN_POINT('',(-1.36148371619173,1.25,0.26665725754893));
#3049=CARTESIAN_POINT('',(-1.37635152461544,1.25,0.259647925274703));
#3050=CARTESIAN_POINT('',(-1.39147993712635,1.25,0.252134737507382));
#3051=CARTESIAN_POINT('',(-1.4024773243188,1.25,0.24641683961475));
#3052=CARTESIAN_POINT('',(-1.40842551145563,1.25,0.243212005172002));
#3053=CARTESIAN_POINT('',(-1.40924182872501,1.25,0.242770402174156));
#3054=CARTESIAN_POINT('',(-1.15527390095922,1.25,0.324564652669476));
#3055=CARTESIAN_POINT('',(0.,1.25,0.));
#3056=CARTESIAN_POINT('',(-1.1254105352884,1.25,0.416474641559219));
#3057=CARTESIAN_POINT('',(-1.0724071050709,1.25,0.379274637951786));
#3058=CARTESIAN_POINT('',(-1.07317830160144,1.25,0.379679361550015));
#3059=CARTESIAN_POINT('',(-1.07503319728048,1.25,0.380671386427356));
#3060=CARTESIAN_POINT('',(-1.0781546931805,1.25,0.382413117556238));
#3061=CARTESIAN_POINT('',(-1.08184835968554,1.25,0.384572082745983));
#3062=CARTESIAN_POINT('',(-1.08588229936161,1.25,0.387039477229979));
#3063=CARTESIAN_POINT('',(-1.09024550457938,1.25,0.389829682230175));
#3064=CARTESIAN_POINT('',(-1.0949265220801,1.25,0.392956755677));
#3065=CARTESIAN_POINT('',(-1.09991347314889,1.25,0.39643442486889));
#3066=CARTESIAN_POINT('',(-1.10519405870181,1.25,0.400276073616155));
#3067=CARTESIAN_POINT('',(-1.11075556920228,1.25,0.404494731299131));
#3068=CARTESIAN_POINT('',(-1.116584893633,1.25,0.409103061696394));
#3069=CARTESIAN_POINT('',(-1.12266852913116,1.25,0.414113352190459));
#3070=CARTESIAN_POINT('',(-1.12899259080768,1.25,0.419537503180633));
#3071=CARTESIAN_POINT('',(-1.1355428218695,1.25,0.425387017755826));
#3072=CARTESIAN_POINT('',(-1.14230460399875,1.25,0.431672991618498));
#3073=CARTESIAN_POINT('',(-1.14926296799113,1.25,0.438406103268935));
#3074=CARTESIAN_POINT('',(-1.1564026046429,1.25,0.445596604454292));
#3075=CARTESIAN_POINT('',(-1.16370787588035,1.25,0.453254310888396));
#3076=CARTESIAN_POINT('',(-1.17116282612465,1.25,0.461388593247266));
#3077=CARTESIAN_POINT('',(-1.17875119388404,1.25,0.470008368447937));
#3078=CARTESIAN_POINT('',(-1.18645642357147,1.25,0.479122091207868));
#3079=CARTESIAN_POINT('',(-1.19426167752049,1.25,0.488737745921281));
#3080=CARTESIAN_POINT('',(-1.2021498482704,1.25,0.498862838738212));
#3081=CARTESIAN_POINT('',(-1.2101035708136,1.25,0.509504390308789));
#3082=CARTESIAN_POINT('',(-1.21810523594709,1.25,0.520668927444782));
#3083=CARTESIAN_POINT('',(-1.22613700032169,1.25,0.532362480411439));
#3084=CARTESIAN_POINT('',(-1.23418081000499,1.25,0.544590560200263));
#3085=CARTESIAN_POINT('',(-1.24221837326368,1.25,0.557358213815853));
#3086=CARTESIAN_POINT('',(-1.2502313280347,1.25,0.570669783261742));
#3087=CARTESIAN_POINT('',(-1.25820066736788,1.25,0.584529796583349));
#3088=CARTESIAN_POINT('',(-1.26610899491257,1.25,0.598939544037785));
#3089=CARTESIAN_POINT('',(-1.27393199676447,1.25,0.613910098387989));
#3090=CARTESIAN_POINT('',(-1.27946817384148,1.25,0.625000076960699));
#3091=CARTESIAN_POINT('',(-1.28239660389942,1.25,0.631089099165949));
#3092=CARTESIAN_POINT('',(-1.28279745071364,1.25,0.631926182748101));
#3093=CARTESIAN_POINT('',(-1.28279745071364,1.25,0.631926182748101));
#3094=CARTESIAN_POINT('',(0.,1.25,8.75622461390358E-17));
#3095=CARTESIAN_POINT('',(-1.26524844424156,1.25,0.666368047211382));
#3096=CARTESIAN_POINT('',(-0.937184708452738,1.25,0.644663534134169));
#3097=CARTESIAN_POINT('',(-0.937965434669005,1.25,0.64504955467109));
#3098=CARTESIAN_POINT('',(-0.939858279978294,1.25,0.645967099205415));
#3099=CARTESIAN_POINT('',(-0.943102139316314,1.25,0.647468678565387));
#3100=CARTESIAN_POINT('',(-0.947019861543629,1.25,0.64918790964077));
#3101=CARTESIAN_POINT('',(-0.951387115863244,1.25,0.651001137303717));
#3102=CARTESIAN_POINT('',(-0.956209066805921,1.25,0.652891003124849));
#3103=CARTESIAN_POINT('',(-0.961490355419707,1.25,0.654839978179019));
#3104=CARTESIAN_POINT('',(-0.967235105188901,1.25,0.656830383680442));
#3105=CARTESIAN_POINT('',(-0.973446914623331,1.25,0.658844402654873));
#3106=CARTESIAN_POINT('',(-0.980128854234955,1.25,0.660864094393626));
#3107=CARTESIAN_POINT('',(-0.98728346277324,1.25,0.662871408278599));
#3108=CARTESIAN_POINT('',(-0.994912744155838,1.25,0.664848197922084));
#3109=CARTESIAN_POINT('',(-1.00301816467499,1.25,0.666776235333634));
#3110=CARTESIAN_POINT('',(-1.01160065059241,1.25,0.668637225179356));
#3111=CARTESIAN_POINT('',(-1.0206605860883,1.25,0.670412819101411));
#3112=CARTESIAN_POINT('',(-1.03019781157333,1.25,0.672084630094126));
#3113=CARTESIAN_POINT('',(-1.04021162236099,1.25,0.673634246925727));
#3114=CARTESIAN_POINT('',(-1.05070076770148,1.25,0.675043248596986));
#3115=CARTESIAN_POINT('',(-1.06166345017703,1.25,0.676293218828321));
#3116=CARTESIAN_POINT('',(-1.07309732546001,1.25,0.677365760564203));
#3117=CARTESIAN_POINT('',(-1.08499950243061,1.25,0.678242510495128));
#3118=CARTESIAN_POINT('',(-1.09736654366743,1.25,0.678905153553612));
#3119=CARTESIAN_POINT('',(-1.11019446626032,1.25,0.67933543750894));
#3120=CARTESIAN_POINT('',(-1.12347874313915,1.25,0.679515187140235));
#3121=CARTESIAN_POINT('',(-1.13721430417575,1.25,0.679426319939319));
#3122=CARTESIAN_POINT('',(-1.15139553989967,1.25,0.679050855832482));
#3123=CARTESIAN_POINT('',(-1.1660162969615,1.25,0.678370949602065));
#3124=CARTESIAN_POINT('',(-1.18106990686263,1.25,0.677368836370086));
#3125=CARTESIAN_POINT('',(-1.19654908940784,1.25,0.676027108749836));
#3126=CARTESIAN_POINT('',(-1.21244633585785,1.25,0.674327728277307));
#3127=CARTESIAN_POINT('',(-1.2287524647342,1.25,0.672255862615063));
#3128=CARTESIAN_POINT('',(-1.24546214273594,1.25,0.669785332994589));
#3129=CARTESIAN_POINT('',(-1.25768820710846,1.25,0.66774566848048));
#3130=CARTESIAN_POINT('',(-1.26433561755206,1.25,0.666535780711061));
#3131=CARTESIAN_POINT('',(-1.26524844424156,1.25,0.666368047211382));
#3132=CARTESIAN_POINT('',(-0.998434778164721,1.25,0.665678596434619));
#3133=CARTESIAN_POINT('',(0.,1.25,0.));
#3134=CARTESIAN_POINT('',(-0.941631281125235,1.25,0.743861902779306));
#3135=CARTESIAN_POINT('',(-0.90271745673639,1.25,0.692103636244878));
#3136=CARTESIAN_POINT('',(-0.903325841752234,1.25,0.692726864094215));
#3137=CARTESIAN_POINT('',(-0.904783399828887,1.25,0.694243530105751));
#3138=CARTESIAN_POINT('',(-0.907213894326733,1.25,0.696864610126485));
#3139=CARTESIAN_POINT('',(-0.910059622991475,1.25,0.700059313760258));
#3140=CARTESIAN_POINT('',(-0.913133660779365,1.25,0.703652501276723));
#3141=CARTESIAN_POINT('',(-0.916421094770806,1.25,0.707654448486194));
#3142=CARTESIAN_POINT('',(-0.91990668813003,1.25,0.712074986023419));
#3143=CARTESIAN_POINT('',(-0.92357490155934,1.25,0.716923498600259));
#3144=CARTESIAN_POINT('',(-0.927409902109973,1.25,0.722208914350764));
#3145=CARTESIAN_POINT('',(-0.9313955759944,1.25,0.727939697489218));
#3146=CARTESIAN_POINT('',(-0.935515540571384,1.25,0.734123840457593));
#3147=CARTESIAN_POINT('',(-0.939753156845255,1.25,0.74076885663702));
#3148=CARTESIAN_POINT('',(-0.944091542076145,1.25,0.747881773313115));
#3149=CARTESIAN_POINT('',(-0.948513582598144,1.25,0.755469124982199));
#3150=CARTESIAN_POINT('',(-0.95300194680418,1.25,0.763536946975755));
#3151=CARTESIAN_POINT('',(-0.957539098296875,1.25,0.772090769412538));
#3152=CARTESIAN_POINT('',(-0.962107309194174,1.25,0.781135611479359));
#3153=CARTESIAN_POINT('',(-0.966688673581775,1.25,0.790675976044277));
#3154=CARTESIAN_POINT('',(-0.971265121104341,1.25,0.800715844604775));
#3155=CARTESIAN_POINT('',(-0.975818430685254,1.25,0.811258672575591));
#3156=CARTESIAN_POINT('',(-0.980330244374197,1.25,0.822307384913109));
#3157=CARTESIAN_POINT('',(-0.984782081285259,1.25,0.833864372102403));
#3158=CARTESIAN_POINT('',(-0.989155351728559,1.25,0.845931486420294));
#3159=CARTESIAN_POINT('',(-0.993431371100245,1.25,0.858510038819373));
#3160=CARTESIAN_POINT('',(-0.997591375157312,1.25,0.871600795123525));
#3161=CARTESIAN_POINT('',(-1.0016165304118,1.25,0.885203976557672));
#3162=CARTESIAN_POINT('',(-1.00548796356362,1.25,0.899319245414268));
#3163=CARTESIAN_POINT('',(-1.00918671853042,1.25,0.913945749223473));
#3164=CARTESIAN_POINT('',(-1.0126939901996,1.25,0.929081943286504));
#3165=CARTESIAN_POINT('',(-1.01599030264435,1.25,0.944726260559851));
#3166=CARTESIAN_POINT('',(-1.01905871224065,1.25,0.96087455238295));
#3167=CARTESIAN_POINT('',(-1.02187267341946,1.25,0.977529836169528));
#3168=CARTESIAN_POINT('',(-1.0237108988577,1.25,0.989787805357343));
#3169=CARTESIAN_POINT('',(-1.02461439000626,1.25,0.996483744258252));
#3170=CARTESIAN_POINT('',(-1.02473694492837,1.25,0.997403726531478));
#3171=CARTESIAN_POINT('',(-1.02473694492837,1.25,0.997403726531478));
#3172=CARTESIAN_POINT('',(0.,1.25,8.75622461390358E-17));
#3173=CARTESIAN_POINT('',(-0.997403726531478,1.25,1.02473694492837));
#3174=CARTESIAN_POINT('',(-0.692103636244878,1.25,0.902717456736391));
#3175=CARTESIAN_POINT('',(-0.692726864094215,1.25,0.903325841752234));
#3176=CARTESIAN_POINT('',(-0.694243530105751,1.25,0.904783399828888));
#3177=CARTESIAN_POINT('',(-0.696864610126485,1.25,0.907213894326733));
#3178=CARTESIAN_POINT('',(-0.700059313760257,1.25,0.910059622991475));
#3179=CARTESIAN_POINT('',(-0.703652501276723,1.25,0.913133660779366));
#3180=CARTESIAN_POINT('',(-0.707654448486194,1.25,0.916421094770806));
#3181=CARTESIAN_POINT('',(-0.712074986023419,1.25,0.91990668813003));
#3182=CARTESIAN_POINT('',(-0.716923498600259,1.25,0.92357490155934));
#3183=CARTESIAN_POINT('',(-0.722208914350764,1.25,0.927409902109973));
#3184=CARTESIAN_POINT('',(-0.727939697489218,1.25,0.9313955759944));
#3185=CARTESIAN_POINT('',(-0.734123840457593,1.25,0.935515540571384));
#3186=CARTESIAN_POINT('',(-0.74076885663702,1.25,0.939753156845256));
#3187=CARTESIAN_POINT('',(-0.747881773313115,1.25,0.944091542076146));
#3188=CARTESIAN_POINT('',(-0.755469124982199,1.25,0.948513582598144));
#3189=CARTESIAN_POINT('',(-0.763536946975755,1.25,0.95300194680418));
#3190=CARTESIAN_POINT('',(-0.772090769412538,1.25,0.957539098296875));
#3191=CARTESIAN_POINT('',(-0.781135611479359,1.25,0.962107309194174));
#3192=CARTESIAN_POINT('',(-0.790675976044277,1.25,0.966688673581776));
#3193=CARTESIAN_POINT('',(-0.800715844604775,1.25,0.971265121104342));
#3194=CARTESIAN_POINT('',(-0.811258672575591,1.25,0.975818430685255));
#3195=CARTESIAN_POINT('',(-0.822307384913109,1.25,0.980330244374197));
#3196=CARTESIAN_POINT('',(-0.833864372102403,1.25,0.984782081285259));
#3197=CARTESIAN_POINT('',(-0.845931486420294,1.25,0.98915535172856));
#3198=CARTESIAN_POINT('',(-0.858510038819373,1.25,0.993431371100246));
#3199=CARTESIAN_POINT('',(-0.871600795123525,1.25,0.997591375157312));
#3200=CARTESIAN_POINT('',(-0.885203976557672,1.25,1.0016165304118));
#3201=CARTESIAN_POINT('',(-0.899319245414268,1.25,1.00548796356362));
#3202=CARTESIAN_POINT('',(-0.913945749223473,1.25,1.00918671853042));
#3203=CARTESIAN_POINT('',(-0.929081943286503,1.25,1.0126939901996));
#3204=CARTESIAN_POINT('',(-0.944726260559851,1.25,1.01599030264435));
#3205=CARTESIAN_POINT('',(-0.96087455238295,1.25,1.01905871224065));
#3206=CARTESIAN_POINT('',(-0.977529836169528,1.25,1.02187267341946));
#3207=CARTESIAN_POINT('',(-0.989787805357343,1.25,1.0237108988577));
#3208=CARTESIAN_POINT('',(-0.996483744258252,1.25,1.02461439000626));
#3209=CARTESIAN_POINT('',(-0.997403726531477,1.25,1.02473694492837));
#3210=CARTESIAN_POINT('',(-0.743861902779305,1.25,0.941631281125235));
#3211=CARTESIAN_POINT('',(0.,1.25,0.));
#3212=CARTESIAN_POINT('',(-0.665678596434618,1.25,0.998434778164722));
#3213=CARTESIAN_POINT('',(-0.644663534134168,1.25,0.937184708452738));
#3214=CARTESIAN_POINT('',(-0.64504955467109,1.25,0.937965434669005));
#3215=CARTESIAN_POINT('',(-0.645967099205414,1.25,0.939858279978294));
#3216=CARTESIAN_POINT('',(-0.647468678565386,1.25,0.943102139316314));
#3217=CARTESIAN_POINT('',(-0.64918790964077,1.25,0.94701986154363));
#3218=CARTESIAN_POINT('',(-0.651001137303717,1.25,0.951387115863244));
#3219=CARTESIAN_POINT('',(-0.652891003124849,1.25,0.956209066805921));
#3220=CARTESIAN_POINT('',(-0.654839978179019,1.25,0.961490355419707));
#3221=CARTESIAN_POINT('',(-0.656830383680442,1.25,0.967235105188901));
#3222=CARTESIAN_POINT('',(-0.658844402654873,1.25,0.973446914623331));
#3223=CARTESIAN_POINT('',(-0.660864094393626,1.25,0.980128854234956));
#3224=CARTESIAN_POINT('',(-0.662871408278599,1.25,0.987283462773241));
#3225=CARTESIAN_POINT('',(-0.664848197922084,1.25,0.994912744155838));
#3226=CARTESIAN_POINT('',(-0.666776235333634,1.25,1.00301816467499));
#3227=CARTESIAN_POINT('',(-0.668637225179356,1.25,1.01160065059241));
#3228=CARTESIAN_POINT('',(-0.670412819101411,1.25,1.0206605860883));
#3229=CARTESIAN_POINT('',(-0.672084630094126,1.25,1.03019781157333));
#3230=CARTESIAN_POINT('',(-0.673634246925727,1.25,1.040211622361));
#3231=CARTESIAN_POINT('',(-0.675043248596986,1.25,1.05070076770148));
#3232=CARTESIAN_POINT('',(-0.676293218828321,1.25,1.06166345017703));
#3233=CARTESIAN_POINT('',(-0.677365760564203,1.25,1.07309732546001));
#3234=CARTESIAN_POINT('',(-0.678242510495128,1.25,1.08499950243061));
#3235=CARTESIAN_POINT('',(-0.678905153553612,1.25,1.09736654366743));
#3236=CARTESIAN_POINT('',(-0.67933543750894,1.25,1.11019446626032));
#3237=CARTESIAN_POINT('',(-0.679515187140235,1.25,1.12347874313915));
#3238=CARTESIAN_POINT('',(-0.679426319939319,1.25,1.13721430417575));
#3239=CARTESIAN_POINT('',(-0.679050855832482,1.25,1.15139553989967));
#3240=CARTESIAN_POINT('',(-0.678370949602064,1.25,1.1660162969615));
#3241=CARTESIAN_POINT('',(-0.677368836370085,1.25,1.18106990686263));
#3242=CARTESIAN_POINT('',(-0.676027108749836,1.25,1.19654908940784));
#3243=CARTESIAN_POINT('',(-0.674327728277307,1.25,1.21244633585785));
#3244=CARTESIAN_POINT('',(-0.672255862615062,1.25,1.2287524647342));
#3245=CARTESIAN_POINT('',(-0.669785332994589,1.25,1.24546214273594));
#3246=CARTESIAN_POINT('',(-0.667745668480479,1.25,1.25768820710846));
#3247=CARTESIAN_POINT('',(-0.666535780711061,1.25,1.26433561755206));
#3248=CARTESIAN_POINT('',(-0.666368047211382,1.25,1.26524844424156));
#3249=CARTESIAN_POINT('',(-0.666368047211382,1.25,1.26524844424156));
#3250=CARTESIAN_POINT('',(0.,1.25,8.75622461390358E-17));
#3251=CARTESIAN_POINT('',(-0.631926182748101,1.25,1.28279745071364));
#3252=CARTESIAN_POINT('',(-0.379274637951786,1.25,1.0724071050709));
#3253=CARTESIAN_POINT('',(-0.379679361550015,1.25,1.07317830160144));
#3254=CARTESIAN_POINT('',(-0.380671386427355,1.25,1.07503319728048));
#3255=CARTESIAN_POINT('',(-0.382413117556237,1.25,1.0781546931805));
#3256=CARTESIAN_POINT('',(-0.384572082745983,1.25,1.08184835968554));
#3257=CARTESIAN_POINT('',(-0.387039477229979,1.25,1.08588229936161));
#3258=CARTESIAN_POINT('',(-0.389829682230174,1.25,1.09024550457938));
#3259=CARTESIAN_POINT('',(-0.392956755676999,1.25,1.0949265220801));
#3260=CARTESIAN_POINT('',(-0.39643442486889,1.25,1.09991347314889));
#3261=CARTESIAN_POINT('',(-0.400276073616155,1.25,1.10519405870181));
#3262=CARTESIAN_POINT('',(-0.40449473129913,1.25,1.11075556920228));
#3263=CARTESIAN_POINT('',(-0.409103061696394,1.25,1.116584893633));
#3264=CARTESIAN_POINT('',(-0.414113352190459,1.25,1.12266852913116));
#3265=CARTESIAN_POINT('',(-0.419537503180633,1.25,1.12899259080768));
#3266=CARTESIAN_POINT('',(-0.425387017755826,1.25,1.1355428218695));
#3267=CARTESIAN_POINT('',(-0.431672991618498,1.25,1.14230460399875));
#3268=CARTESIAN_POINT('',(-0.438406103268935,1.25,1.14926296799113));
#3269=CARTESIAN_POINT('',(-0.445596604454292,1.25,1.1564026046429));
#3270=CARTESIAN_POINT('',(-0.453254310888395,1.25,1.16370787588035));
#3271=CARTESIAN_POINT('',(-0.461388593247266,1.25,1.17116282612465));
#3272=CARTESIAN_POINT('',(-0.470008368447937,1.25,1.17875119388404));
#3273=CARTESIAN_POINT('',(-0.479122091207867,1.25,1.18645642357147));
#3274=CARTESIAN_POINT('',(-0.488737745921281,1.25,1.19426167752049));
#3275=CARTESIAN_POINT('',(-0.498862838738212,1.25,1.2021498482704));
#3276=CARTESIAN_POINT('',(-0.509504390308789,1.25,1.2101035708136));
#3277=CARTESIAN_POINT('',(-0.520668927444782,1.25,1.21810523594709));
#3278=CARTESIAN_POINT('',(-0.532362480411439,1.25,1.22613700032169));
#3279=CARTESIAN_POINT('',(-0.544590560200263,1.25,1.23418081000499));
#3280=CARTESIAN_POINT('',(-0.557358213815853,1.25,1.24221837326368));
#3281=CARTESIAN_POINT('',(-0.570669783261742,1.25,1.2502313280347));
#3282=CARTESIAN_POINT('',(-0.584529796583348,1.25,1.25820066736788));
#3283=CARTESIAN_POINT('',(-0.598939544037784,1.25,1.26610899491257));
#3284=CARTESIAN_POINT('',(-0.613910098387988,1.25,1.27393199676447));
#3285=CARTESIAN_POINT('',(-0.625000076960699,1.25,1.27946817384148));
#3286=CARTESIAN_POINT('',(-0.631089099165948,1.25,1.28239660389942));
#3287=CARTESIAN_POINT('',(-0.631926182748101,1.25,1.28279745071364));
#3288=CARTESIAN_POINT('',(-0.416474641559218,1.25,1.1254105352884));
#3289=CARTESIAN_POINT('',(0.,1.25,0.));
#3290=CARTESIAN_POINT('',(-0.324564652669476,1.25,1.15527390095922));
#3291=CARTESIAN_POINT('',(-0.323505453175937,1.25,1.09052761164742));
#3292=CARTESIAN_POINT('',(-0.32363132285422,1.25,1.09138941330893));
#3293=CARTESIAN_POINT('',(-0.323919038194287,1.25,1.09347315302887));
#3294=CARTESIAN_POINT('',(-0.324344717366513,1.25,1.09702226013087));
#3295=CARTESIAN_POINT('',(-0.324769160536292,1.25,1.10127950700375));
#3296=CARTESIAN_POINT('',(-0.325144086717147,1.25,1.10599333084526));
#3297=CARTESIAN_POINT('',(-0.325451391133928,1.25,1.11116327936636));
#3298=CARTESIAN_POINT('',(-0.325672968625434,1.25,1.11678834973029));
#3299=CARTESIAN_POINT('',(-0.32579073144052,1.25,1.12286700055841));
#3300=CARTESIAN_POINT('',(-0.325786622629037,1.25,1.1293971484891));
#3301=CARTESIAN_POINT('',(-0.325642630722706,1.25,1.1363761697689));
#3302=CARTESIAN_POINT('',(-0.32534080404683,1.25,1.14380090094428));
#3303=CARTESIAN_POINT('',(-0.32486326511652,1.25,1.15166764031198));
#3304=CARTESIAN_POINT('',(-0.324192224973461,1.25,1.15997214964));
#3305=CARTESIAN_POINT('',(-0.323309997490528,1.25,1.16870965628646));
#3306=CARTESIAN_POINT('',(-0.322199013624222,1.25,1.17787485567406));
#3307=CARTESIAN_POINT('',(-0.320841835608797,1.25,1.18746191412711));
#3308=CARTESIAN_POINT('',(-0.319221171082409,1.25,1.1974644720654));
#3309=CARTESIAN_POINT('',(-0.317319887136649,1.25,1.20787564755336));
#3310=CARTESIAN_POINT('',(-0.315121024281455,1.25,1.21868804020175));
#3311=CARTESIAN_POINT('',(-0.312607810314362,1.25,1.22989373541969));
#3312=CARTESIAN_POINT('',(-0.309763674095354,1.25,1.24148430901416));
#3313=CARTESIAN_POINT('',(-0.30657225918179,1.25,1.253450832136));
#3314=CARTESIAN_POINT('',(-0.303017437457634,1.25,1.2657838765631));
#3315=CARTESIAN_POINT('',(-0.299083322202237,1.25,1.27847352034378));
#3316=CARTESIAN_POINT('',(-0.294754282684139,1.25,1.29150935369728));
#3317=CARTESIAN_POINT('',(-0.290014952258766,1.25,1.30488048555185));
#3318=CARTESIAN_POINT('',(-0.284850260605126,1.25,1.31857554924889));
#3319=CARTESIAN_POINT('',(-0.279245372999647,1.25,1.33258271302015));
#3320=CARTESIAN_POINT('',(-0.273185983737811,1.25,1.34688967381022));
#3321=CARTESIAN_POINT('',(-0.26665725754893,1.25,1.36148371619173));
#3322=CARTESIAN_POINT('',(-0.259647925274702,1.25,1.37635152461544));
#3323=CARTESIAN_POINT('',(-0.252134737507382,1.25,1.39147993712635));
#3324=CARTESIAN_POINT('',(-0.24641683961475,1.25,1.4024773243188));
#3325=CARTESIAN_POINT('',(-0.243212005172002,1.25,1.40842551145563));
#3326=CARTESIAN_POINT('',(-0.242770402174155,1.25,1.40924182872501));
#3327=CARTESIAN_POINT('',(-0.242770402174155,1.25,1.40924182872501));
#3328=CARTESIAN_POINT('',(0.,1.25,8.75622461390358E-17));
#3329=CARTESIAN_POINT('',(-0.20459130130873,1.25,1.41528880424767));
#3330=CARTESIAN_POINT('',(-0.0293195955341842,1.25,1.13712207406141));
#3331=CARTESIAN_POINT('',(-0.0294661977156367,1.25,1.137980592017));
#3332=CARTESIAN_POINT('',(-0.0298364751519435,1.25,1.14005125518554));
#3333=CARTESIAN_POINT('',(-0.0305283646107227,1.25,1.1435581987203));
#3334=CARTESIAN_POINT('',(-0.0314402568012747,1.25,1.14773824125283));
#3335=CARTESIAN_POINT('',(-0.0325403324893593,1.25,1.15233721269548));
#3336=CARTESIAN_POINT('',(-0.0338456705743587,1.25,1.15734908821262));
#3337=CARTESIAN_POINT('',(-0.0353731801942063,1.25,1.1627673192473));
#3338=CARTESIAN_POINT('',(-0.0371395875103004,1.25,1.16858485043883));
#3339=CARTESIAN_POINT('',(-0.0391614219086007,1.25,1.17479412048811));
#3340=CARTESIAN_POINT('',(-0.0414550025289733,1.25,1.18138706820752));
#3341=CARTESIAN_POINT('',(-0.0440364248677146,1.25,1.1883551376014));
#3342=CARTESIAN_POINT('',(-0.0469215475341116,1.25,1.19568928369411));
#3343=CARTESIAN_POINT('',(-0.0501259791471645,1.25,1.20337997859704));
#3344=CARTESIAN_POINT('',(-0.0536650653858825,1.25,1.2114172179442));
#3345=CARTESIAN_POINT('',(-0.057553876199036,1.25,1.21979052764976));
#3346=CARTESIAN_POINT('',(-0.0618071931824358,1.25,1.22848897099247));
#3347=CARTESIAN_POINT('',(-0.0664394971311376,1.25,1.23750115601847));
#3348=CARTESIAN_POINT('',(-0.0714649557742787,1.25,1.24681524325822));
#3349=CARTESIAN_POINT('',(-0.0768974116993577,1.25,1.25641895375265));
#3350=CARTESIAN_POINT('',(-0.0827503704757368,1.25,1.26629957738296));
#3351=CARTESIAN_POINT('',(-0.0890369889752974,1.25,1.27644398150159));
#3352=CARTESIAN_POINT('',(-0.0957700639332755,1.25,1.28683861984962));
#3353=CARTESIAN_POINT('',(-0.102962020618656,1.25,1.29746954179303));
#3354=CARTESIAN_POINT('',(-0.110624902148953,1.25,1.30832240172837));
#3355=CARTESIAN_POINT('',(-0.118770357434012,1.25,1.31938246920414));
#3356=CARTESIAN_POINT('',(-0.127409635495028,1.25,1.33063463764127));
#3357=CARTESIAN_POINT('',(-0.136553556568308,1.25,1.34206343971973));
#3358=CARTESIAN_POINT('',(-0.146212573096915,1.25,1.35365303857755));
#3359=CARTESIAN_POINT('',(-0.156396488761142,1.25,1.36538731260789));
#3360=CARTESIAN_POINT('',(-0.167115483458697,1.25,1.37724958436992));
#3361=CARTESIAN_POINT('',(-0.178376160065016,1.25,1.38922370766236));
#3362=CARTESIAN_POINT('',(-0.190196562813062,1.25,1.40128998026003));
#3363=CARTESIAN_POINT('',(-0.199032986399547,1.25,1.40998218939071));
#3364=CARTESIAN_POINT('',(-0.203919055990976,1.25,1.41464890322037));
#3365=CARTESIAN_POINT('',(-0.204591301308729,1.25,1.41528880424767));
#3366=CARTESIAN_POINT('',(-0.0483199406738611,1.25,1.19902676506126));
#3367=CARTESIAN_POINT('',(0.,1.25,0.));
#3368=CARTESIAN_POINT('',(0.0483199406738619,1.25,1.19902676506126));
#3369=CARTESIAN_POINT('',(0.0293195955341843,1.25,1.1371220740614));
#3370=CARTESIAN_POINT('',(0.0294661977156369,1.25,1.137980592017));
#3371=CARTESIAN_POINT('',(0.0298364751519436,1.25,1.14005125518554));
#3372=CARTESIAN_POINT('',(0.0305283646107228,1.25,1.1435581987203));
#3373=CARTESIAN_POINT('',(0.0314402568012748,1.25,1.14773824125283));
#3374=CARTESIAN_POINT('',(0.0325403324893594,1.25,1.15233721269548));
#3375=CARTESIAN_POINT('',(0.0338456705743589,1.25,1.15734908821262));
#3376=CARTESIAN_POINT('',(0.0353731801942064,1.25,1.1627673192473));
#3377=CARTESIAN_POINT('',(0.0371395875103006,1.25,1.16858485043883));
#3378=CARTESIAN_POINT('',(0.0391614219086008,1.25,1.17479412048811));
#3379=CARTESIAN_POINT('',(0.0414550025289735,1.25,1.18138706820752));
#3380=CARTESIAN_POINT('',(0.0440364248677148,1.25,1.1883551376014));
#3381=CARTESIAN_POINT('',(0.0469215475341118,1.25,1.19568928369411));
#3382=CARTESIAN_POINT('',(0.0501259791471647,1.25,1.20337997859704));
#3383=CARTESIAN_POINT('',(0.0536650653858826,1.25,1.2114172179442));
#3384=CARTESIAN_POINT('',(0.0575538761990362,1.25,1.21979052764976));
#3385=CARTESIAN_POINT('',(0.061807193182436,1.25,1.22848897099247));
#3386=CARTESIAN_POINT('',(0.0664394971311377,1.25,1.23750115601847));
#3387=CARTESIAN_POINT('',(0.0714649557742789,1.25,1.24681524325821));
#3388=CARTESIAN_POINT('',(0.0768974116993578,1.25,1.25641895375265));
#3389=CARTESIAN_POINT('',(0.082750370475737,1.25,1.26629957738296));
#3390=CARTESIAN_POINT('',(0.0890369889752975,1.25,1.27644398150159));
#3391=CARTESIAN_POINT('',(0.0957700639332757,1.25,1.28683861984962));
#3392=CARTESIAN_POINT('',(0.102962020618656,1.25,1.29746954179303));
#3393=CARTESIAN_POINT('',(0.110624902148953,1.25,1.30832240172837));
#3394=CARTESIAN_POINT('',(0.118770357434012,1.25,1.31938246920414));
#3395=CARTESIAN_POINT('',(0.127409635495028,1.25,1.33063463764127));
#3396=CARTESIAN_POINT('',(0.136553556568308,1.25,1.34206343971973));
#3397=CARTESIAN_POINT('',(0.146212573096915,1.25,1.35365303857755));
#3398=CARTESIAN_POINT('',(0.156396488761142,1.25,1.36538731260789));
#3399=CARTESIAN_POINT('',(0.167115483458698,1.25,1.37724958436992));
#3400=CARTESIAN_POINT('',(0.178376160065016,1.25,1.38922370766236));
#3401=CARTESIAN_POINT('',(0.190196562813062,1.25,1.40128998026003));
#3402=CARTESIAN_POINT('',(0.199032986399548,1.25,1.40998218939071));
#3403=CARTESIAN_POINT('',(0.203919055990976,1.25,1.41464890322037));
#3404=CARTESIAN_POINT('',(0.20459130130873,1.25,1.41528880424767));
#3405=CARTESIAN_POINT('',(0.20459130130873,1.25,1.41528880424767));
#3406=CARTESIAN_POINT('',(0.,1.25,8.75622461390358E-17));
#3407=CARTESIAN_POINT('',(0.242770402174155,1.25,1.40924182872501));
#3408=CARTESIAN_POINT('',(0.323505453175937,1.25,1.09052761164742));
#3409=CARTESIAN_POINT('',(0.32363132285422,1.25,1.09138941330893));
#3410=CARTESIAN_POINT('',(0.323919038194287,1.25,1.09347315302887));
#3411=CARTESIAN_POINT('',(0.324344717366513,1.25,1.09702226013087));
#3412=CARTESIAN_POINT('',(0.324769160536292,1.25,1.10127950700375));
#3413=CARTESIAN_POINT('',(0.325144086717147,1.25,1.10599333084526));
#3414=CARTESIAN_POINT('',(0.325451391133928,1.25,1.11116327936636));
#3415=CARTESIAN_POINT('',(0.325672968625434,1.25,1.11678834973029));
#3416=CARTESIAN_POINT('',(0.32579073144052,1.25,1.12286700055841));
#3417=CARTESIAN_POINT('',(0.325786622629037,1.25,1.1293971484891));
#3418=CARTESIAN_POINT('',(0.325642630722706,1.25,1.1363761697689));
#3419=CARTESIAN_POINT('',(0.32534080404683,1.25,1.14380090094427));
#3420=CARTESIAN_POINT('',(0.32486326511652,1.25,1.15166764031198));
#3421=CARTESIAN_POINT('',(0.324192224973461,1.25,1.15997214964));
#3422=CARTESIAN_POINT('',(0.323309997490528,1.25,1.16870965628646));
#3423=CARTESIAN_POINT('',(0.322199013624222,1.25,1.17787485567406));
#3424=CARTESIAN_POINT('',(0.320841835608797,1.25,1.18746191412711));
#3425=CARTESIAN_POINT('',(0.319221171082409,1.25,1.1974644720654));
#3426=CARTESIAN_POINT('',(0.31731988713665,1.25,1.20787564755336));
#3427=CARTESIAN_POINT('',(0.315121024281455,1.25,1.21868804020175));
#3428=CARTESIAN_POINT('',(0.312607810314362,1.25,1.22989373541969));
#3429=CARTESIAN_POINT('',(0.309763674095355,1.25,1.24148430901416));
#3430=CARTESIAN_POINT('',(0.30657225918179,1.25,1.253450832136));
#3431=CARTESIAN_POINT('',(0.303017437457634,1.25,1.2657838765631));
#3432=CARTESIAN_POINT('',(0.299083322202237,1.25,1.27847352034378));
#3433=CARTESIAN_POINT('',(0.294754282684139,1.25,1.29150935369728));
#3434=CARTESIAN_POINT('',(0.290014952258766,1.25,1.30488048555185));
#3435=CARTESIAN_POINT('',(0.284850260605126,1.25,1.31857554924889));
#3436=CARTESIAN_POINT('',(0.279245372999647,1.25,1.33258271302015));
#3437=CARTESIAN_POINT('',(0.273185983737811,1.25,1.34688967381022));
#3438=CARTESIAN_POINT('',(0.26665725754893,1.25,1.36148371619173));
#3439=CARTESIAN_POINT('',(0.259647925274703,1.25,1.37635152461544));
#3440=CARTESIAN_POINT('',(0.252134737507382,1.25,1.39147993712635));
#3441=CARTESIAN_POINT('',(0.24641683961475,1.25,1.4024773243188));
#3442=CARTESIAN_POINT('',(0.243212005172002,1.25,1.40842551145563));
#3443=CARTESIAN_POINT('',(0.242770402174156,1.25,1.40924182872501));
#3444=CARTESIAN_POINT('',(0.324564652669476,1.25,1.15527390095922));
#3445=CARTESIAN_POINT('',(0.,1.25,0.));
#3446=CARTESIAN_POINT('',(0.416474641559219,1.25,1.1254105352884));
#3447=CARTESIAN_POINT('',(0.379274637951786,1.25,1.0724071050709));
#3448=CARTESIAN_POINT('',(0.379679361550015,1.25,1.07317830160144));
#3449=CARTESIAN_POINT('',(0.380671386427355,1.25,1.07503319728048));
#3450=CARTESIAN_POINT('',(0.382413117556238,1.25,1.0781546931805));
#3451=CARTESIAN_POINT('',(0.384572082745983,1.25,1.08184835968554));
#3452=CARTESIAN_POINT('',(0.387039477229979,1.25,1.08588229936161));
#3453=CARTESIAN_POINT('',(0.389829682230175,1.25,1.09024550457938));
#3454=CARTESIAN_POINT('',(0.392956755677,1.25,1.0949265220801));
#3455=CARTESIAN_POINT('',(0.39643442486889,1.25,1.09991347314889));
#3456=CARTESIAN_POINT('',(0.400276073616155,1.25,1.10519405870181));
#3457=CARTESIAN_POINT('',(0.404494731299131,1.25,1.11075556920228));
#3458=CARTESIAN_POINT('',(0.409103061696394,1.25,1.116584893633));
#3459=CARTESIAN_POINT('',(0.414113352190459,1.25,1.12266852913116));
#3460=CARTESIAN_POINT('',(0.419537503180633,1.25,1.12899259080768));
#3461=CARTESIAN_POINT('',(0.425387017755826,1.25,1.1355428218695));
#3462=CARTESIAN_POINT('',(0.431672991618498,1.25,1.14230460399875));
#3463=CARTESIAN_POINT('',(0.438406103268935,1.25,1.14926296799113));
#3464=CARTESIAN_POINT('',(0.445596604454292,1.25,1.1564026046429));
#3465=CARTESIAN_POINT('',(0.453254310888395,1.25,1.16370787588035));
#3466=CARTESIAN_POINT('',(0.461388593247266,1.25,1.17116282612465));
#3467=CARTESIAN_POINT('',(0.470008368447937,1.25,1.17875119388404));
#3468=CARTESIAN_POINT('',(0.479122091207868,1.25,1.18645642357147));
#3469=CARTESIAN_POINT('',(0.488737745921281,1.25,1.19426167752049));
#3470=CARTESIAN_POINT('',(0.498862838738212,1.25,1.2021498482704));
#3471=CARTESIAN_POINT('',(0.509504390308789,1.25,1.2101035708136));
#3472=CARTESIAN_POINT('',(0.520668927444782,1.25,1.21810523594709));
#3473=CARTESIAN_POINT('',(0.532362480411439,1.25,1.22613700032169));
#3474=CARTESIAN_POINT('',(0.544590560200263,1.25,1.23418081000499));
#3475=CARTESIAN_POINT('',(0.557358213815853,1.25,1.24221837326368));
#3476=CARTESIAN_POINT('',(0.570669783261742,1.25,1.2502313280347));
#3477=CARTESIAN_POINT('',(0.584529796583349,1.25,1.25820066736788));
#3478=CARTESIAN_POINT('',(0.598939544037785,1.25,1.26610899491257));
#3479=CARTESIAN_POINT('',(0.613910098387989,1.25,1.27393199676447));
#3480=CARTESIAN_POINT('',(0.625000076960699,1.25,1.27946817384148));
#3481=CARTESIAN_POINT('',(0.631089099165949,1.25,1.28239660389942));
#3482=CARTESIAN_POINT('',(0.631926182748101,1.25,1.28279745071364));
#3483=CARTESIAN_POINT('',(0.631926182748102,1.25,1.28279745071364));
#3484=CARTESIAN_POINT('',(0.,1.25,8.75622461390358E-17));
#3485=CARTESIAN_POINT('',(0.666368047211382,1.25,1.26524844424156));
#3486=CARTESIAN_POINT('',(0.644663534134169,1.25,0.937184708452738));
#3487=CARTESIAN_POINT('',(0.64504955467109,1.25,0.937965434669005));
#3488=CARTESIAN_POINT('',(0.645967099205414,1.25,0.939858279978294));
#3489=CARTESIAN_POINT('',(0.647468678565386,1.25,0.943102139316314));
#3490=CARTESIAN_POINT('',(0.64918790964077,1.25,0.947019861543629));
#3491=CARTESIAN_POINT('',(0.651001137303717,1.25,0.951387115863244));
#3492=CARTESIAN_POINT('',(0.652891003124849,1.25,0.956209066805921));
#3493=CARTESIAN_POINT('',(0.654839978179019,1.25,0.961490355419707));
#3494=CARTESIAN_POINT('',(0.656830383680442,1.25,0.967235105188901));
#3495=CARTESIAN_POINT('',(0.658844402654873,1.25,0.973446914623331));
#3496=CARTESIAN_POINT('',(0.660864094393626,1.25,0.980128854234956));
#3497=CARTESIAN_POINT('',(0.662871408278599,1.25,0.98728346277324));
#3498=CARTESIAN_POINT('',(0.664848197922084,1.25,0.994912744155838));
#3499=CARTESIAN_POINT('',(0.666776235333634,1.25,1.00301816467499));
#3500=CARTESIAN_POINT('',(0.668637225179356,1.25,1.01160065059241));
#3501=CARTESIAN_POINT('',(0.670412819101411,1.25,1.0206605860883));
#3502=CARTESIAN_POINT('',(0.672084630094126,1.25,1.03019781157333));
#3503=CARTESIAN_POINT('',(0.673634246925727,1.25,1.04021162236099));
#3504=CARTESIAN_POINT('',(0.675043248596986,1.25,1.05070076770149));
#3505=CARTESIAN_POINT('',(0.67629321882832,1.25,1.06166345017703));
#3506=CARTESIAN_POINT('',(0.677365760564203,1.25,1.07309732546001));
#3507=CARTESIAN_POINT('',(0.678242510495128,1.25,1.08499950243061));
#3508=CARTESIAN_POINT('',(0.678905153553612,1.25,1.09736654366743));
#3509=CARTESIAN_POINT('',(0.67933543750894,1.25,1.11019446626032));
#3510=CARTESIAN_POINT('',(0.679515187140235,1.25,1.12347874313915));
#3511=CARTESIAN_POINT('',(0.679426319939319,1.25,1.13721430417575));
#3512=CARTESIAN_POINT('',(0.679050855832482,1.25,1.15139553989967));
#3513=CARTESIAN_POINT('',(0.678370949602064,1.25,1.1660162969615));
#3514=CARTESIAN_POINT('',(0.677368836370085,1.25,1.18106990686263));
#3515=CARTESIAN_POINT('',(0.676027108749836,1.25,1.19654908940784));
#3516=CARTESIAN_POINT('',(0.674327728277307,1.25,1.21244633585785));
#3517=CARTESIAN_POINT('',(0.672255862615062,1.25,1.2287524647342));
#3518=CARTESIAN_POINT('',(0.669785332994589,1.25,1.24546214273594));
#3519=CARTESIAN_POINT('',(0.66774566848048,1.25,1.25768820710846));
#3520=CARTESIAN_POINT('',(0.666535780711061,1.25,1.26433561755206));
#3521=CARTESIAN_POINT('',(0.666368047211382,1.25,1.26524844424156));
#3522=CARTESIAN_POINT('',(0.665678596434619,1.25,0.998434778164721));
#3523=CARTESIAN_POINT('',(0.,1.25,0.));
#3524=CARTESIAN_POINT('',(0.743861902779305,1.25,0.941631281125235));
#3525=CARTESIAN_POINT('',(0.692103636244878,1.25,0.90271745673639));
#3526=CARTESIAN_POINT('',(0.692726864094215,1.25,0.903325841752234));
#3527=CARTESIAN_POINT('',(0.694243530105751,1.25,0.904783399828888));
#3528=CARTESIAN_POINT('',(0.696864610126485,1.25,0.907213894326733));
#3529=CARTESIAN_POINT('',(0.700059313760258,1.25,0.910059622991475));
#3530=CARTESIAN_POINT('',(0.703652501276723,1.25,0.913133660779366));
#3531=CARTESIAN_POINT('',(0.707654448486194,1.25,0.916421094770806));
#3532=CARTESIAN_POINT('',(0.712074986023419,1.25,0.91990668813003));
#3533=CARTESIAN_POINT('',(0.716923498600259,1.25,0.92357490155934));
#3534=CARTESIAN_POINT('',(0.722208914350764,1.25,0.927409902109973));
#3535=CARTESIAN_POINT('',(0.727939697489217,1.25,0.9313955759944));
#3536=CARTESIAN_POINT('',(0.734123840457593,1.25,0.935515540571384));
#3537=CARTESIAN_POINT('',(0.74076885663702,1.25,0.939753156845256));
#3538=CARTESIAN_POINT('',(0.747881773313115,1.25,0.944091542076145));
#3539=CARTESIAN_POINT('',(0.755469124982199,1.25,0.948513582598144));
#3540=CARTESIAN_POINT('',(0.763536946975755,1.25,0.95300194680418));
#3541=CARTESIAN_POINT('',(0.772090769412538,1.25,0.957539098296875));
#3542=CARTESIAN_POINT('',(0.781135611479359,1.25,0.962107309194174));
#3543=CARTESIAN_POINT('',(0.790675976044277,1.25,0.966688673581775));
#3544=CARTESIAN_POINT('',(0.800715844604775,1.25,0.971265121104342));
#3545=CARTESIAN_POINT('',(0.811258672575591,1.25,0.975818430685254));
#3546=CARTESIAN_POINT('',(0.822307384913109,1.25,0.980330244374197));
#3547=CARTESIAN_POINT('',(0.833864372102402,1.25,0.984782081285259));
#3548=CARTESIAN_POINT('',(0.845931486420294,1.25,0.989155351728559));
#3549=CARTESIAN_POINT('',(0.858510038819373,1.25,0.993431371100245));
#3550=CARTESIAN_POINT('',(0.871600795123525,1.25,0.997591375157313));
#3551=CARTESIAN_POINT('',(0.885203976557672,1.25,1.0016165304118));
#3552=CARTESIAN_POINT('',(0.899319245414268,1.25,1.00548796356362));
#3553=CARTESIAN_POINT('',(0.913945749223473,1.25,1.00918671853042));
#3554=CARTESIAN_POINT('',(0.929081943286503,1.25,1.0126939901996));
#3555=CARTESIAN_POINT('',(0.944726260559851,1.25,1.01599030264435));
#3556=CARTESIAN_POINT('',(0.96087455238295,1.25,1.01905871224065));
#3557=CARTESIAN_POINT('',(0.977529836169528,1.25,1.02187267341946));
#3558=CARTESIAN_POINT('',(0.989787805357343,1.25,1.0237108988577));
#3559=CARTESIAN_POINT('',(0.996483744258252,1.25,1.02461439000626));
#3560=CARTESIAN_POINT('',(0.997403726531478,1.25,1.02473694492837));
#3561=CARTESIAN_POINT('',(0.997403726531478,1.25,1.02473694492837));
#3562=CARTESIAN_POINT('',(0.,1.25,8.75622461390358E-17));
#3563=CARTESIAN_POINT('',(1.02473694492837,1.25,0.997403726531478));
#3564=CARTESIAN_POINT('',(0.902717456736391,1.25,0.692103636244878));
#3565=CARTESIAN_POINT('',(0.903325841752234,1.25,0.692726864094215));
#3566=CARTESIAN_POINT('',(0.904783399828888,1.25,0.694243530105751));
#3567=CARTESIAN_POINT('',(0.907213894326733,1.25,0.696864610126485));
#3568=CARTESIAN_POINT('',(0.910059622991475,1.25,0.700059313760257));
#3569=CARTESIAN_POINT('',(0.913133660779365,1.25,0.703652501276723));
#3570=CARTESIAN_POINT('',(0.916421094770806,1.25,0.707654448486194));
#3571=CARTESIAN_POINT('',(0.91990668813003,1.25,0.712074986023419));
#3572=CARTESIAN_POINT('',(0.92357490155934,1.25,0.716923498600259));
#3573=CARTESIAN_POINT('',(0.927409902109973,1.25,0.722208914350764));
#3574=CARTESIAN_POINT('',(0.9313955759944,1.25,0.727939697489218));
#3575=CARTESIAN_POINT('',(0.935515540571384,1.25,0.734123840457593));
#3576=CARTESIAN_POINT('',(0.939753156845255,1.25,0.74076885663702));
#3577=CARTESIAN_POINT('',(0.944091542076145,1.25,0.747881773313115));
#3578=CARTESIAN_POINT('',(0.948513582598144,1.25,0.755469124982199));
#3579=CARTESIAN_POINT('',(0.95300194680418,1.25,0.763536946975755));
#3580=CARTESIAN_POINT('',(0.957539098296875,1.25,0.772090769412538));
#3581=CARTESIAN_POINT('',(0.962107309194173,1.25,0.781135611479359));
#3582=CARTESIAN_POINT('',(0.966688673581776,1.25,0.790675976044277));
#3583=CARTESIAN_POINT('',(0.971265121104341,1.25,0.800715844604775));
#3584=CARTESIAN_POINT('',(0.975818430685255,1.25,0.811258672575591));
#3585=CARTESIAN_POINT('',(0.980330244374197,1.25,0.822307384913109));
#3586=CARTESIAN_POINT('',(0.984782081285259,1.25,0.833864372102402));
#3587=CARTESIAN_POINT('',(0.989155351728559,1.25,0.845931486420294));
#3588=CARTESIAN_POINT('',(0.993431371100245,1.25,0.858510038819373));
#3589=CARTESIAN_POINT('',(0.997591375157312,1.25,0.871600795123525));
#3590=CARTESIAN_POINT('',(1.0016165304118,1.25,0.885203976557672));
#3591=CARTESIAN_POINT('',(1.00548796356362,1.25,0.899319245414268));
#3592=CARTESIAN_POINT('',(1.00918671853042,1.25,0.913945749223473));
#3593=CARTESIAN_POINT('',(1.0126939901996,1.25,0.929081943286503));
#3594=CARTESIAN_POINT('',(1.01599030264435,1.25,0.944726260559851));
#3595=CARTESIAN_POINT('',(1.01905871224065,1.25,0.96087455238295));
#3596=CARTESIAN_POINT('',(1.02187267341946,1.25,0.977529836169528));
#3597=CARTESIAN_POINT('',(1.0237108988577,1.25,0.989787805357343));
#3598=CARTESIAN_POINT('',(1.02461439000626,1.25,0.996483744258252));
#3599=CARTESIAN_POINT('',(1.02473694492837,1.25,0.997403726531477));
#3600=CARTESIAN_POINT('',(0.941631281125235,1.25,0.743861902779305));
#3601=CARTESIAN_POINT('',(0.,1.25,0.));
#3602=CARTESIAN_POINT('',(0.998434778164722,1.25,0.665678596434618));
#3603=CARTESIAN_POINT('',(0.937184708452738,1.25,0.644663534134168));
#3604=CARTESIAN_POINT('',(0.937965434669005,1.25,0.64504955467109));
#3605=CARTESIAN_POINT('',(0.939858279978294,1.25,0.645967099205414));
#3606=CARTESIAN_POINT('',(0.943102139316314,1.25,0.647468678565386));
#3607=CARTESIAN_POINT('',(0.94701986154363,1.25,0.64918790964077));
#3608=CARTESIAN_POINT('',(0.951387115863244,1.25,0.651001137303717));
#3609=CARTESIAN_POINT('',(0.956209066805921,1.25,0.652891003124849));
#3610=CARTESIAN_POINT('',(0.961490355419707,1.25,0.654839978179019));
#3611=CARTESIAN_POINT('',(0.967235105188901,1.25,0.656830383680442));
#3612=CARTESIAN_POINT('',(0.973446914623331,1.25,0.658844402654873));
#3613=CARTESIAN_POINT('',(0.980128854234955,1.25,0.660864094393626));
#3614=CARTESIAN_POINT('',(0.98728346277324,1.25,0.662871408278599));
#3615=CARTESIAN_POINT('',(0.994912744155838,1.25,0.664848197922084));
#3616=CARTESIAN_POINT('',(1.00301816467499,1.25,0.666776235333634));
#3617=CARTESIAN_POINT('',(1.01160065059241,1.25,0.668637225179356));
#3618=CARTESIAN_POINT('',(1.0206605860883,1.25,0.670412819101411));
#3619=CARTESIAN_POINT('',(1.03019781157333,1.25,0.672084630094126));
#3620=CARTESIAN_POINT('',(1.040211622361,1.25,0.673634246925727));
#3621=CARTESIAN_POINT('',(1.05070076770148,1.25,0.675043248596986));
#3622=CARTESIAN_POINT('',(1.06166345017703,1.25,0.676293218828321));
#3623=CARTESIAN_POINT('',(1.07309732546001,1.25,0.677365760564203));
#3624=CARTESIAN_POINT('',(1.08499950243061,1.25,0.678242510495128));
#3625=CARTESIAN_POINT('',(1.09736654366743,1.25,0.678905153553612));
#3626=CARTESIAN_POINT('',(1.11019446626032,1.25,0.67933543750894));
#3627=CARTESIAN_POINT('',(1.12347874313915,1.25,0.679515187140235));
#3628=CARTESIAN_POINT('',(1.13721430417575,1.25,0.679426319939319));
#3629=CARTESIAN_POINT('',(1.15139553989967,1.25,0.679050855832482));
#3630=CARTESIAN_POINT('',(1.1660162969615,1.25,0.678370949602064));
#3631=CARTESIAN_POINT('',(1.18106990686263,1.25,0.677368836370085));
#3632=CARTESIAN_POINT('',(1.19654908940784,1.25,0.676027108749836));
#3633=CARTESIAN_POINT('',(1.21244633585785,1.25,0.674327728277307));
#3634=CARTESIAN_POINT('',(1.2287524647342,1.25,0.672255862615062));
#3635=CARTESIAN_POINT('',(1.24546214273594,1.25,0.669785332994589));
#3636=CARTESIAN_POINT('',(1.25768820710846,1.25,0.667745668480479));
#3637=CARTESIAN_POINT('',(1.26433561755206,1.25,0.666535780711061));
#3638=CARTESIAN_POINT('',(1.26524844424156,1.25,0.666368047211382));
#3639=CARTESIAN_POINT('',(1.26524844424156,1.25,0.666368047211381));
#3640=CARTESIAN_POINT('',(0.,1.25,8.75622461390358E-17));
#3641=CARTESIAN_POINT('',(1.28279745071364,1.25,0.631926182748101));
#3642=CARTESIAN_POINT('',(1.0724071050709,1.25,0.379274637951786));
#3643=CARTESIAN_POINT('',(1.07317830160144,1.25,0.379679361550015));
#3644=CARTESIAN_POINT('',(1.07503319728048,1.25,0.380671386427356));
#3645=CARTESIAN_POINT('',(1.0781546931805,1.25,0.382413117556237));
#3646=CARTESIAN_POINT('',(1.08184835968554,1.25,0.384572082745983));
#3647=CARTESIAN_POINT('',(1.08588229936161,1.25,0.387039477229979));
#3648=CARTESIAN_POINT('',(1.09024550457938,1.25,0.389829682230174));
#3649=CARTESIAN_POINT('',(1.0949265220801,1.25,0.392956755676999));
#3650=CARTESIAN_POINT('',(1.09991347314889,1.25,0.39643442486889));
#3651=CARTESIAN_POINT('',(1.10519405870181,1.25,0.400276073616155));
#3652=CARTESIAN_POINT('',(1.11075556920228,1.25,0.40449473129913));
#3653=CARTESIAN_POINT('',(1.116584893633,1.25,0.409103061696394));
#3654=CARTESIAN_POINT('',(1.12266852913116,1.25,0.414113352190459));
#3655=CARTESIAN_POINT('',(1.12899259080768,1.25,0.419537503180633));
#3656=CARTESIAN_POINT('',(1.1355428218695,1.25,0.425387017755826));
#3657=CARTESIAN_POINT('',(1.14230460399875,1.25,0.431672991618498));
#3658=CARTESIAN_POINT('',(1.14926296799113,1.25,0.438406103268935));
#3659=CARTESIAN_POINT('',(1.1564026046429,1.25,0.445596604454292));
#3660=CARTESIAN_POINT('',(1.16370787588035,1.25,0.453254310888396));
#3661=CARTESIAN_POINT('',(1.17116282612465,1.25,0.461388593247266));
#3662=CARTESIAN_POINT('',(1.17875119388404,1.25,0.470008368447937));
#3663=CARTESIAN_POINT('',(1.18645642357147,1.25,0.479122091207867));
#3664=CARTESIAN_POINT('',(1.19426167752049,1.25,0.488737745921281));
#3665=CARTESIAN_POINT('',(1.2021498482704,1.25,0.498862838738212));
#3666=CARTESIAN_POINT('',(1.2101035708136,1.25,0.509504390308789));
#3667=CARTESIAN_POINT('',(1.21810523594709,1.25,0.520668927444782));
#3668=CARTESIAN_POINT('',(1.22613700032169,1.25,0.532362480411439));
#3669=CARTESIAN_POINT('',(1.23418081000499,1.25,0.544590560200263));
#3670=CARTESIAN_POINT('',(1.24221837326368,1.25,0.557358213815853));
#3671=CARTESIAN_POINT('',(1.2502313280347,1.25,0.570669783261742));
#3672=CARTESIAN_POINT('',(1.25820066736788,1.25,0.584529796583349));
#3673=CARTESIAN_POINT('',(1.26610899491257,1.25,0.598939544037784));
#3674=CARTESIAN_POINT('',(1.27393199676447,1.25,0.613910098387988));
#3675=CARTESIAN_POINT('',(1.27946817384148,1.25,0.625000076960699));
#3676=CARTESIAN_POINT('',(1.28239660389942,1.25,0.631089099165949));
#3677=CARTESIAN_POINT('',(1.28279745071364,1.25,0.631926182748101));
#3678=CARTESIAN_POINT('',(1.1254105352884,1.25,0.416474641559219));
#3679=CARTESIAN_POINT('',(0.,1.25,0.));
#3680=CARTESIAN_POINT('',(1.15527390095922,1.25,0.324564652669476));
#3681=CARTESIAN_POINT('',(1.09052761164742,1.25,0.323505453175937));
#3682=CARTESIAN_POINT('',(1.09138941330893,1.25,0.32363132285422));
#3683=CARTESIAN_POINT('',(1.09347315302887,1.25,0.323919038194287));
#3684=CARTESIAN_POINT('',(1.09702226013087,1.25,0.324344717366513));
#3685=CARTESIAN_POINT('',(1.10127950700375,1.25,0.324769160536292));
#3686=CARTESIAN_POINT('',(1.10599333084526,1.25,0.325144086717147));
#3687=CARTESIAN_POINT('',(1.11116327936636,1.25,0.325451391133928));
#3688=CARTESIAN_POINT('',(1.11678834973029,1.25,0.325672968625434));
#3689=CARTESIAN_POINT('',(1.12286700055841,1.25,0.32579073144052));
#3690=CARTESIAN_POINT('',(1.1293971484891,1.25,0.325786622629037));
#3691=CARTESIAN_POINT('',(1.1363761697689,1.25,0.325642630722706));
#3692=CARTESIAN_POINT('',(1.14380090094427,1.25,0.32534080404683));
#3693=CARTESIAN_POINT('',(1.15166764031198,1.25,0.32486326511652));
#3694=CARTESIAN_POINT('',(1.15997214964,1.25,0.324192224973461));
#3695=CARTESIAN_POINT('',(1.16870965628646,1.25,0.323309997490528));
#3696=CARTESIAN_POINT('',(1.17787485567406,1.25,0.322199013624222));
#3697=CARTESIAN_POINT('',(1.18746191412711,1.25,0.320841835608797));
#3698=CARTESIAN_POINT('',(1.1974644720654,1.25,0.319221171082409));
#3699=CARTESIAN_POINT('',(1.20787564755336,1.25,0.31731988713665));
#3700=CARTESIAN_POINT('',(1.21868804020175,1.25,0.315121024281455));
#3701=CARTESIAN_POINT('',(1.22989373541969,1.25,0.312607810314362));
#3702=CARTESIAN_POINT('',(1.24148430901416,1.25,0.309763674095354));
#3703=CARTESIAN_POINT('',(1.253450832136,1.25,0.30657225918179));
#3704=CARTESIAN_POINT('',(1.2657838765631,1.25,0.303017437457634));
#3705=CARTESIAN_POINT('',(1.27847352034378,1.25,0.299083322202237));
#3706=CARTESIAN_POINT('',(1.29150935369728,1.25,0.294754282684139));
#3707=CARTESIAN_POINT('',(1.30488048555185,1.25,0.290014952258766));
#3708=CARTESIAN_POINT('',(1.31857554924889,1.25,0.284850260605126));
#3709=CARTESIAN_POINT('',(1.33258271302015,1.25,0.279245372999647));
#3710=CARTESIAN_POINT('',(1.34688967381022,1.25,0.273185983737811));
#3711=CARTESIAN_POINT('',(1.36148371619173,1.25,0.26665725754893));
#3712=CARTESIAN_POINT('',(1.37635152461544,1.25,0.259647925274703));
#3713=CARTESIAN_POINT('',(1.39147993712635,1.25,0.252134737507382));
#3714=CARTESIAN_POINT('',(1.4024773243188,1.25,0.24641683961475));
#3715=CARTESIAN_POINT('',(1.40842551145563,1.25,0.243212005172002));
#3716=CARTESIAN_POINT('',(1.40924182872501,1.25,0.242770402174156));
#3717=CARTESIAN_POINT('',(1.40924182872501,1.25,0.242770402174156));
#3718=CARTESIAN_POINT('',(0.,1.25,8.75622461390358E-17));
#3719=CARTESIAN_POINT('',(0.,0.,0.));
#3720=CARTESIAN_POINT('',(1.19902676506125,-1.3,0.0483199406738612));
#3721=CARTESIAN_POINT('',(1.19902676506126,-1.25,0.0483199406738616));
#3722=CARTESIAN_POINT('',(0.,-1.25,0.));
#3723=CARTESIAN_POINT('',(1.19902676506125,-1.25,-0.0483199406738612));
#3724=CARTESIAN_POINT('',(1.19902676506125,-1.3,-0.0483199406738612));
#3725=CARTESIAN_POINT('',(0.,0.,0.));
#3726=CARTESIAN_POINT('',(1.15527390095921,-1.3,-0.324564652669473));
#3727=CARTESIAN_POINT('',(1.15527390095921,-1.25,-0.324564652669473));
#3728=CARTESIAN_POINT('',(0.,-1.25,0.));
#3729=CARTESIAN_POINT('',(1.12541053528839,-1.25,-0.416474641559214));
#3730=CARTESIAN_POINT('',(1.12541053528839,-1.3,-0.416474641559215));
#3731=CARTESIAN_POINT('',(0.,0.,0.));
#3732=CARTESIAN_POINT('',(0.743861902779298,-1.3,-0.941631281125226));
#3733=CARTESIAN_POINT('',(0.743861902779305,-1.25,-0.941631281125235));
#3734=CARTESIAN_POINT('',(0.,-1.25,0.));
#3735=CARTESIAN_POINT('',(0.665678596434612,-1.25,-0.998434778164712));
#3736=CARTESIAN_POINT('',(0.665678596434612,-1.3,-0.998434778164712));
#3737=CARTESIAN_POINT('',(0.,0.,0.));
#3738=CARTESIAN_POINT('',(0.998434778164712,-1.3,-0.665678596434612));
#3739=CARTESIAN_POINT('',(0.998434778164711,-1.25,-0.665678596434612));
#3740=CARTESIAN_POINT('',(0.,-1.25,0.));
#3741=CARTESIAN_POINT('',(0.941631281125235,-1.25,-0.743861902779305));
#3742=CARTESIAN_POINT('',(0.941631281125226,-1.3,-0.743861902779298));
#3743=CARTESIAN_POINT('',(0.,0.,0.));
#3744=CARTESIAN_POINT('',(0.324564652669473,-1.3,1.15527390095921));
#3745=CARTESIAN_POINT('',(0.324564652669476,-1.25,1.15527390095922));
#3746=CARTESIAN_POINT('',(0.,-1.25,0.));
#3747=CARTESIAN_POINT('',(0.416474641559214,-1.25,1.12541053528839));
#3748=CARTESIAN_POINT('',(0.416474641559215,-1.3,1.12541053528839));
#3749=CARTESIAN_POINT('',(0.,0.,0.));
#3750=CARTESIAN_POINT('',(0.665678596434612,-1.3,0.998434778164712));
#3751=CARTESIAN_POINT('',(0.665678596434612,-1.25,0.998434778164711));
#3752=CARTESIAN_POINT('',(0.,-1.25,0.));
#3753=CARTESIAN_POINT('',(0.743861902779298,-1.25,0.941631281125226));
#3754=CARTESIAN_POINT('',(0.743861902779298,-1.3,0.941631281125226));
#3755=CARTESIAN_POINT('',(0.,0.,0.));
#3756=CARTESIAN_POINT('',(0.941631281125226,-1.3,0.743861902779298));
#3757=CARTESIAN_POINT('',(0.941631281125226,-1.25,0.743861902779297));
#3758=CARTESIAN_POINT('',(0.,-1.25,0.));
#3759=CARTESIAN_POINT('',(0.998434778164711,-1.25,0.665678596434612));
#3760=CARTESIAN_POINT('',(0.998434778164711,-1.3,0.665678596434612));
#3761=CARTESIAN_POINT('',(0.,0.,0.));
#3762=CARTESIAN_POINT('',(1.12541053528839,-1.3,0.416474641559214));
#3763=CARTESIAN_POINT('',(1.12541053528839,-1.25,0.416474641559214));
#3764=CARTESIAN_POINT('',(0.,-1.25,0.));
#3765=CARTESIAN_POINT('',(1.15527390095922,-1.25,0.324564652669476));
#3766=CARTESIAN_POINT('',(1.15527390095921,-1.3,0.324564652669473));
#3767=CARTESIAN_POINT('',(0.,0.,0.));
#3768=CARTESIAN_POINT('',(-0.0483199406738611,-1.3,1.19902676506125));
#3769=CARTESIAN_POINT('',(-0.0483199406738616,-1.25,1.19902676506126));
#3770=CARTESIAN_POINT('',(0.,-1.25,0.));
#3771=CARTESIAN_POINT('',(0.0483199406738617,-1.25,1.19902676506126));
#3772=CARTESIAN_POINT('',(0.0483199406738612,-1.3,1.19902676506125));
#3773=CARTESIAN_POINT('',(0.,0.,0.));
#3774=CARTESIAN_POINT('',(-0.416474641559214,-1.3,1.12541053528839));
#3775=CARTESIAN_POINT('',(-0.416474641559218,-1.25,1.1254105352884));
#3776=CARTESIAN_POINT('',(0.,-1.25,0.));
#3777=CARTESIAN_POINT('',(-0.324564652669476,-1.25,1.15527390095922));
#3778=CARTESIAN_POINT('',(-0.324564652669473,-1.3,1.15527390095921));
#3779=CARTESIAN_POINT('',(0.,0.,0.));
#3780=CARTESIAN_POINT('',(-0.998434778164711,-1.3,0.665678596434612));
#3781=CARTESIAN_POINT('',(-0.998434778164721,-1.25,0.665678596434619));
#3782=CARTESIAN_POINT('',(0.,-1.25,0.));
#3783=CARTESIAN_POINT('',(-0.941631281125226,-1.25,0.743861902779298));
#3784=CARTESIAN_POINT('',(-0.941631281125226,-1.3,0.743861902779298));
#3785=CARTESIAN_POINT('',(0.,0.,0.));
#3786=CARTESIAN_POINT('',(-0.743861902779298,-1.3,0.941631281125226));
#3787=CARTESIAN_POINT('',(-0.743861902779297,-1.25,0.941631281125226));
#3788=CARTESIAN_POINT('',(0.,-1.25,0.));
#3789=CARTESIAN_POINT('',(-0.665678596434618,-1.25,0.998434778164722));
#3790=CARTESIAN_POINT('',(-0.665678596434612,-1.3,0.998434778164711));
#3791=CARTESIAN_POINT('',(0.,0.,0.));
#3792=CARTESIAN_POINT('',(0.416474641559214,-1.3,-1.12541053528839));
#3793=CARTESIAN_POINT('',(0.416474641559214,-1.25,-1.12541053528839));
#3794=CARTESIAN_POINT('',(0.,-1.25,0.));
#3795=CARTESIAN_POINT('',(0.324564652669473,-1.25,-1.15527390095921));
#3796=CARTESIAN_POINT('',(0.324564652669473,-1.3,-1.15527390095921));
#3797=CARTESIAN_POINT('',(0.,0.,0.));
#3798=CARTESIAN_POINT('',(0.048319940673861,-1.3,-1.19902676506125));
#3799=CARTESIAN_POINT('',(0.0483199406738609,-1.25,-1.19902676506125));
#3800=CARTESIAN_POINT('',(0.,-1.25,0.));
#3801=CARTESIAN_POINT('',(-0.0483199406738613,-1.25,-1.19902676506125));
#3802=CARTESIAN_POINT('',(-0.0483199406738614,-1.3,-1.19902676506125));
#3803=CARTESIAN_POINT('',(0.,0.,0.));
#3804=CARTESIAN_POINT('',(-0.324564652669473,-1.3,-1.15527390095921));
#3805=CARTESIAN_POINT('',(-0.324564652669473,-1.25,-1.15527390095921));
#3806=CARTESIAN_POINT('',(0.,-1.25,0.));
#3807=CARTESIAN_POINT('',(-0.416474641559214,-1.25,-1.12541053528839));
#3808=CARTESIAN_POINT('',(-0.416474641559215,-1.3,-1.12541053528839));
#3809=CARTESIAN_POINT('',(0.,0.,0.));
#3810=CARTESIAN_POINT('',(-0.665678596434612,-1.3,-0.998434778164711));
#3811=CARTESIAN_POINT('',(-0.665678596434612,-1.25,-0.998434778164711));
#3812=CARTESIAN_POINT('',(0.,-1.25,0.));
#3813=CARTESIAN_POINT('',(-0.743861902779298,-1.25,-0.941631281125226));
#3814=CARTESIAN_POINT('',(-0.743861902779298,-1.3,-0.941631281125226));
#3815=CARTESIAN_POINT('',(0.,0.,0.));
#3816=CARTESIAN_POINT('',(-0.941631281125226,-1.3,-0.743861902779298));
#3817=CARTESIAN_POINT('',(-0.941631281125226,-1.25,-0.743861902779297));
#3818=CARTESIAN_POINT('',(0.,-1.25,0.));
#3819=CARTESIAN_POINT('',(-0.998434778164711,-1.25,-0.665678596434612));
#3820=CARTESIAN_POINT('',(-0.998434778164712,-1.3,-0.665678596434612));
#3821=CARTESIAN_POINT('',(0.,0.,0.));
#3822=CARTESIAN_POINT('',(-1.12541053528839,-1.3,-0.416474641559214));
#3823=CARTESIAN_POINT('',(-1.12541053528839,-1.25,-0.416474641559214));
#3824=CARTESIAN_POINT('',(0.,-1.25,0.));
#3825=CARTESIAN_POINT('',(-1.15527390095921,-1.25,-0.324564652669473));
#3826=CARTESIAN_POINT('',(-1.15527390095921,-1.3,-0.324564652669473));
#3827=CARTESIAN_POINT('',(0.,0.,0.));
#3828=CARTESIAN_POINT('',(-1.19902676506125,-1.3,-0.0483199406738611));
#3829=CARTESIAN_POINT('',(-1.19902676506125,-1.25,-0.048319940673861));
#3830=CARTESIAN_POINT('',(0.,-1.25,0.));
#3831=CARTESIAN_POINT('',(-1.19902676506125,-1.25,0.0483199406738613));
#3832=CARTESIAN_POINT('',(-1.19902676506125,-1.3,0.0483199406738613));
#3833=CARTESIAN_POINT('',(0.,0.,0.));
#3834=CARTESIAN_POINT('',(-1.15527390095921,-1.3,0.324564652669473));
#3835=CARTESIAN_POINT('',(-1.15527390095921,-1.25,0.324564652669473));
#3836=CARTESIAN_POINT('',(0.,-1.25,0.));
#3837=CARTESIAN_POINT('',(-1.1254105352884,-1.25,0.416474641559219));
#3838=CARTESIAN_POINT('',(-1.12541053528839,-1.3,0.416474641559214));
#3839=CARTESIAN_POINT('',(0.,-1.25,1.45));
#3840=CARTESIAN_POINT('',(0.,-1.25,0.));
#3841=CARTESIAN_POINT('',(0.,-1.25,-1.7));
#3842=CARTESIAN_POINT('',(1.13712207406141,-1.25,0.0293195955341843));
#3843=CARTESIAN_POINT('',(1.137980592017,-1.25,0.0294661977156369));
#3844=CARTESIAN_POINT('',(1.14005125518554,-1.25,0.0298364751519436));
#3845=CARTESIAN_POINT('',(1.1435581987203,-1.25,0.0305283646107227));
#3846=CARTESIAN_POINT('',(1.14773824125283,-1.25,0.0314402568012747));
#3847=CARTESIAN_POINT('',(1.15233721269548,-1.25,0.0325403324893594));
#3848=CARTESIAN_POINT('',(1.15734908821262,-1.25,0.0338456705743588));
#3849=CARTESIAN_POINT('',(1.1627673192473,-1.25,0.0353731801942063));
#3850=CARTESIAN_POINT('',(1.16858485043883,-1.25,0.0371395875103005));
#3851=CARTESIAN_POINT('',(1.17479412048811,-1.25,0.0391614219086008));
#3852=CARTESIAN_POINT('',(1.18138706820752,-1.25,0.0414550025289734));
#3853=CARTESIAN_POINT('',(1.1883551376014,-1.25,0.0440364248677148));
#3854=CARTESIAN_POINT('',(1.19568928369411,-1.25,0.0469215475341117));
#3855=CARTESIAN_POINT('',(1.20337997859704,-1.25,0.0501259791471646));
#3856=CARTESIAN_POINT('',(1.2114172179442,-1.25,0.0536650653858825));
#3857=CARTESIAN_POINT('',(1.21979052764976,-1.25,0.0575538761990361));
#3858=CARTESIAN_POINT('',(1.22848897099247,-1.25,0.0618071931824359));
#3859=CARTESIAN_POINT('',(1.23750115601847,-1.25,0.0664394971311376));
#3860=CARTESIAN_POINT('',(1.24681524325822,-1.25,0.0714649557742788));
#3861=CARTESIAN_POINT('',(1.25641895375265,-1.25,0.0768974116993578));
#3862=CARTESIAN_POINT('',(1.26629957738296,-1.25,0.0827503704757369));
#3863=CARTESIAN_POINT('',(1.27644398150159,-1.25,0.0890369889752974));
#3864=CARTESIAN_POINT('',(1.28683861984962,-1.25,0.0957700639332756));
#3865=CARTESIAN_POINT('',(1.29746954179303,-1.25,0.102962020618656));
#3866=CARTESIAN_POINT('',(1.30832240172837,-1.25,0.110624902148953));
#3867=CARTESIAN_POINT('',(1.31938246920414,-1.25,0.118770357434012));
#3868=CARTESIAN_POINT('',(1.33063463764127,-1.25,0.127409635495028));
#3869=CARTESIAN_POINT('',(1.34206343971973,-1.25,0.136553556568308));
#3870=CARTESIAN_POINT('',(1.35365303857755,-1.25,0.146212573096915));
#3871=CARTESIAN_POINT('',(1.36538731260789,-1.25,0.156396488761142));
#3872=CARTESIAN_POINT('',(1.37724958436992,-1.25,0.167115483458697));
#3873=CARTESIAN_POINT('',(1.38922370766236,-1.25,0.178376160065016));
#3874=CARTESIAN_POINT('',(1.40128998026003,-1.25,0.190196562813062));
#3875=CARTESIAN_POINT('',(1.40998218939071,-1.25,0.199032986399547));
#3876=CARTESIAN_POINT('',(1.41464890322037,-1.25,0.203919055990976));
#3877=CARTESIAN_POINT('',(1.41528880424767,-1.25,0.204591301308729));
#3878=CARTESIAN_POINT('',(1.41528880424767,-1.25,0.20459130130873));
#3879=CARTESIAN_POINT('',(0.,-1.25,8.75622461390358E-17));
#3880=CARTESIAN_POINT('',(1.40924182872501,-1.25,0.242770402174155));
#3881=CARTESIAN_POINT('',(1.09052761164742,-1.25,0.323505453175937));
#3882=CARTESIAN_POINT('',(1.09138941330893,-1.25,0.32363132285422));
#3883=CARTESIAN_POINT('',(1.09347315302887,-1.25,0.323919038194287));
#3884=CARTESIAN_POINT('',(1.09702226013087,-1.25,0.324344717366513));
#3885=CARTESIAN_POINT('',(1.10127950700375,-1.25,0.324769160536292));
#3886=CARTESIAN_POINT('',(1.10599333084526,-1.25,0.325144086717147));
#3887=CARTESIAN_POINT('',(1.11116327936636,-1.25,0.325451391133928));
#3888=CARTESIAN_POINT('',(1.11678834973029,-1.25,0.325672968625434));
#3889=CARTESIAN_POINT('',(1.12286700055841,-1.25,0.32579073144052));
#3890=CARTESIAN_POINT('',(1.1293971484891,-1.25,0.325786622629037));
#3891=CARTESIAN_POINT('',(1.1363761697689,-1.25,0.325642630722706));
#3892=CARTESIAN_POINT('',(1.14380090094427,-1.25,0.32534080404683));
#3893=CARTESIAN_POINT('',(1.15166764031198,-1.25,0.32486326511652));
#3894=CARTESIAN_POINT('',(1.15997214964,-1.25,0.324192224973461));
#3895=CARTESIAN_POINT('',(1.16870965628646,-1.25,0.323309997490528));
#3896=CARTESIAN_POINT('',(1.17787485567406,-1.25,0.322199013624222));
#3897=CARTESIAN_POINT('',(1.18746191412711,-1.25,0.320841835608797));
#3898=CARTESIAN_POINT('',(1.1974644720654,-1.25,0.319221171082409));
#3899=CARTESIAN_POINT('',(1.20787564755336,-1.25,0.31731988713665));
#3900=CARTESIAN_POINT('',(1.21868804020175,-1.25,0.315121024281455));
#3901=CARTESIAN_POINT('',(1.22989373541969,-1.25,0.312607810314362));
#3902=CARTESIAN_POINT('',(1.24148430901416,-1.25,0.309763674095354));
#3903=CARTESIAN_POINT('',(1.253450832136,-1.25,0.30657225918179));
#3904=CARTESIAN_POINT('',(1.2657838765631,-1.25,0.303017437457634));
#3905=CARTESIAN_POINT('',(1.27847352034378,-1.25,0.299083322202237));
#3906=CARTESIAN_POINT('',(1.29150935369728,-1.25,0.294754282684139));
#3907=CARTESIAN_POINT('',(1.30488048555185,-1.25,0.290014952258766));
#3908=CARTESIAN_POINT('',(1.31857554924889,-1.25,0.284850260605126));
#3909=CARTESIAN_POINT('',(1.33258271302015,-1.25,0.279245372999647));
#3910=CARTESIAN_POINT('',(1.34688967381022,-1.25,0.273185983737811));
#3911=CARTESIAN_POINT('',(1.36148371619173,-1.25,0.26665725754893));
#3912=CARTESIAN_POINT('',(1.37635152461544,-1.25,0.259647925274703));
#3913=CARTESIAN_POINT('',(1.39147993712635,-1.25,0.252134737507382));
#3914=CARTESIAN_POINT('',(1.4024773243188,-1.25,0.24641683961475));
#3915=CARTESIAN_POINT('',(1.40842551145563,-1.25,0.243212005172002));
#3916=CARTESIAN_POINT('',(1.40924182872501,-1.25,0.242770402174156));
#3917=CARTESIAN_POINT('',(1.0724071050709,-1.25,0.379274637951786));
#3918=CARTESIAN_POINT('',(1.07317830160144,-1.25,0.379679361550015));
#3919=CARTESIAN_POINT('',(1.07503319728048,-1.25,0.380671386427356));
#3920=CARTESIAN_POINT('',(1.0781546931805,-1.25,0.382413117556237));
#3921=CARTESIAN_POINT('',(1.08184835968554,-1.25,0.384572082745983));
#3922=CARTESIAN_POINT('',(1.08588229936161,-1.25,0.387039477229979));
#3923=CARTESIAN_POINT('',(1.09024550457938,-1.25,0.389829682230174));
#3924=CARTESIAN_POINT('',(1.0949265220801,-1.25,0.392956755676999));
#3925=CARTESIAN_POINT('',(1.09991347314889,-1.25,0.39643442486889));
#3926=CARTESIAN_POINT('',(1.10519405870181,-1.25,0.400276073616155));
#3927=CARTESIAN_POINT('',(1.11075556920228,-1.25,0.40449473129913));
#3928=CARTESIAN_POINT('',(1.116584893633,-1.25,0.409103061696394));
#3929=CARTESIAN_POINT('',(1.12266852913116,-1.25,0.414113352190459));
#3930=CARTESIAN_POINT('',(1.12899259080768,-1.25,0.419537503180633));
#3931=CARTESIAN_POINT('',(1.1355428218695,-1.25,0.425387017755826));
#3932=CARTESIAN_POINT('',(1.14230460399875,-1.25,0.431672991618498));
#3933=CARTESIAN_POINT('',(1.14926296799113,-1.25,0.438406103268935));
#3934=CARTESIAN_POINT('',(1.1564026046429,-1.25,0.445596604454292));
#3935=CARTESIAN_POINT('',(1.16370787588035,-1.25,0.453254310888396));
#3936=CARTESIAN_POINT('',(1.17116282612465,-1.25,0.461388593247266));
#3937=CARTESIAN_POINT('',(1.17875119388404,-1.25,0.470008368447937));
#3938=CARTESIAN_POINT('',(1.18645642357147,-1.25,0.479122091207867));
#3939=CARTESIAN_POINT('',(1.19426167752049,-1.25,0.488737745921281));
#3940=CARTESIAN_POINT('',(1.2021498482704,-1.25,0.498862838738212));
#3941=CARTESIAN_POINT('',(1.2101035708136,-1.25,0.509504390308789));
#3942=CARTESIAN_POINT('',(1.21810523594709,-1.25,0.520668927444782));
#3943=CARTESIAN_POINT('',(1.22613700032169,-1.25,0.532362480411439));
#3944=CARTESIAN_POINT('',(1.23418081000499,-1.25,0.544590560200263));
#3945=CARTESIAN_POINT('',(1.24221837326368,-1.25,0.557358213815853));
#3946=CARTESIAN_POINT('',(1.2502313280347,-1.25,0.570669783261742));
#3947=CARTESIAN_POINT('',(1.25820066736788,-1.25,0.584529796583349));
#3948=CARTESIAN_POINT('',(1.26610899491257,-1.25,0.598939544037784));
#3949=CARTESIAN_POINT('',(1.27393199676447,-1.25,0.613910098387988));
#3950=CARTESIAN_POINT('',(1.27946817384148,-1.25,0.625000076960699));
#3951=CARTESIAN_POINT('',(1.28239660389942,-1.25,0.631089099165949));
#3952=CARTESIAN_POINT('',(1.28279745071364,-1.25,0.631926182748101));
#3953=CARTESIAN_POINT('',(1.28279745071364,-1.25,0.631926182748101));
#3954=CARTESIAN_POINT('',(0.,-1.25,8.75622461390358E-17));
#3955=CARTESIAN_POINT('',(1.26524844424156,-1.25,0.666368047211381));
#3956=CARTESIAN_POINT('',(0.937184708452738,-1.25,0.644663534134168));
#3957=CARTESIAN_POINT('',(0.937965434669005,-1.25,0.64504955467109));
#3958=CARTESIAN_POINT('',(0.939858279978294,-1.25,0.645967099205414));
#3959=CARTESIAN_POINT('',(0.943102139316314,-1.25,0.647468678565386));
#3960=CARTESIAN_POINT('',(0.94701986154363,-1.25,0.64918790964077));
#3961=CARTESIAN_POINT('',(0.951387115863244,-1.25,0.651001137303717));
#3962=CARTESIAN_POINT('',(0.956209066805921,-1.25,0.652891003124849));
#3963=CARTESIAN_POINT('',(0.961490355419707,-1.25,0.654839978179019));
#3964=CARTESIAN_POINT('',(0.967235105188901,-1.25,0.656830383680442));
#3965=CARTESIAN_POINT('',(0.973446914623331,-1.25,0.658844402654873));
#3966=CARTESIAN_POINT('',(0.980128854234955,-1.25,0.660864094393626));
#3967=CARTESIAN_POINT('',(0.98728346277324,-1.25,0.662871408278599));
#3968=CARTESIAN_POINT('',(0.994912744155838,-1.25,0.664848197922084));
#3969=CARTESIAN_POINT('',(1.00301816467499,-1.25,0.666776235333634));
#3970=CARTESIAN_POINT('',(1.01160065059241,-1.25,0.668637225179356));
#3971=CARTESIAN_POINT('',(1.0206605860883,-1.25,0.670412819101411));
#3972=CARTESIAN_POINT('',(1.03019781157333,-1.25,0.672084630094126));
#3973=CARTESIAN_POINT('',(1.040211622361,-1.25,0.673634246925727));
#3974=CARTESIAN_POINT('',(1.05070076770148,-1.25,0.675043248596986));
#3975=CARTESIAN_POINT('',(1.06166345017703,-1.25,0.676293218828321));
#3976=CARTESIAN_POINT('',(1.07309732546001,-1.25,0.677365760564203));
#3977=CARTESIAN_POINT('',(1.08499950243061,-1.25,0.678242510495128));
#3978=CARTESIAN_POINT('',(1.09736654366743,-1.25,0.678905153553612));
#3979=CARTESIAN_POINT('',(1.11019446626032,-1.25,0.67933543750894));
#3980=CARTESIAN_POINT('',(1.12347874313915,-1.25,0.679515187140235));
#3981=CARTESIAN_POINT('',(1.13721430417575,-1.25,0.679426319939319));
#3982=CARTESIAN_POINT('',(1.15139553989967,-1.25,0.679050855832482));
#3983=CARTESIAN_POINT('',(1.1660162969615,-1.25,0.678370949602064));
#3984=CARTESIAN_POINT('',(1.18106990686263,-1.25,0.677368836370085));
#3985=CARTESIAN_POINT('',(1.19654908940784,-1.25,0.676027108749836));
#3986=CARTESIAN_POINT('',(1.21244633585785,-1.25,0.674327728277307));
#3987=CARTESIAN_POINT('',(1.2287524647342,-1.25,0.672255862615062));
#3988=CARTESIAN_POINT('',(1.24546214273594,-1.25,0.669785332994589));
#3989=CARTESIAN_POINT('',(1.25768820710846,-1.25,0.667745668480479));
#3990=CARTESIAN_POINT('',(1.26433561755206,-1.25,0.666535780711061));
#3991=CARTESIAN_POINT('',(1.26524844424156,-1.25,0.666368047211382));
#3992=CARTESIAN_POINT('',(0.902717456736391,-1.25,0.692103636244878));
#3993=CARTESIAN_POINT('',(0.903325841752234,-1.25,0.692726864094215));
#3994=CARTESIAN_POINT('',(0.904783399828888,-1.25,0.694243530105751));
#3995=CARTESIAN_POINT('',(0.907213894326733,-1.25,0.696864610126485));
#3996=CARTESIAN_POINT('',(0.910059622991475,-1.25,0.700059313760257));
#3997=CARTESIAN_POINT('',(0.913133660779365,-1.25,0.703652501276723));
#3998=CARTESIAN_POINT('',(0.916421094770806,-1.25,0.707654448486194));
#3999=CARTESIAN_POINT('',(0.91990668813003,-1.25,0.712074986023419));
#4000=CARTESIAN_POINT('',(0.92357490155934,-1.25,0.716923498600259));
#4001=CARTESIAN_POINT('',(0.927409902109973,-1.25,0.722208914350764));
#4002=CARTESIAN_POINT('',(0.9313955759944,-1.25,0.727939697489218));
#4003=CARTESIAN_POINT('',(0.935515540571384,-1.25,0.734123840457593));
#4004=CARTESIAN_POINT('',(0.939753156845255,-1.25,0.74076885663702));
#4005=CARTESIAN_POINT('',(0.944091542076145,-1.25,0.747881773313115));
#4006=CARTESIAN_POINT('',(0.948513582598144,-1.25,0.755469124982199));
#4007=CARTESIAN_POINT('',(0.95300194680418,-1.25,0.763536946975755));
#4008=CARTESIAN_POINT('',(0.957539098296875,-1.25,0.772090769412538));
#4009=CARTESIAN_POINT('',(0.962107309194173,-1.25,0.781135611479359));
#4010=CARTESIAN_POINT('',(0.966688673581776,-1.25,0.790675976044277));
#4011=CARTESIAN_POINT('',(0.971265121104341,-1.25,0.800715844604775));
#4012=CARTESIAN_POINT('',(0.975818430685255,-1.25,0.811258672575591));
#4013=CARTESIAN_POINT('',(0.980330244374197,-1.25,0.822307384913109));
#4014=CARTESIAN_POINT('',(0.984782081285259,-1.25,0.833864372102402));
#4015=CARTESIAN_POINT('',(0.989155351728559,-1.25,0.845931486420294));
#4016=CARTESIAN_POINT('',(0.993431371100245,-1.25,0.858510038819373));
#4017=CARTESIAN_POINT('',(0.997591375157312,-1.25,0.871600795123525));
#4018=CARTESIAN_POINT('',(1.0016165304118,-1.25,0.885203976557672));
#4019=CARTESIAN_POINT('',(1.00548796356362,-1.25,0.899319245414268));
#4020=CARTESIAN_POINT('',(1.00918671853042,-1.25,0.913945749223473));
#4021=CARTESIAN_POINT('',(1.0126939901996,-1.25,0.929081943286503));
#4022=CARTESIAN_POINT('',(1.01599030264435,-1.25,0.944726260559851));
#4023=CARTESIAN_POINT('',(1.01905871224065,-1.25,0.96087455238295));
#4024=CARTESIAN_POINT('',(1.02187267341946,-1.25,0.977529836169528));
#4025=CARTESIAN_POINT('',(1.0237108988577,-1.25,0.989787805357343));
#4026=CARTESIAN_POINT('',(1.02461439000626,-1.25,0.996483744258252));
#4027=CARTESIAN_POINT('',(1.02473694492837,-1.25,0.997403726531477));
#4028=CARTESIAN_POINT('',(1.02473694492837,-1.25,0.997403726531477));
#4029=CARTESIAN_POINT('',(0.,-1.25,8.75622461390358E-17));
#4030=CARTESIAN_POINT('',(0.997403726531478,-1.25,1.02473694492837));
#4031=CARTESIAN_POINT('',(0.692103636244878,-1.25,0.90271745673639));
#4032=CARTESIAN_POINT('',(0.692726864094215,-1.25,0.903325841752234));
#4033=CARTESIAN_POINT('',(0.694243530105751,-1.25,0.904783399828888));
#4034=CARTESIAN_POINT('',(0.696864610126485,-1.25,0.907213894326733));
#4035=CARTESIAN_POINT('',(0.700059313760258,-1.25,0.910059622991475));
#4036=CARTESIAN_POINT('',(0.703652501276723,-1.25,0.913133660779366));
#4037=CARTESIAN_POINT('',(0.707654448486194,-1.25,0.916421094770806));
#4038=CARTESIAN_POINT('',(0.712074986023419,-1.25,0.91990668813003));
#4039=CARTESIAN_POINT('',(0.716923498600259,-1.25,0.92357490155934));
#4040=CARTESIAN_POINT('',(0.722208914350764,-1.25,0.927409902109973));
#4041=CARTESIAN_POINT('',(0.727939697489217,-1.25,0.9313955759944));
#4042=CARTESIAN_POINT('',(0.734123840457593,-1.25,0.935515540571384));
#4043=CARTESIAN_POINT('',(0.74076885663702,-1.25,0.939753156845256));
#4044=CARTESIAN_POINT('',(0.747881773313115,-1.25,0.944091542076145));
#4045=CARTESIAN_POINT('',(0.755469124982199,-1.25,0.948513582598144));
#4046=CARTESIAN_POINT('',(0.763536946975755,-1.25,0.95300194680418));
#4047=CARTESIAN_POINT('',(0.772090769412538,-1.25,0.957539098296875));
#4048=CARTESIAN_POINT('',(0.781135611479359,-1.25,0.962107309194174));
#4049=CARTESIAN_POINT('',(0.790675976044277,-1.25,0.966688673581775));
#4050=CARTESIAN_POINT('',(0.800715844604775,-1.25,0.971265121104342));
#4051=CARTESIAN_POINT('',(0.811258672575591,-1.25,0.975818430685254));
#4052=CARTESIAN_POINT('',(0.822307384913109,-1.25,0.980330244374197));
#4053=CARTESIAN_POINT('',(0.833864372102402,-1.25,0.984782081285259));
#4054=CARTESIAN_POINT('',(0.845931486420294,-1.25,0.989155351728559));
#4055=CARTESIAN_POINT('',(0.858510038819373,-1.25,0.993431371100245));
#4056=CARTESIAN_POINT('',(0.871600795123525,-1.25,0.997591375157313));
#4057=CARTESIAN_POINT('',(0.885203976557672,-1.25,1.0016165304118));
#4058=CARTESIAN_POINT('',(0.899319245414268,-1.25,1.00548796356362));
#4059=CARTESIAN_POINT('',(0.913945749223473,-1.25,1.00918671853042));
#4060=CARTESIAN_POINT('',(0.929081943286503,-1.25,1.0126939901996));
#4061=CARTESIAN_POINT('',(0.944726260559851,-1.25,1.01599030264435));
#4062=CARTESIAN_POINT('',(0.96087455238295,-1.25,1.01905871224065));
#4063=CARTESIAN_POINT('',(0.977529836169528,-1.25,1.02187267341946));
#4064=CARTESIAN_POINT('',(0.989787805357343,-1.25,1.0237108988577));
#4065=CARTESIAN_POINT('',(0.996483744258252,-1.25,1.02461439000626));
#4066=CARTESIAN_POINT('',(0.997403726531478,-1.25,1.02473694492837));
#4067=CARTESIAN_POINT('',(0.644663534134169,-1.25,0.937184708452738));
#4068=CARTESIAN_POINT('',(0.64504955467109,-1.25,0.937965434669005));
#4069=CARTESIAN_POINT('',(0.645967099205414,-1.25,0.939858279978294));
#4070=CARTESIAN_POINT('',(0.647468678565386,-1.25,0.943102139316314));
#4071=CARTESIAN_POINT('',(0.64918790964077,-1.25,0.947019861543629));
#4072=CARTESIAN_POINT('',(0.651001137303717,-1.25,0.951387115863244));
#4073=CARTESIAN_POINT('',(0.652891003124849,-1.25,0.956209066805921));
#4074=CARTESIAN_POINT('',(0.654839978179019,-1.25,0.961490355419707));
#4075=CARTESIAN_POINT('',(0.656830383680442,-1.25,0.967235105188901));
#4076=CARTESIAN_POINT('',(0.658844402654873,-1.25,0.973446914623331));
#4077=CARTESIAN_POINT('',(0.660864094393626,-1.25,0.980128854234956));
#4078=CARTESIAN_POINT('',(0.662871408278599,-1.25,0.98728346277324));
#4079=CARTESIAN_POINT('',(0.664848197922084,-1.25,0.994912744155838));
#4080=CARTESIAN_POINT('',(0.666776235333634,-1.25,1.00301816467499));
#4081=CARTESIAN_POINT('',(0.668637225179356,-1.25,1.01160065059241));
#4082=CARTESIAN_POINT('',(0.670412819101411,-1.25,1.0206605860883));
#4083=CARTESIAN_POINT('',(0.672084630094126,-1.25,1.03019781157333));
#4084=CARTESIAN_POINT('',(0.673634246925727,-1.25,1.04021162236099));
#4085=CARTESIAN_POINT('',(0.675043248596986,-1.25,1.05070076770149));
#4086=CARTESIAN_POINT('',(0.67629321882832,-1.25,1.06166345017703));
#4087=CARTESIAN_POINT('',(0.677365760564203,-1.25,1.07309732546001));
#4088=CARTESIAN_POINT('',(0.678242510495128,-1.25,1.08499950243061));
#4089=CARTESIAN_POINT('',(0.678905153553612,-1.25,1.09736654366743));
#4090=CARTESIAN_POINT('',(0.67933543750894,-1.25,1.11019446626032));
#4091=CARTESIAN_POINT('',(0.679515187140235,-1.25,1.12347874313915));
#4092=CARTESIAN_POINT('',(0.679426319939319,-1.25,1.13721430417575));
#4093=CARTESIAN_POINT('',(0.679050855832482,-1.25,1.15139553989967));
#4094=CARTESIAN_POINT('',(0.678370949602064,-1.25,1.1660162969615));
#4095=CARTESIAN_POINT('',(0.677368836370085,-1.25,1.18106990686263));
#4096=CARTESIAN_POINT('',(0.676027108749836,-1.25,1.19654908940784));
#4097=CARTESIAN_POINT('',(0.674327728277307,-1.25,1.21244633585785));
#4098=CARTESIAN_POINT('',(0.672255862615062,-1.25,1.2287524647342));
#4099=CARTESIAN_POINT('',(0.669785332994589,-1.25,1.24546214273594));
#4100=CARTESIAN_POINT('',(0.66774566848048,-1.25,1.25768820710846));
#4101=CARTESIAN_POINT('',(0.666535780711061,-1.25,1.26433561755206));
#4102=CARTESIAN_POINT('',(0.666368047211382,-1.25,1.26524844424156));
#4103=CARTESIAN_POINT('',(0.666368047211382,-1.25,1.26524844424156));
#4104=CARTESIAN_POINT('',(0.,-1.25,8.75622461390358E-17));
#4105=CARTESIAN_POINT('',(0.631926182748102,-1.25,1.28279745071364));
#4106=CARTESIAN_POINT('',(0.379274637951786,-1.25,1.0724071050709));
#4107=CARTESIAN_POINT('',(0.379679361550015,-1.25,1.07317830160144));
#4108=CARTESIAN_POINT('',(0.380671386427355,-1.25,1.07503319728048));
#4109=CARTESIAN_POINT('',(0.382413117556238,-1.25,1.0781546931805));
#4110=CARTESIAN_POINT('',(0.384572082745983,-1.25,1.08184835968554));
#4111=CARTESIAN_POINT('',(0.387039477229979,-1.25,1.08588229936161));
#4112=CARTESIAN_POINT('',(0.389829682230175,-1.25,1.09024550457938));
#4113=CARTESIAN_POINT('',(0.392956755677,-1.25,1.0949265220801));
#4114=CARTESIAN_POINT('',(0.39643442486889,-1.25,1.09991347314889));
#4115=CARTESIAN_POINT('',(0.400276073616155,-1.25,1.10519405870181));
#4116=CARTESIAN_POINT('',(0.404494731299131,-1.25,1.11075556920228));
#4117=CARTESIAN_POINT('',(0.409103061696394,-1.25,1.116584893633));
#4118=CARTESIAN_POINT('',(0.414113352190459,-1.25,1.12266852913116));
#4119=CARTESIAN_POINT('',(0.419537503180633,-1.25,1.12899259080768));
#4120=CARTESIAN_POINT('',(0.425387017755826,-1.25,1.1355428218695));
#4121=CARTESIAN_POINT('',(0.431672991618498,-1.25,1.14230460399875));
#4122=CARTESIAN_POINT('',(0.438406103268935,-1.25,1.14926296799113));
#4123=CARTESIAN_POINT('',(0.445596604454292,-1.25,1.1564026046429));
#4124=CARTESIAN_POINT('',(0.453254310888395,-1.25,1.16370787588035));
#4125=CARTESIAN_POINT('',(0.461388593247266,-1.25,1.17116282612465));
#4126=CARTESIAN_POINT('',(0.470008368447937,-1.25,1.17875119388404));
#4127=CARTESIAN_POINT('',(0.479122091207868,-1.25,1.18645642357147));
#4128=CARTESIAN_POINT('',(0.488737745921281,-1.25,1.19426167752049));
#4129=CARTESIAN_POINT('',(0.498862838738212,-1.25,1.2021498482704));
#4130=CARTESIAN_POINT('',(0.509504390308789,-1.25,1.2101035708136));
#4131=CARTESIAN_POINT('',(0.520668927444782,-1.25,1.21810523594709));
#4132=CARTESIAN_POINT('',(0.532362480411439,-1.25,1.22613700032169));
#4133=CARTESIAN_POINT('',(0.544590560200263,-1.25,1.23418081000499));
#4134=CARTESIAN_POINT('',(0.557358213815853,-1.25,1.24221837326368));
#4135=CARTESIAN_POINT('',(0.570669783261742,-1.25,1.2502313280347));
#4136=CARTESIAN_POINT('',(0.584529796583349,-1.25,1.25820066736788));
#4137=CARTESIAN_POINT('',(0.598939544037785,-1.25,1.26610899491257));
#4138=CARTESIAN_POINT('',(0.613910098387989,-1.25,1.27393199676447));
#4139=CARTESIAN_POINT('',(0.625000076960699,-1.25,1.27946817384148));
#4140=CARTESIAN_POINT('',(0.631089099165949,-1.25,1.28239660389942));
#4141=CARTESIAN_POINT('',(0.631926182748101,-1.25,1.28279745071364));
#4142=CARTESIAN_POINT('',(0.323505453175937,-1.25,1.09052761164742));
#4143=CARTESIAN_POINT('',(0.32363132285422,-1.25,1.09138941330893));
#4144=CARTESIAN_POINT('',(0.323919038194287,-1.25,1.09347315302887));
#4145=CARTESIAN_POINT('',(0.324344717366513,-1.25,1.09702226013087));
#4146=CARTESIAN_POINT('',(0.324769160536292,-1.25,1.10127950700375));
#4147=CARTESIAN_POINT('',(0.325144086717147,-1.25,1.10599333084526));
#4148=CARTESIAN_POINT('',(0.325451391133928,-1.25,1.11116327936636));
#4149=CARTESIAN_POINT('',(0.325672968625434,-1.25,1.11678834973029));
#4150=CARTESIAN_POINT('',(0.32579073144052,-1.25,1.12286700055841));
#4151=CARTESIAN_POINT('',(0.325786622629037,-1.25,1.1293971484891));
#4152=CARTESIAN_POINT('',(0.325642630722706,-1.25,1.1363761697689));
#4153=CARTESIAN_POINT('',(0.32534080404683,-1.25,1.14380090094427));
#4154=CARTESIAN_POINT('',(0.32486326511652,-1.25,1.15166764031198));
#4155=CARTESIAN_POINT('',(0.324192224973461,-1.25,1.15997214964));
#4156=CARTESIAN_POINT('',(0.323309997490528,-1.25,1.16870965628646));
#4157=CARTESIAN_POINT('',(0.322199013624222,-1.25,1.17787485567406));
#4158=CARTESIAN_POINT('',(0.320841835608797,-1.25,1.18746191412711));
#4159=CARTESIAN_POINT('',(0.319221171082409,-1.25,1.1974644720654));
#4160=CARTESIAN_POINT('',(0.31731988713665,-1.25,1.20787564755336));
#4161=CARTESIAN_POINT('',(0.315121024281455,-1.25,1.21868804020175));
#4162=CARTESIAN_POINT('',(0.312607810314362,-1.25,1.22989373541969));
#4163=CARTESIAN_POINT('',(0.309763674095355,-1.25,1.24148430901416));
#4164=CARTESIAN_POINT('',(0.30657225918179,-1.25,1.253450832136));
#4165=CARTESIAN_POINT('',(0.303017437457634,-1.25,1.2657838765631));
#4166=CARTESIAN_POINT('',(0.299083322202237,-1.25,1.27847352034378));
#4167=CARTESIAN_POINT('',(0.294754282684139,-1.25,1.29150935369728));
#4168=CARTESIAN_POINT('',(0.290014952258766,-1.25,1.30488048555185));
#4169=CARTESIAN_POINT('',(0.284850260605126,-1.25,1.31857554924889));
#4170=CARTESIAN_POINT('',(0.279245372999647,-1.25,1.33258271302015));
#4171=CARTESIAN_POINT('',(0.273185983737811,-1.25,1.34688967381022));
#4172=CARTESIAN_POINT('',(0.26665725754893,-1.25,1.36148371619173));
#4173=CARTESIAN_POINT('',(0.259647925274703,-1.25,1.37635152461544));
#4174=CARTESIAN_POINT('',(0.252134737507382,-1.25,1.39147993712635));
#4175=CARTESIAN_POINT('',(0.24641683961475,-1.25,1.4024773243188));
#4176=CARTESIAN_POINT('',(0.243212005172002,-1.25,1.40842551145563));
#4177=CARTESIAN_POINT('',(0.242770402174156,-1.25,1.40924182872501));
#4178=CARTESIAN_POINT('',(0.242770402174155,-1.25,1.40924182872501));
#4179=CARTESIAN_POINT('',(0.,-1.25,8.75622461390358E-17));
#4180=CARTESIAN_POINT('',(0.20459130130873,-1.25,1.41528880424767));
#4181=CARTESIAN_POINT('',(0.0293195955341843,-1.25,1.1371220740614));
#4182=CARTESIAN_POINT('',(0.0294661977156369,-1.25,1.137980592017));
#4183=CARTESIAN_POINT('',(0.0298364751519436,-1.25,1.14005125518554));
#4184=CARTESIAN_POINT('',(0.0305283646107228,-1.25,1.1435581987203));
#4185=CARTESIAN_POINT('',(0.0314402568012748,-1.25,1.14773824125283));
#4186=CARTESIAN_POINT('',(0.0325403324893594,-1.25,1.15233721269548));
#4187=CARTESIAN_POINT('',(0.0338456705743589,-1.25,1.15734908821262));
#4188=CARTESIAN_POINT('',(0.0353731801942064,-1.25,1.1627673192473));
#4189=CARTESIAN_POINT('',(0.0371395875103006,-1.25,1.16858485043883));
#4190=CARTESIAN_POINT('',(0.0391614219086008,-1.25,1.17479412048811));
#4191=CARTESIAN_POINT('',(0.0414550025289735,-1.25,1.18138706820752));
#4192=CARTESIAN_POINT('',(0.0440364248677148,-1.25,1.1883551376014));
#4193=CARTESIAN_POINT('',(0.0469215475341118,-1.25,1.19568928369411));
#4194=CARTESIAN_POINT('',(0.0501259791471647,-1.25,1.20337997859704));
#4195=CARTESIAN_POINT('',(0.0536650653858826,-1.25,1.2114172179442));
#4196=CARTESIAN_POINT('',(0.0575538761990362,-1.25,1.21979052764976));
#4197=CARTESIAN_POINT('',(0.061807193182436,-1.25,1.22848897099247));
#4198=CARTESIAN_POINT('',(0.0664394971311377,-1.25,1.23750115601847));
#4199=CARTESIAN_POINT('',(0.0714649557742789,-1.25,1.24681524325821));
#4200=CARTESIAN_POINT('',(0.0768974116993578,-1.25,1.25641895375265));
#4201=CARTESIAN_POINT('',(0.082750370475737,-1.25,1.26629957738296));
#4202=CARTESIAN_POINT('',(0.0890369889752975,-1.25,1.27644398150159));
#4203=CARTESIAN_POINT('',(0.0957700639332757,-1.25,1.28683861984962));
#4204=CARTESIAN_POINT('',(0.102962020618656,-1.25,1.29746954179303));
#4205=CARTESIAN_POINT('',(0.110624902148953,-1.25,1.30832240172837));
#4206=CARTESIAN_POINT('',(0.118770357434012,-1.25,1.31938246920414));
#4207=CARTESIAN_POINT('',(0.127409635495028,-1.25,1.33063463764127));
#4208=CARTESIAN_POINT('',(0.136553556568308,-1.25,1.34206343971973));
#4209=CARTESIAN_POINT('',(0.146212573096915,-1.25,1.35365303857755));
#4210=CARTESIAN_POINT('',(0.156396488761142,-1.25,1.36538731260789));
#4211=CARTESIAN_POINT('',(0.167115483458698,-1.25,1.37724958436992));
#4212=CARTESIAN_POINT('',(0.178376160065016,-1.25,1.38922370766236));
#4213=CARTESIAN_POINT('',(0.190196562813062,-1.25,1.40128998026003));
#4214=CARTESIAN_POINT('',(0.199032986399548,-1.25,1.40998218939071));
#4215=CARTESIAN_POINT('',(0.203919055990976,-1.25,1.41464890322037));
#4216=CARTESIAN_POINT('',(0.20459130130873,-1.25,1.41528880424767));
#4217=CARTESIAN_POINT('',(-0.0293195955341842,-1.25,1.13712207406141));
#4218=CARTESIAN_POINT('',(-0.0294661977156367,-1.25,1.137980592017));
#4219=CARTESIAN_POINT('',(-0.0298364751519435,-1.25,1.14005125518554));
#4220=CARTESIAN_POINT('',(-0.0305283646107227,-1.25,1.1435581987203));
#4221=CARTESIAN_POINT('',(-0.0314402568012747,-1.25,1.14773824125283));
#4222=CARTESIAN_POINT('',(-0.0325403324893593,-1.25,1.15233721269548));
#4223=CARTESIAN_POINT('',(-0.0338456705743587,-1.25,1.15734908821262));
#4224=CARTESIAN_POINT('',(-0.0353731801942063,-1.25,1.1627673192473));
#4225=CARTESIAN_POINT('',(-0.0371395875103004,-1.25,1.16858485043883));
#4226=CARTESIAN_POINT('',(-0.0391614219086007,-1.25,1.17479412048811));
#4227=CARTESIAN_POINT('',(-0.0414550025289733,-1.25,1.18138706820752));
#4228=CARTESIAN_POINT('',(-0.0440364248677146,-1.25,1.1883551376014));
#4229=CARTESIAN_POINT('',(-0.0469215475341116,-1.25,1.19568928369411));
#4230=CARTESIAN_POINT('',(-0.0501259791471645,-1.25,1.20337997859704));
#4231=CARTESIAN_POINT('',(-0.0536650653858825,-1.25,1.2114172179442));
#4232=CARTESIAN_POINT('',(-0.057553876199036,-1.25,1.21979052764976));
#4233=CARTESIAN_POINT('',(-0.0618071931824358,-1.25,1.22848897099247));
#4234=CARTESIAN_POINT('',(-0.0664394971311376,-1.25,1.23750115601847));
#4235=CARTESIAN_POINT('',(-0.0714649557742787,-1.25,1.24681524325822));
#4236=CARTESIAN_POINT('',(-0.0768974116993577,-1.25,1.25641895375265));
#4237=CARTESIAN_POINT('',(-0.0827503704757368,-1.25,1.26629957738296));
#4238=CARTESIAN_POINT('',(-0.0890369889752974,-1.25,1.27644398150159));
#4239=CARTESIAN_POINT('',(-0.0957700639332755,-1.25,1.28683861984962));
#4240=CARTESIAN_POINT('',(-0.102962020618656,-1.25,1.29746954179303));
#4241=CARTESIAN_POINT('',(-0.110624902148953,-1.25,1.30832240172837));
#4242=CARTESIAN_POINT('',(-0.118770357434012,-1.25,1.31938246920414));
#4243=CARTESIAN_POINT('',(-0.127409635495028,-1.25,1.33063463764127));
#4244=CARTESIAN_POINT('',(-0.136553556568308,-1.25,1.34206343971973));
#4245=CARTESIAN_POINT('',(-0.146212573096915,-1.25,1.35365303857755));
#4246=CARTESIAN_POINT('',(-0.156396488761142,-1.25,1.36538731260789));
#4247=CARTESIAN_POINT('',(-0.167115483458697,-1.25,1.37724958436992));
#4248=CARTESIAN_POINT('',(-0.178376160065016,-1.25,1.38922370766236));
#4249=CARTESIAN_POINT('',(-0.190196562813062,-1.25,1.40128998026003));
#4250=CARTESIAN_POINT('',(-0.199032986399547,-1.25,1.40998218939071));
#4251=CARTESIAN_POINT('',(-0.203919055990976,-1.25,1.41464890322037));
#4252=CARTESIAN_POINT('',(-0.204591301308729,-1.25,1.41528880424767));
#4253=CARTESIAN_POINT('',(-0.20459130130873,-1.25,1.41528880424767));
#4254=CARTESIAN_POINT('',(0.,-1.25,8.75622461390358E-17));
#4255=CARTESIAN_POINT('',(-0.242770402174155,-1.25,1.40924182872501));
#4256=CARTESIAN_POINT('',(-0.323505453175937,-1.25,1.09052761164742));
#4257=CARTESIAN_POINT('',(-0.32363132285422,-1.25,1.09138941330893));
#4258=CARTESIAN_POINT('',(-0.323919038194287,-1.25,1.09347315302887));
#4259=CARTESIAN_POINT('',(-0.324344717366513,-1.25,1.09702226013087));
#4260=CARTESIAN_POINT('',(-0.324769160536292,-1.25,1.10127950700375));
#4261=CARTESIAN_POINT('',(-0.325144086717147,-1.25,1.10599333084526));
#4262=CARTESIAN_POINT('',(-0.325451391133928,-1.25,1.11116327936636));
#4263=CARTESIAN_POINT('',(-0.325672968625434,-1.25,1.11678834973029));
#4264=CARTESIAN_POINT('',(-0.32579073144052,-1.25,1.12286700055841));
#4265=CARTESIAN_POINT('',(-0.325786622629037,-1.25,1.1293971484891));
#4266=CARTESIAN_POINT('',(-0.325642630722706,-1.25,1.1363761697689));
#4267=CARTESIAN_POINT('',(-0.32534080404683,-1.25,1.14380090094428));
#4268=CARTESIAN_POINT('',(-0.32486326511652,-1.25,1.15166764031198));
#4269=CARTESIAN_POINT('',(-0.324192224973461,-1.25,1.15997214964));
#4270=CARTESIAN_POINT('',(-0.323309997490528,-1.25,1.16870965628646));
#4271=CARTESIAN_POINT('',(-0.322199013624222,-1.25,1.17787485567406));
#4272=CARTESIAN_POINT('',(-0.320841835608797,-1.25,1.18746191412711));
#4273=CARTESIAN_POINT('',(-0.319221171082409,-1.25,1.1974644720654));
#4274=CARTESIAN_POINT('',(-0.317319887136649,-1.25,1.20787564755336));
#4275=CARTESIAN_POINT('',(-0.315121024281455,-1.25,1.21868804020175));
#4276=CARTESIAN_POINT('',(-0.312607810314362,-1.25,1.22989373541969));
#4277=CARTESIAN_POINT('',(-0.309763674095354,-1.25,1.24148430901416));
#4278=CARTESIAN_POINT('',(-0.30657225918179,-1.25,1.253450832136));
#4279=CARTESIAN_POINT('',(-0.303017437457634,-1.25,1.2657838765631));
#4280=CARTESIAN_POINT('',(-0.299083322202237,-1.25,1.27847352034378));
#4281=CARTESIAN_POINT('',(-0.294754282684139,-1.25,1.29150935369728));
#4282=CARTESIAN_POINT('',(-0.290014952258766,-1.25,1.30488048555185));
#4283=CARTESIAN_POINT('',(-0.284850260605126,-1.25,1.31857554924889));
#4284=CARTESIAN_POINT('',(-0.279245372999647,-1.25,1.33258271302015));
#4285=CARTESIAN_POINT('',(-0.273185983737811,-1.25,1.34688967381022));
#4286=CARTESIAN_POINT('',(-0.26665725754893,-1.25,1.36148371619173));
#4287=CARTESIAN_POINT('',(-0.259647925274702,-1.25,1.37635152461544));
#4288=CARTESIAN_POINT('',(-0.252134737507382,-1.25,1.39147993712635));
#4289=CARTESIAN_POINT('',(-0.24641683961475,-1.25,1.4024773243188));
#4290=CARTESIAN_POINT('',(-0.243212005172002,-1.25,1.40842551145563));
#4291=CARTESIAN_POINT('',(-0.242770402174155,-1.25,1.40924182872501));
#4292=CARTESIAN_POINT('',(-0.379274637951786,-1.25,1.0724071050709));
#4293=CARTESIAN_POINT('',(-0.379679361550015,-1.25,1.07317830160144));
#4294=CARTESIAN_POINT('',(-0.380671386427355,-1.25,1.07503319728048));
#4295=CARTESIAN_POINT('',(-0.382413117556237,-1.25,1.0781546931805));
#4296=CARTESIAN_POINT('',(-0.384572082745983,-1.25,1.08184835968554));
#4297=CARTESIAN_POINT('',(-0.387039477229979,-1.25,1.08588229936161));
#4298=CARTESIAN_POINT('',(-0.389829682230174,-1.25,1.09024550457938));
#4299=CARTESIAN_POINT('',(-0.392956755676999,-1.25,1.0949265220801));
#4300=CARTESIAN_POINT('',(-0.39643442486889,-1.25,1.09991347314889));
#4301=CARTESIAN_POINT('',(-0.400276073616155,-1.25,1.10519405870181));
#4302=CARTESIAN_POINT('',(-0.40449473129913,-1.25,1.11075556920228));
#4303=CARTESIAN_POINT('',(-0.409103061696394,-1.25,1.116584893633));
#4304=CARTESIAN_POINT('',(-0.414113352190459,-1.25,1.12266852913116));
#4305=CARTESIAN_POINT('',(-0.419537503180633,-1.25,1.12899259080768));
#4306=CARTESIAN_POINT('',(-0.425387017755826,-1.25,1.1355428218695));
#4307=CARTESIAN_POINT('',(-0.431672991618498,-1.25,1.14230460399875));
#4308=CARTESIAN_POINT('',(-0.438406103268935,-1.25,1.14926296799113));
#4309=CARTESIAN_POINT('',(-0.445596604454292,-1.25,1.1564026046429));
#4310=CARTESIAN_POINT('',(-0.453254310888395,-1.25,1.16370787588035));
#4311=CARTESIAN_POINT('',(-0.461388593247266,-1.25,1.17116282612465));
#4312=CARTESIAN_POINT('',(-0.470008368447937,-1.25,1.17875119388404));
#4313=CARTESIAN_POINT('',(-0.479122091207867,-1.25,1.18645642357147));
#4314=CARTESIAN_POINT('',(-0.488737745921281,-1.25,1.19426167752049));
#4315=CARTESIAN_POINT('',(-0.498862838738212,-1.25,1.2021498482704));
#4316=CARTESIAN_POINT('',(-0.509504390308789,-1.25,1.2101035708136));
#4317=CARTESIAN_POINT('',(-0.520668927444782,-1.25,1.21810523594709));
#4318=CARTESIAN_POINT('',(-0.532362480411439,-1.25,1.22613700032169));
#4319=CARTESIAN_POINT('',(-0.544590560200263,-1.25,1.23418081000499));
#4320=CARTESIAN_POINT('',(-0.557358213815853,-1.25,1.24221837326368));
#4321=CARTESIAN_POINT('',(-0.570669783261742,-1.25,1.2502313280347));
#4322=CARTESIAN_POINT('',(-0.584529796583348,-1.25,1.25820066736788));
#4323=CARTESIAN_POINT('',(-0.598939544037784,-1.25,1.26610899491257));
#4324=CARTESIAN_POINT('',(-0.613910098387988,-1.25,1.27393199676447));
#4325=CARTESIAN_POINT('',(-0.625000076960699,-1.25,1.27946817384148));
#4326=CARTESIAN_POINT('',(-0.631089099165948,-1.25,1.28239660389942));
#4327=CARTESIAN_POINT('',(-0.631926182748101,-1.25,1.28279745071364));
#4328=CARTESIAN_POINT('',(-0.631926182748101,-1.25,1.28279745071364));
#4329=CARTESIAN_POINT('',(0.,-1.25,8.75622461390358E-17));
#4330=CARTESIAN_POINT('',(-0.666368047211381,-1.25,1.26524844424156));
#4331=CARTESIAN_POINT('',(-0.644663534134168,-1.25,0.937184708452738));
#4332=CARTESIAN_POINT('',(-0.64504955467109,-1.25,0.937965434669005));
#4333=CARTESIAN_POINT('',(-0.645967099205414,-1.25,0.939858279978294));
#4334=CARTESIAN_POINT('',(-0.647468678565386,-1.25,0.943102139316314));
#4335=CARTESIAN_POINT('',(-0.64918790964077,-1.25,0.94701986154363));
#4336=CARTESIAN_POINT('',(-0.651001137303717,-1.25,0.951387115863244));
#4337=CARTESIAN_POINT('',(-0.652891003124849,-1.25,0.956209066805921));
#4338=CARTESIAN_POINT('',(-0.654839978179019,-1.25,0.961490355419707));
#4339=CARTESIAN_POINT('',(-0.656830383680442,-1.25,0.967235105188901));
#4340=CARTESIAN_POINT('',(-0.658844402654873,-1.25,0.973446914623331));
#4341=CARTESIAN_POINT('',(-0.660864094393626,-1.25,0.980128854234956));
#4342=CARTESIAN_POINT('',(-0.662871408278599,-1.25,0.987283462773241));
#4343=CARTESIAN_POINT('',(-0.664848197922084,-1.25,0.994912744155838));
#4344=CARTESIAN_POINT('',(-0.666776235333634,-1.25,1.00301816467499));
#4345=CARTESIAN_POINT('',(-0.668637225179356,-1.25,1.01160065059241));
#4346=CARTESIAN_POINT('',(-0.670412819101411,-1.25,1.0206605860883));
#4347=CARTESIAN_POINT('',(-0.672084630094126,-1.25,1.03019781157333));
#4348=CARTESIAN_POINT('',(-0.673634246925727,-1.25,1.040211622361));
#4349=CARTESIAN_POINT('',(-0.675043248596986,-1.25,1.05070076770148));
#4350=CARTESIAN_POINT('',(-0.676293218828321,-1.25,1.06166345017703));
#4351=CARTESIAN_POINT('',(-0.677365760564203,-1.25,1.07309732546001));
#4352=CARTESIAN_POINT('',(-0.678242510495128,-1.25,1.08499950243061));
#4353=CARTESIAN_POINT('',(-0.678905153553612,-1.25,1.09736654366743));
#4354=CARTESIAN_POINT('',(-0.67933543750894,-1.25,1.11019446626032));
#4355=CARTESIAN_POINT('',(-0.679515187140235,-1.25,1.12347874313915));
#4356=CARTESIAN_POINT('',(-0.679426319939319,-1.25,1.13721430417575));
#4357=CARTESIAN_POINT('',(-0.679050855832482,-1.25,1.15139553989967));
#4358=CARTESIAN_POINT('',(-0.678370949602064,-1.25,1.1660162969615));
#4359=CARTESIAN_POINT('',(-0.677368836370085,-1.25,1.18106990686263));
#4360=CARTESIAN_POINT('',(-0.676027108749836,-1.25,1.19654908940784));
#4361=CARTESIAN_POINT('',(-0.674327728277307,-1.25,1.21244633585785));
#4362=CARTESIAN_POINT('',(-0.672255862615062,-1.25,1.2287524647342));
#4363=CARTESIAN_POINT('',(-0.669785332994589,-1.25,1.24546214273594));
#4364=CARTESIAN_POINT('',(-0.667745668480479,-1.25,1.25768820710846));
#4365=CARTESIAN_POINT('',(-0.666535780711061,-1.25,1.26433561755206));
#4366=CARTESIAN_POINT('',(-0.666368047211382,-1.25,1.26524844424156));
#4367=CARTESIAN_POINT('',(-0.692103636244878,-1.25,0.902717456736391));
#4368=CARTESIAN_POINT('',(-0.692726864094215,-1.25,0.903325841752234));
#4369=CARTESIAN_POINT('',(-0.694243530105751,-1.25,0.904783399828888));
#4370=CARTESIAN_POINT('',(-0.696864610126485,-1.25,0.907213894326733));
#4371=CARTESIAN_POINT('',(-0.700059313760257,-1.25,0.910059622991475));
#4372=CARTESIAN_POINT('',(-0.703652501276723,-1.25,0.913133660779366));
#4373=CARTESIAN_POINT('',(-0.707654448486194,-1.25,0.916421094770806));
#4374=CARTESIAN_POINT('',(-0.712074986023419,-1.25,0.91990668813003));
#4375=CARTESIAN_POINT('',(-0.716923498600259,-1.25,0.92357490155934));
#4376=CARTESIAN_POINT('',(-0.722208914350764,-1.25,0.927409902109973));
#4377=CARTESIAN_POINT('',(-0.727939697489218,-1.25,0.9313955759944));
#4378=CARTESIAN_POINT('',(-0.734123840457593,-1.25,0.935515540571384));
#4379=CARTESIAN_POINT('',(-0.74076885663702,-1.25,0.939753156845256));
#4380=CARTESIAN_POINT('',(-0.747881773313115,-1.25,0.944091542076146));
#4381=CARTESIAN_POINT('',(-0.755469124982199,-1.25,0.948513582598144));
#4382=CARTESIAN_POINT('',(-0.763536946975755,-1.25,0.95300194680418));
#4383=CARTESIAN_POINT('',(-0.772090769412538,-1.25,0.957539098296875));
#4384=CARTESIAN_POINT('',(-0.781135611479359,-1.25,0.962107309194174));
#4385=CARTESIAN_POINT('',(-0.790675976044277,-1.25,0.966688673581776));
#4386=CARTESIAN_POINT('',(-0.800715844604775,-1.25,0.971265121104342));
#4387=CARTESIAN_POINT('',(-0.811258672575591,-1.25,0.975818430685255));
#4388=CARTESIAN_POINT('',(-0.822307384913109,-1.25,0.980330244374197));
#4389=CARTESIAN_POINT('',(-0.833864372102403,-1.25,0.984782081285259));
#4390=CARTESIAN_POINT('',(-0.845931486420294,-1.25,0.98915535172856));
#4391=CARTESIAN_POINT('',(-0.858510038819373,-1.25,0.993431371100246));
#4392=CARTESIAN_POINT('',(-0.871600795123525,-1.25,0.997591375157312));
#4393=CARTESIAN_POINT('',(-0.885203976557672,-1.25,1.0016165304118));
#4394=CARTESIAN_POINT('',(-0.899319245414268,-1.25,1.00548796356362));
#4395=CARTESIAN_POINT('',(-0.913945749223473,-1.25,1.00918671853042));
#4396=CARTESIAN_POINT('',(-0.929081943286503,-1.25,1.0126939901996));
#4397=CARTESIAN_POINT('',(-0.944726260559851,-1.25,1.01599030264435));
#4398=CARTESIAN_POINT('',(-0.96087455238295,-1.25,1.01905871224065));
#4399=CARTESIAN_POINT('',(-0.977529836169528,-1.25,1.02187267341946));
#4400=CARTESIAN_POINT('',(-0.989787805357343,-1.25,1.0237108988577));
#4401=CARTESIAN_POINT('',(-0.996483744258252,-1.25,1.02461439000626));
#4402=CARTESIAN_POINT('',(-0.997403726531477,-1.25,1.02473694492837));
#4403=CARTESIAN_POINT('',(-0.997403726531477,-1.25,1.02473694492837));
#4404=CARTESIAN_POINT('',(0.,-1.25,8.75622461390358E-17));
#4405=CARTESIAN_POINT('',(-1.02473694492837,-1.25,0.997403726531478));
#4406=CARTESIAN_POINT('',(-0.90271745673639,-1.25,0.692103636244878));
#4407=CARTESIAN_POINT('',(-0.903325841752234,-1.25,0.692726864094215));
#4408=CARTESIAN_POINT('',(-0.904783399828887,-1.25,0.694243530105751));
#4409=CARTESIAN_POINT('',(-0.907213894326733,-1.25,0.696864610126485));
#4410=CARTESIAN_POINT('',(-0.910059622991475,-1.25,0.700059313760258));
#4411=CARTESIAN_POINT('',(-0.913133660779365,-1.25,0.703652501276723));
#4412=CARTESIAN_POINT('',(-0.916421094770806,-1.25,0.707654448486194));
#4413=CARTESIAN_POINT('',(-0.91990668813003,-1.25,0.712074986023419));
#4414=CARTESIAN_POINT('',(-0.92357490155934,-1.25,0.716923498600259));
#4415=CARTESIAN_POINT('',(-0.927409902109973,-1.25,0.722208914350764));
#4416=CARTESIAN_POINT('',(-0.9313955759944,-1.25,0.727939697489218));
#4417=CARTESIAN_POINT('',(-0.935515540571384,-1.25,0.734123840457593));
#4418=CARTESIAN_POINT('',(-0.939753156845255,-1.25,0.74076885663702));
#4419=CARTESIAN_POINT('',(-0.944091542076145,-1.25,0.747881773313115));
#4420=CARTESIAN_POINT('',(-0.948513582598144,-1.25,0.755469124982199));
#4421=CARTESIAN_POINT('',(-0.95300194680418,-1.25,0.763536946975755));
#4422=CARTESIAN_POINT('',(-0.957539098296875,-1.25,0.772090769412538));
#4423=CARTESIAN_POINT('',(-0.962107309194174,-1.25,0.781135611479359));
#4424=CARTESIAN_POINT('',(-0.966688673581775,-1.25,0.790675976044277));
#4425=CARTESIAN_POINT('',(-0.971265121104341,-1.25,0.800715844604775));
#4426=CARTESIAN_POINT('',(-0.975818430685254,-1.25,0.811258672575591));
#4427=CARTESIAN_POINT('',(-0.980330244374197,-1.25,0.822307384913109));
#4428=CARTESIAN_POINT('',(-0.984782081285259,-1.25,0.833864372102403));
#4429=CARTESIAN_POINT('',(-0.989155351728559,-1.25,0.845931486420294));
#4430=CARTESIAN_POINT('',(-0.993431371100245,-1.25,0.858510038819373));
#4431=CARTESIAN_POINT('',(-0.997591375157312,-1.25,0.871600795123525));
#4432=CARTESIAN_POINT('',(-1.0016165304118,-1.25,0.885203976557672));
#4433=CARTESIAN_POINT('',(-1.00548796356362,-1.25,0.899319245414268));
#4434=CARTESIAN_POINT('',(-1.00918671853042,-1.25,0.913945749223473));
#4435=CARTESIAN_POINT('',(-1.0126939901996,-1.25,0.929081943286504));
#4436=CARTESIAN_POINT('',(-1.01599030264435,-1.25,0.944726260559851));
#4437=CARTESIAN_POINT('',(-1.01905871224065,-1.25,0.96087455238295));
#4438=CARTESIAN_POINT('',(-1.02187267341946,-1.25,0.977529836169528));
#4439=CARTESIAN_POINT('',(-1.0237108988577,-1.25,0.989787805357343));
#4440=CARTESIAN_POINT('',(-1.02461439000626,-1.25,0.996483744258252));
#4441=CARTESIAN_POINT('',(-1.02473694492837,-1.25,0.997403726531478));
#4442=CARTESIAN_POINT('',(-0.937184708452738,-1.25,0.644663534134169));
#4443=CARTESIAN_POINT('',(-0.937965434669005,-1.25,0.64504955467109));
#4444=CARTESIAN_POINT('',(-0.939858279978294,-1.25,0.645967099205415));
#4445=CARTESIAN_POINT('',(-0.943102139316314,-1.25,0.647468678565387));
#4446=CARTESIAN_POINT('',(-0.947019861543629,-1.25,0.64918790964077));
#4447=CARTESIAN_POINT('',(-0.951387115863244,-1.25,0.651001137303717));
#4448=CARTESIAN_POINT('',(-0.956209066805921,-1.25,0.652891003124849));
#4449=CARTESIAN_POINT('',(-0.961490355419707,-1.25,0.654839978179019));
#4450=CARTESIAN_POINT('',(-0.967235105188901,-1.25,0.656830383680442));
#4451=CARTESIAN_POINT('',(-0.973446914623331,-1.25,0.658844402654873));
#4452=CARTESIAN_POINT('',(-0.980128854234955,-1.25,0.660864094393626));
#4453=CARTESIAN_POINT('',(-0.98728346277324,-1.25,0.662871408278599));
#4454=CARTESIAN_POINT('',(-0.994912744155838,-1.25,0.664848197922084));
#4455=CARTESIAN_POINT('',(-1.00301816467499,-1.25,0.666776235333634));
#4456=CARTESIAN_POINT('',(-1.01160065059241,-1.25,0.668637225179356));
#4457=CARTESIAN_POINT('',(-1.0206605860883,-1.25,0.670412819101411));
#4458=CARTESIAN_POINT('',(-1.03019781157333,-1.25,0.672084630094126));
#4459=CARTESIAN_POINT('',(-1.04021162236099,-1.25,0.673634246925727));
#4460=CARTESIAN_POINT('',(-1.05070076770148,-1.25,0.675043248596986));
#4461=CARTESIAN_POINT('',(-1.06166345017703,-1.25,0.676293218828321));
#4462=CARTESIAN_POINT('',(-1.07309732546001,-1.25,0.677365760564203));
#4463=CARTESIAN_POINT('',(-1.08499950243061,-1.25,0.678242510495128));
#4464=CARTESIAN_POINT('',(-1.09736654366743,-1.25,0.678905153553612));
#4465=CARTESIAN_POINT('',(-1.11019446626032,-1.25,0.67933543750894));
#4466=CARTESIAN_POINT('',(-1.12347874313915,-1.25,0.679515187140235));
#4467=CARTESIAN_POINT('',(-1.13721430417575,-1.25,0.679426319939319));
#4468=CARTESIAN_POINT('',(-1.15139553989967,-1.25,0.679050855832482));
#4469=CARTESIAN_POINT('',(-1.1660162969615,-1.25,0.678370949602065));
#4470=CARTESIAN_POINT('',(-1.18106990686263,-1.25,0.677368836370086));
#4471=CARTESIAN_POINT('',(-1.19654908940784,-1.25,0.676027108749836));
#4472=CARTESIAN_POINT('',(-1.21244633585785,-1.25,0.674327728277307));
#4473=CARTESIAN_POINT('',(-1.2287524647342,-1.25,0.672255862615063));
#4474=CARTESIAN_POINT('',(-1.24546214273594,-1.25,0.669785332994589));
#4475=CARTESIAN_POINT('',(-1.25768820710846,-1.25,0.66774566848048));
#4476=CARTESIAN_POINT('',(-1.26433561755206,-1.25,0.666535780711061));
#4477=CARTESIAN_POINT('',(-1.26524844424156,-1.25,0.666368047211382));
#4478=CARTESIAN_POINT('',(-1.26524844424156,-1.25,0.666368047211382));
#4479=CARTESIAN_POINT('',(0.,-1.25,8.75622461390358E-17));
#4480=CARTESIAN_POINT('',(-1.28279745071364,-1.25,0.631926182748102));
#4481=CARTESIAN_POINT('',(-1.0724071050709,-1.25,0.379274637951786));
#4482=CARTESIAN_POINT('',(-1.07317830160144,-1.25,0.379679361550015));
#4483=CARTESIAN_POINT('',(-1.07503319728048,-1.25,0.380671386427356));
#4484=CARTESIAN_POINT('',(-1.0781546931805,-1.25,0.382413117556238));
#4485=CARTESIAN_POINT('',(-1.08184835968554,-1.25,0.384572082745983));
#4486=CARTESIAN_POINT('',(-1.08588229936161,-1.25,0.387039477229979));
#4487=CARTESIAN_POINT('',(-1.09024550457938,-1.25,0.389829682230175));
#4488=CARTESIAN_POINT('',(-1.0949265220801,-1.25,0.392956755677));
#4489=CARTESIAN_POINT('',(-1.09991347314889,-1.25,0.39643442486889));
#4490=CARTESIAN_POINT('',(-1.10519405870181,-1.25,0.400276073616155));
#4491=CARTESIAN_POINT('',(-1.11075556920228,-1.25,0.404494731299131));
#4492=CARTESIAN_POINT('',(-1.116584893633,-1.25,0.409103061696394));
#4493=CARTESIAN_POINT('',(-1.12266852913116,-1.25,0.414113352190459));
#4494=CARTESIAN_POINT('',(-1.12899259080768,-1.25,0.419537503180633));
#4495=CARTESIAN_POINT('',(-1.1355428218695,-1.25,0.425387017755826));
#4496=CARTESIAN_POINT('',(-1.14230460399875,-1.25,0.431672991618498));
#4497=CARTESIAN_POINT('',(-1.14926296799113,-1.25,0.438406103268935));
#4498=CARTESIAN_POINT('',(-1.1564026046429,-1.25,0.445596604454292));
#4499=CARTESIAN_POINT('',(-1.16370787588035,-1.25,0.453254310888396));
#4500=CARTESIAN_POINT('',(-1.17116282612465,-1.25,0.461388593247266));
#4501=CARTESIAN_POINT('',(-1.17875119388404,-1.25,0.470008368447937));
#4502=CARTESIAN_POINT('',(-1.18645642357147,-1.25,0.479122091207868));
#4503=CARTESIAN_POINT('',(-1.19426167752049,-1.25,0.488737745921281));
#4504=CARTESIAN_POINT('',(-1.2021498482704,-1.25,0.498862838738212));
#4505=CARTESIAN_POINT('',(-1.2101035708136,-1.25,0.509504390308789));
#4506=CARTESIAN_POINT('',(-1.21810523594709,-1.25,0.520668927444782));
#4507=CARTESIAN_POINT('',(-1.22613700032169,-1.25,0.532362480411439));
#4508=CARTESIAN_POINT('',(-1.23418081000499,-1.25,0.544590560200263));
#4509=CARTESIAN_POINT('',(-1.24221837326368,-1.25,0.557358213815853));
#4510=CARTESIAN_POINT('',(-1.2502313280347,-1.25,0.570669783261742));
#4511=CARTESIAN_POINT('',(-1.25820066736788,-1.25,0.584529796583349));
#4512=CARTESIAN_POINT('',(-1.26610899491257,-1.25,0.598939544037785));
#4513=CARTESIAN_POINT('',(-1.27393199676447,-1.25,0.613910098387989));
#4514=CARTESIAN_POINT('',(-1.27946817384148,-1.25,0.625000076960699));
#4515=CARTESIAN_POINT('',(-1.28239660389942,-1.25,0.631089099165949));
#4516=CARTESIAN_POINT('',(-1.28279745071364,-1.25,0.631926182748101));
#4517=CARTESIAN_POINT('',(-1.09052761164742,-1.25,0.323505453175937));
#4518=CARTESIAN_POINT('',(-1.09138941330893,-1.25,0.32363132285422));
#4519=CARTESIAN_POINT('',(-1.09347315302887,-1.25,0.323919038194287));
#4520=CARTESIAN_POINT('',(-1.09702226013087,-1.25,0.324344717366513));
#4521=CARTESIAN_POINT('',(-1.10127950700375,-1.25,0.324769160536292));
#4522=CARTESIAN_POINT('',(-1.10599333084526,-1.25,0.325144086717147));
#4523=CARTESIAN_POINT('',(-1.11116327936636,-1.25,0.325451391133928));
#4524=CARTESIAN_POINT('',(-1.11678834973029,-1.25,0.325672968625434));
#4525=CARTESIAN_POINT('',(-1.12286700055841,-1.25,0.32579073144052));
#4526=CARTESIAN_POINT('',(-1.1293971484891,-1.25,0.325786622629037));
#4527=CARTESIAN_POINT('',(-1.1363761697689,-1.25,0.325642630722706));
#4528=CARTESIAN_POINT('',(-1.14380090094427,-1.25,0.32534080404683));
#4529=CARTESIAN_POINT('',(-1.15166764031198,-1.25,0.32486326511652));
#4530=CARTESIAN_POINT('',(-1.15997214964,-1.25,0.324192224973462));
#4531=CARTESIAN_POINT('',(-1.16870965628646,-1.25,0.323309997490529));
#4532=CARTESIAN_POINT('',(-1.17787485567406,-1.25,0.322199013624222));
#4533=CARTESIAN_POINT('',(-1.18746191412711,-1.25,0.320841835608797));
#4534=CARTESIAN_POINT('',(-1.1974644720654,-1.25,0.319221171082409));
#4535=CARTESIAN_POINT('',(-1.20787564755336,-1.25,0.31731988713665));
#4536=CARTESIAN_POINT('',(-1.21868804020175,-1.25,0.315121024281455));
#4537=CARTESIAN_POINT('',(-1.22989373541969,-1.25,0.312607810314362));
#4538=CARTESIAN_POINT('',(-1.24148430901416,-1.25,0.309763674095355));
#4539=CARTESIAN_POINT('',(-1.253450832136,-1.25,0.306572259181791));
#4540=CARTESIAN_POINT('',(-1.2657838765631,-1.25,0.303017437457634));
#4541=CARTESIAN_POINT('',(-1.27847352034378,-1.25,0.299083322202237));
#4542=CARTESIAN_POINT('',(-1.29150935369728,-1.25,0.294754282684139));
#4543=CARTESIAN_POINT('',(-1.30488048555185,-1.25,0.290014952258766));
#4544=CARTESIAN_POINT('',(-1.31857554924889,-1.25,0.284850260605126));
#4545=CARTESIAN_POINT('',(-1.33258271302015,-1.25,0.279245372999647));
#4546=CARTESIAN_POINT('',(-1.34688967381022,-1.25,0.273185983737811));
#4547=CARTESIAN_POINT('',(-1.36148371619173,-1.25,0.26665725754893));
#4548=CARTESIAN_POINT('',(-1.37635152461544,-1.25,0.259647925274703));
#4549=CARTESIAN_POINT('',(-1.39147993712635,-1.25,0.252134737507382));
#4550=CARTESIAN_POINT('',(-1.4024773243188,-1.25,0.24641683961475));
#4551=CARTESIAN_POINT('',(-1.40842551145563,-1.25,0.243212005172002));
#4552=CARTESIAN_POINT('',(-1.40924182872501,-1.25,0.242770402174156));
#4553=CARTESIAN_POINT('',(-1.40924182872501,-1.25,0.242770402174156));
#4554=CARTESIAN_POINT('',(0.,-1.25,8.75622461390358E-17));
#4555=CARTESIAN_POINT('',(-1.41528880424767,-1.25,0.20459130130873));
#4556=CARTESIAN_POINT('',(-1.1371220740614,-1.25,0.0293195955341844));
#4557=CARTESIAN_POINT('',(-1.137980592017,-1.25,0.0294661977156369));
#4558=CARTESIAN_POINT('',(-1.14005125518554,-1.25,0.0298364751519437));
#4559=CARTESIAN_POINT('',(-1.1435581987203,-1.25,0.0305283646107229));
#4560=CARTESIAN_POINT('',(-1.14773824125283,-1.25,0.0314402568012749));
#4561=CARTESIAN_POINT('',(-1.15233721269548,-1.25,0.0325403324893595));
#4562=CARTESIAN_POINT('',(-1.15734908821262,-1.25,0.033845670574359));
#4563=CARTESIAN_POINT('',(-1.1627673192473,-1.25,0.0353731801942065));
#4564=CARTESIAN_POINT('',(-1.16858485043883,-1.25,0.0371395875103007));
#4565=CARTESIAN_POINT('',(-1.17479412048811,-1.25,0.0391614219086009));
#4566=CARTESIAN_POINT('',(-1.18138706820752,-1.25,0.0414550025289736));
#4567=CARTESIAN_POINT('',(-1.1883551376014,-1.25,0.0440364248677149));
#4568=CARTESIAN_POINT('',(-1.19568928369411,-1.25,0.0469215475341118));
#4569=CARTESIAN_POINT('',(-1.20337997859704,-1.25,0.0501259791471647));
#4570=CARTESIAN_POINT('',(-1.2114172179442,-1.25,0.0536650653858827));
#4571=CARTESIAN_POINT('',(-1.21979052764976,-1.25,0.0575538761990362));
#4572=CARTESIAN_POINT('',(-1.22848897099247,-1.25,0.0618071931824361));
#4573=CARTESIAN_POINT('',(-1.23750115601847,-1.25,0.0664394971311378));
#4574=CARTESIAN_POINT('',(-1.24681524325821,-1.25,0.0714649557742789));
#4575=CARTESIAN_POINT('',(-1.25641895375265,-1.25,0.0768974116993579));
#4576=CARTESIAN_POINT('',(-1.26629957738296,-1.25,0.082750370475737));
#4577=CARTESIAN_POINT('',(-1.27644398150159,-1.25,0.0890369889752976));
#4578=CARTESIAN_POINT('',(-1.28683861984962,-1.25,0.0957700639332757));
#4579=CARTESIAN_POINT('',(-1.29746954179303,-1.25,0.102962020618656));
#4580=CARTESIAN_POINT('',(-1.30832240172837,-1.25,0.110624902148954));
#4581=CARTESIAN_POINT('',(-1.31938246920414,-1.25,0.118770357434012));
#4582=CARTESIAN_POINT('',(-1.33063463764127,-1.25,0.127409635495028));
#4583=CARTESIAN_POINT('',(-1.34206343971973,-1.25,0.136553556568308));
#4584=CARTESIAN_POINT('',(-1.35365303857755,-1.25,0.146212573096916));
#4585=CARTESIAN_POINT('',(-1.36538731260789,-1.25,0.156396488761142));
#4586=CARTESIAN_POINT('',(-1.37724958436992,-1.25,0.167115483458698));
#4587=CARTESIAN_POINT('',(-1.38922370766236,-1.25,0.178376160065016));
#4588=CARTESIAN_POINT('',(-1.40128998026003,-1.25,0.190196562813062));
#4589=CARTESIAN_POINT('',(-1.40998218939071,-1.25,0.199032986399548));
#4590=CARTESIAN_POINT('',(-1.41464890322037,-1.25,0.203919055990976));
#4591=CARTESIAN_POINT('',(-1.41528880424767,-1.25,0.20459130130873));
#4592=CARTESIAN_POINT('',(-1.13712207406141,-1.25,-0.0293195955341842));
#4593=CARTESIAN_POINT('',(-1.137980592017,-1.25,-0.0294661977156367));
#4594=CARTESIAN_POINT('',(-1.14005125518554,-1.25,-0.0298364751519434));
#4595=CARTESIAN_POINT('',(-1.1435581987203,-1.25,-0.0305283646107226));
#4596=CARTESIAN_POINT('',(-1.14773824125283,-1.25,-0.0314402568012746));
#4597=CARTESIAN_POINT('',(-1.15233721269548,-1.25,-0.0325403324893592));
#4598=CARTESIAN_POINT('',(-1.15734908821262,-1.25,-0.0338456705743587));
#4599=CARTESIAN_POINT('',(-1.1627673192473,-1.25,-0.0353731801942062));
#4600=CARTESIAN_POINT('',(-1.16858485043883,-1.25,-0.0371395875103004));
#4601=CARTESIAN_POINT('',(-1.17479412048811,-1.25,-0.0391614219086006));
#4602=CARTESIAN_POINT('',(-1.18138706820752,-1.25,-0.0414550025289732));
#4603=CARTESIAN_POINT('',(-1.1883551376014,-1.25,-0.0440364248677146));
#4604=CARTESIAN_POINT('',(-1.19568928369411,-1.25,-0.0469215475341116));
#4605=CARTESIAN_POINT('',(-1.20337997859704,-1.25,-0.0501259791471644));
#4606=CARTESIAN_POINT('',(-1.2114172179442,-1.25,-0.0536650653858824));
#4607=CARTESIAN_POINT('',(-1.21979052764976,-1.25,-0.0575538761990359));
#4608=CARTESIAN_POINT('',(-1.22848897099247,-1.25,-0.0618071931824358));
#4609=CARTESIAN_POINT('',(-1.23750115601847,-1.25,-0.0664394971311375));
#4610=CARTESIAN_POINT('',(-1.24681524325822,-1.25,-0.0714649557742786));
#4611=CARTESIAN_POINT('',(-1.25641895375265,-1.25,-0.0768974116993576));
#4612=CARTESIAN_POINT('',(-1.26629957738296,-1.25,-0.0827503704757367));
#4613=CARTESIAN_POINT('',(-1.27644398150159,-1.25,-0.0890369889752973));
#4614=CARTESIAN_POINT('',(-1.28683861984962,-1.25,-0.0957700639332754));
#4615=CARTESIAN_POINT('',(-1.29746954179303,-1.25,-0.102962020618656));
#4616=CARTESIAN_POINT('',(-1.30832240172837,-1.25,-0.110624902148953));
#4617=CARTESIAN_POINT('',(-1.31938246920414,-1.25,-0.118770357434012));
#4618=CARTESIAN_POINT('',(-1.33063463764127,-1.25,-0.127409635495028));
#4619=CARTESIAN_POINT('',(-1.34206343971973,-1.25,-0.136553556568308));
#4620=CARTESIAN_POINT('',(-1.35365303857755,-1.25,-0.146212573096915));
#4621=CARTESIAN_POINT('',(-1.36538731260789,-1.25,-0.156396488761141));
#4622=CARTESIAN_POINT('',(-1.37724958436992,-1.25,-0.167115483458697));
#4623=CARTESIAN_POINT('',(-1.38922370766236,-1.25,-0.178376160065016));
#4624=CARTESIAN_POINT('',(-1.40128998026003,-1.25,-0.190196562813062));
#4625=CARTESIAN_POINT('',(-1.40998218939071,-1.25,-0.199032986399547));
#4626=CARTESIAN_POINT('',(-1.41464890322037,-1.25,-0.203919055990976));
#4627=CARTESIAN_POINT('',(-1.41528880424767,-1.25,-0.204591301308729));
#4628=CARTESIAN_POINT('',(-1.41528880424767,-1.25,-0.204591301308729));
#4629=CARTESIAN_POINT('',(0.,-1.25,8.75622461390358E-17));
#4630=CARTESIAN_POINT('',(-1.40924182872501,-1.25,-0.242770402174155));
#4631=CARTESIAN_POINT('',(-1.09052761164742,-1.25,-0.323505453175937));
#4632=CARTESIAN_POINT('',(-1.09138941330893,-1.25,-0.32363132285422));
#4633=CARTESIAN_POINT('',(-1.09347315302887,-1.25,-0.323919038194287));
#4634=CARTESIAN_POINT('',(-1.09702226013087,-1.25,-0.324344717366513));
#4635=CARTESIAN_POINT('',(-1.10127950700375,-1.25,-0.324769160536292));
#4636=CARTESIAN_POINT('',(-1.10599333084526,-1.25,-0.325144086717147));
#4637=CARTESIAN_POINT('',(-1.11116327936636,-1.25,-0.325451391133928));
#4638=CARTESIAN_POINT('',(-1.11678834973029,-1.25,-0.325672968625434));
#4639=CARTESIAN_POINT('',(-1.12286700055841,-1.25,-0.32579073144052));
#4640=CARTESIAN_POINT('',(-1.1293971484891,-1.25,-0.325786622629037));
#4641=CARTESIAN_POINT('',(-1.1363761697689,-1.25,-0.325642630722706));
#4642=CARTESIAN_POINT('',(-1.14380090094428,-1.25,-0.32534080404683));
#4643=CARTESIAN_POINT('',(-1.15166764031198,-1.25,-0.32486326511652));
#4644=CARTESIAN_POINT('',(-1.15997214964,-1.25,-0.324192224973461));
#4645=CARTESIAN_POINT('',(-1.16870965628646,-1.25,-0.323309997490528));
#4646=CARTESIAN_POINT('',(-1.17787485567406,-1.25,-0.322199013624222));
#4647=CARTESIAN_POINT('',(-1.18746191412711,-1.25,-0.320841835608797));
#4648=CARTESIAN_POINT('',(-1.1974644720654,-1.25,-0.319221171082409));
#4649=CARTESIAN_POINT('',(-1.20787564755336,-1.25,-0.317319887136649));
#4650=CARTESIAN_POINT('',(-1.21868804020175,-1.25,-0.315121024281455));
#4651=CARTESIAN_POINT('',(-1.22989373541969,-1.25,-0.312607810314362));
#4652=CARTESIAN_POINT('',(-1.24148430901416,-1.25,-0.309763674095354));
#4653=CARTESIAN_POINT('',(-1.253450832136,-1.25,-0.30657225918179));
#4654=CARTESIAN_POINT('',(-1.2657838765631,-1.25,-0.303017437457633));
#4655=CARTESIAN_POINT('',(-1.27847352034378,-1.25,-0.299083322202237));
#4656=CARTESIAN_POINT('',(-1.29150935369728,-1.25,-0.294754282684139));
#4657=CARTESIAN_POINT('',(-1.30488048555185,-1.25,-0.290014952258766));
#4658=CARTESIAN_POINT('',(-1.31857554924889,-1.25,-0.284850260605126));
#4659=CARTESIAN_POINT('',(-1.33258271302015,-1.25,-0.279245372999647));
#4660=CARTESIAN_POINT('',(-1.34688967381022,-1.25,-0.273185983737811));
#4661=CARTESIAN_POINT('',(-1.36148371619173,-1.25,-0.26665725754893));
#4662=CARTESIAN_POINT('',(-1.37635152461544,-1.25,-0.259647925274702));
#4663=CARTESIAN_POINT('',(-1.39147993712635,-1.25,-0.252134737507382));
#4664=CARTESIAN_POINT('',(-1.4024773243188,-1.25,-0.24641683961475));
#4665=CARTESIAN_POINT('',(-1.40842551145563,-1.25,-0.243212005172001));
#4666=CARTESIAN_POINT('',(-1.40924182872501,-1.25,-0.242770402174155));
#4667=CARTESIAN_POINT('',(-1.0724071050709,-1.25,-0.379274637951786));
#4668=CARTESIAN_POINT('',(-1.07317830160144,-1.25,-0.379679361550015));
#4669=CARTESIAN_POINT('',(-1.07503319728048,-1.25,-0.380671386427355));
#4670=CARTESIAN_POINT('',(-1.0781546931805,-1.25,-0.382413117556237));
#4671=CARTESIAN_POINT('',(-1.08184835968554,-1.25,-0.384572082745983));
#4672=CARTESIAN_POINT('',(-1.08588229936161,-1.25,-0.387039477229979));
#4673=CARTESIAN_POINT('',(-1.09024550457938,-1.25,-0.389829682230174));
#4674=CARTESIAN_POINT('',(-1.0949265220801,-1.25,-0.392956755676999));
#4675=CARTESIAN_POINT('',(-1.09991347314889,-1.25,-0.39643442486889));
#4676=CARTESIAN_POINT('',(-1.10519405870181,-1.25,-0.400276073616155));
#4677=CARTESIAN_POINT('',(-1.11075556920228,-1.25,-0.40449473129913));
#4678=CARTESIAN_POINT('',(-1.116584893633,-1.25,-0.409103061696393));
#4679=CARTESIAN_POINT('',(-1.12266852913116,-1.25,-0.414113352190458));
#4680=CARTESIAN_POINT('',(-1.12899259080768,-1.25,-0.419537503180633));
#4681=CARTESIAN_POINT('',(-1.1355428218695,-1.25,-0.425387017755826));
#4682=CARTESIAN_POINT('',(-1.14230460399875,-1.25,-0.431672991618498));
#4683=CARTESIAN_POINT('',(-1.14926296799113,-1.25,-0.438406103268935));
#4684=CARTESIAN_POINT('',(-1.1564026046429,-1.25,-0.445596604454292));
#4685=CARTESIAN_POINT('',(-1.16370787588035,-1.25,-0.453254310888395));
#4686=CARTESIAN_POINT('',(-1.17116282612465,-1.25,-0.461388593247266));
#4687=CARTESIAN_POINT('',(-1.17875119388404,-1.25,-0.470008368447937));
#4688=CARTESIAN_POINT('',(-1.18645642357147,-1.25,-0.479122091207867));
#4689=CARTESIAN_POINT('',(-1.19426167752049,-1.25,-0.48873774592128));
#4690=CARTESIAN_POINT('',(-1.2021498482704,-1.25,-0.498862838738212));
#4691=CARTESIAN_POINT('',(-1.2101035708136,-1.25,-0.509504390308789));
#4692=CARTESIAN_POINT('',(-1.21810523594709,-1.25,-0.520668927444782));
#4693=CARTESIAN_POINT('',(-1.22613700032169,-1.25,-0.532362480411439));
#4694=CARTESIAN_POINT('',(-1.23418081000499,-1.25,-0.544590560200263));
#4695=CARTESIAN_POINT('',(-1.24221837326368,-1.25,-0.557358213815852));
#4696=CARTESIAN_POINT('',(-1.2502313280347,-1.25,-0.570669783261742));
#4697=CARTESIAN_POINT('',(-1.25820066736788,-1.25,-0.584529796583348));
#4698=CARTESIAN_POINT('',(-1.26610899491257,-1.25,-0.598939544037784));
#4699=CARTESIAN_POINT('',(-1.27393199676447,-1.25,-0.613910098387988));
#4700=CARTESIAN_POINT('',(-1.27946817384148,-1.25,-0.625000076960699));
#4701=CARTESIAN_POINT('',(-1.28239660389942,-1.25,-0.631089099165948));
#4702=CARTESIAN_POINT('',(-1.28279745071364,-1.25,-0.631926182748101));
#4703=CARTESIAN_POINT('',(-1.28279745071364,-1.25,-0.631926182748101));
#4704=CARTESIAN_POINT('',(0.,-1.25,8.75622461390358E-17));
#4705=CARTESIAN_POINT('',(-1.26524844424156,-1.25,-0.666368047211381));
#4706=CARTESIAN_POINT('',(-0.937184708452738,-1.25,-0.644663534134168));
#4707=CARTESIAN_POINT('',(-0.937965434669005,-1.25,-0.64504955467109));
#4708=CARTESIAN_POINT('',(-0.939858279978294,-1.25,-0.645967099205414));
#4709=CARTESIAN_POINT('',(-0.943102139316314,-1.25,-0.647468678565386));
#4710=CARTESIAN_POINT('',(-0.94701986154363,-1.25,-0.64918790964077));
#4711=CARTESIAN_POINT('',(-0.951387115863244,-1.25,-0.651001137303717));
#4712=CARTESIAN_POINT('',(-0.956209066805921,-1.25,-0.652891003124849));
#4713=CARTESIAN_POINT('',(-0.961490355419707,-1.25,-0.654839978179019));
#4714=CARTESIAN_POINT('',(-0.967235105188901,-1.25,-0.656830383680442));
#4715=CARTESIAN_POINT('',(-0.973446914623331,-1.25,-0.658844402654873));
#4716=CARTESIAN_POINT('',(-0.980128854234956,-1.25,-0.660864094393626));
#4717=CARTESIAN_POINT('',(-0.987283462773241,-1.25,-0.662871408278599));
#4718=CARTESIAN_POINT('',(-0.994912744155838,-1.25,-0.664848197922084));
#4719=CARTESIAN_POINT('',(-1.00301816467499,-1.25,-0.666776235333634));
#4720=CARTESIAN_POINT('',(-1.01160065059241,-1.25,-0.668637225179356));
#4721=CARTESIAN_POINT('',(-1.0206605860883,-1.25,-0.670412819101411));
#4722=CARTESIAN_POINT('',(-1.03019781157333,-1.25,-0.672084630094125));
#4723=CARTESIAN_POINT('',(-1.040211622361,-1.25,-0.673634246925727));
#4724=CARTESIAN_POINT('',(-1.05070076770148,-1.25,-0.675043248596986));
#4725=CARTESIAN_POINT('',(-1.06166345017703,-1.25,-0.67629321882832));
#4726=CARTESIAN_POINT('',(-1.07309732546001,-1.25,-0.677365760564203));
#4727=CARTESIAN_POINT('',(-1.08499950243061,-1.25,-0.678242510495128));
#4728=CARTESIAN_POINT('',(-1.09736654366743,-1.25,-0.678905153553612));
#4729=CARTESIAN_POINT('',(-1.11019446626032,-1.25,-0.67933543750894));
#4730=CARTESIAN_POINT('',(-1.12347874313915,-1.25,-0.679515187140235));
#4731=CARTESIAN_POINT('',(-1.13721430417575,-1.25,-0.679426319939319));
#4732=CARTESIAN_POINT('',(-1.15139553989967,-1.25,-0.679050855832482));
#4733=CARTESIAN_POINT('',(-1.1660162969615,-1.25,-0.678370949602064));
#4734=CARTESIAN_POINT('',(-1.18106990686263,-1.25,-0.677368836370085));
#4735=CARTESIAN_POINT('',(-1.19654908940784,-1.25,-0.676027108749836));
#4736=CARTESIAN_POINT('',(-1.21244633585785,-1.25,-0.674327728277307));
#4737=CARTESIAN_POINT('',(-1.2287524647342,-1.25,-0.672255862615062));
#4738=CARTESIAN_POINT('',(-1.24546214273594,-1.25,-0.669785332994589));
#4739=CARTESIAN_POINT('',(-1.25768820710846,-1.25,-0.667745668480479));
#4740=CARTESIAN_POINT('',(-1.26433561755206,-1.25,-0.666535780711061));
#4741=CARTESIAN_POINT('',(-1.26524844424156,-1.25,-0.666368047211382));
#4742=CARTESIAN_POINT('',(-0.902717456736391,-1.25,-0.692103636244878));
#4743=CARTESIAN_POINT('',(-0.903325841752234,-1.25,-0.692726864094215));
#4744=CARTESIAN_POINT('',(-0.904783399828888,-1.25,-0.694243530105751));
#4745=CARTESIAN_POINT('',(-0.907213894326733,-1.25,-0.696864610126485));
#4746=CARTESIAN_POINT('',(-0.910059622991475,-1.25,-0.700059313760257));
#4747=CARTESIAN_POINT('',(-0.913133660779366,-1.25,-0.703652501276723));
#4748=CARTESIAN_POINT('',(-0.916421094770806,-1.25,-0.707654448486193));
#4749=CARTESIAN_POINT('',(-0.91990668813003,-1.25,-0.712074986023419));
#4750=CARTESIAN_POINT('',(-0.92357490155934,-1.25,-0.716923498600259));
#4751=CARTESIAN_POINT('',(-0.927409902109973,-1.25,-0.722208914350764));
#4752=CARTESIAN_POINT('',(-0.9313955759944,-1.25,-0.727939697489217));
#4753=CARTESIAN_POINT('',(-0.935515540571384,-1.25,-0.734123840457592));
#4754=CARTESIAN_POINT('',(-0.939753156845256,-1.25,-0.74076885663702));
#4755=CARTESIAN_POINT('',(-0.944091542076146,-1.25,-0.747881773313115));
#4756=CARTESIAN_POINT('',(-0.948513582598144,-1.25,-0.755469124982199));
#4757=CARTESIAN_POINT('',(-0.95300194680418,-1.25,-0.763536946975755));
#4758=CARTESIAN_POINT('',(-0.957539098296875,-1.25,-0.772090769412538));
#4759=CARTESIAN_POINT('',(-0.962107309194174,-1.25,-0.781135611479359));
#4760=CARTESIAN_POINT('',(-0.966688673581776,-1.25,-0.790675976044277));
#4761=CARTESIAN_POINT('',(-0.971265121104342,-1.25,-0.800715844604775));
#4762=CARTESIAN_POINT('',(-0.975818430685255,-1.25,-0.811258672575591));
#4763=CARTESIAN_POINT('',(-0.980330244374197,-1.25,-0.822307384913109));
#4764=CARTESIAN_POINT('',(-0.984782081285259,-1.25,-0.833864372102402));
#4765=CARTESIAN_POINT('',(-0.98915535172856,-1.25,-0.845931486420294));
#4766=CARTESIAN_POINT('',(-0.993431371100246,-1.25,-0.858510038819373));
#4767=CARTESIAN_POINT('',(-0.997591375157312,-1.25,-0.871600795123524));
#4768=CARTESIAN_POINT('',(-1.0016165304118,-1.25,-0.885203976557672));
#4769=CARTESIAN_POINT('',(-1.00548796356362,-1.25,-0.899319245414268));
#4770=CARTESIAN_POINT('',(-1.00918671853042,-1.25,-0.913945749223473));
#4771=CARTESIAN_POINT('',(-1.0126939901996,-1.25,-0.929081943286503));
#4772=CARTESIAN_POINT('',(-1.01599030264435,-1.25,-0.944726260559851));
#4773=CARTESIAN_POINT('',(-1.01905871224065,-1.25,-0.96087455238295));
#4774=CARTESIAN_POINT('',(-1.02187267341946,-1.25,-0.977529836169528));
#4775=CARTESIAN_POINT('',(-1.0237108988577,-1.25,-0.989787805357343));
#4776=CARTESIAN_POINT('',(-1.02461439000626,-1.25,-0.996483744258252));
#4777=CARTESIAN_POINT('',(-1.02473694492837,-1.25,-0.997403726531477));
#4778=CARTESIAN_POINT('',(-1.02473694492837,-1.25,-0.997403726531477));
#4779=CARTESIAN_POINT('',(0.,-1.25,8.75622461390358E-17));
#4780=CARTESIAN_POINT('',(-0.997403726531478,-1.25,-1.02473694492837));
#4781=CARTESIAN_POINT('',(-0.692103636244878,-1.25,-0.90271745673639));
#4782=CARTESIAN_POINT('',(-0.692726864094215,-1.25,-0.903325841752234));
#4783=CARTESIAN_POINT('',(-0.694243530105751,-1.25,-0.904783399828887));
#4784=CARTESIAN_POINT('',(-0.696864610126485,-1.25,-0.907213894326733));
#4785=CARTESIAN_POINT('',(-0.700059313760258,-1.25,-0.910059622991475));
#4786=CARTESIAN_POINT('',(-0.703652501276723,-1.25,-0.913133660779365));
#4787=CARTESIAN_POINT('',(-0.707654448486194,-1.25,-0.916421094770806));
#4788=CARTESIAN_POINT('',(-0.712074986023419,-1.25,-0.91990668813003));
#4789=CARTESIAN_POINT('',(-0.716923498600259,-1.25,-0.92357490155934));
#4790=CARTESIAN_POINT('',(-0.722208914350764,-1.25,-0.927409902109973));
#4791=CARTESIAN_POINT('',(-0.727939697489218,-1.25,-0.9313955759944));
#4792=CARTESIAN_POINT('',(-0.734123840457593,-1.25,-0.935515540571384));
#4793=CARTESIAN_POINT('',(-0.74076885663702,-1.25,-0.939753156845255));
#4794=CARTESIAN_POINT('',(-0.747881773313115,-1.25,-0.944091542076145));
#4795=CARTESIAN_POINT('',(-0.755469124982199,-1.25,-0.948513582598144));
#4796=CARTESIAN_POINT('',(-0.763536946975755,-1.25,-0.95300194680418));
#4797=CARTESIAN_POINT('',(-0.772090769412538,-1.25,-0.957539098296875));
#4798=CARTESIAN_POINT('',(-0.781135611479359,-1.25,-0.962107309194174));
#4799=CARTESIAN_POINT('',(-0.790675976044277,-1.25,-0.966688673581775));
#4800=CARTESIAN_POINT('',(-0.800715844604775,-1.25,-0.971265121104341));
#4801=CARTESIAN_POINT('',(-0.811258672575591,-1.25,-0.975818430685254));
#4802=CARTESIAN_POINT('',(-0.822307384913109,-1.25,-0.980330244374197));
#4803=CARTESIAN_POINT('',(-0.833864372102403,-1.25,-0.984782081285259));
#4804=CARTESIAN_POINT('',(-0.845931486420294,-1.25,-0.989155351728559));
#4805=CARTESIAN_POINT('',(-0.858510038819373,-1.25,-0.993431371100245));
#4806=CARTESIAN_POINT('',(-0.871600795123525,-1.25,-0.997591375157312));
#4807=CARTESIAN_POINT('',(-0.885203976557672,-1.25,-1.0016165304118));
#4808=CARTESIAN_POINT('',(-0.899319245414268,-1.25,-1.00548796356362));
#4809=CARTESIAN_POINT('',(-0.913945749223473,-1.25,-1.00918671853042));
#4810=CARTESIAN_POINT('',(-0.929081943286504,-1.25,-1.0126939901996));
#4811=CARTESIAN_POINT('',(-0.944726260559851,-1.25,-1.01599030264435));
#4812=CARTESIAN_POINT('',(-0.96087455238295,-1.25,-1.01905871224065));
#4813=CARTESIAN_POINT('',(-0.977529836169528,-1.25,-1.02187267341946));
#4814=CARTESIAN_POINT('',(-0.989787805357343,-1.25,-1.0237108988577));
#4815=CARTESIAN_POINT('',(-0.996483744258252,-1.25,-1.02461439000626));
#4816=CARTESIAN_POINT('',(-0.997403726531478,-1.25,-1.02473694492837));
#4817=CARTESIAN_POINT('',(-0.644663534134169,-1.25,-0.937184708452738));
#4818=CARTESIAN_POINT('',(-0.64504955467109,-1.25,-0.937965434669005));
#4819=CARTESIAN_POINT('',(-0.645967099205415,-1.25,-0.939858279978294));
#4820=CARTESIAN_POINT('',(-0.647468678565387,-1.25,-0.943102139316314));
#4821=CARTESIAN_POINT('',(-0.64918790964077,-1.25,-0.947019861543629));
#4822=CARTESIAN_POINT('',(-0.651001137303717,-1.25,-0.951387115863244));
#4823=CARTESIAN_POINT('',(-0.652891003124849,-1.25,-0.956209066805921));
#4824=CARTESIAN_POINT('',(-0.654839978179019,-1.25,-0.961490355419707));
#4825=CARTESIAN_POINT('',(-0.656830383680442,-1.25,-0.967235105188901));
#4826=CARTESIAN_POINT('',(-0.658844402654873,-1.25,-0.973446914623331));
#4827=CARTESIAN_POINT('',(-0.660864094393626,-1.25,-0.980128854234955));
#4828=CARTESIAN_POINT('',(-0.662871408278599,-1.25,-0.98728346277324));
#4829=CARTESIAN_POINT('',(-0.664848197922084,-1.25,-0.994912744155838));
#4830=CARTESIAN_POINT('',(-0.666776235333634,-1.25,-1.00301816467499));
#4831=CARTESIAN_POINT('',(-0.668637225179356,-1.25,-1.01160065059241));
#4832=CARTESIAN_POINT('',(-0.670412819101411,-1.25,-1.0206605860883));
#4833=CARTESIAN_POINT('',(-0.672084630094126,-1.25,-1.03019781157333));
#4834=CARTESIAN_POINT('',(-0.673634246925727,-1.25,-1.04021162236099));
#4835=CARTESIAN_POINT('',(-0.675043248596986,-1.25,-1.05070076770148));
#4836=CARTESIAN_POINT('',(-0.676293218828321,-1.25,-1.06166345017703));
#4837=CARTESIAN_POINT('',(-0.677365760564203,-1.25,-1.07309732546001));
#4838=CARTESIAN_POINT('',(-0.678242510495128,-1.25,-1.08499950243061));
#4839=CARTESIAN_POINT('',(-0.678905153553612,-1.25,-1.09736654366743));
#4840=CARTESIAN_POINT('',(-0.67933543750894,-1.25,-1.11019446626032));
#4841=CARTESIAN_POINT('',(-0.679515187140235,-1.25,-1.12347874313915));
#4842=CARTESIAN_POINT('',(-0.679426319939319,-1.25,-1.13721430417575));
#4843=CARTESIAN_POINT('',(-0.679050855832482,-1.25,-1.15139553989967));
#4844=CARTESIAN_POINT('',(-0.678370949602065,-1.25,-1.1660162969615));
#4845=CARTESIAN_POINT('',(-0.677368836370086,-1.25,-1.18106990686263));
#4846=CARTESIAN_POINT('',(-0.676027108749836,-1.25,-1.19654908940784));
#4847=CARTESIAN_POINT('',(-0.674327728277307,-1.25,-1.21244633585785));
#4848=CARTESIAN_POINT('',(-0.672255862615063,-1.25,-1.2287524647342));
#4849=CARTESIAN_POINT('',(-0.669785332994589,-1.25,-1.24546214273594));
#4850=CARTESIAN_POINT('',(-0.66774566848048,-1.25,-1.25768820710846));
#4851=CARTESIAN_POINT('',(-0.666535780711061,-1.25,-1.26433561755206));
#4852=CARTESIAN_POINT('',(-0.666368047211382,-1.25,-1.26524844424156));
#4853=CARTESIAN_POINT('',(-0.666368047211382,-1.25,-1.26524844424156));
#4854=CARTESIAN_POINT('',(0.,-1.25,8.75622461390358E-17));
#4855=CARTESIAN_POINT('',(-0.631926182748102,-1.25,-1.28279745071364));
#4856=CARTESIAN_POINT('',(-0.379274637951786,-1.25,-1.0724071050709));
#4857=CARTESIAN_POINT('',(-0.379679361550015,-1.25,-1.07317830160144));
#4858=CARTESIAN_POINT('',(-0.380671386427356,-1.25,-1.07503319728048));
#4859=CARTESIAN_POINT('',(-0.382413117556238,-1.25,-1.0781546931805));
#4860=CARTESIAN_POINT('',(-0.384572082745983,-1.25,-1.08184835968554));
#4861=CARTESIAN_POINT('',(-0.387039477229979,-1.25,-1.08588229936161));
#4862=CARTESIAN_POINT('',(-0.389829682230175,-1.25,-1.09024550457938));
#4863=CARTESIAN_POINT('',(-0.392956755677,-1.25,-1.0949265220801));
#4864=CARTESIAN_POINT('',(-0.39643442486889,-1.25,-1.09991347314889));
#4865=CARTESIAN_POINT('',(-0.400276073616155,-1.25,-1.10519405870181));
#4866=CARTESIAN_POINT('',(-0.404494731299131,-1.25,-1.11075556920228));
#4867=CARTESIAN_POINT('',(-0.409103061696394,-1.25,-1.116584893633));
#4868=CARTESIAN_POINT('',(-0.414113352190459,-1.25,-1.12266852913116));
#4869=CARTESIAN_POINT('',(-0.419537503180633,-1.25,-1.12899259080768));
#4870=CARTESIAN_POINT('',(-0.425387017755826,-1.25,-1.1355428218695));
#4871=CARTESIAN_POINT('',(-0.431672991618498,-1.25,-1.14230460399875));
#4872=CARTESIAN_POINT('',(-0.438406103268935,-1.25,-1.14926296799113));
#4873=CARTESIAN_POINT('',(-0.445596604454292,-1.25,-1.1564026046429));
#4874=CARTESIAN_POINT('',(-0.453254310888396,-1.25,-1.16370787588035));
#4875=CARTESIAN_POINT('',(-0.461388593247266,-1.25,-1.17116282612465));
#4876=CARTESIAN_POINT('',(-0.470008368447937,-1.25,-1.17875119388404));
#4877=CARTESIAN_POINT('',(-0.479122091207868,-1.25,-1.18645642357147));
#4878=CARTESIAN_POINT('',(-0.488737745921281,-1.25,-1.19426167752049));
#4879=CARTESIAN_POINT('',(-0.498862838738212,-1.25,-1.2021498482704));
#4880=CARTESIAN_POINT('',(-0.509504390308789,-1.25,-1.2101035708136));
#4881=CARTESIAN_POINT('',(-0.520668927444782,-1.25,-1.21810523594709));
#4882=CARTESIAN_POINT('',(-0.532362480411439,-1.25,-1.22613700032169));
#4883=CARTESIAN_POINT('',(-0.544590560200263,-1.25,-1.23418081000499));
#4884=CARTESIAN_POINT('',(-0.557358213815853,-1.25,-1.24221837326368));
#4885=CARTESIAN_POINT('',(-0.570669783261742,-1.25,-1.2502313280347));
#4886=CARTESIAN_POINT('',(-0.584529796583349,-1.25,-1.25820066736788));
#4887=CARTESIAN_POINT('',(-0.598939544037785,-1.25,-1.26610899491257));
#4888=CARTESIAN_POINT('',(-0.613910098387989,-1.25,-1.27393199676447));
#4889=CARTESIAN_POINT('',(-0.625000076960699,-1.25,-1.27946817384148));
#4890=CARTESIAN_POINT('',(-0.631089099165949,-1.25,-1.28239660389942));
#4891=CARTESIAN_POINT('',(-0.631926182748101,-1.25,-1.28279745071364));
#4892=CARTESIAN_POINT('',(-0.323505453175937,-1.25,-1.09052761164742));
#4893=CARTESIAN_POINT('',(-0.32363132285422,-1.25,-1.09138941330893));
#4894=CARTESIAN_POINT('',(-0.323919038194288,-1.25,-1.09347315302887));
#4895=CARTESIAN_POINT('',(-0.324344717366513,-1.25,-1.09702226013087));
#4896=CARTESIAN_POINT('',(-0.324769160536292,-1.25,-1.10127950700375));
#4897=CARTESIAN_POINT('',(-0.325144086717147,-1.25,-1.10599333084526));
#4898=CARTESIAN_POINT('',(-0.325451391133928,-1.25,-1.11116327936636));
#4899=CARTESIAN_POINT('',(-0.325672968625434,-1.25,-1.11678834973029));
#4900=CARTESIAN_POINT('',(-0.32579073144052,-1.25,-1.12286700055841));
#4901=CARTESIAN_POINT('',(-0.325786622629037,-1.25,-1.1293971484891));
#4902=CARTESIAN_POINT('',(-0.325642630722706,-1.25,-1.1363761697689));
#4903=CARTESIAN_POINT('',(-0.32534080404683,-1.25,-1.14380090094427));
#4904=CARTESIAN_POINT('',(-0.32486326511652,-1.25,-1.15166764031198));
#4905=CARTESIAN_POINT('',(-0.324192224973462,-1.25,-1.15997214964));
#4906=CARTESIAN_POINT('',(-0.323309997490529,-1.25,-1.16870965628646));
#4907=CARTESIAN_POINT('',(-0.322199013624222,-1.25,-1.17787485567406));
#4908=CARTESIAN_POINT('',(-0.320841835608798,-1.25,-1.18746191412711));
#4909=CARTESIAN_POINT('',(-0.319221171082409,-1.25,-1.1974644720654));
#4910=CARTESIAN_POINT('',(-0.31731988713665,-1.25,-1.20787564755336));
#4911=CARTESIAN_POINT('',(-0.315121024281455,-1.25,-1.21868804020175));
#4912=CARTESIAN_POINT('',(-0.312607810314362,-1.25,-1.22989373541969));
#4913=CARTESIAN_POINT('',(-0.309763674095355,-1.25,-1.24148430901416));
#4914=CARTESIAN_POINT('',(-0.306572259181791,-1.25,-1.253450832136));
#4915=CARTESIAN_POINT('',(-0.303017437457634,-1.25,-1.2657838765631));
#4916=CARTESIAN_POINT('',(-0.299083322202237,-1.25,-1.27847352034378));
#4917=CARTESIAN_POINT('',(-0.294754282684139,-1.25,-1.29150935369728));
#4918=CARTESIAN_POINT('',(-0.290014952258766,-1.25,-1.30488048555185));
#4919=CARTESIAN_POINT('',(-0.284850260605126,-1.25,-1.31857554924889));
#4920=CARTESIAN_POINT('',(-0.279245372999647,-1.25,-1.33258271302015));
#4921=CARTESIAN_POINT('',(-0.273185983737811,-1.25,-1.34688967381022));
#4922=CARTESIAN_POINT('',(-0.26665725754893,-1.25,-1.36148371619173));
#4923=CARTESIAN_POINT('',(-0.259647925274703,-1.25,-1.37635152461544));
#4924=CARTESIAN_POINT('',(-0.252134737507382,-1.25,-1.39147993712635));
#4925=CARTESIAN_POINT('',(-0.24641683961475,-1.25,-1.4024773243188));
#4926=CARTESIAN_POINT('',(-0.243212005172002,-1.25,-1.40842551145563));
#4927=CARTESIAN_POINT('',(-0.242770402174156,-1.25,-1.40924182872501));
#4928=CARTESIAN_POINT('',(-0.242770402174156,-1.25,-1.40924182872501));
#4929=CARTESIAN_POINT('',(0.,-1.25,8.75622461390358E-17));
#4930=CARTESIAN_POINT('',(-0.20459130130873,-1.25,-1.41528880424767));
#4931=CARTESIAN_POINT('',(-0.0293195955341844,-1.25,-1.1371220740614));
#4932=CARTESIAN_POINT('',(-0.029466197715637,-1.25,-1.137980592017));
#4933=CARTESIAN_POINT('',(-0.0298364751519438,-1.25,-1.14005125518554));
#4934=CARTESIAN_POINT('',(-0.030528364610723,-1.25,-1.1435581987203));
#4935=CARTESIAN_POINT('',(-0.0314402568012749,-1.25,-1.14773824125283));
#4936=CARTESIAN_POINT('',(-0.0325403324893596,-1.25,-1.15233721269548));
#4937=CARTESIAN_POINT('',(-0.0338456705743591,-1.25,-1.15734908821262));
#4938=CARTESIAN_POINT('',(-0.0353731801942065,-1.25,-1.1627673192473));
#4939=CARTESIAN_POINT('',(-0.0371395875103007,-1.25,-1.16858485043883));
#4940=CARTESIAN_POINT('',(-0.039161421908601,-1.25,-1.17479412048811));
#4941=CARTESIAN_POINT('',(-0.0414550025289736,-1.25,-1.18138706820752));
#4942=CARTESIAN_POINT('',(-0.044036424867715,-1.25,-1.1883551376014));
#4943=CARTESIAN_POINT('',(-0.0469215475341119,-1.25,-1.19568928369411));
#4944=CARTESIAN_POINT('',(-0.0501259791471648,-1.25,-1.20337997859704));
#4945=CARTESIAN_POINT('',(-0.0536650653858827,-1.25,-1.2114172179442));
#4946=CARTESIAN_POINT('',(-0.0575538761990363,-1.25,-1.21979052764976));
#4947=CARTESIAN_POINT('',(-0.0618071931824362,-1.25,-1.22848897099247));
#4948=CARTESIAN_POINT('',(-0.0664394971311379,-1.25,-1.23750115601847));
#4949=CARTESIAN_POINT('',(-0.071464955774279,-1.25,-1.24681524325821));
#4950=CARTESIAN_POINT('',(-0.076897411699358,-1.25,-1.25641895375265));
#4951=CARTESIAN_POINT('',(-0.0827503704757371,-1.25,-1.26629957738296));
#4952=CARTESIAN_POINT('',(-0.0890369889752977,-1.25,-1.27644398150159));
#4953=CARTESIAN_POINT('',(-0.0957700639332758,-1.25,-1.28683861984962));
#4954=CARTESIAN_POINT('',(-0.102962020618657,-1.25,-1.29746954179303));
#4955=CARTESIAN_POINT('',(-0.110624902148954,-1.25,-1.30832240172837));
#4956=CARTESIAN_POINT('',(-0.118770357434012,-1.25,-1.31938246920414));
#4957=CARTESIAN_POINT('',(-0.127409635495028,-1.25,-1.33063463764127));
#4958=CARTESIAN_POINT('',(-0.136553556568308,-1.25,-1.34206343971973));
#4959=CARTESIAN_POINT('',(-0.146212573096916,-1.25,-1.35365303857755));
#4960=CARTESIAN_POINT('',(-0.156396488761142,-1.25,-1.36538731260789));
#4961=CARTESIAN_POINT('',(-0.167115483458698,-1.25,-1.37724958436992));
#4962=CARTESIAN_POINT('',(-0.178376160065016,-1.25,-1.38922370766236));
#4963=CARTESIAN_POINT('',(-0.190196562813062,-1.25,-1.40128998026003));
#4964=CARTESIAN_POINT('',(-0.199032986399548,-1.25,-1.40998218939071));
#4965=CARTESIAN_POINT('',(-0.203919055990976,-1.25,-1.41464890322037));
#4966=CARTESIAN_POINT('',(-0.20459130130873,-1.25,-1.41528880424767));
#4967=CARTESIAN_POINT('',(0.0293195955341841,-1.25,-1.13712207406141));
#4968=CARTESIAN_POINT('',(0.0294661977156367,-1.25,-1.137980592017));
#4969=CARTESIAN_POINT('',(0.0298364751519434,-1.25,-1.14005125518554));
#4970=CARTESIAN_POINT('',(0.0305283646107225,-1.25,-1.1435581987203));
#4971=CARTESIAN_POINT('',(0.0314402568012745,-1.25,-1.14773824125283));
#4972=CARTESIAN_POINT('',(0.0325403324893592,-1.25,-1.15233721269548));
#4973=CARTESIAN_POINT('',(0.0338456705743586,-1.25,-1.15734908821262));
#4974=CARTESIAN_POINT('',(0.0353731801942061,-1.25,-1.1627673192473));
#4975=CARTESIAN_POINT('',(0.0371395875103003,-1.25,-1.16858485043883));
#4976=CARTESIAN_POINT('',(0.0391614219086006,-1.25,-1.17479412048811));
#4977=CARTESIAN_POINT('',(0.0414550025289732,-1.25,-1.18138706820752));
#4978=CARTESIAN_POINT('',(0.0440364248677145,-1.25,-1.1883551376014));
#4979=CARTESIAN_POINT('',(0.0469215475341115,-1.25,-1.19568928369411));
#4980=CARTESIAN_POINT('',(0.0501259791471644,-1.25,-1.20337997859704));
#4981=CARTESIAN_POINT('',(0.0536650653858823,-1.25,-1.2114172179442));
#4982=CARTESIAN_POINT('',(0.0575538761990358,-1.25,-1.21979052764976));
#4983=CARTESIAN_POINT('',(0.0618071931824357,-1.25,-1.22848897099247));
#4984=CARTESIAN_POINT('',(0.0664394971311374,-1.25,-1.23750115601847));
#4985=CARTESIAN_POINT('',(0.0714649557742786,-1.25,-1.24681524325822));
#4986=CARTESIAN_POINT('',(0.0768974116993575,-1.25,-1.25641895375265));
#4987=CARTESIAN_POINT('',(0.0827503704757367,-1.25,-1.26629957738296));
#4988=CARTESIAN_POINT('',(0.0890369889752972,-1.25,-1.27644398150159));
#4989=CARTESIAN_POINT('',(0.0957700639332753,-1.25,-1.28683861984962));
#4990=CARTESIAN_POINT('',(0.102962020618656,-1.25,-1.29746954179303));
#4991=CARTESIAN_POINT('',(0.110624902148953,-1.25,-1.30832240172837));
#4992=CARTESIAN_POINT('',(0.118770357434012,-1.25,-1.31938246920414));
#4993=CARTESIAN_POINT('',(0.127409635495028,-1.25,-1.33063463764127));
#4994=CARTESIAN_POINT('',(0.136553556568308,-1.25,-1.34206343971973));
#4995=CARTESIAN_POINT('',(0.146212573096915,-1.25,-1.35365303857755));
#4996=CARTESIAN_POINT('',(0.156396488761141,-1.25,-1.36538731260789));
#4997=CARTESIAN_POINT('',(0.167115483458697,-1.25,-1.37724958436992));
#4998=CARTESIAN_POINT('',(0.178376160065016,-1.25,-1.38922370766236));
#4999=CARTESIAN_POINT('',(0.190196562813062,-1.25,-1.40128998026003));
#5000=CARTESIAN_POINT('',(0.199032986399547,-1.25,-1.40998218939071));
#5001=CARTESIAN_POINT('',(0.203919055990975,-1.25,-1.41464890322037));
#5002=CARTESIAN_POINT('',(0.204591301308729,-1.25,-1.41528880424767));
#5003=CARTESIAN_POINT('',(0.204591301308729,-1.25,-1.41528880424767));
#5004=CARTESIAN_POINT('',(0.,-1.25,8.75622461390358E-17));
#5005=CARTESIAN_POINT('',(0.242770402174155,-1.25,-1.40924182872501));
#5006=CARTESIAN_POINT('',(0.323505453175937,-1.25,-1.09052761164742));
#5007=CARTESIAN_POINT('',(0.32363132285422,-1.25,-1.09138941330893));
#5008=CARTESIAN_POINT('',(0.323919038194287,-1.25,-1.09347315302887));
#5009=CARTESIAN_POINT('',(0.324344717366513,-1.25,-1.09702226013087));
#5010=CARTESIAN_POINT('',(0.324769160536292,-1.25,-1.10127950700375));
#5011=CARTESIAN_POINT('',(0.325144086717147,-1.25,-1.10599333084526));
#5012=CARTESIAN_POINT('',(0.325451391133928,-1.25,-1.11116327936636));
#5013=CARTESIAN_POINT('',(0.325672968625434,-1.25,-1.11678834973029));
#5014=CARTESIAN_POINT('',(0.32579073144052,-1.25,-1.12286700055841));
#5015=CARTESIAN_POINT('',(0.325786622629037,-1.25,-1.1293971484891));
#5016=CARTESIAN_POINT('',(0.325642630722706,-1.25,-1.1363761697689));
#5017=CARTESIAN_POINT('',(0.32534080404683,-1.25,-1.14380090094428));
#5018=CARTESIAN_POINT('',(0.32486326511652,-1.25,-1.15166764031198));
#5019=CARTESIAN_POINT('',(0.324192224973461,-1.25,-1.15997214964));
#5020=CARTESIAN_POINT('',(0.323309997490528,-1.25,-1.16870965628646));
#5021=CARTESIAN_POINT('',(0.322199013624222,-1.25,-1.17787485567406));
#5022=CARTESIAN_POINT('',(0.320841835608797,-1.25,-1.18746191412711));
#5023=CARTESIAN_POINT('',(0.319221171082409,-1.25,-1.1974644720654));
#5024=CARTESIAN_POINT('',(0.317319887136649,-1.25,-1.20787564755336));
#5025=CARTESIAN_POINT('',(0.315121024281455,-1.25,-1.21868804020175));
#5026=CARTESIAN_POINT('',(0.312607810314362,-1.25,-1.22989373541969));
#5027=CARTESIAN_POINT('',(0.309763674095354,-1.25,-1.24148430901416));
#5028=CARTESIAN_POINT('',(0.30657225918179,-1.25,-1.253450832136));
#5029=CARTESIAN_POINT('',(0.303017437457633,-1.25,-1.2657838765631));
#5030=CARTESIAN_POINT('',(0.299083322202237,-1.25,-1.27847352034378));
#5031=CARTESIAN_POINT('',(0.294754282684139,-1.25,-1.29150935369728));
#5032=CARTESIAN_POINT('',(0.290014952258766,-1.25,-1.30488048555185));
#5033=CARTESIAN_POINT('',(0.284850260605126,-1.25,-1.31857554924889));
#5034=CARTESIAN_POINT('',(0.279245372999647,-1.25,-1.33258271302015));
#5035=CARTESIAN_POINT('',(0.273185983737811,-1.25,-1.34688967381022));
#5036=CARTESIAN_POINT('',(0.26665725754893,-1.25,-1.36148371619173));
#5037=CARTESIAN_POINT('',(0.259647925274702,-1.25,-1.37635152461544));
#5038=CARTESIAN_POINT('',(0.252134737507381,-1.25,-1.39147993712635));
#5039=CARTESIAN_POINT('',(0.24641683961475,-1.25,-1.4024773243188));
#5040=CARTESIAN_POINT('',(0.243212005172001,-1.25,-1.40842551145563));
#5041=CARTESIAN_POINT('',(0.242770402174155,-1.25,-1.40924182872501));
#5042=CARTESIAN_POINT('',(0.379274637951786,-1.25,-1.0724071050709));
#5043=CARTESIAN_POINT('',(0.379679361550015,-1.25,-1.07317830160144));
#5044=CARTESIAN_POINT('',(0.380671386427355,-1.25,-1.07503319728048));
#5045=CARTESIAN_POINT('',(0.382413117556237,-1.25,-1.0781546931805));
#5046=CARTESIAN_POINT('',(0.384572082745982,-1.25,-1.08184835968554));
#5047=CARTESIAN_POINT('',(0.387039477229979,-1.25,-1.08588229936161));
#5048=CARTESIAN_POINT('',(0.389829682230174,-1.25,-1.09024550457938));
#5049=CARTESIAN_POINT('',(0.392956755676999,-1.25,-1.0949265220801));
#5050=CARTESIAN_POINT('',(0.39643442486889,-1.25,-1.09991347314889));
#5051=CARTESIAN_POINT('',(0.400276073616155,-1.25,-1.10519405870181));
#5052=CARTESIAN_POINT('',(0.40449473129913,-1.25,-1.11075556920228));
#5053=CARTESIAN_POINT('',(0.409103061696393,-1.25,-1.116584893633));
#5054=CARTESIAN_POINT('',(0.414113352190458,-1.25,-1.12266852913116));
#5055=CARTESIAN_POINT('',(0.419537503180633,-1.25,-1.12899259080768));
#5056=CARTESIAN_POINT('',(0.425387017755826,-1.25,-1.1355428218695));
#5057=CARTESIAN_POINT('',(0.431672991618498,-1.25,-1.14230460399875));
#5058=CARTESIAN_POINT('',(0.438406103268935,-1.25,-1.14926296799113));
#5059=CARTESIAN_POINT('',(0.445596604454292,-1.25,-1.1564026046429));
#5060=CARTESIAN_POINT('',(0.453254310888395,-1.25,-1.16370787588035));
#5061=CARTESIAN_POINT('',(0.461388593247266,-1.25,-1.17116282612465));
#5062=CARTESIAN_POINT('',(0.470008368447937,-1.25,-1.17875119388404));
#5063=CARTESIAN_POINT('',(0.479122091207867,-1.25,-1.18645642357147));
#5064=CARTESIAN_POINT('',(0.48873774592128,-1.25,-1.19426167752049));
#5065=CARTESIAN_POINT('',(0.498862838738212,-1.25,-1.2021498482704));
#5066=CARTESIAN_POINT('',(0.509504390308789,-1.25,-1.2101035708136));
#5067=CARTESIAN_POINT('',(0.520668927444782,-1.25,-1.21810523594709));
#5068=CARTESIAN_POINT('',(0.532362480411438,-1.25,-1.22613700032169));
#5069=CARTESIAN_POINT('',(0.544590560200263,-1.25,-1.23418081000499));
#5070=CARTESIAN_POINT('',(0.557358213815852,-1.25,-1.24221837326368));
#5071=CARTESIAN_POINT('',(0.570669783261741,-1.25,-1.2502313280347));
#5072=CARTESIAN_POINT('',(0.584529796583348,-1.25,-1.25820066736788));
#5073=CARTESIAN_POINT('',(0.598939544037784,-1.25,-1.26610899491257));
#5074=CARTESIAN_POINT('',(0.613910098387988,-1.25,-1.27393199676447));
#5075=CARTESIAN_POINT('',(0.625000076960699,-1.25,-1.27946817384148));
#5076=CARTESIAN_POINT('',(0.631089099165948,-1.25,-1.28239660389942));
#5077=CARTESIAN_POINT('',(0.631926182748101,-1.25,-1.28279745071364));
#5078=CARTESIAN_POINT('',(0.631926182748101,-1.25,-1.28279745071364));
#5079=CARTESIAN_POINT('',(0.,-1.25,8.75622461390358E-17));
#5080=CARTESIAN_POINT('',(0.666368047211381,-1.25,-1.26524844424156));
#5081=CARTESIAN_POINT('',(0.644663534134168,-1.25,-0.937184708452738));
#5082=CARTESIAN_POINT('',(0.64504955467109,-1.25,-0.937965434669005));
#5083=CARTESIAN_POINT('',(0.645967099205414,-1.25,-0.939858279978294));
#5084=CARTESIAN_POINT('',(0.647468678565386,-1.25,-0.943102139316314));
#5085=CARTESIAN_POINT('',(0.64918790964077,-1.25,-0.94701986154363));
#5086=CARTESIAN_POINT('',(0.651001137303717,-1.25,-0.951387115863244));
#5087=CARTESIAN_POINT('',(0.652891003124849,-1.25,-0.956209066805921));
#5088=CARTESIAN_POINT('',(0.654839978179019,-1.25,-0.961490355419707));
#5089=CARTESIAN_POINT('',(0.656830383680441,-1.25,-0.967235105188901));
#5090=CARTESIAN_POINT('',(0.658844402654873,-1.25,-0.973446914623331));
#5091=CARTESIAN_POINT('',(0.660864094393625,-1.25,-0.980128854234956));
#5092=CARTESIAN_POINT('',(0.662871408278599,-1.25,-0.987283462773241));
#5093=CARTESIAN_POINT('',(0.664848197922083,-1.25,-0.994912744155838));
#5094=CARTESIAN_POINT('',(0.666776235333634,-1.25,-1.00301816467499));
#5095=CARTESIAN_POINT('',(0.668637225179355,-1.25,-1.01160065059241));
#5096=CARTESIAN_POINT('',(0.670412819101411,-1.25,-1.0206605860883));
#5097=CARTESIAN_POINT('',(0.672084630094125,-1.25,-1.03019781157333));
#5098=CARTESIAN_POINT('',(0.673634246925727,-1.25,-1.040211622361));
#5099=CARTESIAN_POINT('',(0.675043248596985,-1.25,-1.05070076770148));
#5100=CARTESIAN_POINT('',(0.67629321882832,-1.25,-1.06166345017703));
#5101=CARTESIAN_POINT('',(0.677365760564203,-1.25,-1.07309732546001));
#5102=CARTESIAN_POINT('',(0.678242510495128,-1.25,-1.08499950243061));
#5103=CARTESIAN_POINT('',(0.678905153553612,-1.25,-1.09736654366743));
#5104=CARTESIAN_POINT('',(0.67933543750894,-1.25,-1.11019446626032));
#5105=CARTESIAN_POINT('',(0.679515187140235,-1.25,-1.12347874313915));
#5106=CARTESIAN_POINT('',(0.679426319939319,-1.25,-1.13721430417575));
#5107=CARTESIAN_POINT('',(0.679050855832481,-1.25,-1.15139553989967));
#5108=CARTESIAN_POINT('',(0.678370949602064,-1.25,-1.1660162969615));
#5109=CARTESIAN_POINT('',(0.677368836370085,-1.25,-1.18106990686263));
#5110=CARTESIAN_POINT('',(0.676027108749835,-1.25,-1.19654908940784));
#5111=CARTESIAN_POINT('',(0.674327728277307,-1.25,-1.21244633585785));
#5112=CARTESIAN_POINT('',(0.672255862615062,-1.25,-1.2287524647342));
#5113=CARTESIAN_POINT('',(0.669785332994589,-1.25,-1.24546214273594));
#5114=CARTESIAN_POINT('',(0.667745668480479,-1.25,-1.25768820710846));
#5115=CARTESIAN_POINT('',(0.66653578071106,-1.25,-1.26433561755206));
#5116=CARTESIAN_POINT('',(0.666368047211382,-1.25,-1.26524844424156));
#5117=CARTESIAN_POINT('',(0.692103636244878,-1.25,-0.902717456736391));
#5118=CARTESIAN_POINT('',(0.692726864094215,-1.25,-0.903325841752234));
#5119=CARTESIAN_POINT('',(0.694243530105751,-1.25,-0.904783399828888));
#5120=CARTESIAN_POINT('',(0.696864610126485,-1.25,-0.907213894326733));
#5121=CARTESIAN_POINT('',(0.700059313760257,-1.25,-0.910059622991475));
#5122=CARTESIAN_POINT('',(0.703652501276723,-1.25,-0.913133660779366));
#5123=CARTESIAN_POINT('',(0.707654448486193,-1.25,-0.916421094770806));
#5124=CARTESIAN_POINT('',(0.712074986023419,-1.25,-0.91990668813003));
#5125=CARTESIAN_POINT('',(0.716923498600259,-1.25,-0.92357490155934));
#5126=CARTESIAN_POINT('',(0.722208914350764,-1.25,-0.927409902109973));
#5127=CARTESIAN_POINT('',(0.727939697489217,-1.25,-0.9313955759944));
#5128=CARTESIAN_POINT('',(0.734123840457592,-1.25,-0.935515540571384));
#5129=CARTESIAN_POINT('',(0.74076885663702,-1.25,-0.939753156845256));
#5130=CARTESIAN_POINT('',(0.747881773313114,-1.25,-0.944091542076146));
#5131=CARTESIAN_POINT('',(0.755469124982199,-1.25,-0.948513582598144));
#5132=CARTESIAN_POINT('',(0.763536946975755,-1.25,-0.95300194680418));
#5133=CARTESIAN_POINT('',(0.772090769412537,-1.25,-0.957539098296875));
#5134=CARTESIAN_POINT('',(0.781135611479358,-1.25,-0.962107309194174));
#5135=CARTESIAN_POINT('',(0.790675976044277,-1.25,-0.966688673581776));
#5136=CARTESIAN_POINT('',(0.800715844604775,-1.25,-0.971265121104342));
#5137=CARTESIAN_POINT('',(0.811258672575591,-1.25,-0.975818430685255));
#5138=CARTESIAN_POINT('',(0.822307384913109,-1.25,-0.980330244374197));
#5139=CARTESIAN_POINT('',(0.833864372102402,-1.25,-0.984782081285259));
#5140=CARTESIAN_POINT('',(0.845931486420293,-1.25,-0.98915535172856));
#5141=CARTESIAN_POINT('',(0.858510038819373,-1.25,-0.993431371100246));
#5142=CARTESIAN_POINT('',(0.871600795123524,-1.25,-0.997591375157312));
#5143=CARTESIAN_POINT('',(0.885203976557672,-1.25,-1.0016165304118));
#5144=CARTESIAN_POINT('',(0.899319245414268,-1.25,-1.00548796356362));
#5145=CARTESIAN_POINT('',(0.913945749223473,-1.25,-1.00918671853042));
#5146=CARTESIAN_POINT('',(0.929081943286503,-1.25,-1.0126939901996));
#5147=CARTESIAN_POINT('',(0.944726260559851,-1.25,-1.01599030264435));
#5148=CARTESIAN_POINT('',(0.96087455238295,-1.25,-1.01905871224065));
#5149=CARTESIAN_POINT('',(0.977529836169528,-1.25,-1.02187267341946));
#5150=CARTESIAN_POINT('',(0.989787805357343,-1.25,-1.0237108988577));
#5151=CARTESIAN_POINT('',(0.996483744258252,-1.25,-1.02461439000626));
#5152=CARTESIAN_POINT('',(0.997403726531477,-1.25,-1.02473694492837));
#5153=CARTESIAN_POINT('',(0.997403726531477,-1.25,-1.02473694492837));
#5154=CARTESIAN_POINT('',(0.,-1.25,8.75622461390358E-17));
#5155=CARTESIAN_POINT('',(1.02473694492837,-1.25,-0.997403726531478));
#5156=CARTESIAN_POINT('',(0.90271745673639,-1.25,-0.692103636244878));
#5157=CARTESIAN_POINT('',(0.903325841752234,-1.25,-0.692726864094215));
#5158=CARTESIAN_POINT('',(0.904783399828887,-1.25,-0.694243530105751));
#5159=CARTESIAN_POINT('',(0.907213894326733,-1.25,-0.696864610126485));
#5160=CARTESIAN_POINT('',(0.910059622991475,-1.25,-0.700059313760258));
#5161=CARTESIAN_POINT('',(0.913133660779365,-1.25,-0.703652501276723));
#5162=CARTESIAN_POINT('',(0.916421094770806,-1.25,-0.707654448486194));
#5163=CARTESIAN_POINT('',(0.91990668813003,-1.25,-0.712074986023419));
#5164=CARTESIAN_POINT('',(0.92357490155934,-1.25,-0.716923498600259));
#5165=CARTESIAN_POINT('',(0.927409902109973,-1.25,-0.722208914350765));
#5166=CARTESIAN_POINT('',(0.9313955759944,-1.25,-0.727939697489218));
#5167=CARTESIAN_POINT('',(0.935515540571384,-1.25,-0.734123840457593));
#5168=CARTESIAN_POINT('',(0.939753156845255,-1.25,-0.74076885663702));
#5169=CARTESIAN_POINT('',(0.944091542076145,-1.25,-0.747881773313115));
#5170=CARTESIAN_POINT('',(0.948513582598144,-1.25,-0.755469124982199));
#5171=CARTESIAN_POINT('',(0.95300194680418,-1.25,-0.763536946975755));
#5172=CARTESIAN_POINT('',(0.957539098296875,-1.25,-0.772090769412538));
#5173=CARTESIAN_POINT('',(0.962107309194174,-1.25,-0.781135611479359));
#5174=CARTESIAN_POINT('',(0.966688673581775,-1.25,-0.790675976044277));
#5175=CARTESIAN_POINT('',(0.971265121104341,-1.25,-0.800715844604776));
#5176=CARTESIAN_POINT('',(0.975818430685254,-1.25,-0.811258672575591));
#5177=CARTESIAN_POINT('',(0.980330244374197,-1.25,-0.822307384913109));
#5178=CARTESIAN_POINT('',(0.984782081285259,-1.25,-0.833864372102403));
#5179=CARTESIAN_POINT('',(0.989155351728559,-1.25,-0.845931486420294));
#5180=CARTESIAN_POINT('',(0.993431371100245,-1.25,-0.858510038819373));
#5181=CARTESIAN_POINT('',(0.997591375157312,-1.25,-0.871600795123525));
#5182=CARTESIAN_POINT('',(1.0016165304118,-1.25,-0.885203976557672));
#5183=CARTESIAN_POINT('',(1.00548796356362,-1.25,-0.899319245414269));
#5184=CARTESIAN_POINT('',(1.00918671853042,-1.25,-0.913945749223473));
#5185=CARTESIAN_POINT('',(1.0126939901996,-1.25,-0.929081943286504));
#5186=CARTESIAN_POINT('',(1.01599030264435,-1.25,-0.944726260559851));
#5187=CARTESIAN_POINT('',(1.01905871224065,-1.25,-0.96087455238295));
#5188=CARTESIAN_POINT('',(1.02187267341946,-1.25,-0.977529836169528));
#5189=CARTESIAN_POINT('',(1.0237108988577,-1.25,-0.989787805357343));
#5190=CARTESIAN_POINT('',(1.02461439000626,-1.25,-0.996483744258252));
#5191=CARTESIAN_POINT('',(1.02473694492837,-1.25,-0.997403726531478));
#5192=CARTESIAN_POINT('',(0.937184708452738,-1.25,-0.644663534134169));
#5193=CARTESIAN_POINT('',(0.937965434669005,-1.25,-0.64504955467109));
#5194=CARTESIAN_POINT('',(0.939858279978294,-1.25,-0.645967099205415));
#5195=CARTESIAN_POINT('',(0.943102139316314,-1.25,-0.647468678565387));
#5196=CARTESIAN_POINT('',(0.947019861543629,-1.25,-0.64918790964077));
#5197=CARTESIAN_POINT('',(0.951387115863244,-1.25,-0.651001137303717));
#5198=CARTESIAN_POINT('',(0.956209066805921,-1.25,-0.652891003124849));
#5199=CARTESIAN_POINT('',(0.961490355419707,-1.25,-0.654839978179019));
#5200=CARTESIAN_POINT('',(0.967235105188901,-1.25,-0.656830383680442));
#5201=CARTESIAN_POINT('',(0.973446914623331,-1.25,-0.658844402654874));
#5202=CARTESIAN_POINT('',(0.980128854234955,-1.25,-0.660864094393626));
#5203=CARTESIAN_POINT('',(0.98728346277324,-1.25,-0.662871408278599));
#5204=CARTESIAN_POINT('',(0.994912744155838,-1.25,-0.664848197922084));
#5205=CARTESIAN_POINT('',(1.00301816467499,-1.25,-0.666776235333634));
#5206=CARTESIAN_POINT('',(1.01160065059241,-1.25,-0.668637225179356));
#5207=CARTESIAN_POINT('',(1.0206605860883,-1.25,-0.670412819101412));
#5208=CARTESIAN_POINT('',(1.03019781157333,-1.25,-0.672084630094126));
#5209=CARTESIAN_POINT('',(1.04021162236099,-1.25,-0.673634246925727));
#5210=CARTESIAN_POINT('',(1.05070076770148,-1.25,-0.675043248596986));
#5211=CARTESIAN_POINT('',(1.06166345017703,-1.25,-0.676293218828321));
#5212=CARTESIAN_POINT('',(1.07309732546001,-1.25,-0.677365760564204));
#5213=CARTESIAN_POINT('',(1.08499950243061,-1.25,-0.678242510495129));
#5214=CARTESIAN_POINT('',(1.09736654366743,-1.25,-0.678905153553612));
#5215=CARTESIAN_POINT('',(1.11019446626032,-1.25,-0.679335437508941));
#5216=CARTESIAN_POINT('',(1.12347874313915,-1.25,-0.679515187140236));
#5217=CARTESIAN_POINT('',(1.13721430417575,-1.25,-0.67942631993932));
#5218=CARTESIAN_POINT('',(1.15139553989967,-1.25,-0.679050855832482));
#5219=CARTESIAN_POINT('',(1.1660162969615,-1.25,-0.678370949602065));
#5220=CARTESIAN_POINT('',(1.18106990686263,-1.25,-0.677368836370086));
#5221=CARTESIAN_POINT('',(1.19654908940784,-1.25,-0.676027108749836));
#5222=CARTESIAN_POINT('',(1.21244633585785,-1.25,-0.674327728277307));
#5223=CARTESIAN_POINT('',(1.2287524647342,-1.25,-0.672255862615063));
#5224=CARTESIAN_POINT('',(1.24546214273594,-1.25,-0.669785332994589));
#5225=CARTESIAN_POINT('',(1.25768820710846,-1.25,-0.66774566848048));
#5226=CARTESIAN_POINT('',(1.26433561755206,-1.25,-0.666535780711061));
#5227=CARTESIAN_POINT('',(1.26524844424156,-1.25,-0.666368047211382));
#5228=CARTESIAN_POINT('',(1.26524844424156,-1.25,-0.666368047211382));
#5229=CARTESIAN_POINT('',(0.,-1.25,8.75622461390358E-17));
#5230=CARTESIAN_POINT('',(1.28279745071364,-1.25,-0.631926182748102));
#5231=CARTESIAN_POINT('',(1.0724071050709,-1.25,-0.379274637951786));
#5232=CARTESIAN_POINT('',(1.07317830160144,-1.25,-0.379679361550015));
#5233=CARTESIAN_POINT('',(1.07503319728048,-1.25,-0.380671386427356));
#5234=CARTESIAN_POINT('',(1.0781546931805,-1.25,-0.382413117556238));
#5235=CARTESIAN_POINT('',(1.08184835968554,-1.25,-0.384572082745983));
#5236=CARTESIAN_POINT('',(1.08588229936161,-1.25,-0.38703947722998));
#5237=CARTESIAN_POINT('',(1.09024550457938,-1.25,-0.389829682230175));
#5238=CARTESIAN_POINT('',(1.0949265220801,-1.25,-0.392956755677));
#5239=CARTESIAN_POINT('',(1.09991347314889,-1.25,-0.39643442486889));
#5240=CARTESIAN_POINT('',(1.10519405870181,-1.25,-0.400276073616155));
#5241=CARTESIAN_POINT('',(1.11075556920228,-1.25,-0.404494731299131));
#5242=CARTESIAN_POINT('',(1.116584893633,-1.25,-0.409103061696394));
#5243=CARTESIAN_POINT('',(1.12266852913116,-1.25,-0.41411335219046));
#5244=CARTESIAN_POINT('',(1.12899259080768,-1.25,-0.419537503180633));
#5245=CARTESIAN_POINT('',(1.1355428218695,-1.25,-0.425387017755826));
#5246=CARTESIAN_POINT('',(1.14230460399875,-1.25,-0.431672991618498));
#5247=CARTESIAN_POINT('',(1.14926296799113,-1.25,-0.438406103268935));
#5248=CARTESIAN_POINT('',(1.1564026046429,-1.25,-0.445596604454292));
#5249=CARTESIAN_POINT('',(1.16370787588035,-1.25,-0.453254310888396));
#5250=CARTESIAN_POINT('',(1.17116282612465,-1.25,-0.461388593247266));
#5251=CARTESIAN_POINT('',(1.17875119388404,-1.25,-0.470008368447937));
#5252=CARTESIAN_POINT('',(1.18645642357147,-1.25,-0.479122091207868));
#5253=CARTESIAN_POINT('',(1.19426167752049,-1.25,-0.488737745921281));
#5254=CARTESIAN_POINT('',(1.2021498482704,-1.25,-0.498862838738212));
#5255=CARTESIAN_POINT('',(1.2101035708136,-1.25,-0.509504390308789));
#5256=CARTESIAN_POINT('',(1.21810523594709,-1.25,-0.520668927444782));
#5257=CARTESIAN_POINT('',(1.22613700032169,-1.25,-0.532362480411439));
#5258=CARTESIAN_POINT('',(1.23418081000499,-1.25,-0.544590560200263));
#5259=CARTESIAN_POINT('',(1.24221837326368,-1.25,-0.557358213815853));
#5260=CARTESIAN_POINT('',(1.2502313280347,-1.25,-0.570669783261742));
#5261=CARTESIAN_POINT('',(1.25820066736788,-1.25,-0.584529796583349));
#5262=CARTESIAN_POINT('',(1.26610899491257,-1.25,-0.598939544037785));
#5263=CARTESIAN_POINT('',(1.27393199676447,-1.25,-0.613910098387989));
#5264=CARTESIAN_POINT('',(1.27946817384148,-1.25,-0.6250000769607));
#5265=CARTESIAN_POINT('',(1.28239660389942,-1.25,-0.631089099165949));
#5266=CARTESIAN_POINT('',(1.28279745071364,-1.25,-0.631926182748101));
#5267=CARTESIAN_POINT('',(1.09052761164742,-1.25,-0.323505453175938));
#5268=CARTESIAN_POINT('',(1.09138941330893,-1.25,-0.323631322854221));
#5269=CARTESIAN_POINT('',(1.09347315302887,-1.25,-0.323919038194288));
#5270=CARTESIAN_POINT('',(1.09702226013087,-1.25,-0.324344717366513));
#5271=CARTESIAN_POINT('',(1.10127950700375,-1.25,-0.324769160536292));
#5272=CARTESIAN_POINT('',(1.10599333084526,-1.25,-0.325144086717147));
#5273=CARTESIAN_POINT('',(1.11116327936636,-1.25,-0.325451391133929));
#5274=CARTESIAN_POINT('',(1.11678834973029,-1.25,-0.325672968625435));
#5275=CARTESIAN_POINT('',(1.12286700055841,-1.25,-0.32579073144052));
#5276=CARTESIAN_POINT('',(1.1293971484891,-1.25,-0.325786622629037));
#5277=CARTESIAN_POINT('',(1.1363761697689,-1.25,-0.325642630722706));
#5278=CARTESIAN_POINT('',(1.14380090094427,-1.25,-0.32534080404683));
#5279=CARTESIAN_POINT('',(1.15166764031198,-1.25,-0.32486326511652));
#5280=CARTESIAN_POINT('',(1.15997214964,-1.25,-0.324192224973462));
#5281=CARTESIAN_POINT('',(1.16870965628646,-1.25,-0.323309997490529));
#5282=CARTESIAN_POINT('',(1.17787485567406,-1.25,-0.322199013624222));
#5283=CARTESIAN_POINT('',(1.18746191412711,-1.25,-0.320841835608798));
#5284=CARTESIAN_POINT('',(1.1974644720654,-1.25,-0.319221171082409));
#5285=CARTESIAN_POINT('',(1.20787564755336,-1.25,-0.31731988713665));
#5286=CARTESIAN_POINT('',(1.21868804020175,-1.25,-0.315121024281455));
#5287=CARTESIAN_POINT('',(1.22989373541969,-1.25,-0.312607810314362));
#5288=CARTESIAN_POINT('',(1.24148430901416,-1.25,-0.309763674095355));
#5289=CARTESIAN_POINT('',(1.253450832136,-1.25,-0.306572259181791));
#5290=CARTESIAN_POINT('',(1.2657838765631,-1.25,-0.303017437457634));
#5291=CARTESIAN_POINT('',(1.27847352034378,-1.25,-0.299083322202237));
#5292=CARTESIAN_POINT('',(1.29150935369728,-1.25,-0.294754282684139));
#5293=CARTESIAN_POINT('',(1.30488048555185,-1.25,-0.290014952258766));
#5294=CARTESIAN_POINT('',(1.31857554924889,-1.25,-0.284850260605126));
#5295=CARTESIAN_POINT('',(1.33258271302015,-1.25,-0.279245372999648));
#5296=CARTESIAN_POINT('',(1.34688967381022,-1.25,-0.273185983737811));
#5297=CARTESIAN_POINT('',(1.36148371619173,-1.25,-0.26665725754893));
#5298=CARTESIAN_POINT('',(1.37635152461544,-1.25,-0.259647925274703));
#5299=CARTESIAN_POINT('',(1.39147993712635,-1.25,-0.252134737507382));
#5300=CARTESIAN_POINT('',(1.4024773243188,-1.25,-0.24641683961475));
#5301=CARTESIAN_POINT('',(1.40842551145563,-1.25,-0.243212005172002));
#5302=CARTESIAN_POINT('',(1.40924182872501,-1.25,-0.242770402174156));
#5303=CARTESIAN_POINT('',(1.40924182872501,-1.25,-0.242770402174156));
#5304=CARTESIAN_POINT('',(0.,-1.25,8.75622461390358E-17));
#5305=CARTESIAN_POINT('',(1.41528880424767,-1.25,-0.20459130130873));
#5306=CARTESIAN_POINT('',(1.1371220740614,-1.25,-0.0293195955341842));
#5307=CARTESIAN_POINT('',(1.137980592017,-1.25,-0.0294661977156368));
#5308=CARTESIAN_POINT('',(1.14005125518554,-1.25,-0.0298364751519436));
#5309=CARTESIAN_POINT('',(1.1435581987203,-1.25,-0.0305283646107227));
#5310=CARTESIAN_POINT('',(1.14773824125283,-1.25,-0.0314402568012747));
#5311=CARTESIAN_POINT('',(1.15233721269548,-1.25,-0.0325403324893594));
#5312=CARTESIAN_POINT('',(1.15734908821262,-1.25,-0.0338456705743588));
#5313=CARTESIAN_POINT('',(1.1627673192473,-1.25,-0.0353731801942063));
#5314=CARTESIAN_POINT('',(1.16858485043883,-1.25,-0.0371395875103005));
#5315=CARTESIAN_POINT('',(1.17479412048811,-1.25,-0.0391614219086008));
#5316=CARTESIAN_POINT('',(1.18138706820752,-1.25,-0.0414550025289734));
#5317=CARTESIAN_POINT('',(1.1883551376014,-1.25,-0.0440364248677148));
#5318=CARTESIAN_POINT('',(1.19568928369411,-1.25,-0.0469215475341117));
#5319=CARTESIAN_POINT('',(1.20337997859704,-1.25,-0.0501259791471646));
#5320=CARTESIAN_POINT('',(1.2114172179442,-1.25,-0.0536650653858825));
#5321=CARTESIAN_POINT('',(1.21979052764976,-1.25,-0.0575538761990361));
#5322=CARTESIAN_POINT('',(1.22848897099247,-1.25,-0.0618071931824359));
#5323=CARTESIAN_POINT('',(1.23750115601847,-1.25,-0.0664394971311376));
#5324=CARTESIAN_POINT('',(1.24681524325821,-1.25,-0.0714649557742788));
#5325=CARTESIAN_POINT('',(1.25641895375265,-1.25,-0.0768974116993578));
#5326=CARTESIAN_POINT('',(1.26629957738296,-1.25,-0.0827503704757369));
#5327=CARTESIAN_POINT('',(1.27644398150159,-1.25,-0.0890369889752974));
#5328=CARTESIAN_POINT('',(1.28683861984962,-1.25,-0.0957700639332756));
#5329=CARTESIAN_POINT('',(1.29746954179303,-1.25,-0.102962020618656));
#5330=CARTESIAN_POINT('',(1.30832240172837,-1.25,-0.110624902148953));
#5331=CARTESIAN_POINT('',(1.31938246920414,-1.25,-0.118770357434012));
#5332=CARTESIAN_POINT('',(1.33063463764127,-1.25,-0.127409635495028));
#5333=CARTESIAN_POINT('',(1.34206343971973,-1.25,-0.136553556568308));
#5334=CARTESIAN_POINT('',(1.35365303857755,-1.25,-0.146212573096915));
#5335=CARTESIAN_POINT('',(1.36538731260789,-1.25,-0.156396488761142));
#5336=CARTESIAN_POINT('',(1.37724958436992,-1.25,-0.167115483458697));
#5337=CARTESIAN_POINT('',(1.38922370766236,-1.25,-0.178376160065016));
#5338=CARTESIAN_POINT('',(1.40128998026003,-1.25,-0.190196562813062));
#5339=CARTESIAN_POINT('',(1.40998218939071,-1.25,-0.199032986399548));
#5340=CARTESIAN_POINT('',(1.41464890322037,-1.25,-0.203919055990976));
#5341=CARTESIAN_POINT('',(1.41528880424767,-1.25,-0.204591301308729));
#5342=CARTESIAN_POINT('',(0.,-1.45,1.25));
#5343=CARTESIAN_POINT('',(0.,-1.45,0.));
#5344=CARTESIAN_POINT('',(0.,-1.45,-1.7));
#5345=CARTESIAN_POINT('',(0.,-1.45,0.));
#5346=CARTESIAN_POINT('',(0.,-1.45,-0.8));
#5347=CARTESIAN_POINT('',(0.,0.,0.));
#5348=CARTESIAN_POINT('',(0.105695275460311,-1.79792140020247,-0.79431320674206));
#5349=CARTESIAN_POINT('',(-2.49583469639754E-5,-1.75405953176505,-0.80284084518849));
#5350=CARTESIAN_POINT('',(-0.105595442072455,-1.79789097300629,-0.794323412503983));
#5351=CARTESIAN_POINT('',(-0.149299694026479,-1.90327915497112,-0.785697202261658));
#5352=CARTESIAN_POINT('',(-0.105615565158083,-2.00898691047781,-0.794322404670688));
#5353=CARTESIAN_POINT('',(-3.99496891571691E-5,-2.05269593562497,-0.802833421383665));
#5354=CARTESIAN_POINT('',(0.105458586609164,-2.00909962042178,-0.794343899341749));
#5355=CARTESIAN_POINT('',(0.14931394927873,-1.90352144444166,-0.785694385337508));
#5356=CARTESIAN_POINT('',(0.105695275460311,-1.79792140020247,-0.79431320674206));
#5357=CARTESIAN_POINT('',(-2.49583469639754E-5,-1.75405953176505,-0.80284084518849));
#5358=CARTESIAN_POINT('',(-0.105595442072455,-1.79789097300629,-0.794323412503983));
#5359=CARTESIAN_POINT('',(-4.50048788225467E-17,-1.76867508337816,-0.8));
#5360=CARTESIAN_POINT('',(0.,-2.26714916527271,0.));
#5361=CARTESIAN_POINT('',(0.,-2.26714916527271,-0.8));
#5362=CARTESIAN_POINT('',(0.,-2.26714916527271,0.4));
#5363=CARTESIAN_POINT('',(0.,-2.26714916527271,3.06161699786838E-17));
#5364=CARTESIAN_POINT('',(0.,-2.26714916527271,-0.5));
#5365=CARTESIAN_POINT('',(0.,1.45,0.85));
#5366=CARTESIAN_POINT('',(0.,1.45,3.06161699786838E-17));
#5367=CARTESIAN_POINT('',(0.,1.45,-0.5));
#5368=CARTESIAN_POINT('',(0.,1.45,0.));
#5369=CARTESIAN_POINT('',(0.,1.45,-1.7));
#5370=CARTESIAN_POINT('',(0.,0.,0.));
#5371=CARTESIAN_POINT('',(0.,0.,0.));
#5372=CARTESIAN_POINT('',(0.,3.8114488731704,3.06161699786838E-17));
#5373=CARTESIAN_POINT('',(-0.105674680060073,-1.79791870581224,-0.490907371606415));
#5374=CARTESIAN_POINT('',(1.63933280929282E-5,-1.75405462979091,-0.504543679568182));
#5375=CARTESIAN_POINT('',(0.105609106747701,-1.79791327529309,-0.49091791012086));
#5376=CARTESIAN_POINT('',(0.14930728434708,-1.9032485508005,-0.47679578055774));
#5377=CARTESIAN_POINT('',(0.105571504523096,-2.00903030822655,-0.490925391596722));
#5378=CARTESIAN_POINT('',(7.06483922728448E-5,-2.052690950981,-0.50453241985221));
#5379=CARTESIAN_POINT('',(-0.105509353139277,-2.00907614980599,-0.490944909186258));
#5380=CARTESIAN_POINT('',(-0.149306451368222,-1.9034556963339,-0.47679352949208));
#5381=CARTESIAN_POINT('',(-0.105674680060073,-1.79791870581224,-0.490907371606415));
#5382=CARTESIAN_POINT('',(1.63933280929282E-5,-1.75405462979091,-0.504543679568182));
#5383=CARTESIAN_POINT('',(0.105609106747701,-1.79791327529309,-0.49091791012086));
#5384=CARTESIAN_POINT('',(-7.66642605892373E-18,-1.76867508337816,-0.5));
#5385=CARTESIAN_POINT('',(0.,-1.90341006964445,-2.5));
#5386=CARTESIAN_POINT('',(-0.998434778166441,-1.25,0.665678596435025));
#5387=CARTESIAN_POINT('',(-0.998434778166441,1.25,0.665678596435025));
#5388=CARTESIAN_POINT('',(-1.06774836033211,-1.24999999999999,0.68224605473455));
#5389=CARTESIAN_POINT('',(-1.06774836033211,1.25000000000001,0.68224605473455));
#5390=CARTESIAN_POINT('',(-1.16299073840223,-1.25,0.685158079390395));
#5391=CARTESIAN_POINT('',(-1.16299073840223,1.25,0.685158079390395));
#5392=CARTESIAN_POINT('',(-1.26524844424156,-1.25,0.666368047211382));
#5393=CARTESIAN_POINT('',(-1.26524844424156,1.25,0.666368047211382));
#5394=CARTESIAN_POINT('',(-1.26524844424156,-1.3,0.666368047211382));
#5395=CARTESIAN_POINT('',(-1.12541053528974,-1.25,0.416474641560372));
#5396=CARTESIAN_POINT('',(-1.12541053528974,1.25,0.416474641560372));
#5397=CARTESIAN_POINT('',(-1.17955539198819,-1.25,0.46281239981698));
#5398=CARTESIAN_POINT('',(-1.17955539198819,1.25,0.46281239981698));
#5399=CARTESIAN_POINT('',(-1.23789333464556,-1.25,0.53815345711329));
#5400=CARTESIAN_POINT('',(-1.23789333464556,1.25,0.53815345711329));
#5401=CARTESIAN_POINT('',(-1.28279745071364,-1.25,0.631926182748101));
#5402=CARTESIAN_POINT('',(-1.28279745071364,1.25,0.631926182748101));
#5403=CARTESIAN_POINT('',(-1.28279745071364,-1.3,0.631926182748102));
#5404=CARTESIAN_POINT('',(0.,-1.3,8.75622461390358E-17));
#5405=CARTESIAN_POINT('',(-1.19902676506288,-1.25,0.0483199406745394));
#5406=CARTESIAN_POINT('',(-1.19902676506288,1.25,0.0483199406745394));
#5407=CARTESIAN_POINT('',(-1.26484073863236,-1.25,0.0756580867371722));
#5408=CARTESIAN_POINT('',(-1.26484073863236,1.25,0.0756580867371722));
#5409=CARTESIAN_POINT('',(-1.34360508622257,-1.25,0.129284274525308));
#5410=CARTESIAN_POINT('',(-1.34360508622257,1.25,0.129284274525308));
#5411=CARTESIAN_POINT('',(-1.41528880424767,-1.25,0.20459130130873));
#5412=CARTESIAN_POINT('',(-1.41528880424767,1.25,0.20459130130873));
#5413=CARTESIAN_POINT('',(-1.41528880424767,-1.3,0.20459130130873));
#5414=CARTESIAN_POINT('',(-1.15527390096097,-1.25,0.324564652669333));
#5415=CARTESIAN_POINT('',(-1.15527390096097,1.25,0.324564652669333));
#5416=CARTESIAN_POINT('',(-1.22631466111556,-1.25,0.318902167013349));
#5417=CARTESIAN_POINT('',(-1.22631466111556,1.25,0.318902167013349));
#5418=CARTESIAN_POINT('',(-1.31779541051312,-1.25,0.292240153629585));
#5419=CARTESIAN_POINT('',(-1.31779541051312,1.25,0.292240153629585));
#5420=CARTESIAN_POINT('',(-1.40924182872501,-1.25,0.242770402174156));
#5421=CARTESIAN_POINT('',(-1.40924182872501,1.25,0.242770402174156));
#5422=CARTESIAN_POINT('',(-1.40924182872501,-1.3,0.242770402174155));
#5423=CARTESIAN_POINT('',(0.,-1.3,8.75622461390358E-17));
#5424=CARTESIAN_POINT('',(-1.15527390096097,-1.25,-0.324564652669332));
#5425=CARTESIAN_POINT('',(-1.15527390096097,1.25,-0.324564652669332));
#5426=CARTESIAN_POINT('',(-1.22631466111556,-1.25,-0.318902167013347));
#5427=CARTESIAN_POINT('',(-1.22631466111556,1.25,-0.318902167013347));
#5428=CARTESIAN_POINT('',(-1.31779541051312,-1.25,-0.292240153629584));
#5429=CARTESIAN_POINT('',(-1.31779541051312,1.25,-0.292240153629584));
#5430=CARTESIAN_POINT('',(-1.40924182872501,-1.25,-0.242770402174155));
#5431=CARTESIAN_POINT('',(-1.40924182872501,1.25,-0.242770402174155));
#5432=CARTESIAN_POINT('',(-1.40924182872501,-1.3,-0.242770402174155));
#5433=CARTESIAN_POINT('',(-1.19902676506288,-1.25,-0.0483199406745392));
#5434=CARTESIAN_POINT('',(-1.19902676506288,1.25,-0.0483199406745392));
#5435=CARTESIAN_POINT('',(-1.26484073863236,-1.25,-0.0756580867371717));
#5436=CARTESIAN_POINT('',(-1.26484073863236,1.25,-0.0756580867371717));
#5437=CARTESIAN_POINT('',(-1.34360508622257,-1.25,-0.129284274525361));
#5438=CARTESIAN_POINT('',(-1.34360508622257,1.25,-0.129284274525361));
#5439=CARTESIAN_POINT('',(-1.41528880424767,-1.25,-0.204591301308729));
#5440=CARTESIAN_POINT('',(-1.41528880424767,1.25,-0.204591301308729));
#5441=CARTESIAN_POINT('',(-1.41528880424767,-1.3,-0.20459130130873));
#5442=CARTESIAN_POINT('',(0.,-1.3,8.75622461390358E-17));
#5443=CARTESIAN_POINT('',(-0.99843477816643,-1.25,-0.665678596435023));
#5444=CARTESIAN_POINT('',(-0.99843477816643,1.25,-0.665678596435023));
#5445=CARTESIAN_POINT('',(-1.0677483603321,-1.25,-0.682246054734547));
#5446=CARTESIAN_POINT('',(-1.0677483603321,1.25,-0.682246054734547));
#5447=CARTESIAN_POINT('',(-1.16299073840223,-1.25,-0.685158079390395));
#5448=CARTESIAN_POINT('',(-1.16299073840223,1.25,-0.685158079390395));
#5449=CARTESIAN_POINT('',(-1.26524844424156,-1.25,-0.666368047211382));
#5450=CARTESIAN_POINT('',(-1.26524844424156,1.25,-0.666368047211382));
#5451=CARTESIAN_POINT('',(-1.26524844424156,-1.3,-0.666368047211381));
#5452=CARTESIAN_POINT('',(-1.12541053528973,-1.25,-0.416474641560364));
#5453=CARTESIAN_POINT('',(-1.12541053528973,1.25,-0.416474641560364));
#5454=CARTESIAN_POINT('',(-1.1795553919882,-1.25000000000001,-0.462812399816973));
#5455=CARTESIAN_POINT('',(-1.1795553919882,1.24999999999999,-0.462812399816973));
#5456=CARTESIAN_POINT('',(-1.23789333464577,-1.25,-0.538153457113176));
#5457=CARTESIAN_POINT('',(-1.23789333464577,1.25,-0.538153457113176));
#5458=CARTESIAN_POINT('',(-1.28279745071364,-1.25,-0.631926182748101));
#5459=CARTESIAN_POINT('',(-1.28279745071364,1.25,-0.631926182748101));
#5460=CARTESIAN_POINT('',(-1.28279745071364,-1.3,-0.631926182748101));
#5461=CARTESIAN_POINT('',(0.,-1.3,8.75622461390358E-17));
#5462=CARTESIAN_POINT('',(-0.743861902780806,-1.25,-0.941631281126148));
#5463=CARTESIAN_POINT('',(-0.743861902780806,1.25,-0.941631281126148));
#5464=CARTESIAN_POINT('',(-0.804663410599083,-1.25,-0.978806945130561));
#5465=CARTESIAN_POINT('',(-0.804663410599083,1.25,-0.978806945130561));
#5466=CARTESIAN_POINT('',(-0.894344429783184,-1.25,-1.01100795856347));
#5467=CARTESIAN_POINT('',(-0.894344429783184,1.25,-1.01100795856347));
#5468=CARTESIAN_POINT('',(-0.997403726531478,-1.25,-1.02473694492837));
#5469=CARTESIAN_POINT('',(-0.997403726531478,1.25,-1.02473694492837));
#5470=CARTESIAN_POINT('',(-0.997403726531478,-1.3,-1.02473694492837));
#5471=CARTESIAN_POINT('',(-0.941631281126148,-1.25,-0.743861902780805));
#5472=CARTESIAN_POINT('',(-0.941631281126148,1.25,-0.743861902780805));
#5473=CARTESIAN_POINT('',(-0.978806945130559,-1.25,-0.804663410599081));
#5474=CARTESIAN_POINT('',(-0.978806945130559,1.25,-0.804663410599081));
#5475=CARTESIAN_POINT('',(-1.01100795856347,-1.25,-0.894344429783302));
#5476=CARTESIAN_POINT('',(-1.01100795856347,1.25,-0.894344429783302));
#5477=CARTESIAN_POINT('',(-1.02473694492837,-1.25,-0.997403726531477));
#5478=CARTESIAN_POINT('',(-1.02473694492837,1.25,-0.997403726531477));
#5479=CARTESIAN_POINT('',(-1.02473694492837,-1.3,-0.997403726531478));
#5480=CARTESIAN_POINT('',(0.,-1.3,8.75622461390358E-17));
#5481=CARTESIAN_POINT('',(-0.416474641560363,-1.25,-1.12541053528973));
#5482=CARTESIAN_POINT('',(-0.416474641560363,1.25,-1.12541053528973));
#5483=CARTESIAN_POINT('',(-0.462812399816969,-1.25,-1.1795553919882));
#5484=CARTESIAN_POINT('',(-0.462812399816969,1.25,-1.1795553919882));
#5485=CARTESIAN_POINT('',(-0.538153457113283,-1.25,-1.23789333464555));
#5486=CARTESIAN_POINT('',(-0.538153457113283,1.25,-1.23789333464555));
#5487=CARTESIAN_POINT('',(-0.631926182748101,-1.25,-1.28279745071364));
#5488=CARTESIAN_POINT('',(-0.631926182748101,1.25,-1.28279745071364));
#5489=CARTESIAN_POINT('',(-0.631926182748102,-1.3,-1.28279745071364));
#5490=CARTESIAN_POINT('',(-0.665678596435023,-1.25,-0.99843477816643));
#5491=CARTESIAN_POINT('',(-0.665678596435023,1.25,-0.99843477816643));
#5492=CARTESIAN_POINT('',(-0.682246054734556,-1.25,-1.06774836033211));
#5493=CARTESIAN_POINT('',(-0.682246054734556,1.25,-1.06774836033211));
#5494=CARTESIAN_POINT('',(-0.685158079390397,-1.25,-1.16299073840222));
#5495=CARTESIAN_POINT('',(-0.685158079390397,1.25,-1.16299073840222));
#5496=CARTESIAN_POINT('',(-0.666368047211382,-1.25,-1.26524844424156));
#5497=CARTESIAN_POINT('',(-0.666368047211382,1.25,-1.26524844424156));
#5498=CARTESIAN_POINT('',(-0.666368047211382,-1.3,-1.26524844424156));
#5499=CARTESIAN_POINT('',(0.,-1.3,8.75622461390358E-17));
#5500=CARTESIAN_POINT('',(-0.0483199406745395,-1.25,-1.19902676506288));
#5501=CARTESIAN_POINT('',(-0.0483199406745395,1.25,-1.19902676506288));
#5502=CARTESIAN_POINT('',(-0.0756580867371723,-1.25,-1.26484073863236));
#5503=CARTESIAN_POINT('',(-0.0756580867371723,1.25,-1.26484073863236));
#5504=CARTESIAN_POINT('',(-0.129284274525367,-1.25,-1.34360508622257));
#5505=CARTESIAN_POINT('',(-0.129284274525367,1.25,-1.34360508622257));
#5506=CARTESIAN_POINT('',(-0.20459130130873,-1.25,-1.41528880424767));
#5507=CARTESIAN_POINT('',(-0.20459130130873,1.25,-1.41528880424767));
#5508=CARTESIAN_POINT('',(-0.20459130130873,-1.3,-1.41528880424767));
#5509=CARTESIAN_POINT('',(-0.324564652669333,-1.25,-1.15527390096097));
#5510=CARTESIAN_POINT('',(-0.324564652669333,1.25,-1.15527390096097));
#5511=CARTESIAN_POINT('',(-0.318902167013349,-1.25,-1.22631466111556));
#5512=CARTESIAN_POINT('',(-0.318902167013349,1.25,-1.22631466111556));
#5513=CARTESIAN_POINT('',(-0.292240153629585,-1.25,-1.31779541051312));
#5514=CARTESIAN_POINT('',(-0.292240153629585,1.25,-1.31779541051312));
#5515=CARTESIAN_POINT('',(-0.242770402174156,-1.25,-1.40924182872501));
#5516=CARTESIAN_POINT('',(-0.242770402174156,1.25,-1.40924182872501));
#5517=CARTESIAN_POINT('',(-0.242770402174156,-1.3,-1.40924182872501));
#5518=CARTESIAN_POINT('',(0.,-1.3,8.75622461390358E-17));
#5519=CARTESIAN_POINT('',(0.324564652669332,-1.25,-1.15527390096097));
#5520=CARTESIAN_POINT('',(0.324564652669332,1.25,-1.15527390096097));
#5521=CARTESIAN_POINT('',(0.318902167013347,-1.25,-1.22631466111556));
#5522=CARTESIAN_POINT('',(0.318902167013347,1.25,-1.22631466111556));
#5523=CARTESIAN_POINT('',(0.292240153629584,-1.25,-1.31779541051312));
#5524=CARTESIAN_POINT('',(0.292240153629584,1.25,-1.31779541051312));
#5525=CARTESIAN_POINT('',(0.242770402174155,-1.25,-1.40924182872501));
#5526=CARTESIAN_POINT('',(0.242770402174155,1.25,-1.40924182872501));
#5527=CARTESIAN_POINT('',(0.242770402174155,-1.3,-1.40924182872501));
#5528=CARTESIAN_POINT('',(0.0483199406745391,-1.25,-1.19902676506288));
#5529=CARTESIAN_POINT('',(0.0483199406745391,1.25,-1.19902676506288));
#5530=CARTESIAN_POINT('',(0.0756580867371722,-1.25,-1.26484073863236));
#5531=CARTESIAN_POINT('',(0.0756580867371722,1.25,-1.26484073863236));
#5532=CARTESIAN_POINT('',(0.129284274525309,-1.25,-1.34360508622257));
#5533=CARTESIAN_POINT('',(0.129284274525309,1.25,-1.34360508622257));
#5534=CARTESIAN_POINT('',(0.204591301308729,-1.25,-1.41528880424767));
#5535=CARTESIAN_POINT('',(0.204591301308729,1.25,-1.41528880424767));
#5536=CARTESIAN_POINT('',(0.20459130130873,-1.3,-1.41528880424767));
#5537=CARTESIAN_POINT('',(0.,-1.3,8.75622461390358E-17));
#5538=CARTESIAN_POINT('',(0.665678596435023,-1.25,-0.998434778166431));
#5539=CARTESIAN_POINT('',(0.665678596435023,1.25,-0.998434778166431));
#5540=CARTESIAN_POINT('',(0.682246054734555,-1.25,-1.06774836033211));
#5541=CARTESIAN_POINT('',(0.682246054734555,1.25,-1.06774836033211));
#5542=CARTESIAN_POINT('',(0.685158079390288,-1.25,-1.16299073840223));
#5543=CARTESIAN_POINT('',(0.685158079390288,1.25,-1.16299073840223));
#5544=CARTESIAN_POINT('',(0.666368047211382,-1.25,-1.26524844424156));
#5545=CARTESIAN_POINT('',(0.666368047211382,1.25,-1.26524844424156));
#5546=CARTESIAN_POINT('',(0.666368047211381,-1.3,-1.26524844424156));
#5547=CARTESIAN_POINT('',(0.416474641560364,-1.25,-1.12541053528973));
#5548=CARTESIAN_POINT('',(0.416474641560364,1.25,-1.12541053528973));
#5549=CARTESIAN_POINT('',(0.462812399816973,-1.25000000000001,-1.1795553919882));
#5550=CARTESIAN_POINT('',(0.462812399816973,1.24999999999999,-1.1795553919882));
#5551=CARTESIAN_POINT('',(0.538153457113176,-1.25,-1.23789333464577));
#5552=CARTESIAN_POINT('',(0.538153457113176,1.25,-1.23789333464577));
#5553=CARTESIAN_POINT('',(0.631926182748101,-1.25,-1.28279745071364));
#5554=CARTESIAN_POINT('',(0.631926182748101,1.25,-1.28279745071364));
#5555=CARTESIAN_POINT('',(0.631926182748101,-1.3,-1.28279745071364));
#5556=CARTESIAN_POINT('',(0.,-1.3,8.75622461390358E-17));
#5557=CARTESIAN_POINT('',(-0.416474641560372,-1.25,1.12541053528974));
#5558=CARTESIAN_POINT('',(-0.416474641560372,1.25,1.12541053528974));
#5559=CARTESIAN_POINT('',(-0.46281239981698,-1.25,1.1795553919882));
#5560=CARTESIAN_POINT('',(-0.46281239981698,1.25,1.1795553919882));
#5561=CARTESIAN_POINT('',(-0.538153457113181,-1.25,1.23789333464578));
#5562=CARTESIAN_POINT('',(-0.538153457113181,1.25,1.23789333464578));
#5563=CARTESIAN_POINT('',(-0.631926182748101,-1.25,1.28279745071364));
#5564=CARTESIAN_POINT('',(-0.631926182748101,1.25,1.28279745071364));
#5565=CARTESIAN_POINT('',(-0.631926182748101,-1.3,1.28279745071364));
#5566=CARTESIAN_POINT('',(-0.665678596435026,-1.25,0.998434778166441));
#5567=CARTESIAN_POINT('',(-0.665678596435026,1.25,0.998434778166441));
#5568=CARTESIAN_POINT('',(-0.682246054734553,-1.25000000000001,1.06774836033213));
#5569=CARTESIAN_POINT('',(-0.682246054734553,1.24999999999999,1.06774836033213));
#5570=CARTESIAN_POINT('',(-0.685158079390394,-1.25,1.16299073840223));
#5571=CARTESIAN_POINT('',(-0.685158079390394,1.25,1.16299073840223));
#5572=CARTESIAN_POINT('',(-0.666368047211382,-1.25,1.26524844424156));
#5573=CARTESIAN_POINT('',(-0.666368047211382,1.25,1.26524844424156));
#5574=CARTESIAN_POINT('',(-0.666368047211381,-1.3,1.26524844424156));
#5575=CARTESIAN_POINT('',(0.,-1.3,8.75622461390358E-17));
#5576=CARTESIAN_POINT('',(-0.941631281126148,-1.25,0.743861902780806));
#5577=CARTESIAN_POINT('',(-0.941631281126148,1.25,0.743861902780806));
#5578=CARTESIAN_POINT('',(-0.978806945130561,-1.25,0.804663410599083));
#5579=CARTESIAN_POINT('',(-0.978806945130561,1.25,0.804663410599083));
#5580=CARTESIAN_POINT('',(-1.01100795856347,-1.25,0.894344429783184));
#5581=CARTESIAN_POINT('',(-1.01100795856347,1.25,0.894344429783184));
#5582=CARTESIAN_POINT('',(-1.02473694492837,-1.25,0.997403726531478));
#5583=CARTESIAN_POINT('',(-1.02473694492837,1.25,0.997403726531478));
#5584=CARTESIAN_POINT('',(-1.02473694492837,-1.3,0.997403726531478));
#5585=CARTESIAN_POINT('',(-0.743861902780805,-1.25,0.941631281126148));
#5586=CARTESIAN_POINT('',(-0.743861902780805,1.25,0.941631281126148));
#5587=CARTESIAN_POINT('',(-0.804663410599081,-1.25,0.978806945130559));
#5588=CARTESIAN_POINT('',(-0.804663410599081,1.25,0.978806945130559));
#5589=CARTESIAN_POINT('',(-0.894344429783302,-1.25,1.01100795856347));
#5590=CARTESIAN_POINT('',(-0.894344429783302,1.25,1.01100795856347));
#5591=CARTESIAN_POINT('',(-0.997403726531477,-1.25,1.02473694492837));
#5592=CARTESIAN_POINT('',(-0.997403726531477,1.25,1.02473694492837));
#5593=CARTESIAN_POINT('',(-0.997403726531478,-1.3,1.02473694492837));
#5594=CARTESIAN_POINT('',(0.,-1.3,8.75622461390358E-17));
#5595=CARTESIAN_POINT('',(-0.0483199406745435,-1.25,1.19902676506289));
#5596=CARTESIAN_POINT('',(-0.0483199406745435,1.25,1.19902676506289));
#5597=CARTESIAN_POINT('',(-0.0756580867371778,-1.25,1.26484073863238));
#5598=CARTESIAN_POINT('',(-0.0756580867371778,1.25,1.26484073863238));
#5599=CARTESIAN_POINT('',(-0.129284274525363,-1.25,1.34360508622257));
#5600=CARTESIAN_POINT('',(-0.129284274525363,1.25,1.34360508622257));
#5601=CARTESIAN_POINT('',(-0.204591301308729,-1.25,1.41528880424767));
#5602=CARTESIAN_POINT('',(-0.204591301308729,1.25,1.41528880424767));
#5603=CARTESIAN_POINT('',(-0.20459130130873,-1.3,1.41528880424767));
#5604=CARTESIAN_POINT('',(-0.324564652669331,-1.25,1.15527390096099));
#5605=CARTESIAN_POINT('',(-0.324564652669331,1.25,1.15527390096099));
#5606=CARTESIAN_POINT('',(-0.31890216701334,-1.24999999999999,1.22631466111557));
#5607=CARTESIAN_POINT('',(-0.31890216701334,1.25000000000001,1.22631466111557));
#5608=CARTESIAN_POINT('',(-0.29224015362964,-1.25,1.31779541051313));
#5609=CARTESIAN_POINT('',(-0.29224015362964,1.25,1.31779541051313));
#5610=CARTESIAN_POINT('',(-0.242770402174156,-1.25,1.40924182872501));
#5611=CARTESIAN_POINT('',(-0.242770402174156,1.25,1.40924182872501));
#5612=CARTESIAN_POINT('',(-0.242770402174155,-1.3,1.40924182872501));
#5613=CARTESIAN_POINT('',(0.,-1.3,8.75622461390358E-17));
#5614=CARTESIAN_POINT('',(0.324564652669331,-1.25,1.15527390096099));
#5615=CARTESIAN_POINT('',(0.324564652669331,1.25,1.15527390096099));
#5616=CARTESIAN_POINT('',(0.31890216701334,-1.24999999999999,1.22631466111558));
#5617=CARTESIAN_POINT('',(0.31890216701334,1.25000000000001,1.22631466111558));
#5618=CARTESIAN_POINT('',(0.292240153629586,-1.25,1.31779541051312));
#5619=CARTESIAN_POINT('',(0.292240153629586,1.25,1.31779541051312));
#5620=CARTESIAN_POINT('',(0.242770402174156,-1.25,1.40924182872501));
#5621=CARTESIAN_POINT('',(0.242770402174156,1.25,1.40924182872501));
#5622=CARTESIAN_POINT('',(0.242770402174155,-1.3,1.40924182872501));
#5623=CARTESIAN_POINT('',(0.0483199406745437,-1.25,1.19902676506289));
#5624=CARTESIAN_POINT('',(0.0483199406745437,1.25,1.19902676506289));
#5625=CARTESIAN_POINT('',(0.0756580867371776,-1.25,1.26484073863237));
#5626=CARTESIAN_POINT('',(0.0756580867371776,1.25,1.26484073863237));
#5627=CARTESIAN_POINT('',(0.129284274525311,-1.25,1.34360508622257));
#5628=CARTESIAN_POINT('',(0.129284274525311,1.25,1.34360508622257));
#5629=CARTESIAN_POINT('',(0.20459130130873,-1.25,1.41528880424767));
#5630=CARTESIAN_POINT('',(0.20459130130873,1.25,1.41528880424767));
#5631=CARTESIAN_POINT('',(0.20459130130873,-1.3,1.41528880424767));
#5632=CARTESIAN_POINT('',(0.,-1.3,8.75622461390358E-17));
#5633=CARTESIAN_POINT('',(1.19902676506289,-1.25,0.0483199406745436));
#5634=CARTESIAN_POINT('',(1.19902676506289,1.25,0.0483199406745436));
#5635=CARTESIAN_POINT('',(1.26484073863236,-1.25,0.0756580867371777));
#5636=CARTESIAN_POINT('',(1.26484073863236,1.25,0.0756580867371777));
#5637=CARTESIAN_POINT('',(1.34360508622257,-1.25,0.129284274525362));
#5638=CARTESIAN_POINT('',(1.34360508622257,1.25,0.129284274525362));
#5639=CARTESIAN_POINT('',(1.41528880424767,-1.25,0.204591301308729));
#5640=CARTESIAN_POINT('',(1.41528880424767,1.25,0.204591301308729));
#5641=CARTESIAN_POINT('',(1.41528880424767,-1.3,0.20459130130873));
#5642=CARTESIAN_POINT('',(1.15527390096099,-1.25,0.324564652669331));
#5643=CARTESIAN_POINT('',(1.15527390096099,1.25,0.324564652669331));
#5644=CARTESIAN_POINT('',(1.22631466111558,-1.25,0.31890216701334));
#5645=CARTESIAN_POINT('',(1.22631466111558,1.25,0.31890216701334));
#5646=CARTESIAN_POINT('',(1.31779541051312,-1.25,0.292240153629586));
#5647=CARTESIAN_POINT('',(1.31779541051312,1.25,0.292240153629586));
#5648=CARTESIAN_POINT('',(1.40924182872501,-1.25,0.242770402174156));
#5649=CARTESIAN_POINT('',(1.40924182872501,1.25,0.242770402174156));
#5650=CARTESIAN_POINT('',(1.40924182872501,-1.3,0.242770402174155));
#5651=CARTESIAN_POINT('',(0.,-1.3,8.75622461390358E-17));
#5652=CARTESIAN_POINT('',(0.99843477816643,-1.25,0.665678596435023));
#5653=CARTESIAN_POINT('',(0.99843477816643,1.25,0.665678596435023));
#5654=CARTESIAN_POINT('',(1.0677483603321,-1.25,0.682246054734547));
#5655=CARTESIAN_POINT('',(1.0677483603321,1.25,0.682246054734547));
#5656=CARTESIAN_POINT('',(1.16299073840223,-1.25,0.685158079390395));
#5657=CARTESIAN_POINT('',(1.16299073840223,1.25,0.685158079390395));
#5658=CARTESIAN_POINT('',(1.26524844424156,-1.25,0.666368047211382));
#5659=CARTESIAN_POINT('',(1.26524844424156,1.25,0.666368047211382));
#5660=CARTESIAN_POINT('',(1.26524844424156,-1.3,0.666368047211381));
#5661=CARTESIAN_POINT('',(1.12541053528973,-1.25,0.416474641560363));
#5662=CARTESIAN_POINT('',(1.12541053528973,1.25,0.416474641560363));
#5663=CARTESIAN_POINT('',(1.1795553919882,-1.25,0.462812399816969));
#5664=CARTESIAN_POINT('',(1.1795553919882,1.25,0.462812399816969));
#5665=CARTESIAN_POINT('',(1.23789333464555,-1.25,0.538153457113283));
#5666=CARTESIAN_POINT('',(1.23789333464555,1.25,0.538153457113283));
#5667=CARTESIAN_POINT('',(1.28279745071364,-1.25,0.631926182748101));
#5668=CARTESIAN_POINT('',(1.28279745071364,1.25,0.631926182748101));
#5669=CARTESIAN_POINT('',(1.28279745071364,-1.3,0.631926182748101));
#5670=CARTESIAN_POINT('',(0.,-1.3,8.75622461390358E-17));
#5671=CARTESIAN_POINT('',(0.743861902780806,-1.25,0.941631281126148));
#5672=CARTESIAN_POINT('',(0.743861902780806,1.25,0.941631281126148));
#5673=CARTESIAN_POINT('',(0.804663410599086,-1.25,0.978806945130559));
#5674=CARTESIAN_POINT('',(0.804663410599086,1.25,0.978806945130559));
#5675=CARTESIAN_POINT('',(0.894344429783193,-1.25,1.01100795856347));
#5676=CARTESIAN_POINT('',(0.894344429783193,1.25,1.01100795856347));
#5677=CARTESIAN_POINT('',(0.997403726531478,-1.25,1.02473694492837));
#5678=CARTESIAN_POINT('',(0.997403726531478,1.25,1.02473694492837));
#5679=CARTESIAN_POINT('',(0.997403726531478,-1.3,1.02473694492837));
#5680=CARTESIAN_POINT('',(0.941631281126147,-1.25,0.743861902780806));
#5681=CARTESIAN_POINT('',(0.941631281126147,1.25,0.743861902780806));
#5682=CARTESIAN_POINT('',(0.978806945130555,-1.25,0.804663410599081));
#5683=CARTESIAN_POINT('',(0.978806945130555,1.25,0.804663410599081));
#5684=CARTESIAN_POINT('',(1.01100795856347,-1.25,0.894344429783303));
#5685=CARTESIAN_POINT('',(1.01100795856347,1.25,0.894344429783303));
#5686=CARTESIAN_POINT('',(1.02473694492837,-1.25,0.997403726531477));
#5687=CARTESIAN_POINT('',(1.02473694492837,1.25,0.997403726531477));
#5688=CARTESIAN_POINT('',(1.02473694492837,-1.3,0.997403726531478));
#5689=CARTESIAN_POINT('',(0.,-1.3,8.75622461390358E-17));
#5690=CARTESIAN_POINT('',(0.416474641560364,-1.25,1.12541053528973));
#5691=CARTESIAN_POINT('',(0.416474641560364,1.25,1.12541053528973));
#5692=CARTESIAN_POINT('',(0.46281239981697,-1.25,1.17955539198819));
#5693=CARTESIAN_POINT('',(0.46281239981697,1.25,1.17955539198819));
#5694=CARTESIAN_POINT('',(0.53815345711329,-1.25,1.23789333464556));
#5695=CARTESIAN_POINT('',(0.53815345711329,1.25,1.23789333464556));
#5696=CARTESIAN_POINT('',(0.631926182748101,-1.25,1.28279745071364));
#5697=CARTESIAN_POINT('',(0.631926182748101,1.25,1.28279745071364));
#5698=CARTESIAN_POINT('',(0.631926182748102,-1.3,1.28279745071364));
#5699=CARTESIAN_POINT('',(0.665678596435023,-1.25,0.99843477816643));
#5700=CARTESIAN_POINT('',(0.665678596435023,1.25,0.99843477816643));
#5701=CARTESIAN_POINT('',(0.682246054734556,-1.25,1.06774836033211));
#5702=CARTESIAN_POINT('',(0.682246054734556,1.25,1.06774836033211));
#5703=CARTESIAN_POINT('',(0.685158079390397,-1.25,1.16299073840222));
#5704=CARTESIAN_POINT('',(0.685158079390397,1.25,1.16299073840222));
#5705=CARTESIAN_POINT('',(0.666368047211382,-1.25,1.26524844424156));
#5706=CARTESIAN_POINT('',(0.666368047211382,1.25,1.26524844424156));
#5707=CARTESIAN_POINT('',(0.666368047211382,-1.3,1.26524844424156));
#5708=CARTESIAN_POINT('',(0.,-1.3,8.75622461390358E-17));
#5709=CARTESIAN_POINT('',(0.743861902780815,-1.25,-0.941631281126154));
#5710=CARTESIAN_POINT('',(0.743861902780815,1.25,-0.941631281126154));
#5711=CARTESIAN_POINT('',(0.804663410599091,-1.25,-0.978806945130563));
#5712=CARTESIAN_POINT('',(0.804663410599091,1.25,-0.978806945130563));
#5713=CARTESIAN_POINT('',(0.89434442978331,-1.25,-1.01100795856347));
#5714=CARTESIAN_POINT('',(0.89434442978331,1.25,-1.01100795856347));
#5715=CARTESIAN_POINT('',(0.997403726531477,-1.25,-1.02473694492837));
#5716=CARTESIAN_POINT('',(0.997403726531477,1.25,-1.02473694492837));
#5717=CARTESIAN_POINT('',(0.997403726531477,-1.3,-1.02473694492837));
#5718=CARTESIAN_POINT('',(0.941631281126153,-1.25,-0.743861902780815));
#5719=CARTESIAN_POINT('',(0.941631281126153,1.25,-0.743861902780815));
#5720=CARTESIAN_POINT('',(0.978806945130562,-1.25,-0.804663410599089));
#5721=CARTESIAN_POINT('',(0.978806945130562,1.25,-0.804663410599089));
#5722=CARTESIAN_POINT('',(1.01100795856347,-1.25,-0.894344429783199));
#5723=CARTESIAN_POINT('',(1.01100795856347,1.25,-0.894344429783199));
#5724=CARTESIAN_POINT('',(1.02473694492837,-1.25,-0.997403726531478));
#5725=CARTESIAN_POINT('',(1.02473694492837,1.25,-0.997403726531478));
#5726=CARTESIAN_POINT('',(1.02473694492837,-1.3,-0.997403726531478));
#5727=CARTESIAN_POINT('',(0.,-1.3,8.75622461390358E-17));
#5728=CARTESIAN_POINT('',(1.12541053528973,-1.25,-0.416474641560363));
#5729=CARTESIAN_POINT('',(1.12541053528973,1.25,-0.416474641560363));
#5730=CARTESIAN_POINT('',(1.17955539198819,-1.25,-0.462812399816964));
#5731=CARTESIAN_POINT('',(1.17955539198819,1.25,-0.462812399816964));
#5732=CARTESIAN_POINT('',(1.23789333464556,-1.25,-0.538153457113288));
#5733=CARTESIAN_POINT('',(1.23789333464556,1.25,-0.538153457113288));
#5734=CARTESIAN_POINT('',(1.28279745071364,-1.25,-0.631926182748101));
#5735=CARTESIAN_POINT('',(1.28279745071364,1.25,-0.631926182748101));
#5736=CARTESIAN_POINT('',(1.28279745071364,-1.3,-0.631926182748102));
#5737=CARTESIAN_POINT('',(0.99843477816643,-1.25,-0.665678596435023));
#5738=CARTESIAN_POINT('',(0.99843477816643,1.25,-0.665678596435023));
#5739=CARTESIAN_POINT('',(1.06774836033211,-1.25,-0.682246054734556));
#5740=CARTESIAN_POINT('',(1.06774836033211,1.25,-0.682246054734556));
#5741=CARTESIAN_POINT('',(1.16299073840222,-1.25,-0.685158079390397));
#5742=CARTESIAN_POINT('',(1.16299073840222,1.25,-0.685158079390397));
#5743=CARTESIAN_POINT('',(1.26524844424156,-1.25,-0.666368047211382));
#5744=CARTESIAN_POINT('',(1.26524844424156,1.25,-0.666368047211382));
#5745=CARTESIAN_POINT('',(1.26524844424156,-1.3,-0.666368047211382));
#5746=CARTESIAN_POINT('',(0.,-1.3,8.75622461390358E-17));
#5747=CARTESIAN_POINT('',(1.19902676506288,-1.25,-0.0483199406745393));
#5748=CARTESIAN_POINT('',(1.19902676506288,1.25,-0.0483199406745393));
#5749=CARTESIAN_POINT('',(1.26484073863236,-1.25,-0.075658086737172));
#5750=CARTESIAN_POINT('',(1.26484073863236,1.25,-0.075658086737172));
#5751=CARTESIAN_POINT('',(1.34360508622257,-1.25,-0.129284274525362));
#5752=CARTESIAN_POINT('',(1.34360508622257,1.25,-0.129284274525362));
#5753=CARTESIAN_POINT('',(1.41528880424767,-1.25,-0.204591301308729));
#5754=CARTESIAN_POINT('',(1.41528880424767,1.25,-0.204591301308729));
#5755=CARTESIAN_POINT('',(1.41528880424767,-1.3,-0.20459130130873));
#5756=CARTESIAN_POINT('',(1.15527390096097,-1.25,-0.324564652669333));
#5757=CARTESIAN_POINT('',(1.15527390096097,1.25,-0.324564652669333));
#5758=CARTESIAN_POINT('',(1.22631466111556,-1.24999999999999,-0.318902167013349));
#5759=CARTESIAN_POINT('',(1.22631466111556,1.25000000000001,-0.318902167013349));
#5760=CARTESIAN_POINT('',(1.31779541051312,-1.25,-0.292240153629585));
#5761=CARTESIAN_POINT('',(1.31779541051312,1.25,-0.292240153629585));
#5762=CARTESIAN_POINT('',(1.40924182872501,-1.25,-0.242770402174156));
#5763=CARTESIAN_POINT('',(1.40924182872501,1.25,-0.242770402174156));
#5764=CARTESIAN_POINT('',(1.40924182872501,-1.3,-0.242770402174156));
#5765=CARTESIAN_POINT('',(0.,-1.3,8.75622461390358E-17));
#5766=MECHANICAL_DESIGN_GEOMETRIC_PRESENTATION_REPRESENTATION('',(#1647),
#5767);
#5767=(
GEOMETRIC_REPRESENTATION_CONTEXT(3)
GLOBAL_UNCERTAINTY_ASSIGNED_CONTEXT((#5768))
GLOBAL_UNIT_ASSIGNED_CONTEXT((#5771,#5770,#5769))
REPRESENTATION_CONTEXT('Part 1','TOP_LEVEL_ASSEMBLY_PART')
);
#5768=UNCERTAINTY_MEASURE_WITH_UNIT(LENGTH_MEASURE(0.002),#5771,
'DISTANCE_ACCURACY_VALUE','Maximum Tolerance applied to model');
#5769=(
NAMED_UNIT(*)
SI_UNIT($,.STERADIAN.)
SOLID_ANGLE_UNIT()
);
#5770=(
NAMED_UNIT(*)
PLANE_ANGLE_UNIT()
SI_UNIT($,.RADIAN.)
);
#5771=(
LENGTH_UNIT()
NAMED_UNIT(*)
SI_UNIT(.CENTI.,.METRE.)
);
#5772=PRODUCT_DEFINITION_SHAPE('','',#5773);
#5773=PRODUCT_DEFINITION('','',#5775,#5774);
#5774=PRODUCT_DEFINITION_CONTEXT('',#5781,'design');
#5775=PRODUCT_DEFINITION_FORMATION_WITH_SPECIFIED_SOURCE('','',#5777,
 .NOT_KNOWN.);
#5776=PRODUCT_RELATED_PRODUCT_CATEGORY('','',(#5777));
#5777=PRODUCT('Part 1','Part 1','Part 1',(#5779));
#5778=PRODUCT_CATEGORY('','');
#5779=PRODUCT_CONTEXT('',#5781,'mechanical');
#5780=APPLICATION_PROTOCOL_DEFINITION('international standard',
'ap242_managed_model_based_3d_engineering',2020,#5781);
#5781=APPLICATION_CONTEXT('managed model based 3d engineering');
ENDSEC;
END-ISO-10303-21;
