ISO-10303-21;
HEADER;
/*Generated by software containing ST-Developer
 * from STEP Tools, Inc. (www.steptools.com) 
 */
/*OPTION: using custom renumber hook */
/*description */
/*implementation_level */
FILE_DESCRIPTION(('STEP AP242 Edition 2','STEP AP242 Edition 2''CAx-IF Rec.Pracs.---Representation and Presentation of Product Manufa
cturing Information (PMI)---4.0---2014-10-13','STEP AP242 Edition 2''CAx-IF Rec.Pracs.---Representation and Presentation of Product Manufa
cturing Information (PMI)---4.0---2014-10-13''CAx-IF Rec.Pracs.---3D Tessellated Geometry---0.4---2014-09-14','STEP AP242 Edition 2''CAx-IF Rec.Pracs.---Representation and Presentation of Product Manufa
cturing Information (PMI)---4.0---2014-10-13''CAx-IF Rec.Pracs.---3D Tessellated Geometry---0.4---2014-09-14''2;1','STEP AP242 Edition 2''CAx-IF Rec.Pracs.---Representation and Presentation of Product Manufa
cturing Information (PMI)---4.0---2014-10-13''CAx-IF Rec.Pracs.---3D Tessellated Geometry---0.4---2014-09-14''2;1''CAx-IF Rec.Pracs.---User Defined Attributes---1.5---2016-08-15'),'2;1');
/*name */
/*time_stamp */
/*author */
/*organization */
/*preprocessor_version */
/*originating_system */
/*authorisation */
FILE_NAME('/vol/tmp/translate-7870886471831499425/threaded rod.step','2026-05-03T07:57:00',(''),(''),'ST-DEVELOPER v20','ONSHAPE BY PTC INC, 1.214','  ');
FILE_SCHEMA(('AP242_MANAGED_MODEL_BASED_3D_ENGINEERING_MIM_LF { 1 0 10303 442 3 1 4 }'));
ENDSEC;
DATA;
#10=SHAPE_REPRESENTATION_RELATIONSHIP('','',#58,#11);
#11=ADVANCED_BREP_SHAPE_REPRESENTATION('',(#56),#95);
#12=CONICAL_SURFACE('',#66,0.326361906541222,1.0471975511966);
#13=PLANE('',#63);
#14=PLANE('',#65);
#15=ORIENTED_EDGE('',*,*,#21,.T.);
#16=ORIENTED_EDGE('',*,*,#22,.T.);
#17=ORIENTED_EDGE('',*,*,#23,.T.);
#18=ORIENTED_EDGE('',*,*,#22,.F.);
#19=ORIENTED_EDGE('',*,*,#21,.F.);
#20=ORIENTED_EDGE('',*,*,#23,.F.);
#21=EDGE_CURVE('',#24,#24,#27,.F.);
#22=EDGE_CURVE('',#25,#25,#28,.T.);
#23=EDGE_CURVE('',#26,#26,#29,.T.);
#24=VERTEX_POINT('',#86);
#25=VERTEX_POINT('',#88);
#26=VERTEX_POINT('',#91);
#27=CIRCLE('',#61,0.5);
#28=CIRCLE('',#62,0.5);
#29=CIRCLE('',#64,0.326361906541222);
#30=EDGE_LOOP('',(#15));
#31=EDGE_LOOP('',(#16));
#32=EDGE_LOOP('',(#17));
#33=EDGE_LOOP('',(#18));
#34=EDGE_LOOP('',(#19));
#35=EDGE_LOOP('',(#20));
#36=FACE_BOUND('',#30,.T.);
#37=FACE_BOUND('',#31,.T.);
#38=FACE_BOUND('',#32,.T.);
#39=FACE_BOUND('',#33,.T.);
#40=FACE_BOUND('',#34,.T.);
#41=FACE_BOUND('',#35,.T.);
#42=CYLINDRICAL_SURFACE('',#60,0.5);
#43=ADVANCED_FACE('',(#36,#37),#42,.T.);
#44=ADVANCED_FACE('',(#38),#13,.T.);
#45=ADVANCED_FACE('',(#39),#14,.F.);
#46=ADVANCED_FACE('',(#40,#41),#12,.T.);
#47=CLOSED_SHELL('',(#43,#44,#45,#46));
#48=STYLED_ITEM('',(#49),#56);
#49=PRESENTATION_STYLE_ASSIGNMENT((#50));
#50=SURFACE_STYLE_USAGE(.BOTH.,#51);
#51=SURFACE_SIDE_STYLE('',(#52));
#52=SURFACE_STYLE_FILL_AREA(#53);
#53=FILL_AREA_STYLE('',(#54));
#54=FILL_AREA_STYLE_COLOUR('',#55);
#55=COLOUR_RGB('',0.615686274509804,0.811764705882353,0.929411764705882);
#56=MANIFOLD_SOLID_BREP('Part 1',#47);
#57=SHAPE_DEFINITION_REPRESENTATION(#100,#58);
#58=SHAPE_REPRESENTATION('Part 1',(#59),#95);
#59=AXIS2_PLACEMENT_3D('',#83,#67,#68);
#60=AXIS2_PLACEMENT_3D('',#84,#69,#70);
#61=AXIS2_PLACEMENT_3D('',#85,#71,#72);
#62=AXIS2_PLACEMENT_3D('',#87,#73,#74);
#63=AXIS2_PLACEMENT_3D('',#89,#75,#76);
#64=AXIS2_PLACEMENT_3D('',#90,#77,#78);
#65=AXIS2_PLACEMENT_3D('',#92,#79,#80);
#66=AXIS2_PLACEMENT_3D('',#93,#81,#82);
#67=DIRECTION('',(0.,0.,1.));
#68=DIRECTION('',(1.,0.,0.));
#69=DIRECTION('',(0.,0.,-1.));
#70=DIRECTION('',(-1.,0.,0.));
#71=DIRECTION('',(0.,0.,1.));
#72=DIRECTION('',(1.,0.,0.));
#73=DIRECTION('',(0.,0.,1.));
#74=DIRECTION('',(1.,0.,0.));
#75=DIRECTION('',(0.,0.,1.));
#76=DIRECTION('',(1.,0.,0.));
#77=DIRECTION('',(0.,0.,1.));
#78=DIRECTION('',(1.,0.,0.));
#79=DIRECTION('',(0.,0.,1.));
#80=DIRECTION('',(1.,0.,0.));
#81=DIRECTION('',(0.,0.,-1.));
#82=DIRECTION('',(-1.,0.,0.));
#83=CARTESIAN_POINT('',(0.,0.,0.));
#84=CARTESIAN_POINT('',(0.,3.06161699786838E-17,20.));
#85=CARTESIAN_POINT('',(0.,3.06161699786838E-17,19.89975));
#86=CARTESIAN_POINT('',(0.5,3.06161699786838E-17,19.89975));
#87=CARTESIAN_POINT('',(0.,3.06161699786838E-17,-20.));
#88=CARTESIAN_POINT('',(0.5,3.06161699786838E-17,-20.));
#89=CARTESIAN_POINT('',(0.,0.,20.));
#90=CARTESIAN_POINT('',(0.,3.06161699786838E-17,20.));
#91=CARTESIAN_POINT('',(0.326361906541222,3.06161699786838E-17,20.));
#92=CARTESIAN_POINT('',(0.,0.,-20.));
#93=CARTESIAN_POINT('',(0.,3.06161699786838E-17,20.));
#94=MECHANICAL_DESIGN_GEOMETRIC_PRESENTATION_REPRESENTATION('',(#48),#95);
#95=(
GEOMETRIC_REPRESENTATION_CONTEXT(3)
GLOBAL_UNCERTAINTY_ASSIGNED_CONTEXT((#96))
GLOBAL_UNIT_ASSIGNED_CONTEXT((#99,#98,#97))
REPRESENTATION_CONTEXT('Part 1','TOP_LEVEL_ASSEMBLY_PART')
);
#96=UNCERTAINTY_MEASURE_WITH_UNIT(LENGTH_MEASURE(1.E-06),#99,'DISTANCE_ACCURACY_VALUE','Maximum Tolerance applied to model');
#97=(
NAMED_UNIT(*)
SI_UNIT($,.STERADIAN.)
SOLID_ANGLE_UNIT()
);
#98=(
NAMED_UNIT(*)
PLANE_ANGLE_UNIT()
SI_UNIT($,.RADIAN.)
);
#99=(
LENGTH_UNIT()
NAMED_UNIT(*)
SI_UNIT(.CENTI.,.METRE.)
);
#100=PRODUCT_DEFINITION_SHAPE('','',#101);
#101=PRODUCT_DEFINITION('','',#103,#102);
#102=PRODUCT_DEFINITION_CONTEXT('',#109,'design');
#103=PRODUCT_DEFINITION_FORMATION_WITH_SPECIFIED_SOURCE('','',#105,.NOT_KNOWN.);
#104=PRODUCT_RELATED_PRODUCT_CATEGORY('','',(#105));
#105=PRODUCT('Part 1','Part 1','Part 1',(#107));
#106=PRODUCT_CATEGORY('','');
#107=PRODUCT_CONTEXT('',#109,'mechanical');
#108=APPLICATION_PROTOCOL_DEFINITION('international standard','ap242_managed_model_based_3d_engineering',2020,#109);
#109=APPLICATION_CONTEXT('managed model based 3d engineering');
#110=COMPOSITE_SHAPE_ASPECT('hole_callout.Id : [ "Fe4C74MTe4kq0Am_1" ].JHD.0',$,#100,$);
#111=SHAPE_ASPECT('hole_callout.Id : [ "Fe4C74MTe4kq0Am_1" ].JHD.0',$,#100,.T.);
#112=GEOMETRIC_ITEM_SPECIFIC_USAGE('','',#111,#11,#46);
#113=SHAPE_ASPECT_RELATIONSHIP('','',#110,#111);
#114=SHAPE_ASPECT('hole_callout.Id : [ "Fe4C74MTe4kq0Am_1" ].JHD.0',$,#100,.T.);
#115=GEOMETRIC_ITEM_SPECIFIC_USAGE('','',#114,#11,#43);
#116=SHAPE_ASPECT_RELATIONSHIP('','',#110,#114);
#117=DIMENSIONAL_SIZE(#110,'diameter');
#118=(
LENGTH_UNIT()
NAMED_UNIT(*)
SI_UNIT(.CENTI.,.METRE.)
);
#120=PRECISION_QUALIFIER(3);
#119=(
LENGTH_MEASURE_WITH_UNIT()
MEASURE_REPRESENTATION_ITEM()
MEASURE_WITH_UNIT(POSITIVE_LENGTH_MEASURE(1.),#118)
QUALIFIED_REPRESENTATION_ITEM((#120))
REPRESENTATION_ITEM('nominal value')
);
#121=COMPOUND_REPRESENTATION_ITEM('modifiers',SET_REPRESENTATION_ITEM((#122)));
#122=DESCRIPTIVE_REPRESENTATION_ITEM('dimensional note','diameter');
#123=SHAPE_DIMENSION_REPRESENTATION('',(#119,#121),#95);
#124=DIMENSIONAL_CHARACTERISTIC_REPRESENTATION(#117,#123);
#125=DIMENSIONAL_SIZE(#110,'depth');
#126=(
LENGTH_UNIT()
NAMED_UNIT(*)
SI_UNIT(.CENTI.,.METRE.)
);
#128=PRECISION_QUALIFIER(3);
#127=(
LENGTH_MEASURE_WITH_UNIT()
MEASURE_REPRESENTATION_ITEM()
MEASURE_WITH_UNIT(POSITIVE_LENGTH_MEASURE(40.),#126)
QUALIFIED_REPRESENTATION_ITEM((#128))
REPRESENTATION_ITEM('nominal value')
);
#129=COMPOUND_REPRESENTATION_ITEM('modifiers',SET_REPRESENTATION_ITEM((#130)));
#130=DESCRIPTIVE_REPRESENTATION_ITEM('dimensional note','depth');
#131=SHAPE_DIMENSION_REPRESENTATION('',(#127,#129),#95);
#132=DIMENSIONAL_CHARACTERISTIC_REPRESENTATION(#125,#131);
#133=PRESENTATION_STYLE_ASSIGNMENT((NULL_STYLE(.NULL.)));
#134=CARTESIAN_POINT('',(0.,3.06161699786838E-19,0.1989975));
#135=DIRECTION('',(0.,0.,1.));
#136=DIRECTION('',(1.,0.,0.));
#137=AXIS2_PLACEMENT_3D('',#134,#135,#136);
#138=PLANE('',#137);
#139=ANNOTATION_PLANE('',(#133),#138,(#166));
#140=CARTESIAN_POINT('',(0.,0.,0.));
#141=DIRECTION('',(0.,0.,1.));
#142=DIRECTION('',(1.,0.,0.));
#143=AXIS2_PLACEMENT_3D('',#140,#141,#142);
#144=CARTESIAN_POINT('',(0.,0.,0.));
#145=DIRECTION('',(0.,0.,1.));
#146=DIRECTION('',(1.,0.,0.));
#147=AXIS2_PLACEMENT_3D('',#144,#145,#146);
#148=SHAPE_REPRESENTATION('',(#147,#56),#95);
#149=REPRESENTATION_MAP(#143,#148);
#150=MAPPED_ITEM('',#149,#143);
#151=PRESENTATION_STYLE_ASSIGNMENT((NULL_STYLE(.NULL.)));
#152=STYLED_ITEM('',(#151),#150);
#153=DRAUGHTING_MODEL('',(#139,#143,#150,#152),#95);
#154=DRAUGHTING_PRE_DEFINED_CURVE_FONT('continuous');
#155=COLOUR_RGB('',0.,0.,0.);
#156=CURVE_STYLE('',#154,POSITIVE_LENGTH_MEASURE(0.02),#155);
#157=PRESENTATION_STYLE_ASSIGNMENT((#156));
#158=COORDINATES_LIST('coordinates',2988,((0.3535534,0.3535534,19.8997500),(0.4949747,0.6363961,19.8997500),(0.6363961,0.4949747,19.8997500),(3.1940768,2.1359926,19.8997500),(3.1946109,2.1492317,19.8997500),(3.1946109,2.3182476,19.8997500),(3.1940768,2.1359926,19.8997500),(3.1946109,2.3182476,19.8997500),(3.1940801,2.3313097,19.8997500),(3.1940768,2.1359926,19.8997500),(3.1940801,2.3313097,19.8997500),(3.1924876,2.3437732,19.8997500),(3.1940768,2.1359926,19.8997500),(3.1924876,2.3437732,19.8997500),(3.1898335,2.3556381,19.8997500),(3.1940768,2.1359926,19.8997500),(3.1898335,2.3556381,19.8997500),(3.1861178,2.3669044,19.8997500),(3.1940768,2.1359926,19.8997500),(3.1861178,2.3669044,19.8997500),(3.1813404,2.3775721,19.8997500),(3.1940768,2.1359926,19.8997500),(3.1813404,2.3775721,19.8997500),(3.1755014,2.3876412,19.8997500),(3.1940768,2.1359926,19.8997500),(3.1755014,2.3876412,19.8997500),(3.1686007,2.3971116,19.8997500),(3.1940768,2.1359926,19.8997500),(3.1686007,2.3971116,19.8997500),(3.1606384,2.4059834,19.8997500),(3.1940768,2.1359926,19.8997500),(3.1606384,2.4059834,19.8997500),(3.1529704,2.4131519,19.8997500),(3.1940768,2.1359926,19.8997500),(3.1529704,2.4131519,19.8997500),(3.1449949,2.4193647,19.8997500),(3.1940768,2.1359926,19.8997500),(3.1449949,2.4193647,19.8997500),(3.1367118,2.4246216,19.8997500),(3.1367118,2.4246216,19.8997500),(3.1281211,2.4289228,19.8997500),(3.1192228,2.4322681,19.8997500),(3.1367118,2.4246216,19.8997500),(3.1192228,2.4322681,19.8997500),(3.1100170,2.4346576,19.8997500),(3.1367118,2.4246216,19.8997500),(3.1100170,2.4346576,19.8997500),(3.1005036,2.4360913,19.8997500),(3.1367118,2.4246216,19.8997500),(3.1005036,2.4360913,19.8997500),(3.0906826,2.4365692,19.8997500),(3.1367118,2.4246216,19.8997500),(3.0906826,2.4365692,19.8997500),(3.0809740,2.4360913,19.8997500),(3.1367118,2.4246216,19.8997500),(3.0809740,2.4360913,19.8997500),(3.0715333,2.4346576,19.8997500),(3.1367118,2.4246216,19.8997500),(3.0715333,2.4346576,19.8997500),(3.0623606,2.4322681,19.8997500),(3.1367118,2.4246216,19.8997500),(3.0623606,2.4322681,19.8997500),(3.0534557,2.4289228,19.8997500),(3.1367118,2.4246216,19.8997500),(3.0534557,2.4289228,19.8997500),(3.0448187,2.4246216,19.8997500),(3.1367118,2.4246216,19.8997500),(3.0448187,2.4246216,19.8997500),(3.0364496,2.4193647,19.8997500),(3.1367118,2.4246216,19.8997500),(3.0364496,2.4193647,19.8997500),(3.0283484,2.4131519,19.8997500),(3.1367118,2.4246216,19.8997500),(3.0283484,2.4131519,19.8997500),(3.0205151,2.4059834,19.8997500),(3.1367118,2.4246216,19.8997500),(3.0205151,2.4059834,19.8997500),(3.0125528,2.3972852,19.8997500),(3.1367118,2.4246216,19.8997500),(3.0125528,2.3972852,19.8997500),(3.0056521,2.3879653,19.8997500),(3.1367118,2.4246216,19.8997500),(3.0056521,2.3879653,19.8997500),(2.9998131,2.3780235,19.8997500),(3.1367118,2.4246216,19.8997500),(2.9998131,2.3780235,19.8997500),(2.9950357,2.3674601,19.8997500),(3.1367118,2.4246216,19.8997500),(2.9950357,2.3674601,19.8997500),(2.9913199,2.3562748,19.8997500),(2.9913199,2.3562748,19.8997500),(2.9886658,2.3444678,19.8997500),(2.9870734,2.3320390,19.8997500),(2.9913199,2.3562748,19.8997500),(2.9870734,2.3320390,19.8997500),(2.9865426,2.3189884,19.8997500),(2.9913199,2.3562748,19.8997500),(2.9865426,2.3189884,19.8997500),(2.9865426,2.3182476,19.8997500),(2.9913199,2.3562748,19.8997500),(2.9865426,2.3182476,19.8997500),(2.9865426,2.1488084,19.8997500),(2.9913199,2.3562748,19.8997500),(2.9865426,2.1488084,19.8997500),(2.9870734,2.1356768,19.8997500),(2.9913199,2.3562748,19.8997500),(2.9870734,2.1356768,19.8997500),(2.9886658,2.1231637,19.8997500),(2.9913199,2.3562748,19.8997500),(2.9886658,2.1231637,19.8997500),(2.9913199,2.1112690,19.8997500),(2.9913199,2.3562748,19.8997500),(2.9913199,2.1112690,19.8997500),(2.9950357,2.0999928,19.8997500),(2.9913199,2.3562748,19.8997500),(2.9950357,2.0999928,19.8997500),(2.9998131,2.0893350,19.8997500),(2.9913199,2.3562748,19.8997500),(2.9998131,2.0893350,19.8997500),(3.0056521,2.0792957,19.8997500),(2.9913199,2.3562748,19.8997500),(3.0056521,2.0792957,19.8997500),(3.0125528,2.0698749,19.8997500),(2.9913199,2.3562748,19.8997500),(3.0125528,2.0698749,19.8997500),(3.0205151,2.0610726,19.8997500),(3.0205151,2.0610726,19.8997500),(3.0508892,2.0907059,19.8997500),(3.0414899,2.1023409,19.8997500),(3.0205151,2.0610726,19.8997500),(3.0414899,2.1023409,19.8997500),(3.0347761,2.1159736,19.8997500),(3.0205151,2.0610726,19.8997500),(3.0347761,2.1159736,19.8997500),(3.0307478,2.1316039,19.8997500),(2.9913199,2.3562748,19.8997500),(3.0205151,2.0610726,19.8997500),(3.0307478,2.1316039,19.8997500),(2.9913199,2.3562748,19.8997500),(3.0307478,2.1316039,19.8997500),(3.0297407,2.1401681,19.8997500),(2.9913199,2.3562748,19.8997500),(3.0297407,2.1401681,19.8997500),(3.0294051,2.1492317,19.8997500),(2.9913199,2.3562748,19.8997500),(3.0294051,2.1492317,19.8997500),(3.0294051,2.3189884,19.8997500),(2.9913199,2.3562748,19.8997500),(3.0294051,2.3189884,19.8997500),(3.0297374,2.3278189,19.8997500),(2.9913199,2.3562748,19.8997500),(3.0297374,2.3278189,19.8997500),(3.0307346,2.3361598,19.8997500),(2.9913199,2.3562748,19.8997500),(3.0307346,2.3361598,19.8997500),(3.0323965,2.3440114,19.8997500),(2.9913199,2.3562748,19.8997500),(3.0323965,2.3440114,19.8997500),(3.0347232,2.3513734,19.8997500),(2.9913199,2.3562748,19.8997500),(3.0347232,2.3513734,19.8997500),(3.0413708,2.3646290,19.8997500),(2.9913199,2.3562748,19.8997500),(3.0413708,2.3646290,19.8997500),(3.0506776,2.3759267,19.8997500),(2.9913199,2.3562748,19.8997500),(3.0506776,2.3759267,19.8997500),(3.0602026,2.3837981,19.8997500),(2.9913199,2.3562748,19.8997500),(3.0602026,2.3837981,19.8997500),(3.0700451,2.3894205,19.8997500),(3.1367118,2.4246216,19.8997500),(2.9913199,2.3562748,19.8997500),(3.0700451,2.3894205,19.8997500),(3.1367118,2.4246216,19.8997500),(3.0700451,2.3894205,19.8997500),(3.0802051,2.3927939,19.8997500),(3.1367118,2.4246216,19.8997500),(3.0802051,2.3927939,19.8997500),(3.0906826,2.3939184,19.8997500),(3.1367118,2.4246216,19.8997500),(3.0906826,2.3939184,19.8997500),(3.1015900,2.3927939,19.8997500),(3.1367118,2.4246216,19.8997500),(3.1015900,2.3927939,19.8997500),(3.1118757,2.3894205,19.8997500),(3.1367118,2.4246216,19.8997500),(3.1118757,2.3894205,19.8997500),(3.1215396,2.3837981,19.8997500),(3.1367118,2.4246216,19.8997500),(3.1215396,2.3837981,19.8997500),(3.1305817,2.3759267,19.8997500),(3.1367118,2.4246216,19.8997500),(3.1305817,2.3759267,19.8997500),(3.1398884,2.3640668,19.8997500),(3.1367118,2.4246216,19.8997500),(3.1398884,2.3640668,19.8997500),(3.1465361,2.3505003,19.8997500),(3.1367118,2.4246216,19.8997500),(3.1465361,2.3505003,19.8997500),(3.1505247,2.3352272,19.8997500),(3.1940768,2.1359926,19.8997500),(3.1367118,2.4246216,19.8997500),(3.1505247,2.3352272,19.8997500),(3.1940768,2.1359926,19.8997500),(3.1505247,2.3352272,19.8997500),(3.1515218,2.3269507,19.8997500),(3.1940768,2.1359926,19.8997500),(3.1515218,2.3269507,19.8997500),(3.1518542,2.3182476,19.8997500),(3.1940768,2.1359926,19.8997500),(3.1518542,2.3182476,19.8997500),(3.1518542,2.1492317,19.8997500),(3.1940768,2.1359926,19.8997500),(3.1518542,2.1492317,19.8997500),(3.1515218,2.1402673,19.8997500),(3.1940768,2.1359926,19.8997500),(3.1515218,2.1402673,19.8997500),(3.1505247,2.1317891,19.8997500),(3.1940768,2.1359926,19.8997500),(3.1505247,2.1317891,19.8997500),(3.1488628,2.1237970,19.8997500),(3.1940768,2.1359926,19.8997500),(3.1488628,2.1237970,19.8997500),(3.1465361,2.1162911,19.8997500),(3.1940768,2.1359926,19.8997500),(3.1465361,2.1162911,19.8997500),(3.1398884,2.1027378,19.8997500),(3.1940768,2.1359926,19.8997500),(3.1398884,2.1027378,19.8997500),(3.1305817,2.0911292,19.8997500),(3.1940768,2.1359926,19.8997500),(3.1305817,2.0911292,19.8997500),(3.1214602,2.0833505,19.8997500),(3.0600438,2.0831123,19.8997500),(3.0508892,2.0907059,19.8997500),(3.0205151,2.0610726,19.8997500),(3.0697276,2.0776884,19.8997500),(3.0600438,2.0831123,19.8997500),(3.0205151,2.0610726,19.8997500),(3.0799405,2.0744340,19.8997500),(3.0697276,2.0776884,19.8997500),(3.0205151,2.0610726,19.8997500),(3.0906826,2.0733492,19.8997500),(3.0799405,2.0744340,19.8997500),(3.0205151,2.0610726,19.8997500),(3.1015106,2.0744605,19.8997500),(3.0906826,2.0733492,19.8997500),(3.0205151,2.0610726,19.8997500),(3.1015106,2.0744605,19.8997500),(3.0205151,2.0610726,19.8997500),(3.0282029,2.0540032,19.8997500),(3.1015106,2.0744605,19.8997500),(3.0282029,2.0540032,19.8997500),(3.0361850,2.0478765,19.8997500),(3.1117698,2.0777942,19.8997500),(3.1015106,2.0744605,19.8997500),(3.0361850,2.0478765,19.8997500),(3.1117698,2.0777942,19.8997500),(3.0361850,2.0478765,19.8997500),(3.0444615,2.0426923,19.8997500),(3.1117698,2.0777942,19.8997500),(3.0444615,2.0426923,19.8997500),(3.0530323,2.0384507,19.8997500),(3.1214602,2.0833505,19.8997500),(3.1117698,2.0777942,19.8997500),(3.0530323,2.0384507,19.8997500),(3.1214602,2.0833505,19.8997500),(3.0530323,2.0384507,19.8997500),(3.0618975,2.0351517,19.8997500),(3.1940768,2.1359926,19.8997500),(3.1214602,2.0833505,19.8997500),(3.0618975,2.0351517,19.8997500),(3.1940768,2.1359926,19.8997500),(3.0618975,2.0351517,19.8997500),(3.0710571,2.0327952,19.8997500),(3.1940768,2.1359926,19.8997500),(3.0710571,2.0327952,19.8997500),(3.0805110,2.0313813,19.8997500),(3.1940768,2.1359926,19.8997500),(3.0805110,2.0313813,19.8997500),(3.0902592,2.0309101,19.8997500),(3.1940768,2.1359926,19.8997500),(3.0902592,2.0309101,19.8997500),(3.1001761,2.0313731,19.8997500),(3.1940768,2.1359926,19.8997500),(3.1001761,2.0313731,19.8997500),(3.1097656,2.0327621,19.8997500),(3.1940768,2.1359926,19.8997500),(3.1097656,2.0327621,19.8997500),(3.1190277,2.0350772,19.8997500),(3.1940768,2.1359926,19.8997500),(3.1190277,2.0350772,19.8997500),(3.1279623,2.0383184,19.8997500),(3.1940768,2.1359926,19.8997500),(3.1279623,2.0383184,19.8997500),(3.1365696,2.0424856,19.8997500),(3.1940768,2.1359926,19.8997500),(3.1365696,2.0424856,19.8997500),(3.1448494,2.0475788,19.8997500),(3.1940768,2.1359926,19.8997500),(3.1448494,2.0475788,19.8997500),(3.1528018,2.0535981,19.8997500),(3.1940768,2.1359926,19.8997500),(3.1528018,2.0535981,19.8997500),(3.1604267,2.0605434,19.8997500),(3.1940768,2.1359926,19.8997500),(3.1604267,2.0605434,19.8997500),(3.1684386,2.0694764,19.8997500),(3.1940768,2.1359926,19.8997500),(3.1684386,2.0694764,19.8997500),(3.1753823,2.0790245,19.8997500),(3.1940768,2.1359926,19.8997500),(3.1753823,2.0790245,19.8997500),(3.1812577,2.0891878,19.8997500),(3.1940768,2.1359926,19.8997500),(3.1812577,2.0891878,19.8997500),(3.1860648,2.0999663,19.8997500),(3.1940768,2.1359926,19.8997500),(3.1860648,2.0999663,19.8997500),(3.1898037,2.1113599,19.8997500),(3.1940768,2.1359926,19.8997500),(3.1898037,2.1113599,19.8997500),(3.1924744,2.1233687,19.8997500),(2.3942992,2.4233401,19.8997500),(2.3868909,2.4326534,19.8997500),(2.3738734,2.4361459,19.8997500),(2.3942992,2.4233401,19.8997500),(2.3738734,2.4361459,19.8997500),(2.3661740,2.4346378,19.8997500),(2.3942992,2.4233401,19.8997500),(2.3661740,2.4346378,19.8997500),(2.3595859,2.4301134,19.8997500),(2.3942992,2.4233401,19.8997500),(2.3595859,2.4301134,19.8997500),(2.3550615,2.4232607,19.8997500),(2.3942992,2.4233401,19.8997500),(2.3550615,2.4232607,19.8997500),(2.3535534,2.4147676,19.8997500),(2.3942992,2.4233401,19.8997500),(2.3535534,2.4147676,19.8997500),(2.3535534,2.0520767,19.8997500),(2.3942992,2.4233401,19.8997500),(2.3535534,2.0520767,19.8997500),(2.3551938,2.0438482,19.8997500),(2.3942992,2.4233401,19.8997500),(2.3551938,2.0438482,19.8997500),(2.3601151,2.0369426,19.8997500),(2.3942992,2.4233401,19.8997500),(2.3601151,2.0369426,19.8997500),(2.3668619,2.0324182,19.8997500),(2.3942992,2.4233401,19.8997500),(2.3668619,2.0324182,19.8997500),(2.3750376,2.0309101,19.8997500),(2.3942992,2.4233401,19.8997500),(2.3750376,2.0309101,19.8997500),(2.3832132,2.0324182,19.8997500),(2.3942992,2.4233401,19.8997500),(2.3832132,2.0324182,19.8997500),(2.3899601,2.0369426,19.8997500),(2.3942992,2.4233401,19.8997500),(2.3899601,2.0369426,19.8997500),(2.3946432,2.0438482,19.8997500),(2.3942992,2.4233401,19.8997500),(2.3946432,2.0438482,19.8997500),(2.3962042,2.0520767,19.8997500),(2.3942992,2.4233401,19.8997500),(2.3962042,2.0520767,19.8997500),(2.3962042,2.2985626,19.8997500),(2.3942992,2.4233401,19.8997500),(2.3962042,2.2985626,19.8997500),(2.4864801,2.0439276,19.8997500),(2.3942992,2.4233401,19.8997500),(2.4864801,2.0439276,19.8997500),(2.4937032,2.0341644,19.8997500),(2.3942992,2.4233401,19.8997500),(2.4937032,2.0341644,19.8997500),(2.5060592,2.0309101,19.8997500),(2.3942992,2.4233401,19.8997500),(2.5060592,2.0309101,19.8997500),(2.5184153,2.0341644,19.8997500),(2.3942992,2.4233401,19.8997500),(2.5184153,2.0341644,19.8997500),(2.5256384,2.0439276,19.8997500),(2.6159142,2.2985626,19.8997500),(2.6159142,2.0520767,19.8997500),(2.6174753,2.0407261,19.8997500),(2.6159142,2.2985626,19.8997500),(2.6174753,2.0407261,19.8997500),(2.6221584,2.0369426,19.8997500),(2.6159142,2.2985626,19.8997500),(2.6221584,2.0369426,19.8997500),(2.6369751,2.0309101,19.8997500),(2.6159142,2.2985626,19.8997500),(2.6369751,2.0309101,19.8997500),(2.6402559,2.0297459,19.8997500),(2.6159142,2.2985626,19.8997500),(2.6402559,2.0297459,19.8997500),(2.6522151,2.0369426,19.8997500),(2.6159142,2.2985626,19.8997500),(2.6522151,2.0369426,19.8997500),(2.6567394,2.0437423,19.8997500),(2.6159142,2.2985626,19.8997500),(2.6567394,2.0437423,19.8997500),(2.6582476,2.0520767,19.8997500),(2.6159142,2.2985626,19.8997500),(2.6582476,2.0520767,19.8997500),(2.6582476,2.4147676,19.8997500),(2.6159142,2.2985626,19.8997500),(2.6582476,2.4147676,19.8997500),(2.6567394,2.4228638,19.8997500),(2.5256384,2.0439276,19.8997500),(2.6159142,2.2985626,19.8997500),(2.6567394,2.4228638,19.8997500),(2.5256384,2.0439276,19.8997500),(2.6567394,2.4228638,19.8997500),(2.6522151,2.4295842,19.8997500),(2.5256384,2.0439276,19.8997500),(2.6522151,2.4295842,19.8997500),(2.6455740,2.4345055,19.8997500),(2.5256384,2.0439276,19.8997500),(2.6455740,2.4345055,19.8997500),(2.6381392,2.4361459,19.8997500),(2.5256384,2.0439276,19.8997500),(2.6381392,2.4361459,19.8997500),(2.6254392,2.4326534,19.8997500),(2.5256384,2.0439276,19.8997500),(2.6254392,2.4326534,19.8997500),(2.6175017,2.4229167,19.8997500),(2.5256384,2.0439276,19.8997500),(2.6175017,2.4229167,19.8997500),(2.5059534,2.1177992,19.8997500),(2.3942992,2.4233401,19.8997500),(2.5256384,2.0439276,19.8997500),(2.5059534,2.1177992,19.8997500),(3.8913117,2.1228792,19.8997500),(3.8915234,2.1180109,19.8997500),(3.8939162,2.1088017,19.8997500),(3.8913117,2.1228792,19.8997500),(3.8939162,2.1088017,19.8997500),(3.8967026,2.1001714,19.8997500),(3.8913117,2.1228792,19.8997500),(3.8967026,2.1001714,19.8997500),(3.8998826,2.0921198,19.8997500),(3.8913117,2.1228792,19.8997500),(3.8998826,2.0921198,19.8997500),(3.9034561,2.0846469,19.8997500),(3.8913117,2.1228792,19.8997500),(3.9034561,2.0846469,19.8997500),(3.9074232,2.0777529,19.8997500),(3.8913117,2.1228792,19.8997500),(3.9074232,2.0777529,19.8997500),(3.9117839,2.0714376,19.8997500),(3.8913117,2.1228792,19.8997500),(3.9117839,2.0714376,19.8997500),(3.9216859,2.0605434,19.8997500),(3.8913117,2.1228792,19.8997500),(3.9216859,2.0605434,19.8997500),(3.9297838,2.0535981,19.8997500),(3.8913117,2.1228792,19.8997500),(3.9297838,2.0535981,19.8997500),(3.9380967,2.0475788,19.8997500),(3.8913117,2.1228792,19.8997500),(3.9380967,2.0475788,19.8997500),(3.9466245,2.0424856,19.8997500),(3.8913117,2.1228792,19.8997500),(3.9466245,2.0424856,19.8997500),(3.9553673,2.0383184,19.8997500),(3.8913117,2.1228792,19.8997500),(3.9553673,2.0383184,19.8997500),(3.9643251,2.0350772,19.8997500),(3.8913117,2.1228792,19.8997500),(3.9643251,2.0350772,19.8997500),(3.9734979,2.0327621,19.8997500),(3.8913117,2.1228792,19.8997500),(3.9734979,2.0327621,19.8997500),(3.9828857,2.0313731,19.8997500),(3.8913117,2.1228792,19.8997500),(3.9828857,2.0313731,19.8997500),(3.9924884,2.0309101,19.8997500),(3.8913117,2.1228792,19.8997500),(3.9924884,2.0309101,19.8997500),(4.0020134,2.0313813,19.8997500),(3.8913117,2.1228792,19.8997500),(4.0020134,2.0313813,19.8997500),(4.0112738,2.0327952,19.8997500),(3.8913117,2.1228792,19.8997500),(4.0112738,2.0327952,19.8997500),(4.0202696,2.0351517,19.8997500),(3.8913117,2.1228792,19.8997500),(4.0202696,2.0351517,19.8997500),(4.0290009,2.0384507,19.8997500),(4.0290009,2.0384507,19.8997500),(4.0374676,2.0426923,19.8997500),(4.0456696,2.0478765,19.8997500),(4.0290009,2.0384507,19.8997500),(4.0456696,2.0478765,19.8997500),(4.0536071,2.0540032,19.8997500),(4.0290009,2.0384507,19.8997500),(4.0536071,2.0540032,19.8997500),(4.0612801,2.0610726,19.8997500),(4.0290009,2.0384507,19.8997500),(4.0612801,2.0610726,19.8997500),(4.0692920,2.0698964,19.8997500),(4.0290009,2.0384507,19.8997500),(4.0692920,2.0698964,19.8997500),(4.0762356,2.0793817,19.8997500),(4.0290009,2.0384507,19.8997500),(4.0762356,2.0793817,19.8997500),(4.0821110,2.0895285,19.8997500),(4.0290009,2.0384507,19.8997500),(4.0821110,2.0895285,19.8997500),(4.0869182,2.1003367,19.8997500),(4.0290009,2.0384507,19.8997500),(4.0869182,2.1003367,19.8997500),(4.0906571,2.1118064,19.8997500),(4.0290009,2.0384507,19.8997500),(4.0906571,2.1118064,19.8997500),(4.0933277,2.1239376,19.8997500),(4.0290009,2.0384507,19.8997500),(4.0933277,2.1239376,19.8997500),(4.0949301,2.1367302,19.8997500),(4.0290009,2.0384507,19.8997500),(4.0949301,2.1367302,19.8997500),(4.0954642,2.1501842,19.8997500),(4.0290009,2.0384507,19.8997500),(4.0954642,2.1501842,19.8997500),(4.0953352,2.1605125,19.8997500),(4.0290009,2.0384507,19.8997500),(4.0953352,2.1605125,19.8997500),(4.0949483,2.1704364,19.8997500),(4.0290009,2.0384507,19.8997500),(4.0949483,2.1704364,19.8997500),(4.0943034,2.1799561,19.8997500),(4.0290009,2.0384507,19.8997500),(4.0943034,2.1799561,19.8997500),(4.0934005,2.1890714,19.8997500),(4.0290009,2.0384507,19.8997500),(4.0934005,2.1890714,19.8997500),(4.0922396,2.1977824,19.8997500),(4.0290009,2.0384507,19.8997500),(4.0922396,2.1977824,19.8997500),(4.0908208,2.2060890,19.8997500),(4.0290009,2.0384507,19.8997500),(4.0908208,2.2060890,19.8997500),(4.0891440,2.2139914,19.8997500),(4.0290009,2.0384507,19.8997500),(4.0891440,2.2139914,19.8997500),(4.0872092,2.2214894,19.8997500),(4.0290009,2.0384507,19.8997500),(4.0872092,2.2214894,19.8997500),(4.0825658,2.2352726,19.8997500),(4.0825658,2.2352726,19.8997500),(4.0768905,2.2474384,19.8997500),(4.0701833,2.2579870,19.8997500),(4.0825658,2.2352726,19.8997500),(4.0701833,2.2579870,19.8997500),(4.0624442,2.2669184,19.8997500),(4.0825658,2.2352726,19.8997500),(4.0624442,2.2669184,19.8997500),(4.0544951,2.2738637,19.8997500),(4.0825658,2.2352726,19.8997500),(4.0544951,2.2738637,19.8997500),(4.0463113,2.2798830,19.8997500),(4.0825658,2.2352726,19.8997500),(4.0463113,2.2798830,19.8997500),(4.0378925,2.2849762,19.8997500),(4.0825658,2.2352726,19.8997500),(4.0378925,2.2849762,19.8997500),(4.0292390,2.2891434,19.8997500),(4.0825658,2.2352726,19.8997500),(4.0292390,2.2891434,19.8997500),(4.0203507,2.2923845,19.8997500),(4.0825658,2.2352726,19.8997500),(4.0203507,2.2923845,19.8997500),(4.0112275,2.2946996,19.8997500),(4.0825658,2.2352726,19.8997500),(4.0112275,2.2946996,19.8997500),(4.0018695,2.2960887,19.8997500),(4.0825658,2.2352726,19.8997500),(4.0018695,2.2960887,19.8997500),(3.9922767,2.2965517,19.8997500),(4.0825658,2.2352726,19.8997500),(3.9922767,2.2965517,19.8997500),(3.9837456,2.2962260,19.8997500),(4.0825658,2.2352726,19.8997500),(3.9837456,2.2962260,19.8997500),(3.9755088,2.2952487,19.8997500),(4.0825658,2.2352726,19.8997500),(3.9755088,2.2952487,19.8997500),(3.9675663,2.2936198,19.8997500),(4.0825658,2.2352726,19.8997500),(3.9675663,2.2936198,19.8997500),(3.9599182,2.2913394,19.8997500),(4.0825658,2.2352726,19.8997500),(3.9599182,2.2913394,19.8997500),(3.9455050,2.2848241,19.8997500),(4.0825658,2.2352726,19.8997500),(3.9455050,2.2848241,19.8997500),(3.9322692,2.2757026,19.8997500),(3.9365026,2.3934951,19.8997500),(4.0640317,2.3934951,19.8997500),(4.0721809,2.3950826,19.8997500),(3.9365026,2.3934951,19.8997500),(4.0721809,2.3950826,19.8997500),(4.0790601,2.3998451,19.8997500),(3.9365026,2.3934951,19.8997500),(4.0790601,2.3998451,19.8997500),(4.0837432,2.4067771,19.8997500),(3.9365026,2.3934951,19.8997500),(4.0837432,2.4067771,19.8997500),(4.0853042,2.4148734,19.8997500),(3.9365026,2.3934951,19.8997500),(4.0853042,2.4148734,19.8997500),(4.0837432,2.4229432,19.8997500),(3.9365026,2.3934951,19.8997500),(4.0837432,2.4229432,19.8997500),(4.0790601,2.4297959,19.8997500),(3.9365026,2.3934951,19.8997500),(4.0790601,2.4297959,19.8997500),(4.0721809,2.4345584,19.8997500),(3.9365026,2.3934951,19.8997500),(4.0721809,2.4345584,19.8997500),(4.0640317,2.4361459,19.8997500),(3.9365026,2.3934951,19.8997500),(4.0640317,2.4361459,19.8997500),(3.9168176,2.4361459,19.8997500),(3.9322692,2.2757026,19.8997500),(3.9365026,2.3934951,19.8997500),(3.9168176,2.4361459,19.8997500),(3.9322692,2.2757026,19.8997500),(3.9168176,2.4361459,19.8997500),(3.9087742,2.4347436,19.8997500),(3.9322692,2.2757026,19.8997500),(3.9087742,2.4347436,19.8997500),(3.9017892,2.4305367,19.8997500),(3.9322692,2.2757026,19.8997500),(3.9017892,2.4305367,19.8997500),(3.8970267,2.4240280,19.8997500),(3.9322692,2.2757026,19.8997500),(3.8970267,2.4240280,19.8997500),(3.8954392,2.4161434,19.8997500),(3.9322692,2.2757026,19.8997500),(3.8954392,2.4161434,19.8997500),(3.8873959,2.2096626,19.8997500),(3.9322692,2.2757026,19.8997500),(3.8873959,2.2096626,19.8997500),(3.8887188,2.2017251,19.8997500),(3.9322692,2.2757026,19.8997500),(3.8887188,2.2017251,19.8997500),(3.8926876,2.1946342,19.8997500),(3.9322692,2.2757026,19.8997500),(3.8926876,2.1946342,19.8997500),(3.8991963,2.1892367,19.8997500),(3.9322692,2.2757026,19.8997500),(3.8991963,2.1892367,19.8997500),(3.9075042,2.1874376,19.8997500),(3.9322692,2.2757026,19.8997500),(3.9075042,2.1874376,19.8997500),(3.9156269,2.1887869,19.8997500),(3.9322692,2.2757026,19.8997500),(3.9156269,2.1887869,19.8997500),(3.9228501,2.1928351,19.8997500),(3.9322692,2.2757026,19.8997500),(3.9228501,2.1928351,19.8997500),(3.9290942,2.2029951,19.8997500),(3.9322692,2.2757026,19.8997500),(3.9290942,2.2029951,19.8997500),(3.9324941,2.2115080,19.8997500),(3.9322692,2.2757026,19.8997500),(3.9324941,2.2115080,19.8997500),(3.9374021,2.2199019,19.8997500),(3.9322692,2.2757026,19.8997500),(3.9374021,2.2199019,19.8997500),(3.9438183,2.2281768,19.8997500),(3.9322692,2.2757026,19.8997500),(3.9438183,2.2281768,19.8997500),(3.9517426,2.2363326,19.8997500),(3.9322692,2.2757026,19.8997500),(3.9517426,2.2363326,19.8997500),(3.9613006,2.2441113,19.8997500),(3.9322692,2.2757026,19.8997500),(3.9613006,2.2441113,19.8997500),(3.9712423,2.2496676,19.8997500),(3.9322692,2.2757026,19.8997500),(3.9712423,2.2496676,19.8997500),(3.9815677,2.2530013,19.8997500),(3.9322692,2.2757026,19.8997500),(3.9815677,2.2530013,19.8997500),(3.9922767,2.2541126,19.8997500),(3.9322692,2.2757026,19.8997500),(3.9922767,2.2541126,19.8997500),(4.0029262,2.2530013,19.8997500),(4.0825658,2.2352726,19.8997500),(3.9322692,2.2757026,19.8997500),(4.0029262,2.2530013,19.8997500),(4.0825658,2.2352726,19.8997500),(4.0029262,2.2530013,19.8997500),(4.0131788,2.2496676,19.8997500),(4.0825658,2.2352726,19.8997500),(4.0131788,2.2496676,19.8997500),(4.0230345,2.2441113,19.8997500),(4.0825658,2.2352726,19.8997500),(4.0230345,2.2441113,19.8997500),(4.0324934,2.2363326,19.8997500),(4.0825658,2.2352726,19.8997500),(4.0324934,2.2363326,19.8997500),(4.0415223,2.2234738,19.8997500),(4.0825658,2.2352726,19.8997500),(4.0415223,2.2234738,19.8997500),(4.0450694,2.2148616,19.8997500),(4.0825658,2.2352726,19.8997500),(4.0450694,2.2148616,19.8997500),(4.0479715,2.2047942,19.8997500),(4.0825658,2.2352726,19.8997500),(4.0479715,2.2047942,19.8997500),(4.0502287,2.1932716,19.8997500),(4.0825658,2.2352726,19.8997500),(4.0502287,2.1932716,19.8997500),(4.0518410,2.1802938,19.8997500),(4.0825658,2.2352726,19.8997500),(4.0518410,2.1802938,19.8997500),(4.0528084,2.1658608,19.8997500),(4.0825658,2.2352726,19.8997500),(4.0528084,2.1658608,19.8997500),(4.0531309,2.1499726,19.8997500),(4.0825658,2.2352726,19.8997500),(4.0531309,2.1499726,19.8997500),(4.0527869,2.1408279,19.8997500),(4.0825658,2.2352726,19.8997500),(4.0527869,2.1408279,19.8997500),(4.0517551,2.1321793,19.8997500),(4.0825658,2.2352726,19.8997500),(4.0517551,2.1321793,19.8997500),(4.0500353,2.1240269,19.8997500),(4.0290009,2.0384507,19.8997500),(4.0825658,2.2352726,19.8997500),(4.0500353,2.1240269,19.8997500),(4.0290009,2.0384507,19.8997500),(4.0500353,2.1240269,19.8997500),(4.0476276,2.1163705,19.8997500),(4.0290009,2.0384507,19.8997500),(4.0476276,2.1163705,19.8997500),(4.0407484,2.1025460,19.8997500),(4.0290009,2.0384507,19.8997500),(4.0407484,2.1025460,19.8997500),(4.0311176,2.0907059,19.8997500),(4.0290009,2.0384507,19.8997500),(4.0311176,2.0907059,19.8997500),(4.0219894,2.0831123,19.8997500),(4.0290009,2.0384507,19.8997500),(4.0219894,2.0831123,19.8997500),(4.0123851,2.0776884,19.8997500),(4.0290009,2.0384507,19.8997500),(4.0123851,2.0776884,19.8997500),(4.0023044,2.0744340,19.8997500),(4.0290009,2.0384507,19.8997500),(4.0023044,2.0744340,19.8997500),(3.9917476,2.0733492,19.8997500),(4.0290009,2.0384507,19.8997500),(3.9917476,2.0733492,19.8997500),(3.9814883,2.0744737,19.8997500),(4.0290009,2.0384507,19.8997500),(3.9814883,2.0744737,19.8997500),(3.9712423,2.0778471,19.8997500),(4.0290009,2.0384507,19.8997500),(3.9712423,2.0778471,19.8997500),(3.9610096,2.0834695,19.8997500),(3.8913117,2.1228792,19.8997500),(4.0290009,2.0384507,19.8997500),(3.9610096,2.0834695,19.8997500),(3.8913117,2.1228792,19.8997500),(3.9610096,2.0834695,19.8997500),(3.9507901,2.0913409,19.8997500),(3.8913117,2.1228792,19.8997500),(3.9507901,2.0913409,19.8997500),(3.9405771,2.1056284,19.8997500),(3.8913117,2.1228792,19.8997500),(3.9405771,2.1056284,19.8997500),(3.9366216,2.1156296,19.8997500),(3.8913117,2.1228792,19.8997500),(3.9366216,2.1156296,19.8997500),(3.9334334,2.1275359,19.8997500),(3.8913117,2.1228792,19.8997500),(3.9334334,2.1275359,19.8997500),(3.9290281,2.1348053,19.8997500),(3.8913117,2.1228792,19.8997500),(3.9290281,2.1348053,19.8997500),(3.9241730,2.1399978,19.8997500),(3.8913117,2.1228792,19.8997500),(3.9241730,2.1399978,19.8997500),(3.9131134,2.1441517,19.8997500),(3.8913117,2.1228792,19.8997500),(3.9131134,2.1441517,19.8997500),(3.9123726,2.1441517,19.8997500),(3.8913117,2.1228792,19.8997500),(3.9123726,2.1441517,19.8997500),(3.9049841,2.1425841,19.8997500),(3.8913117,2.1228792,19.8997500),(3.9049841,2.1425841,19.8997500),(3.8990111,2.1385161,19.8997500),(3.2834844,2.0283965,19.8997500),(3.2896492,2.0339792,19.8997500),(3.3616159,2.1335684,19.8997500),(3.3616159,2.1335684,19.8997500),(3.4333709,2.0339792,19.8997500),(3.4395886,2.0283965,19.8997500),(3.3616159,2.1335684,19.8997500),(3.4395886,2.0283965,19.8997500),(3.4474467,2.0256184,19.8997500),(3.3616159,2.1335684,19.8997500),(3.4474467,2.0256184,19.8997500),(3.4557017,2.0258565,19.8997500),(3.3616159,2.1335684,19.8997500),(3.4557017,2.0258565,19.8997500),(3.4631101,2.0293226,19.8997500),(3.3616159,2.1335684,19.8997500),(3.4631101,2.0293226,19.8997500),(3.4687721,2.0353021,19.8997500),(3.3616159,2.1335684,19.8997500),(3.4687721,2.0353021,19.8997500),(3.4715767,2.0430809,19.8997500),(3.3616159,2.1335684,19.8997500),(3.4715767,2.0430809,19.8997500),(3.4714180,2.0513888,19.8997500),(3.3616159,2.1335684,19.8997500),(3.4714180,2.0513888,19.8997500),(3.4681901,2.0589559,19.8997500),(3.3616159,2.1335684,19.8997500),(3.4681901,2.0589559,19.8997500),(3.3877567,2.1700809,19.8997500),(3.2834844,2.0283965,19.8997500),(3.3616159,2.1335684,19.8997500),(3.3877567,2.1700809,19.8997500),(3.2834844,2.0283965,19.8997500),(3.3877567,2.1700809,19.8997500),(3.4681901,2.2809942,19.8997500),(3.2834844,2.0283965,19.8997500),(3.4681901,2.2809942,19.8997500),(3.4714180,2.2884026,19.8997500),(3.2834844,2.0283965,19.8997500),(3.4714180,2.2884026,19.8997500),(3.4715767,2.2966576,19.8997500),(3.2834844,2.0283965,19.8997500),(3.4715767,2.2966576,19.8997500),(3.4687721,2.3044628,19.8997500),(3.2834844,2.0283965,19.8997500),(3.4687721,2.3044628,19.8997500),(3.4631101,2.3105217,19.8997500),(3.2834844,2.0283965,19.8997500),(3.4631101,2.3105217,19.8997500),(3.4557017,2.3140671,19.8997500),(3.2834844,2.0283965,19.8997500),(3.4557017,2.3140671,19.8997500),(3.4474467,2.3143317,19.8997500),(3.2834844,2.0283965,19.8997500),(3.4474467,2.3143317,19.8997500),(3.4395886,2.3115007,19.8997500),(3.2834844,2.0283965,19.8997500),(3.4395886,2.3115007,19.8997500),(3.4333709,2.3057592,19.8997500),(3.2834844,2.0283965,19.8997500),(3.4333709,2.3057592,19.8997500),(3.3616159,2.2061701,19.8997500),(3.3616159,2.2061701,19.8997500),(3.2896492,2.3057592,19.8997500),(3.2835373,2.3116065,19.8997500),(3.3616159,2.2061701,19.8997500),(3.2835373,2.3116065,19.8997500),(3.2757851,2.3143317,19.8997500),(3.3616159,2.2061701,19.8997500),(3.2757851,2.3143317,19.8997500),(3.2671332,2.3140936,19.8997500),(3.3616159,2.2061701,19.8997500),(3.2671332,2.3140936,19.8997500),(3.2598042,2.3106276,19.8997500),(3.3616159,2.2061701,19.8997500),(3.2598042,2.3106276,19.8997500),(3.2542215,2.3045686,19.8997500),(3.3616159,2.2061701,19.8997500),(3.2542215,2.3045686,19.8997500),(3.2514434,2.2969751,19.8997500),(3.3616159,2.2061701,19.8997500),(3.2514434,2.2969751,19.8997500),(3.2517344,2.2884819,19.8997500),(3.3616159,2.2061701,19.8997500),(3.2517344,2.2884819,19.8997500),(3.2553592,2.2809942,19.8997500),(3.3616159,2.2061701,19.8997500),(3.2553592,2.2809942,19.8997500),(3.3352634,2.1700809,19.8997500),(3.2834844,2.0283965,19.8997500),(3.3616159,2.2061701,19.8997500),(3.3352634,2.1700809,19.8997500),(3.2834844,2.0283965,19.8997500),(3.3352634,2.1700809,19.8997500),(3.2549359,2.0589559,19.8997500),(3.2834844,2.0283965,19.8997500),(3.2549359,2.0589559,19.8997500),(3.2516286,2.0514153,19.8997500),(3.2834844,2.0283965,19.8997500),(3.2516286,2.0514153,19.8997500),(3.2514434,2.0431867,19.8997500),(3.2834844,2.0283965,19.8997500),(3.2514434,2.0431867,19.8997500),(3.2542480,2.0350640,19.8997500),(3.2834844,2.0283965,19.8997500),(3.2542480,2.0350640,19.8997500),(3.2599101,2.0291109,19.8997500),(3.2834844,2.0283965,19.8997500),(3.2599101,2.0291109,19.8997500),(3.2673713,2.0258036,19.8997500),(3.2834844,2.0283965,19.8997500),(3.2673713,2.0258036,19.8997500),(3.2755734,2.0256184,19.8997500),(3.6619709,2.4367809,19.8997500),(3.6502234,2.4321242,19.8997500),(3.5894751,2.3819592,19.8997500),(3.6619709,2.4367809,19.8997500),(3.5894751,2.3819592,19.8997500),(3.5837071,2.3751859,19.8997500),(3.6619709,2.4367809,19.8997500),(3.5837071,2.3751859,19.8997500),(3.5812201,2.3679892,19.8997500),(3.6619709,2.4367809,19.8997500),(3.5812201,2.3679892,19.8997500),(3.5812201,2.3646026,19.8997500),(3.6619709,2.4367809,19.8997500),(3.5812201,2.3646026,19.8997500),(3.5846067,2.3517967,19.8997500),(3.6619709,2.4367809,19.8997500),(3.5846067,2.3517967,19.8997500),(3.5905334,2.3461082,19.8997500),(3.6619709,2.4367809,19.8997500),(3.5905334,2.3461082,19.8997500),(3.5985767,2.3432242,19.8997500),(3.6619709,2.4367809,19.8997500),(3.5985767,2.3432242,19.8997500),(3.6027042,2.3430126,19.8997500),(3.6619709,2.4367809,19.8997500),(3.6027042,2.3430126,19.8997500),(3.6142401,2.3467167,19.8997500),(3.6619709,2.4367809,19.8997500),(3.6142401,2.3467167,19.8997500),(3.6413334,2.3706351,19.8997500),(3.6619709,2.4367809,19.8997500),(3.6413334,2.3706351,19.8997500),(3.6413334,2.0520767,19.8997500),(3.6619709,2.4367809,19.8997500),(3.6413334,2.0520767,19.8997500),(3.6428680,2.0438746,19.8997500),(3.6619709,2.4367809,19.8997500),(3.6428680,2.0438746,19.8997500),(3.6474717,2.0370484,19.8997500),(3.6619709,2.4367809,19.8997500),(3.6474717,2.0370484,19.8997500),(3.6542980,2.0324446,19.8997500),(3.6619709,2.4367809,19.8997500),(3.6542980,2.0324446,19.8997500),(3.6625001,2.0309101,19.8997500),(3.6619709,2.4367809,19.8997500),(3.6625001,2.0309101,19.8997500),(3.6707815,2.0324446,19.8997500),(3.6619709,2.4367809,19.8997500),(3.6707815,2.0324446,19.8997500),(3.6776342,2.0370484,19.8997500),(3.6619709,2.4367809,19.8997500),(3.6776342,2.0370484,19.8997500),(3.6822380,2.0438746,19.8997500),(3.6619709,2.4367809,19.8997500),(3.6822380,2.0438746,19.8997500),(3.6837726,2.0520767,19.8997500),(3.6619709,2.4367809,19.8997500),(3.6837726,2.0520767,19.8997500),(3.6837726,2.4147676,19.8997500),(3.6619709,2.4367809,19.8997500),(3.6837726,2.4147676,19.8997500),(3.6809415,2.4260917,19.8997500),(3.6619709,2.4367809,19.8997500),(3.6809415,2.4260917,19.8997500),(3.6724484,2.4336059,19.8997500),(2.8491709,2.4367809,19.8997500),(2.8374234,2.4321242,19.8997500),(2.7766751,2.3819592,19.8997500),(2.8491709,2.4367809,19.8997500),(2.7766751,2.3819592,19.8997500),(2.7709071,2.3751859,19.8997500),(2.8491709,2.4367809,19.8997500),(2.7709071,2.3751859,19.8997500),(2.7684201,2.3679892,19.8997500),(2.8491709,2.4367809,19.8997500),(2.7684201,2.3679892,19.8997500),(2.7684201,2.3646026,19.8997500),(2.8491709,2.4367809,19.8997500),(2.7684201,2.3646026,19.8997500),(2.7718067,2.3517967,19.8997500),(2.8491709,2.4367809,19.8997500),(2.7718067,2.3517967,19.8997500),(2.7777334,2.3461082,19.8997500),(2.8491709,2.4367809,19.8997500),(2.7777334,2.3461082,19.8997500),(2.7857767,2.3432242,19.8997500),(2.8491709,2.4367809,19.8997500),(2.7857767,2.3432242,19.8997500),(2.7899042,2.3430126,19.8997500),(2.8491709,2.4367809,19.8997500),(2.7899042,2.3430126,19.8997500),(2.8014401,2.3467167,19.8997500),(2.8491709,2.4367809,19.8997500),(2.8014401,2.3467167,19.8997500),(2.8285334,2.3706351,19.8997500),(2.8491709,2.4367809,19.8997500),(2.8285334,2.3706351,19.8997500),(2.8285334,2.0520767,19.8997500),(2.8491709,2.4367809,19.8997500),(2.8285334,2.0520767,19.8997500),(2.8300680,2.0438746,19.8997500),(2.8491709,2.4367809,19.8997500),(2.8300680,2.0438746,19.8997500),(2.8346717,2.0370484,19.8997500),(2.8491709,2.4367809,19.8997500),(2.8346717,2.0370484,19.8997500),(2.8414980,2.0324446,19.8997500),(2.8491709,2.4367809,19.8997500),(2.8414980,2.0324446,19.8997500),(2.8497001,2.0309101,19.8997500),(2.8491709,2.4367809,19.8997500),(2.8497001,2.0309101,19.8997500),(2.8579815,2.0324446,19.8997500),(2.8491709,2.4367809,19.8997500),(2.8579815,2.0324446,19.8997500),(2.8648342,2.0370484,19.8997500),(2.8491709,2.4367809,19.8997500),(2.8648342,2.0370484,19.8997500),(2.8694380,2.0438746,19.8997500),(2.8491709,2.4367809,19.8997500),(2.8694380,2.0438746,19.8997500),(2.8709726,2.0520767,19.8997500),(2.8491709,2.4367809,19.8997500),(2.8709726,2.0520767,19.8997500),(2.8709726,2.4147676,19.8997500),(2.8491709,2.4367809,19.8997500),(2.8709726,2.4147676,19.8997500),(2.8681415,2.4260917,19.8997500),(2.8491709,2.4367809,19.8997500),(2.8681415,2.4260917,19.8997500),(2.8596484,2.4336059,19.8997500),(3.7823034,2.0339528,19.8997500),(3.7896059,2.0232901,19.8997500),(3.8002686,2.0159876,19.8997500),(3.7823034,2.0339528,19.8997500),(3.8002686,2.0159876,19.8997500),(3.8127834,2.0135534,19.8997500),(3.7823034,2.0339528,19.8997500),(3.8127834,2.0135534,19.8997500),(3.8252717,2.0159876,19.8997500),(3.7823034,2.0339528,19.8997500),(3.8252717,2.0159876,19.8997500),(3.8358551,2.0232901,19.8997500),(3.7823034,2.0339528,19.8997500),(3.8358551,2.0232901,19.8997500),(3.8431576,2.0339528,19.8997500),(3.7823034,2.0339528,19.8997500),(3.8431576,2.0339528,19.8997500),(3.8455917,2.0464676,19.8997500),(3.7823034,2.0339528,19.8997500),(3.8455917,2.0464676,19.8997500),(3.8431576,2.0589823,19.8997500),(3.7823034,2.0339528,19.8997500),(3.8431576,2.0589823,19.8997500),(3.8358551,2.0696451,19.8997500),(3.7823034,2.0339528,19.8997500),(3.8358551,2.0696451,19.8997500),(3.8252717,2.0769476,19.8997500),(3.7823034,2.0339528,19.8997500),(3.8252717,2.0769476,19.8997500),(3.8127834,2.0793817,19.8997500),(3.7823034,2.0339528,19.8997500),(3.8127834,2.0793817,19.8997500),(3.8002686,2.0769476,19.8997500),(3.7823034,2.0339528,19.8997500),(3.8002686,2.0769476,19.8997500),(3.7896059,2.0696451,19.8997500),(3.7823034,2.0339528,19.8997500),(3.7896059,2.0696451,19.8997500),(3.7823034,2.0589823,19.8997500),(3.7823034,2.0339528,19.8997500),(3.7823034,2.0589823,19.8997500),(3.7798692,2.0464676,19.8997500),(5.2055926,2.1299072,19.8997500),(5.2061267,2.1431463,19.8997500),(5.2061267,2.3121621,19.8997500),(5.2055926,2.1299072,19.8997500),(5.2061267,2.3121621,19.8997500),(5.2055959,2.3252243,19.8997500),(5.2055926,2.1299072,19.8997500),(5.2055959,2.3252243,19.8997500),(5.2040034,2.3376878,19.8997500),(5.2055926,2.1299072,19.8997500),(5.2040034,2.3376878,19.8997500),(5.2013493,2.3495527,19.8997500),(5.2055926,2.1299072,19.8997500),(5.2013493,2.3495527,19.8997500),(5.1976336,2.3608190,19.8997500),(5.2055926,2.1299072,19.8997500),(5.1976336,2.3608190,19.8997500),(5.1928562,2.3714867,19.8997500),(5.2055926,2.1299072,19.8997500),(5.1928562,2.3714867,19.8997500),(5.1870172,2.3815557,19.8997500),(5.2055926,2.1299072,19.8997500),(5.1870172,2.3815557,19.8997500),(5.1801165,2.3910262,19.8997500),(5.2055926,2.1299072,19.8997500),(5.1801165,2.3910262,19.8997500),(5.1721542,2.3998980,19.8997500),(5.2055926,2.1299072,19.8997500),(5.1721542,2.3998980,19.8997500),(5.1644863,2.4070665,19.8997500),(5.2055926,2.1299072,19.8997500),(5.1644863,2.4070665,19.8997500),(5.1565107,2.4132793,19.8997500),(5.2055926,2.1299072,19.8997500),(5.1565107,2.4132793,19.8997500),(5.1482276,2.4185362,19.8997500),(5.1482276,2.4185362,19.8997500),(5.1396369,2.4228373,19.8997500),(5.1307387,2.4261827,19.8997500),(5.1482276,2.4185362,19.8997500),(5.1307387,2.4261827,19.8997500),(5.1215328,2.4285722,19.8997500),(5.1482276,2.4185362,19.8997500),(5.1215328,2.4285722,19.8997500),(5.1120194,2.4300059,19.8997500),(5.1482276,2.4185362,19.8997500),(5.1120194,2.4300059,19.8997500),(5.1021984,2.4304838,19.8997500),(5.1482276,2.4185362,19.8997500),(5.1021984,2.4304838,19.8997500),(5.0924898,2.4300059,19.8997500),(5.1482276,2.4185362,19.8997500),(5.0924898,2.4300059,19.8997500),(5.0830492,2.4285722,19.8997500),(5.1482276,2.4185362,19.8997500),(5.0830492,2.4285722,19.8997500),(5.0738764,2.4261827,19.8997500),(5.1482276,2.4185362,19.8997500),(5.0738764,2.4261827,19.8997500),(5.0649715,2.4228373,19.8997500),(5.1482276,2.4185362,19.8997500),(5.0649715,2.4228373,19.8997500),(5.0563345,2.4185362,19.8997500),(5.1482276,2.4185362,19.8997500),(5.0563345,2.4185362,19.8997500),(5.0479654,2.4132793,19.8997500),(5.1482276,2.4185362,19.8997500),(5.0479654,2.4132793,19.8997500),(5.0398642,2.4070665,19.8997500),(5.1482276,2.4185362,19.8997500),(5.0398642,2.4070665,19.8997500),(5.0320309,2.3998980,19.8997500),(5.1482276,2.4185362,19.8997500),(5.0320309,2.3998980,19.8997500),(5.0240686,2.3911998,19.8997500),(5.1482276,2.4185362,19.8997500),(5.0240686,2.3911998,19.8997500),(5.0171679,2.3818798,19.8997500),(5.1482276,2.4185362,19.8997500),(5.0171679,2.3818798,19.8997500),(5.0113289,2.3719381,19.8997500),(5.1482276,2.4185362,19.8997500),(5.0113289,2.3719381,19.8997500),(5.0065515,2.3613746,19.8997500),(5.1482276,2.4185362,19.8997500),(5.0065515,2.3613746,19.8997500),(5.0028358,2.3501894,19.8997500),(5.0028358,2.3501894,19.8997500),(5.0001817,2.3383823,19.8997500),(4.9985892,2.3259535,19.8997500),(5.0028358,2.3501894,19.8997500),(4.9985892,2.3259535,19.8997500),(4.9980584,2.3129030,19.8997500),(5.0028358,2.3501894,19.8997500),(4.9980584,2.3129030,19.8997500),(4.9980584,2.3121621,19.8997500),(5.0028358,2.3501894,19.8997500),(4.9980584,2.3121621,19.8997500),(4.9980584,2.1427230,19.8997500),(5.0028358,2.3501894,19.8997500),(4.9980584,2.1427230,19.8997500),(4.9985892,2.1295914,19.8997500),(5.0028358,2.3501894,19.8997500),(4.9985892,2.1295914,19.8997500),(5.0001817,2.1170782,19.8997500),(5.0028358,2.3501894,19.8997500),(5.0001817,2.1170782,19.8997500),(5.0028358,2.1051836,19.8997500),(5.0028358,2.3501894,19.8997500),(5.0028358,2.1051836,19.8997500),(5.0065515,2.0939073,19.8997500),(5.0028358,2.3501894,19.8997500),(5.0065515,2.0939073,19.8997500),(5.0113289,2.0832496,19.8997500),(5.0028358,2.3501894,19.8997500),(5.0113289,2.0832496,19.8997500),(5.0171679,2.0732103,19.8997500),(5.0028358,2.3501894,19.8997500),(5.0171679,2.0732103,19.8997500),(5.0240686,2.0637895,19.8997500),(5.0028358,2.3501894,19.8997500),(5.0240686,2.0637895,19.8997500),(5.0320309,2.0549871,19.8997500),(5.0320309,2.0549871,19.8997500),(5.0624051,2.0846205,19.8997500),(5.0530057,2.0962555,19.8997500),(5.0320309,2.0549871,19.8997500),(5.0530057,2.0962555,19.8997500),(5.0462919,2.1098882,19.8997500),(5.0320309,2.0549871,19.8997500),(5.0462919,2.1098882,19.8997500),(5.0422637,2.1255184,19.8997500),(5.0028358,2.3501894,19.8997500),(5.0320309,2.0549871,19.8997500),(5.0422637,2.1255184,19.8997500),(5.0028358,2.3501894,19.8997500),(5.0422637,2.1255184,19.8997500),(5.0412566,2.1340827,19.8997500),(5.0028358,2.3501894,19.8997500),(5.0412566,2.1340827,19.8997500),(5.0409209,2.1431463,19.8997500),(5.0028358,2.3501894,19.8997500),(5.0409209,2.1431463,19.8997500),(5.0409209,2.3129030,19.8997500),(5.0028358,2.3501894,19.8997500),(5.0409209,2.3129030,19.8997500),(5.0412533,2.3217334,19.8997500),(5.0028358,2.3501894,19.8997500),(5.0412533,2.3217334,19.8997500),(5.0422504,2.3300744,19.8997500),(5.0028358,2.3501894,19.8997500),(5.0422504,2.3300744,19.8997500),(5.0439123,2.3379259,19.8997500),(5.0028358,2.3501894,19.8997500),(5.0439123,2.3379259,19.8997500),(5.0462390,2.3452880,19.8997500),(5.0028358,2.3501894,19.8997500),(5.0462390,2.3452880,19.8997500),(5.0528867,2.3585436,19.8997500),(5.0028358,2.3501894,19.8997500),(5.0528867,2.3585436,19.8997500),(5.0621934,2.3698413,19.8997500),(5.0028358,2.3501894,19.8997500),(5.0621934,2.3698413,19.8997500),(5.0717184,2.3777127,19.8997500),(5.0028358,2.3501894,19.8997500),(5.0717184,2.3777127,19.8997500),(5.0815609,2.3833351,19.8997500),(5.1482276,2.4185362,19.8997500),(5.0028358,2.3501894,19.8997500),(5.0815609,2.3833351,19.8997500),(5.1482276,2.4185362,19.8997500),(5.0815609,2.3833351,19.8997500),(5.0917209,2.3867085,19.8997500),(5.1482276,2.4185362,19.8997500),(5.0917209,2.3867085,19.8997500),(5.1021984,2.3878330,19.8997500),(5.1482276,2.4185362,19.8997500),(5.1021984,2.3878330,19.8997500),(5.1131058,2.3867085,19.8997500),(5.1482276,2.4185362,19.8997500),(5.1131058,2.3867085,19.8997500),(5.1233915,2.3833351,19.8997500),(5.1482276,2.4185362,19.8997500),(5.1233915,2.3833351,19.8997500),(5.1330554,2.3777127,19.8997500),(5.1482276,2.4185362,19.8997500),(5.1330554,2.3777127,19.8997500),(5.1420976,2.3698413,19.8997500),(5.1482276,2.4185362,19.8997500),(5.1420976,2.3698413,19.8997500),(5.1514043,2.3579814,19.8997500),(5.1482276,2.4185362,19.8997500),(5.1514043,2.3579814,19.8997500),(5.1580519,2.3444148,19.8997500),(5.1482276,2.4185362,19.8997500),(5.1580519,2.3444148,19.8997500),(5.1620405,2.3291418,19.8997500),(5.2055926,2.1299072,19.8997500),(5.1482276,2.4185362,19.8997500),(5.1620405,2.3291418,19.8997500),(5.2055926,2.1299072,19.8997500),(5.1620405,2.3291418,19.8997500),(5.1630377,2.3208653,19.8997500),(5.2055926,2.1299072,19.8997500),(5.1630377,2.3208653,19.8997500),(5.1633701,2.3121621,19.8997500),(5.2055926,2.1299072,19.8997500),(5.1633701,2.3121621,19.8997500),(5.1633701,2.1431463,19.8997500),(5.2055926,2.1299072,19.8997500),(5.1633701,2.1431463,19.8997500),(5.1630377,2.1341819,19.8997500),(5.2055926,2.1299072,19.8997500),(5.1630377,2.1341819,19.8997500),(5.1620405,2.1257037,19.8997500),(5.2055926,2.1299072,19.8997500),(5.1620405,2.1257037,19.8997500),(5.1603786,2.1177116,19.8997500),(5.2055926,2.1299072,19.8997500),(5.1603786,2.1177116,19.8997500),(5.1580519,2.1102057,19.8997500),(5.2055926,2.1299072,19.8997500),(5.1580519,2.1102057,19.8997500),(5.1514043,2.0966524,19.8997500),(5.2055926,2.1299072,19.8997500),(5.1514043,2.0966524,19.8997500),(5.1420976,2.0850438,19.8997500),(5.2055926,2.1299072,19.8997500),(5.1420976,2.0850438,19.8997500),(5.1329760,2.0772651,19.8997500),(5.0715596,2.0770269,19.8997500),(5.0624051,2.0846205,19.8997500),(5.0320309,2.0549871,19.8997500),(5.0812434,2.0716030,19.8997500),(5.0715596,2.0770269,19.8997500),(5.0320309,2.0549871,19.8997500),(5.0914563,2.0683486,19.8997500),(5.0812434,2.0716030,19.8997500),(5.0320309,2.0549871,19.8997500),(5.1021984,2.0672638,19.8997500),(5.0914563,2.0683486,19.8997500),(5.0320309,2.0549871,19.8997500),(5.1130265,2.0683751,19.8997500),(5.1021984,2.0672638,19.8997500),(5.0320309,2.0549871,19.8997500),(5.1130265,2.0683751,19.8997500),(5.0320309,2.0549871,19.8997500),(5.0397187,2.0479178,19.8997500),(5.1130265,2.0683751,19.8997500),(5.0397187,2.0479178,19.8997500),(5.0477008,2.0417910,19.8997500),(5.1232857,2.0717088,19.8997500),(5.1130265,2.0683751,19.8997500),(5.0477008,2.0417910,19.8997500),(5.1232857,2.0717088,19.8997500),(5.0477008,2.0417910,19.8997500),(5.0559773,2.0366069,19.8997500),(5.1232857,2.0717088,19.8997500),(5.0559773,2.0366069,19.8997500),(5.0645482,2.0323653,19.8997500),(5.1329760,2.0772651,19.8997500),(5.1232857,2.0717088,19.8997500),(5.0645482,2.0323653,19.8997500),(5.1329760,2.0772651,19.8997500),(5.0645482,2.0323653,19.8997500),(5.0734134,2.0290662,19.8997500),(5.2055926,2.1299072,19.8997500),(5.1329760,2.0772651,19.8997500),(5.0734134,2.0290662,19.8997500),(5.2055926,2.1299072,19.8997500),(5.0734134,2.0290662,19.8997500),(5.0825729,2.0267098,19.8997500),(5.2055926,2.1299072,19.8997500),(5.0825729,2.0267098,19.8997500),(5.0920268,2.0252959,19.8997500),(5.2055926,2.1299072,19.8997500),(5.0920268,2.0252959,19.8997500),(5.1017751,2.0248246,19.8997500),(5.2055926,2.1299072,19.8997500),(5.1017751,2.0248246,19.8997500),(5.1116920,2.0252877,19.8997500),(5.2055926,2.1299072,19.8997500),(5.1116920,2.0252877,19.8997500),(5.1212815,2.0266767,19.8997500),(5.2055926,2.1299072,19.8997500),(5.1212815,2.0266767,19.8997500),(5.1305435,2.0289918,19.8997500),(5.2055926,2.1299072,19.8997500),(5.1305435,2.0289918,19.8997500),(5.1394782,2.0322330,19.8997500),(5.2055926,2.1299072,19.8997500),(5.1394782,2.0322330,19.8997500),(5.1480854,2.0364002,19.8997500),(5.2055926,2.1299072,19.8997500),(5.1480854,2.0364002,19.8997500),(5.1563652,2.0414934,19.8997500),(5.2055926,2.1299072,19.8997500),(5.1563652,2.0414934,19.8997500),(5.1643176,2.0475127,19.8997500),(5.2055926,2.1299072,19.8997500),(5.1643176,2.0475127,19.8997500),(5.1719426,2.0544580,19.8997500),(5.2055926,2.1299072,19.8997500),(5.1719426,2.0544580,19.8997500),(5.1799545,2.0633910,19.8997500),(5.2055926,2.1299072,19.8997500),(5.1799545,2.0633910,19.8997500),(5.1868981,2.0729391,19.8997500),(5.2055926,2.1299072,19.8997500),(5.1868981,2.0729391,19.8997500),(5.1927735,2.0831024,19.8997500),(5.2055926,2.1299072,19.8997500),(5.1927735,2.0831024,19.8997500),(5.1975807,2.0938809,19.8997500),(5.2055926,2.1299072,19.8997500),(5.1975807,2.0938809,19.8997500),(5.2013196,2.1052745,19.8997500),(5.2055926,2.1299072,19.8997500),(5.2013196,2.1052745,19.8997500),(5.2039902,2.1172833,19.8997500),(4.4047567,2.0325505,19.8997500),(4.4147051,2.0216496,19.8997500),(4.4260292,2.0188980,19.8997500),(4.4047567,2.0325505,19.8997500),(4.4260292,2.0188980,19.8997500),(4.4361363,2.0214380,19.8997500),(4.4047567,2.0325505,19.8997500),(4.4361363,2.0214380,19.8997500),(4.4438092,2.0290580,19.8997500),(4.4047567,2.0325505,19.8997500),(4.4438092,2.0290580,19.8997500),(4.4445501,2.0296930,19.8997500),(4.4047567,2.0325505,19.8997500),(4.4445501,2.0296930,19.8997500),(4.5691159,2.2464396,19.8997500),(4.4047567,2.0325505,19.8997500),(4.5691159,2.2464396,19.8997500),(4.5718676,2.2571288,19.8997500),(4.4047567,2.0325505,19.8997500),(4.5718676,2.2571288,19.8997500),(4.5690894,2.2680561,19.8997500),(4.4047567,2.0325505,19.8997500),(4.5690894,2.2680561,19.8997500),(4.5607551,2.2758613,19.8997500),(4.4047567,2.0325505,19.8997500),(4.5607551,2.2758613,19.8997500),(4.5500659,2.2788246,19.8997500),(4.4047567,2.0325505,19.8997500),(4.5500659,2.2788246,19.8997500),(4.5391915,2.2760465,19.8997500),(4.4047567,2.0325505,19.8997500),(4.5391915,2.2760465,19.8997500),(4.5315451,2.2677121,19.8997500),(4.4047567,2.0325505,19.8997500),(4.5315451,2.2677121,19.8997500),(4.4473017,2.1211330,19.8997500),(4.4047567,2.0325505,19.8997500),(4.4473017,2.1211330,19.8997500),(4.4473017,2.3819063,19.8997500),(4.4473017,2.3819063,19.8997500),(4.6059459,2.3819063,19.8997500),(4.6144390,2.3834938,19.8997500),(4.4473017,2.3819063,19.8997500),(4.6144390,2.3834938,19.8997500),(4.6215034,2.3882563,19.8997500),(4.4473017,2.3819063,19.8997500),(4.6215034,2.3882563,19.8997500),(4.6262659,2.3952148,19.8997500),(4.4473017,2.3819063,19.8997500),(4.6262659,2.3952148,19.8997500),(4.6278534,2.4033905,19.8997500),(4.4473017,2.3819063,19.8997500),(4.6278534,2.4033905,19.8997500),(4.6262659,2.4115926,19.8997500),(4.4473017,2.3819063,19.8997500),(4.6262659,2.4115926,19.8997500),(4.6215034,2.4186305,19.8997500),(4.4473017,2.3819063,19.8997500),(4.6215034,2.4186305,19.8997500),(4.6144390,2.4235517,19.8997500),(4.4473017,2.3819063,19.8997500),(4.6144390,2.4235517,19.8997500),(4.6059459,2.4251921,19.8997500),(4.4473017,2.3819063,19.8997500),(4.6059459,2.4251921,19.8997500),(4.4252884,2.4251921,19.8997500),(4.4047567,2.0325505,19.8997500),(4.4473017,2.3819063,19.8997500),(4.4252884,2.4251921,19.8997500),(4.4252884,2.4251921,19.8997500),(4.2447367,2.4251921,19.8997500),(4.2364553,2.4235517,19.8997500),(4.4252884,2.4251921,19.8997500),(4.2364553,2.4235517,19.8997500),(4.2296026,2.4186305,19.8997500),(4.4252884,2.4251921,19.8997500),(4.2296026,2.4186305,19.8997500),(4.2249988,2.4115926,19.8997500),(4.4252884,2.4251921,19.8997500),(4.2249988,2.4115926,19.8997500),(4.2234642,2.4033905,19.8997500),(4.4252884,2.4251921,19.8997500),(4.2234642,2.4033905,19.8997500),(4.2249988,2.3952148,19.8997500),(4.4252884,2.4251921,19.8997500),(4.2249988,2.3952148,19.8997500),(4.2296026,2.3882563,19.8997500),(4.4252884,2.4251921,19.8997500),(4.2296026,2.3882563,19.8997500),(4.2364553,2.3834938,19.8997500),(4.4252884,2.4251921,19.8997500),(4.2364553,2.3834938,19.8997500),(4.2447367,2.3819063,19.8997500),(4.4252884,2.4251921,19.8997500),(4.2447367,2.3819063,19.8997500),(4.4040159,2.3819063,19.8997500),(4.4047567,2.0325505,19.8997500),(4.4252884,2.4251921,19.8997500),(4.4040159,2.3819063,19.8997500),(4.4047567,2.0325505,19.8997500),(4.4040159,2.3819063,19.8997500),(4.4040159,2.1207096,19.8997500),(4.4047567,2.0325505,19.8997500),(4.4040159,2.1207096,19.8997500),(4.3183967,2.2696171,19.8997500),(4.4047567,2.0325505,19.8997500),(4.3183967,2.2696171,19.8997500),(4.3104328,2.2775546,19.8997500),(4.4047567,2.0325505,19.8997500),(4.3104328,2.2775546,19.8997500),(4.2996642,2.2802005,19.8997500),(4.4047567,2.0325505,19.8997500),(4.2996642,2.2802005,19.8997500),(4.2885517,2.2774488,19.8997500),(4.4047567,2.0325505,19.8997500),(4.2885517,2.2774488,19.8997500),(4.2803761,2.2694848,19.8997500),(4.4047567,2.0325505,19.8997500),(4.2803761,2.2694848,19.8997500),(4.2776509,2.2585046,19.8997500),(4.4047567,2.0325505,19.8997500),(4.2776509,2.2585046,19.8997500),(4.2808259,2.2476038,19.8997500),(4.8936009,2.1913005,19.8997500),(4.8530667,2.1913005,19.8997500),(4.7840634,2.1899246,19.8997500),(4.9178367,2.1913005,19.8997500),(4.8936009,2.1913005,19.8997500),(4.7840634,2.1899246,19.8997500),(4.8530667,2.3248621,19.8997500),(4.8530667,2.1913005,19.8997500),(4.8936009,2.1913005,19.8997500),(4.8530667,2.3248621,19.8997500),(4.8936009,2.1913005,19.8997500),(4.8936009,2.4100580,19.8997500),(4.7840634,2.1899246,19.8997500),(4.8530667,2.3248621,19.8997500),(4.8936009,2.4100580,19.8997500),(4.7840634,2.1899246,19.8997500),(4.8936009,2.4100580,19.8997500),(4.8926219,2.4175457,19.8997500),(4.7840634,2.1899246,19.8997500),(4.8926219,2.4175457,19.8997500),(4.8896851,2.4232871,19.8997500),(4.7840634,2.1899246,19.8997500),(4.8896851,2.4232871,19.8997500),(4.8787842,2.4306955,19.8997500),(4.7840634,2.1899246,19.8997500),(4.8787842,2.4306955,19.8997500),(4.8727517,2.4314363,19.8997500),(4.7840634,2.1899246,19.8997500),(4.8727517,2.4314363,19.8997500),(4.8651317,2.4304838,19.8997500),(4.7840634,2.1899246,19.8997500),(4.8651317,2.4304838,19.8997500),(4.8544426,2.4221230,19.8997500),(4.7840634,2.1899246,19.8997500),(4.8544426,2.4221230,19.8997500),(4.7267017,2.1801880,19.8997500),(4.9178367,2.1913005,19.8997500),(4.7840634,2.1899246,19.8997500),(4.7267017,2.1801880,19.8997500),(4.9178367,2.1913005,19.8997500),(4.7267017,2.1801880,19.8997500),(4.7232092,2.1674880,19.8997500),(4.9178367,2.1913005,19.8997500),(4.7232092,2.1674880,19.8997500),(4.7257492,2.1587038,19.8997500),(4.9178367,2.1913005,19.8997500),(4.7257492,2.1587038,19.8997500),(4.7334486,2.1512426,19.8997500),(4.9178367,2.1913005,19.8997500),(4.7334486,2.1512426,19.8997500),(4.7444817,2.1487555,19.8997500),(4.9178367,2.1913005,19.8997500),(4.7444817,2.1487555,19.8997500),(4.8509501,2.1487555,19.8997500),(4.8509501,2.1487555,19.8997500),(4.8509501,2.0475788,19.8997500),(4.8525111,2.0392444,19.8997500),(4.8509501,2.1487555,19.8997500),(4.8525111,2.0392444,19.8997500),(4.8571942,2.0324446,19.8997500),(4.8509501,2.1487555,19.8997500),(4.8571942,2.0324446,19.8997500),(4.8640734,2.0278409,19.8997500),(4.8509501,2.1487555,19.8997500),(4.8640734,2.0278409,19.8997500),(4.8722226,2.0263063,19.8997500),(4.8509501,2.1487555,19.8997500),(4.8722226,2.0263063,19.8997500),(4.8804511,2.0278409,19.8997500),(4.8509501,2.1487555,19.8997500),(4.8804511,2.0278409,19.8997500),(4.8873567,2.0324446,19.8997500),(4.8509501,2.1487555,19.8997500),(4.8873567,2.0324446,19.8997500),(4.8920398,2.0392444,19.8997500),(4.8509501,2.1487555,19.8997500),(4.8920398,2.0392444,19.8997500),(4.8936009,2.0475788,19.8997500),(4.8509501,2.1487555,19.8997500),(4.8936009,2.0475788,19.8997500),(4.8936009,2.1487555,19.8997500),(4.9178367,2.1913005,19.8997500),(4.8509501,2.1487555,19.8997500),(4.8936009,2.1487555,19.8997500),(4.9178367,2.1913005,19.8997500),(4.8936009,2.1487555,19.8997500),(4.9178367,2.1487555,19.8997500),(4.9178367,2.1913005,19.8997500),(4.9178367,2.1487555,19.8997500),(4.9261976,2.1503165,19.8997500),(4.9178367,2.1913005,19.8997500),(4.9261976,2.1503165,19.8997500),(4.9330767,2.1549996,19.8997500),(4.9178367,2.1913005,19.8997500),(4.9330767,2.1549996,19.8997500),(4.9376805,2.1618788,19.8997500),(4.9178367,2.1913005,19.8997500),(4.9376805,2.1618788,19.8997500),(4.9392151,2.1700280,19.8997500),(4.9178367,2.1913005,19.8997500),(4.9392151,2.1700280,19.8997500),(4.9376805,2.1781771,19.8997500),(4.9178367,2.1913005,19.8997500),(4.9376805,2.1781771,19.8997500),(4.9330767,2.1850563,19.8997500),(4.9178367,2.1913005,19.8997500),(4.9330767,2.1850563,19.8997500),(4.9261976,2.1897394,19.8997500),(2.8418155,2.6251542,19.8997500),(2.8515207,2.6210863,19.8997500),(2.8613219,2.6175607,19.8997500),(2.8418155,2.6251542,19.8997500),(2.8613219,2.6175607,19.8997500),(2.8712190,2.6145775,19.8997500),(2.8418155,2.6251542,19.8997500),(2.8712190,2.6145775,19.8997500),(2.8812119,2.6121367,19.8997500),(2.8418155,2.6251542,19.8997500),(2.8812119,2.6121367,19.8997500),(2.8913008,2.6102383,19.8997500),(2.8418155,2.6251542,19.8997500),(2.8913008,2.6102383,19.8997500),(2.9014856,2.6088823,19.8997500),(2.8418155,2.6251542,19.8997500),(2.9014856,2.6088823,19.8997500),(2.9117663,2.6080688,19.8997500),(2.8418155,2.6251542,19.8997500),(2.9117663,2.6080688,19.8997500),(2.9221430,2.6077976,19.8997500),(2.8418155,2.6251542,19.8997500),(2.9221430,2.6077976,19.8997500),(2.9357211,2.6082292,19.8997500),(2.8418155,2.6251542,19.8997500),(2.9357211,2.6082292,19.8997500),(2.9490445,2.6095240,19.8997500),(2.8418155,2.6251542,19.8997500),(2.9490445,2.6095240,19.8997500),(2.9621132,2.6116820,19.8997500),(2.8418155,2.6251542,19.8997500),(2.9621132,2.6116820,19.8997500),(2.9749273,2.6147032,19.8997500),(2.8418155,2.6251542,19.8997500),(2.9749273,2.6147032,19.8997500),(2.9874868,2.6185876,19.8997500),(2.8418155,2.6251542,19.8997500),(2.9874868,2.6185876,19.8997500),(2.9997916,2.6233352,19.8997500),(2.8418155,2.6251542,19.8997500),(2.9997916,2.6233352,19.8997500),(3.0118417,2.6289460,19.8997500),(2.8418155,2.6251542,19.8997500),(3.0118417,2.6289460,19.8997500),(3.0236371,2.6354201,19.8997500),(2.8418155,2.6251542,19.8997500),(3.0236371,2.6354201,19.8997500),(3.0349944,2.6426597,19.8997500),(2.8418155,2.6251542,19.8997500),(3.0349944,2.6426597,19.8997500),(3.0457298,2.6505145,19.8997500),(2.8418155,2.6251542,19.8997500),(3.0457298,2.6505145,19.8997500),(3.0558435,2.6589845,19.8997500),(2.8418155,2.6251542,19.8997500),(3.0558435,2.6589845,19.8997500),(3.0653355,2.6680696,19.8997500),(2.8418155,2.6251542,19.8997500),(3.0653355,2.6680696,19.8997500),(3.0742056,2.6777699,19.8997500),(3.0742056,2.6777699,19.8997500),(3.0824540,2.6880854,19.8997500),(3.0900806,2.6990160,19.8997500),(3.0742056,2.6777699,19.8997500),(3.0900806,2.6990160,19.8997500),(3.0970855,2.7105617,19.8997500),(3.0742056,2.6777699,19.8997500),(3.0970855,2.7105617,19.8997500),(3.1033859,2.7225391,19.8997500),(3.0742056,2.6777699,19.8997500),(3.1033859,2.7225391,19.8997500),(3.1088462,2.7347645,19.8997500),(3.0742056,2.6777699,19.8997500),(3.1088462,2.7347645,19.8997500),(3.1134665,2.7472379,19.8997500),(3.0742056,2.6777699,19.8997500),(3.1134665,2.7472379,19.8997500),(3.1172467,2.7599594,19.8997500),(3.0742056,2.6777699,19.8997500),(3.1172467,2.7599594,19.8997500),(3.1201869,2.7729290,19.8997500),(3.0742056,2.6777699,19.8997500),(3.1201869,2.7729290,19.8997500),(3.1222870,2.7861466,19.8997500),(3.0742056,2.6777699,19.8997500),(3.1222870,2.7861466,19.8997500),(3.1235471,2.7996122,19.8997500),(3.0742056,2.6777699,19.8997500),(3.1235471,2.7996122,19.8997500),(3.1239671,2.8133259,19.8997500),(3.0742056,2.6777699,19.8997500),(3.1239671,2.8133259,19.8997500),(3.1235471,2.8264889,19.8997500),(3.0742056,2.6777699,19.8997500),(3.1235471,2.8264889,19.8997500),(3.1222870,2.8395726,19.8997500),(3.0742056,2.6777699,19.8997500),(3.1222870,2.8395726,19.8997500),(3.1201869,2.8525768,19.8997500),(3.0742056,2.6777699,19.8997500),(3.1201869,2.8525768,19.8997500),(3.1172467,2.8655017,19.8997500),(3.0742056,2.6777699,19.8997500),(3.1172467,2.8655017,19.8997500),(3.1134665,2.8783472,19.8997500),(3.0742056,2.6777699,19.8997500),(3.1134665,2.8783472,19.8997500),(3.1088462,2.8911134,19.8997500),(3.1088462,2.8911134,19.8997500),(3.0696680,2.8769648,19.8997500),(3.0733242,2.8671769,19.8997500),(3.1088462,2.8911134,19.8997500),(3.0733242,2.8671769,19.8997500),(3.0763157,2.8570615,19.8997500),(3.1088462,2.8911134,19.8997500),(3.0763157,2.8570615,19.8997500),(3.0786424,2.8466187,19.8997500),(3.1088462,2.8911134,19.8997500),(3.0786424,2.8466187,19.8997500),(3.0803043,2.8358485,19.8997500),(3.1088462,2.8911134,19.8997500),(3.0803043,2.8358485,19.8997500),(3.0813014,2.8247509,19.8997500),(3.1088462,2.8911134,19.8997500),(3.0813014,2.8247509,19.8997500),(3.0816338,2.8133259,19.8997500),(3.1088462,2.8911134,19.8997500),(3.0816338,2.8133259,19.8997500),(3.0812981,2.8023225,19.8997500),(3.0742056,2.6777699,19.8997500),(3.1088462,2.8911134,19.8997500),(3.0812981,2.8023225,19.8997500),(3.0742056,2.6777699,19.8997500),(3.0812981,2.8023225,19.8997500),(3.0802910,2.7915375,19.8997500),(3.0742056,2.6777699,19.8997500),(3.0802910,2.7915375,19.8997500),(3.0786126,2.7809707,19.8997500),(3.0742056,2.6777699,19.8997500),(3.0786126,2.7809707,19.8997500),(3.0762628,2.7706221,19.8997500),(3.0742056,2.6777699,19.8997500),(3.0762628,2.7706221,19.8997500),(3.0732416,2.7604919,19.8997500),(3.0742056,2.6777699,19.8997500),(3.0732416,2.7604919,19.8997500),(3.0695490,2.7505800,19.8997500),(3.0742056,2.6777699,19.8997500),(3.0695490,2.7505800,19.8997500),(3.0651850,2.7408863,19.8997500),(3.0742056,2.6777699,19.8997500),(3.0651850,2.7408863,19.8997500),(3.0601496,2.7314109,19.8997500),(3.0742056,2.6777699,19.8997500),(3.0601496,2.7314109,19.8997500),(3.0545653,2.7222894,19.8997500),(3.0742056,2.6777699,19.8997500),(3.0545653,2.7222894,19.8997500),(3.0485014,2.7136573,19.8997500),(3.0742056,2.6777699,19.8997500),(3.0485014,2.7136573,19.8997500),(3.0419579,2.7055148,19.8997500),(3.0742056,2.6777699,19.8997500),(3.0419579,2.7055148,19.8997500),(3.0349348,2.6978617,19.8997500),(3.0742056,2.6777699,19.8997500),(3.0349348,2.6978617,19.8997500),(3.0274323,2.6906981,19.8997500),(3.0742056,2.6777699,19.8997500),(3.0274323,2.6906981,19.8997500),(3.0194501,2.6840240,19.8997500),(3.0742056,2.6777699,19.8997500),(3.0194501,2.6840240,19.8997500),(3.0109884,2.6778394,19.8997500),(3.0742056,2.6777699,19.8997500),(3.0109884,2.6778394,19.8997500),(3.0020471,2.6721442,19.8997500),(3.0742056,2.6777699,19.8997500),(3.0020471,2.6721442,19.8997500),(2.9927884,2.6670345,19.8997500),(3.0742056,2.6777699,19.8997500),(2.9927884,2.6670345,19.8997500),(2.9833213,2.6626060,19.8997500),(3.0742056,2.6777699,19.8997500),(2.9833213,2.6626060,19.8997500),(2.9736458,2.6588588,19.8997500),(3.0742056,2.6777699,19.8997500),(2.9736458,2.6588588,19.8997500),(2.9637619,2.6557930,19.8997500),(2.8418155,2.6251542,19.8997500),(3.0742056,2.6777699,19.8997500),(2.9637619,2.6557930,19.8997500),(2.8418155,2.6251542,19.8997500),(2.9637619,2.6557930,19.8997500),(2.9536697,2.6534084,19.8997500),(2.8418155,2.6251542,19.8997500),(2.9536697,2.6534084,19.8997500),(2.9433692,2.6517052,19.8997500),(2.8418155,2.6251542,19.8997500),(2.9433692,2.6517052,19.8997500),(2.9328603,2.6506832,19.8997500),(2.8418155,2.6251542,19.8997500),(2.9328603,2.6506832,19.8997500),(2.9221430,2.6503426,19.8997500),(2.8418155,2.6251542,19.8997500),(2.9221430,2.6503426,19.8997500),(2.9067839,2.6510503,19.8997500),(2.8418155,2.6251542,19.8997500),(2.9067839,2.6510503,19.8997500),(2.8918217,2.6531736,19.8997500),(2.8418155,2.6251542,19.8997500),(2.8918217,2.6531736,19.8997500),(2.8772564,2.6567124,19.8997500),(2.8418155,2.6251542,19.8997500),(2.8772564,2.6567124,19.8997500),(2.8630880,2.6616667,19.8997500),(2.8418155,2.6251542,19.8997500),(2.8630880,2.6616667,19.8997500),(3.0227905,2.9400084,19.8997500),(2.7857238,2.5276817,19.8997500),(2.8418155,2.6251542,19.8997500),(3.0227905,2.9400084,19.8997500),(3.0653470,2.8864253,19.8997500),(3.0696680,2.8769648,19.8997500),(3.1088462,2.8911134,19.8997500),(3.0603613,2.8955584,19.8997500),(3.0653470,2.8864253,19.8997500),(3.1088462,2.8911134,19.8997500),(3.0535681,2.9059565,19.8997500),(3.0603613,2.8955584,19.8997500),(3.1088462,2.8911134,19.8997500),(3.0450419,2.9168309,19.8997500),(3.0535681,2.9059565,19.8997500),(3.1088462,2.8911134,19.8997500),(3.0401290,2.9224467,19.8997500),(3.0450419,2.9168309,19.8997500),(3.1088462,2.8911134,19.8997500),(3.0347827,2.9281815,19.8997500),(3.0401290,2.9224467,19.8997500),(3.1088462,2.8911134,19.8997500),(3.0290032,2.9340354,19.8997500),(3.0347827,2.9281815,19.8997500),(3.1088462,2.8911134,19.8997500),(3.0227905,2.9400084,19.8997500),(3.0290032,2.9340354,19.8997500),(3.1088462,2.8911134,19.8997500),(3.0227905,2.9400084,19.8997500),(3.1088462,2.8911134,19.8997500),(3.1033859,2.9038002,19.8997500),(3.0227905,2.9400084,19.8997500),(3.1033859,2.9038002,19.8997500),(3.0970855,2.9164076,19.8997500),(3.0227905,2.9400084,19.8997500),(3.0970855,2.9164076,19.8997500),(3.0920667,2.9250793,19.8997500),(3.0227905,2.9400084,19.8997500),(3.0920667,2.9250793,19.8997500),(3.0865881,2.9334203,19.8997500),(3.0227905,2.9400084,19.8997500),(3.0865881,2.9334203,19.8997500),(3.0806499,2.9414305,19.8997500),(3.0227905,2.9400084,19.8997500),(3.0806499,2.9414305,19.8997500),(3.0742519,2.9491101,19.8997500),(3.0227905,2.9400084,19.8997500),(3.0742519,2.9491101,19.8997500),(3.0673943,2.9564589,19.8997500),(3.0227905,2.9400084,19.8997500),(3.0673943,2.9564589,19.8997500),(3.0600769,2.9634769,19.8997500),(3.0227905,2.9400084,19.8997500),(3.0600769,2.9634769,19.8997500),(3.0522998,2.9701643,19.8997500),(3.0227905,2.9400084,19.8997500),(3.0522998,2.9701643,19.8997500),(3.0440630,2.9765209,19.8997500),(3.0227905,2.9400084,19.8997500),(3.0440630,2.9765209,19.8997500),(3.0982496,3.0717709,19.8997500),(2.7857238,2.5276817,19.8997500),(3.0227905,2.9400084,19.8997500),(3.0982496,3.0717709,19.8997500),(2.7857238,2.5276817,19.8997500),(3.0982496,3.0717709,19.8997500),(3.1011071,3.0821426,19.8997500),(2.7857238,2.5276817,19.8997500),(3.1011071,3.0821426,19.8997500),(3.1003663,3.0881751,19.8997500),(2.7857238,2.5276817,19.8997500),(3.1003663,3.0881751,19.8997500),(3.0965034,3.0956892,19.8997500),(2.7857238,2.5276817,19.8997500),(3.0965034,3.0956892,19.8997500),(3.0899946,3.1010867,19.8997500),(2.7857238,2.5276817,19.8997500),(3.0899946,3.1010867,19.8997500),(3.0797288,3.1041559,19.8997500),(2.7857238,2.5276817,19.8997500),(3.0797288,3.1041559,19.8997500),(3.0736963,3.1034151,19.8997500),(2.7857238,2.5276817,19.8997500),(3.0736963,3.1034151,19.8997500),(3.0661292,3.0995521,19.8997500),(2.7857238,2.5276817,19.8997500),(3.0661292,3.0995521,19.8997500),(3.0605730,3.0930434,19.8997500),(2.7857238,2.5276817,19.8997500),(3.0605730,3.0930434,19.8997500),(3.0070213,3.0002276,19.8997500),(3.0070213,3.0002276,19.8997500),(2.9969605,3.0046676,19.8997500),(2.9865690,3.0085156,19.8997500),(3.0070213,3.0002276,19.8997500),(2.9865690,3.0085156,19.8997500),(2.9758468,3.0117717,19.8997500),(3.0070213,3.0002276,19.8997500),(2.9758468,3.0117717,19.8997500),(2.9647938,3.0144357,19.8997500),(3.0070213,3.0002276,19.8997500),(2.9647938,3.0144357,19.8997500),(2.9534101,3.0165077,19.8997500),(3.0070213,3.0002276,19.8997500),(2.9534101,3.0165077,19.8997500),(2.9416957,3.0179877,19.8997500),(3.0070213,3.0002276,19.8997500),(2.9416957,3.0179877,19.8997500),(2.9296505,3.0188757,19.8997500),(3.0070213,3.0002276,19.8997500),(2.9296505,3.0188757,19.8997500),(2.9172746,3.0191717,19.8997500),(3.0070213,3.0002276,19.8997500),(2.9172746,3.0191717,19.8997500),(2.9048144,3.0187385,19.8997500),(3.0070213,3.0002276,19.8997500),(2.9048144,3.0187385,19.8997500),(2.8924633,3.0174387,19.8997500),(3.0070213,3.0002276,19.8997500),(2.8924633,3.0174387,19.8997500),(2.8802214,3.0152724,19.8997500),(3.0070213,3.0002276,19.8997500),(2.8802214,3.0152724,19.8997500),(2.8680886,3.0122396,19.8997500),(3.0070213,3.0002276,19.8997500),(2.8680886,3.0122396,19.8997500),(2.8560649,3.0083403,19.8997500),(3.0070213,3.0002276,19.8997500),(2.8560649,3.0083403,19.8997500),(2.8441504,3.0035745,19.8997500),(3.0070213,3.0002276,19.8997500),(2.8441504,3.0035745,19.8997500),(2.8323450,2.9979422,19.8997500),(3.0070213,3.0002276,19.8997500),(2.8323450,2.9979422,19.8997500),(2.8206488,2.9914434,19.8997500),(3.0070213,3.0002276,19.8997500),(2.8206488,2.9914434,19.8997500),(2.8093379,2.9842269,19.8997500),(3.0070213,3.0002276,19.8997500),(2.8093379,2.9842269,19.8997500),(2.7986355,2.9763886,19.8997500),(3.0070213,3.0002276,19.8997500),(2.7986355,2.9763886,19.8997500),(2.7885416,2.9679285,19.8997500),(3.0070213,3.0002276,19.8997500),(2.7885416,2.9679285,19.8997500),(2.7790563,2.9588467,19.8997500),(3.0070213,3.0002276,19.8997500),(2.7790563,2.9588467,19.8997500),(2.7701795,2.9491431,19.8997500),(2.7701795,2.9491431,19.8997500),(2.7619113,2.9388178,19.8997500),(2.7542516,2.9278706,19.8997500),(2.7701795,2.9491431,19.8997500),(2.7542516,2.9278706,19.8997500),(2.7472005,2.9163017,19.8997500),(2.7701795,2.9491431,19.8997500),(2.7472005,2.9163017,19.8997500),(2.7408753,2.9043211,19.8997500),(2.7701795,2.9491431,19.8997500),(2.7408753,2.9043211,19.8997500),(2.7353934,2.8920857,19.8997500),(2.7701795,2.9491431,19.8997500),(2.7353934,2.8920857,19.8997500),(2.7307550,2.8795957,19.8997500),(2.7701795,2.9491431,19.8997500),(2.7307550,2.8795957,19.8997500),(2.7269598,2.8668511,19.8997500),(2.7701795,2.9491431,19.8997500),(2.7269598,2.8668511,19.8997500),(2.7240081,2.8538518,19.8997500),(2.7701795,2.9491431,19.8997500),(2.7240081,2.8538518,19.8997500),(2.7218997,2.8405978,19.8997500),(2.7701795,2.9491431,19.8997500),(2.7218997,2.8405978,19.8997500),(2.7206347,2.8270892,19.8997500),(2.7701795,2.9491431,19.8997500),(2.7206347,2.8270892,19.8997500),(2.7202130,2.8133259,19.8997500),(2.7701795,2.9491431,19.8997500),(2.7202130,2.8133259,19.8997500),(2.7206330,2.7995196,19.8997500),(2.7701795,2.9491431,19.8997500),(2.7206330,2.7995196,19.8997500),(2.7218931,2.7859878,19.8997500),(2.7701795,2.9491431,19.8997500),(2.7218931,2.7859878,19.8997500),(2.7239932,2.7727305,19.8997500),(2.7701795,2.9491431,19.8997500),(2.7239932,2.7727305,19.8997500),(2.7269334,2.7597478,19.8997500),(2.7701795,2.9491431,19.8997500),(2.7269334,2.7597478,19.8997500),(2.7307136,2.7470395,19.8997500),(2.7701795,2.9491431,19.8997500),(2.7307136,2.7470395,19.8997500),(2.7353339,2.7346057,19.8997500),(2.7701795,2.9491431,19.8997500),(2.7353339,2.7346057,19.8997500),(2.7407942,2.7224465,19.8997500),(2.7701795,2.9491431,19.8997500),(2.7407942,2.7224465,19.8997500),(2.7470946,2.7105617,19.8997500),(2.7470946,2.7105617,19.8997500),(2.7839246,2.7314109,19.8997500),(2.7789885,2.7408846,19.8997500),(2.7470946,2.7105617,19.8997500),(2.7789885,2.7408846,19.8997500),(2.7747105,2.7505733,19.8997500),(2.7470946,2.7105617,19.8997500),(2.7747105,2.7505733,19.8997500),(2.7710907,2.7604770,19.8997500),(2.7470946,2.7105617,19.8997500),(2.7710907,2.7604770,19.8997500),(2.7681290,2.7705957,19.8997500),(2.7470946,2.7105617,19.8997500),(2.7681290,2.7705957,19.8997500),(2.7658255,2.7809293,19.8997500),(2.7470946,2.7105617,19.8997500),(2.7658255,2.7809293,19.8997500),(2.7641801,2.7914779,19.8997500),(2.7470946,2.7105617,19.8997500),(2.7641801,2.7914779,19.8997500),(2.7631929,2.8022415,19.8997500),(2.7470946,2.7105617,19.8997500),(2.7631929,2.8022415,19.8997500),(2.7628638,2.8132201,19.8997500),(2.7470946,2.7105617,19.8997500),(2.7628638,2.8132201,19.8997500),(2.7631978,2.8242019,19.8997500),(2.7701795,2.9491431,19.8997500),(2.7470946,2.7105617,19.8997500),(2.7631978,2.8242019,19.8997500),(2.7701795,2.9491431,19.8997500),(2.7631978,2.8242019,19.8997500),(2.7642000,2.8349754,19.8997500),(2.7701795,2.9491431,19.8997500),(2.7642000,2.8349754,19.8997500),(2.7658701,2.8455406,19.8997500),(2.7701795,2.9491431,19.8997500),(2.7658701,2.8455406,19.8997500),(2.7682084,2.8558973,19.8997500),(2.7701795,2.9491431,19.8997500),(2.7682084,2.8558973,19.8997500),(2.7712147,2.8660458,19.8997500),(2.7701795,2.9491431,19.8997500),(2.7712147,2.8660458,19.8997500),(2.7748891,2.8759858,19.8997500),(2.7701795,2.9491431,19.8997500),(2.7748891,2.8759858,19.8997500),(2.7792316,2.8857175,19.8997500),(2.7701795,2.9491431,19.8997500),(2.7792316,2.8857175,19.8997500),(2.7842421,2.8952409,19.8997500),(2.7701795,2.9491431,19.8997500),(2.7842421,2.8952409,19.8997500),(2.7898265,2.9044352,19.8997500),(2.7701795,2.9491431,19.8997500),(2.7898265,2.9044352,19.8997500),(2.7958904,2.9131267,19.8997500),(2.7701795,2.9491431,19.8997500),(2.7958904,2.9131267,19.8997500),(2.8024339,2.9213156,19.8997500),(2.7701795,2.9491431,19.8997500),(2.8024339,2.9213156,19.8997500),(2.8094569,2.9290017,19.8997500),(2.7701795,2.9491431,19.8997500),(2.8094569,2.9290017,19.8997500),(2.8169595,2.9361852,19.8997500),(2.7701795,2.9491431,19.8997500),(2.8169595,2.9361852,19.8997500),(2.8249417,2.9428659,19.8997500),(2.7701795,2.9491431,19.8997500),(2.8249417,2.9428659,19.8997500),(2.8334034,2.9490439,19.8997500),(2.7701795,2.9491431,19.8997500),(2.8334034,2.9490439,19.8997500),(2.8423446,2.9547192,19.8997500),(2.7701795,2.9491431,19.8997500),(2.8423446,2.9547192,19.8997500),(2.8515521,2.9598290,19.8997500),(2.7701795,2.9491431,19.8997500),(2.8515521,2.9598290,19.8997500),(2.8608126,2.9642575,19.8997500),(2.7701795,2.9491431,19.8997500),(2.8608126,2.9642575,19.8997500),(2.8701259,2.9680046,19.8997500),(2.7701795,2.9491431,19.8997500),(2.8701259,2.9680046,19.8997500),(2.8794921,2.9710705,19.8997500),(2.7701795,2.9491431,19.8997500),(2.8794921,2.9710705,19.8997500),(2.8889113,2.9734550,19.8997500),(3.0070213,3.0002276,19.8997500),(2.7701795,2.9491431,19.8997500),(2.8889113,2.9734550,19.8997500),(3.0070213,3.0002276,19.8997500),(2.8889113,2.9734550,19.8997500),(2.8983834,2.9751583,19.8997500),(3.0070213,3.0002276,19.8997500),(2.8983834,2.9751583,19.8997500),(2.9079084,2.9761802,19.8997500),(3.0070213,3.0002276,19.8997500),(2.9079084,2.9761802,19.8997500),(2.9174863,2.9765209,19.8997500),(3.0070213,3.0002276,19.8997500),(2.9174863,2.9765209,19.8997500),(2.9181213,2.9765209,19.8997500),(3.0070213,3.0002276,19.8997500),(2.9181213,2.9765209,19.8997500),(2.9274925,2.9763125,19.8997500),(3.0070213,3.0002276,19.8997500),(2.9274925,2.9763125,19.8997500),(2.9366091,2.9756875,19.8997500),(3.0070213,3.0002276,19.8997500),(2.9366091,2.9756875,19.8997500),(2.9454710,2.9746457,19.8997500),(3.0070213,3.0002276,19.8997500),(2.9454710,2.9746457,19.8997500),(2.9540782,2.9731871,19.8997500),(3.0070213,3.0002276,19.8997500),(2.9540782,2.9731871,19.8997500),(2.9624307,2.9713119,19.8997500),(3.0070213,3.0002276,19.8997500),(2.9624307,2.9713119,19.8997500),(2.9705287,2.9690200,19.8997500),(3.0070213,3.0002276,19.8997500),(2.9705287,2.9690200,19.8997500),(2.9783719,2.9663113,19.8997500),(3.0070213,3.0002276,19.8997500),(2.9783719,2.9663113,19.8997500),(2.9859605,2.9631859,19.8997500),(2.7857238,2.5276817,19.8997500),(3.0070213,3.0002276,19.8997500),(2.9859605,2.9631859,19.8997500),(2.7857238,2.5276817,19.8997500),(2.9859605,2.9631859,19.8997500),(2.8255171,2.6836801,19.8997500),(2.7857238,2.5276817,19.8997500),(2.8255171,2.6836801,19.8997500),(2.8134720,2.6939657,19.8997500),(2.7881629,2.7244838,19.8997500),(2.7839246,2.7314109,19.8997500),(2.7470946,2.7105617,19.8997500),(2.7926757,2.7178312,19.8997500),(2.7881629,2.7244838,19.8997500),(2.7470946,2.7105617,19.8997500),(2.8025248,2.7053494,19.8997500),(2.7926757,2.7178312,19.8997500),(2.7470946,2.7105617,19.8997500),(2.8134720,2.6939657,19.8997500),(2.8025248,2.7053494,19.8997500),(2.7470946,2.7105617,19.8997500),(2.8134720,2.6939657,19.8997500),(2.7470946,2.7105617,19.8997500),(2.7528890,2.7010566,19.8997500),(2.8134720,2.6939657,19.8997500),(2.7528890,2.7010566,19.8997500),(2.7590538,2.6919615,19.8997500),(2.8134720,2.6939657,19.8997500),(2.7590538,2.6919615,19.8997500),(2.7655890,2.6832766,19.8997500),(2.8134720,2.6939657,19.8997500),(2.7655890,2.6832766,19.8997500),(2.7724946,2.6750017,19.8997500),(2.8134720,2.6939657,19.8997500),(2.7724946,2.6750017,19.8997500),(2.7797707,2.6671370,19.8997500),(2.8134720,2.6939657,19.8997500),(2.7797707,2.6671370,19.8997500),(2.7874171,2.6596823,19.8997500),(2.8134720,2.6939657,19.8997500),(2.7874171,2.6596823,19.8997500),(2.7954340,2.6526378,19.8997500),(2.8134720,2.6939657,19.8997500),(2.7954340,2.6526378,19.8997500),(2.8038213,2.6460034,19.8997500),(2.7857238,2.5276817,19.8997500),(2.8134720,2.6939657,19.8997500),(2.8038213,2.6460034,19.8997500),(2.7857238,2.5276817,19.8997500),(2.8038213,2.6460034,19.8997500),(2.7482588,2.5489542,19.8997500),(2.7857238,2.5276817,19.8997500),(2.7482588,2.5489542,19.8997500),(2.7455071,2.5387942,19.8997500),(2.7857238,2.5276817,19.8997500),(2.7455071,2.5387942,19.8997500),(2.7461421,2.5327617,19.8997500),(2.7857238,2.5276817,19.8997500),(2.7461421,2.5327617,19.8997500),(2.7500580,2.5250623,19.8997500),(2.7857238,2.5276817,19.8997500),(2.7500580,2.5250623,19.8997500),(2.7563021,2.5195326,19.8997500),(2.7857238,2.5276817,19.8997500),(2.7563021,2.5195326,19.8997500),(2.7667796,2.5167809,19.8997500),(2.7857238,2.5276817,19.8997500),(2.7667796,2.5167809,19.8997500),(2.7728121,2.5175217,19.8997500),(2.7857238,2.5276817,19.8997500),(2.7728121,2.5175217,19.8997500),(2.7800617,2.5210671,19.8997500),(3.3080113,3.0193834,19.8997500),(3.2962638,3.0147267,19.8997500),(3.2355155,2.9645617,19.8997500),(3.3080113,3.0193834,19.8997500),(3.2355155,2.9645617,19.8997500),(3.2297476,2.9577884,19.8997500),(3.3080113,3.0193834,19.8997500),(3.2297476,2.9577884,19.8997500),(3.2272605,2.9505917,19.8997500),(3.3080113,3.0193834,19.8997500),(3.2272605,2.9505917,19.8997500),(3.2272605,2.9472051,19.8997500),(3.3080113,3.0193834,19.8997500),(3.2272605,2.9472051,19.8997500),(3.2306471,2.9343992,19.8997500),(3.3080113,3.0193834,19.8997500),(3.2306471,2.9343992,19.8997500),(3.2365738,2.9287107,19.8997500),(3.3080113,3.0193834,19.8997500),(3.2365738,2.9287107,19.8997500),(3.2446171,2.9258267,19.8997500),(3.3080113,3.0193834,19.8997500),(3.2446171,2.9258267,19.8997500),(3.2487446,2.9256151,19.8997500),(3.3080113,3.0193834,19.8997500),(3.2487446,2.9256151,19.8997500),(3.2602805,2.9293192,19.8997500),(3.3080113,3.0193834,19.8997500),(3.2602805,2.9293192,19.8997500),(3.2873738,2.9532376,19.8997500),(3.3080113,3.0193834,19.8997500),(3.2873738,2.9532376,19.8997500),(3.2873738,2.6346792,19.8997500),(3.3080113,3.0193834,19.8997500),(3.2873738,2.6346792,19.8997500),(3.2889084,2.6264771,19.8997500),(3.3080113,3.0193834,19.8997500),(3.2889084,2.6264771,19.8997500),(3.2935121,2.6196509,19.8997500),(3.3080113,3.0193834,19.8997500),(3.2935121,2.6196509,19.8997500),(3.3003384,2.6150471,19.8997500),(3.3080113,3.0193834,19.8997500),(3.3003384,2.6150471,19.8997500),(3.3085405,2.6135126,19.8997500),(3.3080113,3.0193834,19.8997500),(3.3085405,2.6135126,19.8997500),(3.3168219,2.6150471,19.8997500),(3.3080113,3.0193834,19.8997500),(3.3168219,2.6150471,19.8997500),(3.3236746,2.6196509,19.8997500),(3.3080113,3.0193834,19.8997500),(3.3236746,2.6196509,19.8997500),(3.3282784,2.6264771,19.8997500),(3.3080113,3.0193834,19.8997500),(3.3282784,2.6264771,19.8997500),(3.3298130,2.6346792,19.8997500),(3.3080113,3.0193834,19.8997500),(3.3298130,2.6346792,19.8997500),(3.3298130,2.9973701,19.8997500),(3.3080113,3.0193834,19.8997500),(3.3298130,2.9973701,19.8997500),(3.3269819,3.0086942,19.8997500),(3.3080113,3.0193834,19.8997500),(3.3269819,3.0086942,19.8997500),(3.3184888,3.0162084,19.8997500),(4.3685855,2.7917888,19.8997500),(4.5068038,2.6128246,19.8997500),(4.5140269,2.6066334,19.8997500),(4.3685855,2.7917888,19.8997500),(4.5140269,2.6066334,19.8997500),(4.5232080,2.6045696,19.8997500),(4.3685855,2.7917888,19.8997500),(4.5232080,2.6045696,19.8997500),(4.5364371,2.6091205,19.8997500),(4.3685855,2.7917888,19.8997500),(4.5364371,2.6091205,19.8997500),(4.5428665,2.6164759,19.8997500),(4.3685855,2.7917888,19.8997500),(4.5428665,2.6164759,19.8997500),(4.5450096,2.6260538,19.8997500),(4.3685855,2.7917888,19.8997500),(4.5450096,2.6260538,19.8997500),(4.5405646,2.6392830,19.8997500),(4.3685855,2.7917888,19.8997500),(4.5405646,2.6392830,19.8997500),(4.4229838,2.7917888,19.8997500),(4.4229838,2.7917888,19.8997500),(4.4315563,2.7917888,19.8997500),(4.4434807,2.7922998,19.8997500),(4.3685855,2.7917888,19.8997500),(4.4229838,2.7917888,19.8997500),(4.4434807,2.7922998,19.8997500),(4.2822255,2.7917888,19.8997500),(4.3685855,2.7917888,19.8997500),(4.4434807,2.7922998,19.8997500),(4.2822255,2.7917888,19.8997500),(4.4434807,2.7922998,19.8997500),(4.4548595,2.7938327,19.8997500),(4.2822255,2.7917888,19.8997500),(4.4548595,2.7938327,19.8997500),(4.4656925,2.7963876,19.8997500),(4.2822255,2.7917888,19.8997500),(4.4656925,2.7963876,19.8997500),(4.4759798,2.7999644,19.8997500),(4.2822255,2.7917888,19.8997500),(4.4759798,2.7999644,19.8997500),(4.4857215,2.8045632,19.8997500),(4.2822255,2.7917888,19.8997500),(4.4857215,2.8045632,19.8997500),(4.4949174,2.8101840,19.8997500),(4.2822255,2.7917888,19.8997500),(4.4949174,2.8101840,19.8997500),(4.5035676,2.8168267,19.8997500),(4.2822255,2.7917888,19.8997500),(4.5035676,2.8168267,19.8997500),(4.5116721,2.8244913,19.8997500),(4.2822255,2.7917888,19.8997500),(4.5116721,2.8244913,19.8997500),(4.5193120,2.8334640,19.8997500),(4.2822255,2.7917888,19.8997500),(4.5193120,2.8334640,19.8997500),(4.5259332,2.8427079,19.8997500),(4.2822255,2.7917888,19.8997500),(4.5259332,2.8427079,19.8997500),(4.5315357,2.8522229,19.8997500),(4.5315357,2.8522229,19.8997500),(4.5361196,2.8620092,19.8997500),(4.4965644,2.8769317,19.8997500),(4.5315357,2.8522229,19.8997500),(4.4965644,2.8769317,19.8997500),(4.4901152,2.8651710,19.8997500),(4.5315357,2.8522229,19.8997500),(4.4901152,2.8651710,19.8997500),(4.4810863,2.8545480,19.8997500),(4.5315357,2.8522229,19.8997500),(4.4810863,2.8545480,19.8997500),(4.4700929,2.8457506,19.8997500),(4.5315357,2.8522229,19.8997500),(4.4700929,2.8457506,19.8997500),(4.4581734,2.8394667,19.8997500),(4.5315357,2.8522229,19.8997500),(4.4581734,2.8394667,19.8997500),(4.4453279,2.8356964,19.8997500),(4.2822255,2.7917888,19.8997500),(4.5315357,2.8522229,19.8997500),(4.4453279,2.8356964,19.8997500),(4.2822255,2.7917888,19.8997500),(4.4453279,2.8356964,19.8997500),(4.4315563,2.8344396,19.8997500),(4.2822255,2.7917888,19.8997500),(4.4315563,2.8344396,19.8997500),(4.2822255,2.8344396,19.8997500),(4.5004340,2.8898302,19.8997500),(4.4965644,2.8769317,19.8997500),(4.5361196,2.8620092,19.8997500),(4.5017238,2.9038663,19.8997500),(4.5004340,2.8898302,19.8997500),(4.5361196,2.8620092,19.8997500),(4.5004340,2.9177702,19.8997500),(4.5017238,2.9038663,19.8997500),(4.5361196,2.8620092,19.8997500),(4.4965644,2.9305892,19.8997500),(4.5004340,2.9177702,19.8997500),(4.5361196,2.8620092,19.8997500),(4.4901152,2.9423235,19.8997500),(4.4965644,2.9305892,19.8997500),(4.5361196,2.8620092,19.8997500),(4.4901152,2.9423235,19.8997500),(4.5361196,2.8620092,19.8997500),(4.5396849,2.8720667,19.8997500),(4.4901152,2.9423235,19.8997500),(4.5396849,2.8720667,19.8997500),(4.5422315,2.8823954,19.8997500),(4.4810863,2.9529730,19.8997500),(4.4901152,2.9423235,19.8997500),(4.5422315,2.8823954,19.8997500),(4.4810863,2.9529730,19.8997500),(4.5422315,2.8823954,19.8997500),(4.5437595,2.8929952,19.8997500),(4.4810863,2.9529730,19.8997500),(4.5437595,2.8929952,19.8997500),(4.5442688,2.9038663,19.8997500),(4.4703707,2.9617704,19.8997500),(4.4810863,2.9529730,19.8997500),(4.5442688,2.9038663,19.8997500),(4.4703707,2.9617704,19.8997500),(4.5442688,2.9038663,19.8997500),(4.5437595,2.9151276,19.8997500),(4.4703707,2.9617704,19.8997500),(4.5437595,2.9151276,19.8997500),(4.5422315,2.9259987,19.8997500),(4.4586496,2.9680542,19.8997500),(4.4703707,2.9617704,19.8997500),(4.5422315,2.9259987,19.8997500),(4.4586496,2.9680542,19.8997500),(4.5422315,2.9259987,19.8997500),(4.5396849,2.9364795,19.8997500),(4.4586496,2.9680542,19.8997500),(4.5396849,2.9364795,19.8997500),(4.5361196,2.9465701,19.8997500),(4.4459232,2.9718245,19.8997500),(4.4586496,2.9680542,19.8997500),(4.5361196,2.9465701,19.8997500),(4.4459232,2.9718245,19.8997500),(4.5361196,2.9465701,19.8997500),(4.5315357,2.9562703,19.8997500),(4.4459232,2.9718245,19.8997500),(4.5315357,2.9562703,19.8997500),(4.5259332,2.9655804,19.8997500),(4.4321913,2.9730813,19.8997500),(4.4459232,2.9718245,19.8997500),(4.5259332,2.9655804,19.8997500),(4.4321913,2.9730813,19.8997500),(4.5259332,2.9655804,19.8997500),(4.5193120,2.9745001,19.8997500),(4.2822255,2.9730813,19.8997500),(4.4321913,2.9730813,19.8997500),(4.5193120,2.9745001,19.8997500),(4.2822255,2.9730813,19.8997500),(4.5193120,2.9745001,19.8997500),(4.5116721,2.9830296,19.8997500),(4.2822255,2.9730813,19.8997500),(4.5116721,2.9830296,19.8997500),(4.5029657,2.9908431,19.8997500),(4.2822255,2.9730813,19.8997500),(4.5029657,2.9908431,19.8997500),(4.4938855,2.9976148,19.8997500),(4.2822255,2.9730813,19.8997500),(4.4938855,2.9976148,19.8997500),(4.4844316,3.0033447,19.8997500),(4.2822255,2.9730813,19.8997500),(4.4844316,3.0033447,19.8997500),(4.4746040,3.0080328,19.8997500),(4.2822255,2.9730813,19.8997500),(4.4746040,3.0080328,19.8997500),(4.4644027,3.0116791,19.8997500),(4.2822255,2.9730813,19.8997500),(4.4644027,3.0116791,19.8997500),(4.4538276,3.0142835,19.8997500),(4.2822255,2.9730813,19.8997500),(4.4538276,3.0142835,19.8997500),(4.4428788,3.0158462,19.8997500),(4.2822255,2.9730813,19.8997500),(4.4428788,3.0158462,19.8997500),(4.4315563,3.0163671,19.8997500),(4.2822255,2.9730813,19.8997500),(4.4315563,3.0163671,19.8997500),(4.2609530,3.0163671,19.8997500),(4.2822255,2.8344396,19.8997500),(4.2822255,2.9730813,19.8997500),(4.2609530,3.0163671,19.8997500),(4.2822255,2.7917888,19.8997500),(4.2822255,2.8344396,19.8997500),(4.2609530,3.0163671,19.8997500),(4.2822255,2.7917888,19.8997500),(4.2609530,3.0163671,19.8997500),(4.2523540,3.0147003,19.8997500),(4.2822255,2.7917888,19.8997500),(4.2523540,3.0147003,19.8997500),(4.2451838,3.0096996,19.8997500),(4.2822255,2.7917888,19.8997500),(4.2451838,3.0096996,19.8997500),(4.2409769,3.0022648,19.8997500),(4.2822255,2.7917888,19.8997500),(4.2409769,3.0022648,19.8997500),(4.2395746,2.9943538,19.8997500),(4.2822255,2.7917888,19.8997500),(4.2395746,2.9943538,19.8997500),(4.2395746,2.6316630,19.8997500),(4.2822255,2.7917888,19.8997500),(4.2395746,2.6316630,19.8997500),(4.2418633,2.6233286,19.8997500),(4.2822255,2.7917888,19.8997500),(4.2418633,2.6233286,19.8997500),(4.2461892,2.6173755,19.8997500),(4.2822255,2.7917888,19.8997500),(4.2461892,2.6173755,19.8997500),(4.2609530,2.6126130,19.8997500),(4.2822255,2.7917888,19.8997500),(4.2609530,2.6126130,19.8997500),(4.2683547,2.6138036,19.8997500),(4.2822255,2.7917888,19.8997500),(4.2683547,2.6138036,19.8997500),(4.2743673,2.6173755,19.8997500),(4.2822255,2.7917888,19.8997500),(4.2743673,2.6173755,19.8997500),(4.2822255,2.6316630,19.8997500),(4.1433721,2.7923180,19.8997500),(4.1431605,2.6316630,19.8997500),(4.1447744,2.6234609,19.8997500),(4.1433721,2.7923180,19.8997500),(4.1447744,2.6234609,19.8997500),(4.1496163,2.6166346,19.8997500),(4.1433721,2.7923180,19.8997500),(4.1496163,2.6166346,19.8997500),(4.1564955,2.6120309,19.8997500),(4.1433721,2.7923180,19.8997500),(4.1564955,2.6120309,19.8997500),(4.1642213,2.6104963,19.8997500),(4.1433721,2.7923180,19.8997500),(4.1642213,2.6104963,19.8997500),(4.1725028,2.6120309,19.8997500),(4.1433721,2.7923180,19.8997500),(4.1725028,2.6120309,19.8997500),(4.1793555,2.6166346,19.8997500),(4.1433721,2.7923180,19.8997500),(4.1793555,2.6166346,19.8997500),(4.1839592,2.6234609,19.8997500),(4.1433721,2.7923180,19.8997500),(4.1839592,2.6234609,19.8997500),(4.1854938,2.6316630,19.8997500),(4.1433721,2.7923180,19.8997500),(4.1854938,2.6316630,19.8997500),(4.1854938,2.9943538,19.8997500),(4.1433721,2.7923180,19.8997500),(4.1854938,2.9943538,19.8997500),(4.1839592,3.0025030,19.8997500),(4.1433721,2.7923180,19.8997500),(4.1839592,3.0025030,19.8997500),(4.1793555,3.0093821,19.8997500),(4.1433721,2.7923180,19.8997500),(4.1793555,3.0093821,19.8997500),(4.1726086,3.0141446,19.8997500),(4.1433721,2.7923180,19.8997500),(4.1726086,3.0141446,19.8997500),(4.1646446,3.0157321,19.8997500),(4.1433721,2.7923180,19.8997500),(4.1646446,3.0157321,19.8997500),(4.1564426,3.0140917,19.8997500),(4.1433721,2.7923180,19.8997500),(4.1564426,3.0140917,19.8997500),(4.1494046,3.0091705,19.8997500),(4.1433721,2.7923180,19.8997500),(4.1494046,3.0091705,19.8997500),(4.1447215,3.0027146,19.8997500),(4.1433721,2.7923180,19.8997500),(4.1447215,3.0027146,19.8997500),(4.1431605,2.9943538,19.8997500),(4.1433721,2.7923180,19.8997500),(4.1431605,2.9943538,19.8997500),(4.1431605,2.8344396,19.8997500),(3.9232388,2.7923180,19.8997500),(4.1433721,2.7923180,19.8997500),(4.1431605,2.8344396,19.8997500),(3.9232388,2.7923180,19.8997500),(4.1431605,2.8344396,19.8997500),(3.9238738,2.8344396,19.8997500),(3.9232388,2.7923180,19.8997500),(3.9238738,2.8344396,19.8997500),(3.9238738,2.9943538,19.8997500),(3.9232388,2.7923180,19.8997500),(3.9238738,2.9943538,19.8997500),(3.9222334,3.0025030,19.8997500),(3.9232388,2.7923180,19.8997500),(3.9222334,3.0025030,19.8997500),(3.9173121,3.0093821,19.8997500),(3.9232388,2.7923180,19.8997500),(3.9173121,3.0093821,19.8997500),(3.9103536,3.0141446,19.8997500),(3.9232388,2.7923180,19.8997500),(3.9103536,3.0141446,19.8997500),(3.9026013,3.0157321,19.8997500),(3.9232388,2.7923180,19.8997500),(3.9026013,3.0157321,19.8997500),(3.8943728,3.0141446,19.8997500),(3.9232388,2.7923180,19.8997500),(3.8943728,3.0141446,19.8997500),(3.8872555,3.0093821,19.8997500),(3.9232388,2.7923180,19.8997500),(3.8872555,3.0093821,19.8997500),(3.8824136,3.0025030,19.8997500),(3.9232388,2.7923180,19.8997500),(3.8824136,3.0025030,19.8997500),(3.8807996,2.9943538,19.8997500),(3.9232388,2.7923180,19.8997500),(3.8807996,2.9943538,19.8997500),(3.8807996,2.6316630,19.8997500),(3.9232388,2.7923180,19.8997500),(3.8807996,2.6316630,19.8997500),(3.8823607,2.6234609,19.8997500),(3.9232388,2.7923180,19.8997500),(3.8823607,2.6234609,19.8997500),(3.8870438,2.6166346,19.8997500),(3.9232388,2.7923180,19.8997500),(3.8870438,2.6166346,19.8997500),(3.8940023,2.6120309,19.8997500),(3.9232388,2.7923180,19.8997500),(3.8940023,2.6120309,19.8997500),(3.9021780,2.6104963,19.8997500),(3.9232388,2.7923180,19.8997500),(3.9021780,2.6104963,19.8997500),(3.9099567,2.6120044,19.8997500),(3.9232388,2.7923180,19.8997500),(3.9099567,2.6120044,19.8997500),(3.9172063,2.6165288,19.8997500),(3.9232388,2.7923180,19.8997500),(3.9172063,2.6165288,19.8997500),(3.9217307,2.6230111,19.8997500),(3.9232388,2.7923180,19.8997500),(3.9217307,2.6230111,19.8997500),(3.9232388,2.6316630,19.8997500),(4.6414238,2.7635313,19.8997500),(4.6414238,2.9943538,19.8997500),(4.6398892,3.0025030,19.8997500),(4.6414238,2.7635313,19.8997500),(4.6398892,3.0025030,19.8997500),(4.6352855,3.0093821,19.8997500),(4.6414238,2.7635313,19.8997500),(4.6352855,3.0093821,19.8997500),(4.6285386,3.0141446,19.8997500),(4.6419216,2.7522849,19.8997500),(4.6414238,2.7635313,19.8997500),(4.6285386,3.0141446,19.8997500),(4.6419216,2.7522849,19.8997500),(4.6285386,3.0141446,19.8997500),(4.6205746,3.0157321,19.8997500),(4.6419216,2.7522849,19.8997500),(4.6205746,3.0157321,19.8997500),(4.6122403,3.0140917,19.8997500),(4.6419216,2.7522849,19.8997500),(4.6122403,3.0140917,19.8997500),(4.6048055,3.0091705,19.8997500),(4.6419216,2.7522849,19.8997500),(4.6048055,3.0091705,19.8997500),(4.6002811,3.0027146,19.8997500),(4.6419216,2.7522849,19.8997500),(4.6002811,3.0027146,19.8997500),(4.5987730,2.9943538,19.8997500),(4.6419216,2.7522849,19.8997500),(4.5987730,2.9943538,19.8997500),(4.5987730,2.7635313,19.8997500),(4.6419216,2.7522849,19.8997500),(4.5987730,2.7635313,19.8997500),(4.5994675,2.7480218,19.8997500),(4.6419216,2.7522849,19.8997500),(4.5994675,2.7480218,19.8997500),(4.6015511,2.7330844,19.8997500),(4.6419216,2.7522849,19.8997500),(4.6015511,2.7330844,19.8997500),(4.6050238,2.7187192,19.8997500),(4.6419216,2.7522849,19.8997500),(4.6050238,2.7187192,19.8997500),(4.6098855,2.7049261,19.8997500),(4.6419216,2.7522849,19.8997500),(4.6098855,2.7049261,19.8997500),(4.6161363,2.6917052,19.8997500),(4.6419216,2.7522849,19.8997500),(4.6161363,2.6917052,19.8997500),(4.6237761,2.6790565,19.8997500),(4.6419216,2.7522849,19.8997500),(4.6237761,2.6790565,19.8997500),(4.6328050,2.6669799,19.8997500),(4.6419216,2.7522849,19.8997500),(4.6328050,2.6669799,19.8997500),(4.6432230,2.6554755,19.8997500),(4.6419216,2.7522849,19.8997500),(4.6432230,2.6554755,19.8997500),(4.6544810,2.6449335,19.8997500),(4.6544810,2.6449335,19.8997500),(4.6663476,2.6357971,19.8997500),(4.6788227,2.6280663,19.8997500),(4.6544810,2.6449335,19.8997500),(4.6788227,2.6280663,19.8997500),(4.6919063,2.6217411,19.8997500),(4.6544810,2.6449335,19.8997500),(4.6919063,2.6217411,19.8997500),(4.7055985,2.6168215,19.8997500),(4.6544810,2.6449335,19.8997500),(4.7055985,2.6168215,19.8997500),(4.7198992,2.6133075,19.8997500),(4.6544810,2.6449335,19.8997500),(4.7198992,2.6133075,19.8997500),(4.7348085,2.6111991,19.8997500),(4.6544810,2.6449335,19.8997500),(4.7348085,2.6111991,19.8997500),(4.7503263,2.6104963,19.8997500),(4.6544810,2.6449335,19.8997500),(4.7503263,2.6104963,19.8997500),(4.7658656,2.6111991,19.8997500),(4.6544810,2.6449335,19.8997500),(4.7658656,2.6111991,19.8997500),(4.7808394,2.6133075,19.8997500),(4.6544810,2.6449335,19.8997500),(4.7808394,2.6133075,19.8997500),(4.7952476,2.6168215,19.8997500),(4.6544810,2.6449335,19.8997500),(4.7952476,2.6168215,19.8997500),(4.8090903,2.6217411,19.8997500),(4.6544810,2.6449335,19.8997500),(4.8090903,2.6217411,19.8997500),(4.8223674,2.6280663,19.8997500),(4.6544810,2.6449335,19.8997500),(4.8223674,2.6280663,19.8997500),(4.8350790,2.6357971,19.8997500),(4.6544810,2.6449335,19.8997500),(4.8350790,2.6357971,19.8997500),(4.8472250,2.6449335,19.8997500),(4.6544810,2.6449335,19.8997500),(4.8472250,2.6449335,19.8997500),(4.8588055,2.6554755,19.8997500),(4.8588055,2.6554755,19.8997500),(4.8692731,2.6668459,19.8997500),(4.8783450,2.6788382,19.8997500),(4.8588055,2.6554755,19.8997500),(4.8783450,2.6788382,19.8997500),(4.8860212,2.6914522,19.8997500),(4.8588055,2.6554755,19.8997500),(4.8860212,2.6914522,19.8997500),(4.8923017,2.7046880,19.8997500),(4.8588055,2.6554755,19.8997500),(4.8923017,2.7046880,19.8997500),(4.8971866,2.7185455,19.8997500),(4.8588055,2.6554755,19.8997500),(4.8971866,2.7185455,19.8997500),(4.9006758,2.7330248,19.8997500),(4.8588055,2.6554755,19.8997500),(4.9006758,2.7330248,19.8997500),(4.9027693,2.7481259,19.8997500),(4.8588055,2.6554755,19.8997500),(4.9027693,2.7481259,19.8997500),(4.9034671,2.7638488,19.8997500),(4.8588055,2.6554755,19.8997500),(4.9034671,2.7638488,19.8997500),(4.9034671,2.9943538,19.8997500),(4.8588055,2.6554755,19.8997500),(4.9034671,2.9943538,19.8997500),(4.9019326,3.0025030,19.8997500),(4.8588055,2.6554755,19.8997500),(4.9019326,3.0025030,19.8997500),(4.8973288,3.0093821,19.8997500),(4.8588055,2.6554755,19.8997500),(4.8973288,3.0093821,19.8997500),(4.8905026,3.0141446,19.8997500),(4.8588055,2.6554755,19.8997500),(4.8905026,3.0141446,19.8997500),(4.8823005,3.0157321,19.8997500),(4.8588055,2.6554755,19.8997500),(4.8823005,3.0157321,19.8997500),(4.8740984,3.0141446,19.8997500),(4.8588055,2.6554755,19.8997500),(4.8740984,3.0141446,19.8997500),(4.8672721,3.0093821,19.8997500),(4.8672721,3.0093821,19.8997500),(4.8626684,3.0025030,19.8997500),(4.8611338,2.9943538,19.8997500),(4.8672721,3.0093821,19.8997500),(4.8611338,2.9943538,19.8997500),(4.8611338,2.7638488,19.8997500),(4.8588055,2.6554755,19.8997500),(4.8672721,3.0093821,19.8997500),(4.8611338,2.7638488,19.8997500),(4.8588055,2.6554755,19.8997500),(4.8611338,2.7638488,19.8997500),(4.8606228,2.7526470,19.8997500),(4.8588055,2.6554755,19.8997500),(4.8606228,2.7526470,19.8997500),(4.8590899,2.7418487,19.8997500),(4.8588055,2.6554755,19.8997500),(4.8590899,2.7418487,19.8997500),(4.8565350,2.7314539,19.8997500),(4.8588055,2.6554755,19.8997500),(4.8565350,2.7314539,19.8997500),(4.8529582,2.7214626,19.8997500),(4.8588055,2.6554755,19.8997500),(4.8529582,2.7214626,19.8997500),(4.8483594,2.7118747,19.8997500),(4.8588055,2.6554755,19.8997500),(4.8483594,2.7118747,19.8997500),(4.8427387,2.7026904,19.8997500),(4.8588055,2.6554755,19.8997500),(4.8427387,2.7026904,19.8997500),(4.8360960,2.6939095,19.8997500),(4.8588055,2.6554755,19.8997500),(4.8360960,2.6939095,19.8997500),(4.8284313,2.6855321,19.8997500),(4.8588055,2.6554755,19.8997500),(4.8284313,2.6855321,19.8997500),(4.8202441,2.6778923,19.8997500),(4.8588055,2.6554755,19.8997500),(4.8202441,2.6778923,19.8997500),(4.8116104,2.6712711,19.8997500),(4.8588055,2.6554755,19.8997500),(4.8116104,2.6712711,19.8997500),(4.8025303,2.6656685,19.8997500),(4.8588055,2.6554755,19.8997500),(4.8025303,2.6656685,19.8997500),(4.7930036,2.6610846,19.8997500),(4.8588055,2.6554755,19.8997500),(4.7930036,2.6610846,19.8997500),(4.7830305,2.6575194,19.8997500),(4.8588055,2.6554755,19.8997500),(4.7830305,2.6575194,19.8997500),(4.7726108,2.6549728,19.8997500),(4.8588055,2.6554755,19.8997500),(4.7726108,2.6549728,19.8997500),(4.7617447,2.6534448,19.8997500),(4.6544810,2.6449335,19.8997500),(4.8588055,2.6554755,19.8997500),(4.7617447,2.6534448,19.8997500),(4.6544810,2.6449335,19.8997500),(4.7617447,2.6534448,19.8997500),(4.7504321,2.6529355,19.8997500),(4.6544810,2.6449335,19.8997500),(4.7504321,2.6529355,19.8997500),(4.7393180,2.6534415,19.8997500),(4.6544810,2.6449335,19.8997500),(4.7393180,2.6534415,19.8997500),(4.7286239,2.6549595,19.8997500),(4.6544810,2.6449335,19.8997500),(4.7286239,2.6549595,19.8997500),(4.7183498,2.6574896,19.8997500),(4.6544810,2.6449335,19.8997500),(4.7183498,2.6574896,19.8997500),(4.7084957,2.6610317,19.8997500),(4.6544810,2.6449335,19.8997500),(4.7084957,2.6610317,19.8997500),(4.6990616,2.6655859,19.8997500),(4.6544810,2.6449335,19.8997500),(4.6990616,2.6655859,19.8997500),(4.6900476,2.6711520,19.8997500),(4.6544810,2.6449335,19.8997500),(4.6900476,2.6711520,19.8997500),(4.6814536,2.6777302,19.8997500),(4.6544810,2.6449335,19.8997500),(4.6814536,2.6777302,19.8997500),(4.6732796,2.6853205,19.8997500),(4.6544810,2.6449335,19.8997500),(4.6732796,2.6853205,19.8997500),(4.6658134,2.6936267,19.8997500),(4.6544810,2.6449335,19.8997500),(4.6658134,2.6936267,19.8997500),(4.6593427,2.7023530,19.8997500),(4.6544810,2.6449335,19.8997500),(4.6593427,2.7023530,19.8997500),(4.6538675,2.7114993,19.8997500),(4.6544810,2.6449335,19.8997500),(4.6538675,2.7114993,19.8997500),(4.6493878,2.7210657,19.8997500),(4.6544810,2.6449335,19.8997500),(4.6493878,2.7210657,19.8997500),(4.6459035,2.7310520,19.8997500),(4.6544810,2.6449335,19.8997500),(4.6459035,2.7310520,19.8997500),(4.6434148,2.7414584,19.8997500),(4.6419216,2.7522849,19.8997500),(4.6544810,2.6449335,19.8997500),(4.6434148,2.7414584,19.8997500),(3.8211890,2.9783994,19.8997500),(3.8265071,2.9943538,19.8997500),(3.8249990,3.0023442,19.8997500),(3.8211890,2.9783994,19.8997500),(3.8249990,3.0023442,19.8997500),(3.8204746,3.0091705,19.8997500),(3.8211890,2.9783994,19.8997500),(3.8204746,3.0091705,19.8997500),(3.8136484,3.0140917,19.8997500),(3.8211890,2.9783994,19.8997500),(3.8136484,3.0140917,19.8997500),(3.8052346,3.0157321,19.8997500),(3.8211890,2.9783994,19.8997500),(3.8052346,3.0157321,19.8997500),(3.5431913,3.0157321,19.8997500),(3.8211890,2.9783994,19.8997500),(3.5431913,3.0157321,19.8997500),(3.5338780,3.0136948,19.8997500),(3.8211890,2.9783994,19.8997500),(3.5338780,3.0136948,19.8997500),(3.5264696,3.0075830,19.8997500),(3.8211890,2.9783994,19.8997500),(3.5264696,3.0075830,19.8997500),(3.5218130,2.9943538,19.8997500),(3.8211890,2.9783994,19.8997500),(3.5218130,2.9943538,19.8997500),(3.5218130,2.9927663,19.8997500),(3.8211890,2.9783994,19.8997500),(3.5218130,2.9927663,19.8997500),(3.5278455,2.9798546,19.8997500),(3.8211890,2.9783994,19.8997500),(3.5278455,2.9798546,19.8997500),(3.5349628,2.9747746,19.8997500),(3.8211890,2.9783994,19.8997500),(3.5349628,2.9747746,19.8997500),(3.5431913,2.9730813,19.8997500),(3.8211890,2.9783994,19.8997500),(3.5431913,2.9730813,19.8997500),(3.6531521,2.9730813,19.8997500),(3.6531521,2.9730813,19.8997500),(3.6531521,2.6316630,19.8997500),(3.6546867,2.6234609,19.8997500),(3.6531521,2.9730813,19.8997500),(3.6546867,2.6234609,19.8997500),(3.6592905,2.6166346,19.8997500),(3.6531521,2.9730813,19.8997500),(3.6592905,2.6166346,19.8997500),(3.6661167,2.6120309,19.8997500),(3.6531521,2.9730813,19.8997500),(3.6661167,2.6120309,19.8997500),(3.6743188,2.6104963,19.8997500),(3.6531521,2.9730813,19.8997500),(3.6743188,2.6104963,19.8997500),(3.6825209,2.6120309,19.8997500),(3.6531521,2.9730813,19.8997500),(3.6825209,2.6120309,19.8997500),(3.6893471,2.6166346,19.8997500),(3.6531521,2.9730813,19.8997500),(3.6893471,2.6166346,19.8997500),(3.6939509,2.6234609,19.8997500),(3.6531521,2.9730813,19.8997500),(3.6939509,2.6234609,19.8997500),(3.6954855,2.6316630,19.8997500),(3.6531521,2.9730813,19.8997500),(3.6954855,2.6316630,19.8997500),(3.6954855,2.9730813,19.8997500),(3.8211890,2.9783994,19.8997500),(3.6531521,2.9730813,19.8997500),(3.6954855,2.9730813,19.8997500),(3.8211890,2.9783994,19.8997500),(3.6954855,2.9730813,19.8997500),(3.8052346,2.9730813,19.8997500),(3.8211890,2.9783994,19.8997500),(3.8052346,2.9730813,19.8997500),(3.8145414,2.9744108,19.8997500)));
#159=COMPLEX_TRIANGULATED_SURFACE_SET('surface set',#158,2988,(),(),(),((1,2,3),(4,5,6),(7,8,9),(10,11,12),(13,14,15),(16,17,18),(19,20,21),(22,23,24),(25,26,27),(28,29,30),(31,32,33),(34,35,36),(37,38,39),(40,41,42),(43,44,45),(46,47,48),(49,50,51),(52,53,54),(55,56,57),(58,59,60),(61,62,63),(64,65,66),(67,68,69),(70,71,72),(73,74,75),(76,77,78),(79,80,81),(82,83,84),(85,86,87),(88,89,90),(91,92,93),(94,95,96),(97,98,99),(100,101,102),(103,104,105),(106,107,108),(109,110,111),(112,113,114),(115,116,117),(118,119,120),(121,122,123),(124,125,126),(127,128,129),(130,131,132),(133,134,135),(136,137,138),(139,140,141),(142,143,144),(145,146,147),(148,149,150),(151,152,153),(154,155,156),(157,158,159),(160,161,162),(163,164,165),(166,167,168),(169,170,171),(172,173,174),(175,176,177),(178,179,180),(181,182,183),(184,185,186),(187,188,189),(190,191,192),(193,194,195),(196,197,198),(199,200,201),(202,203,204),(205,206,207),(208,209,210),(211,212,213),(214,215,216),(217,218,219),(220,221,222),(223,224,225),(226,227,228),(229,230,231),(232,233,234),(235,236,237),(238,239,240),(241,242,243),(244,245,246),(247,248,249),(250,251,252),(253,254,255),(256,257,258),(259,260,261),(262,263,264),(265,266,267),(268,269,270),(271,272,273),(274,275,276),(277,278,279),(280,281,282),(283,284,285),(286,287,288),(289,290,291),(292,293,294),(295,296,297),(298,299,300),(301,302,303),(304,305,306),(307,308,309),(310,311,312),(313,314,315),(316,317,318),(319,320,321),(322,323,324),(325,326,327),(328,329,330),(331,332,333),(334,335,336),(337,338,339),(340,341,342),(343,344,345),(346,347,348),(349,350,351),(352,353,354),(355,356,357),(358,359,360),(361,362,363),(364,365,366),(367,368,369),(370,371,372),(373,374,375),(376,377,378),(379,380,381),(382,383,384),(385,386,387),(388,389,390),(391,392,393),(394,395,396),(397,398,399),(400,401,402),(403,404,405),(406,407,408),(409,410,411),(412,413,414),(415,416,417),(418,419,420),(421,422,423),(424,425,426),(427,428,429),(430,431,432),(433,434,435),(436,437,438),(439,440,441),(442,443,444),(445,446,447),(448,449,450),(451,452,453),(454,455,456),(457,458,459),(460,461,462),(463,464,465),(466,467,468),(469,470,471),(472,473,474),(475,476,477),(478,479,480),(481,482,483),(484,485,486),(487,488,489),(490,491,492),(493,494,495),(496,497,498),(499,500,501),(502,503,504),(505,506,507),(508,509,510),(511,512,513),(514,515,516),(517,518,519),(520,521,522),(523,524,525),(526,527,528),(529,530,531),(532,533,534),(535,536,537),(538,539,540),(541,542,543),(544,545,546),(547,548,549),(550,551,552),(553,554,555),(556,557,558),(559,560,561),(562,563,564),(565,566,567),(568,569,570),(571,572,573),(574,575,576),(577,578,579),(580,581,582),(583,584,585),(586,587,588),(589,590,591),(592,593,594),(595,596,597),(598,599,600),(601,602,603),(604,605,606),(607,608,609),(610,611,612),(613,614,615),(616,617,618),(619,620,621),(622,623,624),(625,626,627),(628,629,630),(631,632,633),(634,635,636),(637,638,639),(640,641,642),(643,644,645),(646,647,648),(649,650,651),(652,653,654),(655,656,657),(658,659,660),(661,662,663),(664,665,666),(667,668,669),(670,671,672),(673,674,675),(676,677,678),(679,680,681),(682,683,684),(685,686,687),(688,689,690),(691,692,693),(694,695,696),(697,698,699),(700,701,702),(703,704,705),(706,707,708),(709,710,711),(712,713,714),(715,716,717),(718,719,720),(721,722,723),(724,725,726),(727,728,729),(730,731,732),(733,734,735),(736,737,738),(739,740,741),(742,743,744),(745,746,747),(748,749,750),(751,752,753),(754,755,756),(757,758,759),(760,761,762),(763,764,765),(766,767,768),(769,770,771),(772,773,774),(775,776,777),(778,779,780),(781,782,783),(784,785,786),(787,788,789),(790,791,792),(793,794,795),(796,797,798),(799,800,801),(802,803,804),(805,806,807),(808,809,810),(811,812,813),(814,815,816),(817,818,819),(820,821,822),(823,824,825),(826,827,828),(829,830,831),(832,833,834),(835,836,837),(838,839,840),(841,842,843),(844,845,846),(847,848,849),(850,851,852),(853,854,855),(856,857,858),(859,860,861),(862,863,864),(865,866,867),(868,869,870),(871,872,873),(874,875,876),(877,878,879),(880,881,882),(883,884,885),(886,887,888),(889,890,891),(892,893,894),(895,896,897),(898,899,900),(901,902,903),(904,905,906),(907,908,909),(910,911,912),(913,914,915),(916,917,918),(919,920,921),(922,923,924),(925,926,927),(928,929,930),(931,932,933),(934,935,936),(937,938,939),(940,941,942),(943,944,945),(946,947,948),(949,950,951),(952,953,954),(955,956,957),(958,959,960),(961,962,963),(964,965,966),(967,968,969),(970,971,972),(973,974,975),(976,977,978),(979,980,981),(982,983,984),(985,986,987),(988,989,990),(991,992,993),(994,995,996),(997,998,999),(1000,1001,1002),(1003,1004,1005),(1006,1007,1008),(1009,1010,1011),(1012,1013,1014),(1015,1016,1017),(1018,1019,1020),(1021,1022,1023),(1024,1025,1026),(1027,1028,1029),(1030,1031,1032),(1033,1034,1035),(1036,1037,1038),(1039,1040,1041),(1042,1043,1044),(1045,1046,1047),(1048,1049,1050),(1051,1052,1053),(1054,1055,1056),(1057,1058,1059),(1060,1061,1062),(1063,1064,1065),(1066,1067,1068),(1069,1070,1071),(1072,1073,1074),(1075,1076,1077),(1078,1079,1080),(1081,1082,1083),(1084,1085,1086),(1087,1088,1089),(1090,1091,1092),(1093,1094,1095),(1096,1097,1098),(1099,1100,1101),(1102,1103,1104),(1105,1106,1107),(1108,1109,1110),(1111,1112,1113),(1114,1115,1116),(1117,1118,1119),(1120,1121,1122),(1123,1124,1125),(1126,1127,1128),(1129,1130,1131),(1132,1133,1134),(1135,1136,1137),(1138,1139,1140),(1141,1142,1143),(1144,1145,1146),(1147,1148,1149),(1150,1151,1152),(1153,1154,1155),(1156,1157,1158),(1159,1160,1161),(1162,1163,1164),(1165,1166,1167),(1168,1169,1170),(1171,1172,1173),(1174,1175,1176),(1177,1178,1179),(1180,1181,1182),(1183,1184,1185),(1186,1187,1188),(1189,1190,1191),(1192,1193,1194),(1195,1196,1197),(1198,1199,1200),(1201,1202,1203),(1204,1205,1206),(1207,1208,1209),(1210,1211,1212),(1213,1214,1215),(1216,1217,1218),(1219,1220,1221),(1222,1223,1224),(1225,1226,1227),(1228,1229,1230),(1231,1232,1233),(1234,1235,1236),(1237,1238,1239),(1240,1241,1242),(1243,1244,1245),(1246,1247,1248),(1249,1250,1251),(1252,1253,1254),(1255,1256,1257),(1258,1259,1260),(1261,1262,1263),(1264,1265,1266),(1267,1268,1269),(1270,1271,1272),(1273,1274,1275),(1276,1277,1278),(1279,1280,1281),(1282,1283,1284),(1285,1286,1287),(1288,1289,1290),(1291,1292,1293),(1294,1295,1296),(1297,1298,1299),(1300,1301,1302),(1303,1304,1305),(1306,1307,1308),(1309,1310,1311),(1312,1313,1314),(1315,1316,1317),(1318,1319,1320),(1321,1322,1323),(1324,1325,1326),(1327,1328,1329),(1330,1331,1332),(1333,1334,1335),(1336,1337,1338),(1339,1340,1341),(1342,1343,1344),(1345,1346,1347),(1348,1349,1350),(1351,1352,1353),(1354,1355,1356),(1357,1358,1359),(1360,1361,1362),(1363,1364,1365),(1366,1367,1368),(1369,1370,1371),(1372,1373,1374),(1375,1376,1377),(1378,1379,1380),(1381,1382,1383),(1384,1385,1386),(1387,1388,1389),(1390,1391,1392),(1393,1394,1395),(1396,1397,1398),(1399,1400,1401),(1402,1403,1404),(1405,1406,1407),(1408,1409,1410),(1411,1412,1413),(1414,1415,1416),(1417,1418,1419),(1420,1421,1422),(1423,1424,1425),(1426,1427,1428),(1429,1430,1431),(1432,1433,1434),(1435,1436,1437),(1438,1439,1440),(1441,1442,1443),(1444,1445,1446),(1447,1448,1449),(1450,1451,1452),(1453,1454,1455),(1456,1457,1458),(1459,1460,1461),(1462,1463,1464),(1465,1466,1467),(1468,1469,1470),(1471,1472,1473),(1474,1475,1476),(1477,1478,1479),(1480,1481,1482),(1483,1484,1485),(1486,1487,1488),(1489,1490,1491),(1492,1493,1494),(1495,1496,1497),(1498,1499,1500),(1501,1502,1503),(1504,1505,1506),(1507,1508,1509),(1510,1511,1512),(1513,1514,1515),(1516,1517,1518),(1519,1520,1521),(1522,1523,1524),(1525,1526,1527),(1528,1529,1530),(1531,1532,1533),(1534,1535,1536),(1537,1538,1539),(1540,1541,1542),(1543,1544,1545),(1546,1547,1548),(1549,1550,1551),(1552,1553,1554),(1555,1556,1557),(1558,1559,1560),(1561,1562,1563),(1564,1565,1566),(1567,1568,1569),(1570,1571,1572),(1573,1574,1575),(1576,1577,1578),(1579,1580,1581),(1582,1583,1584),(1585,1586,1587),(1588,1589,1590),(1591,1592,1593),(1594,1595,1596),(1597,1598,1599),(1600,1601,1602),(1603,1604,1605),(1606,1607,1608),(1609,1610,1611),(1612,1613,1614),(1615,1616,1617),(1618,1619,1620),(1621,1622,1623),(1624,1625,1626),(1627,1628,1629),(1630,1631,1632),(1633,1634,1635),(1636,1637,1638),(1639,1640,1641),(1642,1643,1644),(1645,1646,1647),(1648,1649,1650),(1651,1652,1653),(1654,1655,1656),(1657,1658,1659),(1660,1661,1662),(1663,1664,1665),(1666,1667,1668),(1669,1670,1671),(1672,1673,1674),(1675,1676,1677),(1678,1679,1680),(1681,1682,1683),(1684,1685,1686),(1687,1688,1689),(1690,1691,1692),(1693,1694,1695),(1696,1697,1698),(1699,1700,1701),(1702,1703,1704),(1705,1706,1707),(1708,1709,1710),(1711,1712,1713),(1714,1715,1716),(1717,1718,1719),(1720,1721,1722),(1723,1724,1725),(1726,1727,1728),(1729,1730,1731),(1732,1733,1734),(1735,1736,1737),(1738,1739,1740),(1741,1742,1743),(1744,1745,1746),(1747,1748,1749),(1750,1751,1752),(1753,1754,1755),(1756,1757,1758),(1759,1760,1761),(1762,1763,1764),(1765,1766,1767),(1768,1769,1770),(1771,1772,1773),(1774,1775,1776),(1777,1778,1779),(1780,1781,1782),(1783,1784,1785),(1786,1787,1788),(1789,1790,1791),(1792,1793,1794),(1795,1796,1797),(1798,1799,1800),(1801,1802,1803),(1804,1805,1806),(1807,1808,1809),(1810,1811,1812),(1813,1814,1815),(1816,1817,1818),(1819,1820,1821),(1822,1823,1824),(1825,1826,1827),(1828,1829,1830),(1831,1832,1833),(1834,1835,1836),(1837,1838,1839),(1840,1841,1842),(1843,1844,1845),(1846,1847,1848),(1849,1850,1851),(1852,1853,1854),(1855,1856,1857),(1858,1859,1860),(1861,1862,1863),(1864,1865,1866),(1867,1868,1869),(1870,1871,1872),(1873,1874,1875),(1876,1877,1878),(1879,1880,1881),(1882,1883,1884),(1885,1886,1887),(1888,1889,1890),(1891,1892,1893),(1894,1895,1896),(1897,1898,1899),(1900,1901,1902),(1903,1904,1905),(1906,1907,1908),(1909,1910,1911),(1912,1913,1914),(1915,1916,1917),(1918,1919,1920),(1921,1922,1923),(1924,1925,1926),(1927,1928,1929),(1930,1931,1932),(1933,1934,1935),(1936,1937,1938),(1939,1940,1941),(1942,1943,1944),(1945,1946,1947),(1948,1949,1950),(1951,1952,1953),(1954,1955,1956),(1957,1958,1959),(1960,1961,1962),(1963,1964,1965),(1966,1967,1968),(1969,1970,1971),(1972,1973,1974),(1975,1976,1977),(1978,1979,1980),(1981,1982,1983),(1984,1985,1986),(1987,1988,1989),(1990,1991,1992),(1993,1994,1995),(1996,1997,1998),(1999,2000,2001),(2002,2003,2004),(2005,2006,2007),(2008,2009,2010),(2011,2012,2013),(2014,2015,2016),(2017,2018,2019),(2020,2021,2022),(2023,2024,2025),(2026,2027,2028),(2029,2030,2031),(2032,2033,2034),(2035,2036,2037),(2038,2039,2040),(2041,2042,2043),(2044,2045,2046),(2047,2048,2049),(2050,2051,2052),(2053,2054,2055),(2056,2057,2058),(2059,2060,2061),(2062,2063,2064),(2065,2066,2067),(2068,2069,2070),(2071,2072,2073),(2074,2075,2076),(2077,2078,2079),(2080,2081,2082),(2083,2084,2085),(2086,2087,2088),(2089,2090,2091),(2092,2093,2094),(2095,2096,2097),(2098,2099,2100),(2101,2102,2103),(2104,2105,2106),(2107,2108,2109),(2110,2111,2112),(2113,2114,2115),(2116,2117,2118),(2119,2120,2121),(2122,2123,2124),(2125,2126,2127),(2128,2129,2130),(2131,2132,2133),(2134,2135,2136),(2137,2138,2139),(2140,2141,2142),(2143,2144,2145),(2146,2147,2148),(2149,2150,2151),(2152,2153,2154),(2155,2156,2157),(2158,2159,2160),(2161,2162,2163),(2164,2165,2166),(2167,2168,2169),(2170,2171,2172),(2173,2174,2175),(2176,2177,2178),(2179,2180,2181),(2182,2183,2184),(2185,2186,2187),(2188,2189,2190),(2191,2192,2193),(2194,2195,2196),(2197,2198,2199),(2200,2201,2202),(2203,2204,2205),(2206,2207,2208),(2209,2210,2211),(2212,2213,2214),(2215,2216,2217),(2218,2219,2220),(2221,2222,2223),(2224,2225,2226),(2227,2228,2229),(2230,2231,2232),(2233,2234,2235),(2236,2237,2238),(2239,2240,2241),(2242,2243,2244),(2245,2246,2247),(2248,2249,2250),(2251,2252,2253),(2254,2255,2256),(2257,2258,2259),(2260,2261,2262),(2263,2264,2265),(2266,2267,2268),(2269,2270,2271),(2272,2273,2274),(2275,2276,2277),(2278,2279,2280),(2281,2282,2283),(2284,2285,2286),(2287,2288,2289),(2290,2291,2292),(2293,2294,2295),(2296,2297,2298),(2299,2300,2301),(2302,2303,2304),(2305,2306,2307),(2308,2309,2310),(2311,2312,2313),(2314,2315,2316),(2317,2318,2319),(2320,2321,2322),(2323,2324,2325),(2326,2327,2328),(2329,2330,2331),(2332,2333,2334),(2335,2336,2337),(2338,2339,2340),(2341,2342,2343),(2344,2345,2346),(2347,2348,2349),(2350,2351,2352),(2353,2354,2355),(2356,2357,2358),(2359,2360,2361),(2362,2363,2364),(2365,2366,2367),(2368,2369,2370),(2371,2372,2373),(2374,2375,2376),(2377,2378,2379),(2380,2381,2382),(2383,2384,2385),(2386,2387,2388),(2389,2390,2391),(2392,2393,2394),(2395,2396,2397),(2398,2399,2400),(2401,2402,2403),(2404,2405,2406),(2407,2408,2409),(2410,2411,2412),(2413,2414,2415),(2416,2417,2418),(2419,2420,2421),(2422,2423,2424),(2425,2426,2427),(2428,2429,2430),(2431,2432,2433),(2434,2435,2436),(2437,2438,2439),(2440,2441,2442),(2443,2444,2445),(2446,2447,2448),(2449,2450,2451),(2452,2453,2454),(2455,2456,2457),(2458,2459,2460),(2461,2462,2463),(2464,2465,2466),(2467,2468,2469),(2470,2471,2472),(2473,2474,2475),(2476,2477,2478),(2479,2480,2481),(2482,2483,2484),(2485,2486,2487),(2488,2489,2490),(2491,2492,2493),(2494,2495,2496),(2497,2498,2499),(2500,2501,2502),(2503,2504,2505),(2506,2507,2508),(2509,2510,2511),(2512,2513,2514),(2515,2516,2517),(2518,2519,2520),(2521,2522,2523),(2524,2525,2526),(2527,2528,2529),(2530,2531,2532),(2533,2534,2535),(2536,2537,2538),(2539,2540,2541),(2542,2543,2544),(2545,2546,2547),(2548,2549,2550),(2551,2552,2553),(2554,2555,2556),(2557,2558,2559),(2560,2561,2562),(2563,2564,2565),(2566,2567,2568),(2569,2570,2571),(2572,2573,2574),(2575,2576,2577),(2578,2579,2580),(2581,2582,2583),(2584,2585,2586),(2587,2588,2589),(2590,2591,2592),(2593,2594,2595),(2596,2597,2598),(2599,2600,2601),(2602,2603,2604),(2605,2606,2607),(2608,2609,2610),(2611,2612,2613),(2614,2615,2616),(2617,2618,2619),(2620,2621,2622),(2623,2624,2625),(2626,2627,2628),(2629,2630,2631),(2632,2633,2634),(2635,2636,2637),(2638,2639,2640),(2641,2642,2643),(2644,2645,2646),(2647,2648,2649),(2650,2651,2652),(2653,2654,2655),(2656,2657,2658),(2659,2660,2661),(2662,2663,2664),(2665,2666,2667),(2668,2669,2670),(2671,2672,2673),(2674,2675,2676),(2677,2678,2679),(2680,2681,2682),(2683,2684,2685),(2686,2687,2688),(2689,2690,2691),(2692,2693,2694),(2695,2696,2697),(2698,2699,2700),(2701,2702,2703),(2704,2705,2706),(2707,2708,2709),(2710,2711,2712),(2713,2714,2715),(2716,2717,2718),(2719,2720,2721),(2722,2723,2724),(2725,2726,2727),(2728,2729,2730),(2731,2732,2733),(2734,2735,2736),(2737,2738,2739),(2740,2741,2742),(2743,2744,2745),(2746,2747,2748),(2749,2750,2751),(2752,2753,2754),(2755,2756,2757),(2758,2759,2760),(2761,2762,2763),(2764,2765,2766),(2767,2768,2769),(2770,2771,2772),(2773,2774,2775),(2776,2777,2778),(2779,2780,2781),(2782,2783,2784),(2785,2786,2787),(2788,2789,2790),(2791,2792,2793),(2794,2795,2796),(2797,2798,2799),(2800,2801,2802),(2803,2804,2805),(2806,2807,2808),(2809,2810,2811),(2812,2813,2814),(2815,2816,2817),(2818,2819,2820),(2821,2822,2823),(2824,2825,2826),(2827,2828,2829),(2830,2831,2832),(2833,2834,2835),(2836,2837,2838),(2839,2840,2841),(2842,2843,2844),(2845,2846,2847),(2848,2849,2850),(2851,2852,2853),(2854,2855,2856),(2857,2858,2859),(2860,2861,2862),(2863,2864,2865),(2866,2867,2868),(2869,2870,2871),(2872,2873,2874),(2875,2876,2877),(2878,2879,2880),(2881,2882,2883),(2884,2885,2886),(2887,2888,2889),(2890,2891,2892),(2893,2894,2895),(2896,2897,2898),(2899,2900,2901),(2902,2903,2904),(2905,2906,2907),(2908,2909,2910),(2911,2912,2913),(2914,2915,2916),(2917,2918,2919),(2920,2921,2922),(2923,2924,2925),(2926,2927,2928),(2929,2930,2931),(2932,2933,2934),(2935,2936,2937),(2938,2939,2940),(2941,2942,2943),(2944,2945,2946),(2947,2948,2949),(2950,2951,2952),(2953,2954,2955),(2956,2957,2958),(2959,2960,2961),(2962,2963,2964),(2965,2966,2967),(2968,2969,2970),(2971,2972,2973),(2974,2975,2976),(2977,2978,2979),(2980,2981,2982),(2983,2984,2985),(2986,2987,2988)));
#160=TESSELLATED_GEOMETRIC_SET('hole callout',(#159));
#161=COORDINATES_LIST('coordinates',5,((2.3535534,1.8535534,19.8997500),(5.2701267,1.8535534,19.8997500),(0.3535534,0.3535534,19.8997500),(1.8535534,1.8535534,19.8997500),(2.3535534,1.8535534,19.8997500)));
#162=TESSELLATED_CURVE_SET('curve set',#161,((1,2),(3,4,5)));
#163=TESSELLATED_GEOMETRIC_SET('hole callout',(#162));
#164=TESSELLATED_ANNOTATION_OCCURRENCE('hole callout',(#157),#160);
#165=TESSELLATED_ANNOTATION_OCCURRENCE('hole callout',(#157),#163);
#166=DRAUGHTING_CALLOUT('hole callout',(#164,#165));
#167=DRAUGHTING_MODEL_ITEM_ASSOCIATION('','',#117,#153,#166);
#168=DRAUGHTING_MODEL_ITEM_ASSOCIATION('','',#125,#153,#166);
#169=DRAUGHTING_MODEL_ITEM_ASSOCIATION('','',#110,#153,#166);
ENDSEC;
END-ISO-10303-21;
