ISO-10303-21;
HEADER;
/* Generated by software containing ST-Developer
 * from STEP Tools, Inc. (www.steptools.com) 
 */
/* OPTION: using custom renumber hook */

FILE_DESCRIPTION(
/* description */ ('STEP AP242 Edition 2',
'CAx-IF Rec.Pracs.---Representation and Presentation of Product Manufa
cturing Information (PMI)---4.0---2014-10-13',
'CAx-IF Rec.Pracs.---3D Tessellated Geometry---0.4---2014-09-14','2;1',
'CAx-IF Rec.Pracs.---User Defined Attributes---1.5---2016-08-15'),
/* implementation_level */ '2;1');

FILE_NAME(
/* name */ '69f6ff2a9bee0525d29b7d18',
/* time_stamp */ '2026-05-03T07:54:19Z',
/* author */ (''),
/* organization */ (''),
/* preprocessor_version */ 'ST-DEVELOPER v20',
/* originating_system */ 'ONSHAPE BY PTC INC, 1.214',
/* authorisation */ '  ');

FILE_SCHEMA (('AP242_MANAGED_MODEL_BASED_3D_ENGINEERING_MIM_LF { 1 0 10303 442 3 1 4 }'));
ENDSEC;

DATA;
#10=CONTEXT_DEPENDENT_SHAPE_REPRESENTATION(#14,#2796);
#11=CONTEXT_DEPENDENT_SHAPE_REPRESENTATION(#15,#2798);
#12=NEXT_ASSEMBLY_USAGE_OCCURRENCE('NAUO1','Fanatec_CSP-V3 v8',
'Fanatec_CSP-V3 v8',#2799,#2800,'');
#13=NEXT_ASSEMBLY_USAGE_OCCURRENCE('NAUO2','Fanatec_CSP-V3 v8',
'Fanatec_CSP-V3 v8',#2799,#2801,'');
#14=(
REPRESENTATION_RELATIONSHIP(' ',' ',#1694,#1693)
REPRESENTATION_RELATIONSHIP_WITH_TRANSFORMATION(#16)
SHAPE_REPRESENTATION_RELATIONSHIP()
);
#15=(
REPRESENTATION_RELATIONSHIP(' ',' ',#1695,#1693)
REPRESENTATION_RELATIONSHIP_WITH_TRANSFORMATION(#17)
SHAPE_REPRESENTATION_RELATIONSHIP()
);
#16=ITEM_DEFINED_TRANSFORMATION(' ',' ',#1696,#1797);
#17=ITEM_DEFINED_TRANSFORMATION(' ',' ',#1696,#1898);
#18=SHAPE_REPRESENTATION_RELATIONSHIP('','',#1694,#20);
#19=SHAPE_REPRESENTATION_RELATIONSHIP('','',#1695,#21);
#20=ADVANCED_BREP_SHAPE_REPRESENTATION('',(#1688),#2786);
#21=ADVANCED_BREP_SHAPE_REPRESENTATION('',(#1689),#2787);
#22=CONICAL_SURFACE('',#1721,0.5,0.785398163397439);
#23=CONICAL_SURFACE('',#1725,0.5,0.785398163397428);
#24=CONICAL_SURFACE('',#1729,0.5,0.785398163397428);
#25=CONICAL_SURFACE('',#1733,0.5,0.785398163397435);
#26=CONICAL_SURFACE('',#1737,0.5,0.785398163397445);
#27=CONICAL_SURFACE('',#1741,0.5,0.785398163397439);
#28=CONICAL_SURFACE('',#1745,0.5,0.785398163397439);
#29=CONICAL_SURFACE('',#1749,0.5,0.785398163397445);
#30=CONICAL_SURFACE('',#1753,0.5,0.785398163397446);
#31=CONICAL_SURFACE('',#1757,0.5,0.785398163397457);
#32=CONICAL_SURFACE('',#1785,17.8275,0.785398163397826);
#33=CONICAL_SURFACE('',#1786,0.4375,0.785398163397363);
#34=CONICAL_SURFACE('',#1788,0.6875,0.78539816339748);
#35=CONICAL_SURFACE('',#1790,0.6875,0.785398163397539);
#36=CONICAL_SURFACE('',#1791,17.8274999999973,0.785398163397048);
#37=CONICAL_SURFACE('',#1792,0.6875,0.785398163397518);
#38=CONICAL_SURFACE('',#1794,0.6875,0.785398163397467);
#39=CONICAL_SURFACE('',#1796,0.4375,0.785398163397366);
#40=CONICAL_SURFACE('',#1819,0.5,0.785398163397439);
#41=CONICAL_SURFACE('',#1823,0.5,0.785398163397427);
#42=CONICAL_SURFACE('',#1827,0.5,0.785398163397428);
#43=CONICAL_SURFACE('',#1831,0.5,0.785398163397434);
#44=CONICAL_SURFACE('',#1835,0.5,0.785398163397445);
#45=CONICAL_SURFACE('',#1839,0.5,0.785398163397439);
#46=CONICAL_SURFACE('',#1843,0.5,0.785398163397439);
#47=CONICAL_SURFACE('',#1847,0.5,0.785398163397444);
#48=CONICAL_SURFACE('',#1851,0.5,0.785398163397446);
#49=CONICAL_SURFACE('',#1855,0.5,0.785398163397457);
#50=CONICAL_SURFACE('',#1887,0.6875,0.785398163397474);
#51=CONICAL_SURFACE('',#1889,0.6875,0.785398163397537);
#52=CONICAL_SURFACE('',#1890,17.8274999999973,0.785398163397035);
#53=CONICAL_SURFACE('',#1891,0.6875,0.785398163397542);
#54=CONICAL_SURFACE('',#1893,0.6875,0.78539816339747);
#55=CONICAL_SURFACE('',#1895,0.4375,0.785398163397355);
#56=CONICAL_SURFACE('',#1896,17.8275,0.785398163397823);
#57=CONICAL_SURFACE('',#1897,0.4375,0.785398163397371);
#58=CYLINDRICAL_SURFACE('',#1717,17.8899999999973);
#59=CYLINDRICAL_SURFACE('',#1719,0.325);
#60=CYLINDRICAL_SURFACE('',#1723,0.325);
#61=CYLINDRICAL_SURFACE('',#1727,0.325);
#62=CYLINDRICAL_SURFACE('',#1731,0.325);
#63=CYLINDRICAL_SURFACE('',#1735,0.325);
#64=CYLINDRICAL_SURFACE('',#1739,0.325);
#65=CYLINDRICAL_SURFACE('',#1743,0.325);
#66=CYLINDRICAL_SURFACE('',#1747,0.325);
#67=CYLINDRICAL_SURFACE('',#1751,0.325);
#68=CYLINDRICAL_SURFACE('',#1755,0.325);
#69=CYLINDRICAL_SURFACE('',#1759,0.75);
#70=CYLINDRICAL_SURFACE('',#1762,0.75);
#71=CYLINDRICAL_SURFACE('',#1764,0.75);
#72=CYLINDRICAL_SURFACE('',#1775,0.5);
#73=CYLINDRICAL_SURFACE('',#1777,17.89);
#74=CYLINDRICAL_SURFACE('',#1779,0.5);
#75=CYLINDRICAL_SURFACE('',#1782,0.75);
#76=CYLINDRICAL_SURFACE('',#1817,0.325);
#77=CYLINDRICAL_SURFACE('',#1821,0.325);
#78=CYLINDRICAL_SURFACE('',#1825,0.325);
#79=CYLINDRICAL_SURFACE('',#1829,0.325);
#80=CYLINDRICAL_SURFACE('',#1833,0.325);
#81=CYLINDRICAL_SURFACE('',#1837,0.325);
#82=CYLINDRICAL_SURFACE('',#1841,0.325);
#83=CYLINDRICAL_SURFACE('',#1845,0.325);
#84=CYLINDRICAL_SURFACE('',#1849,0.325);
#85=CYLINDRICAL_SURFACE('',#1853,0.325);
#86=CYLINDRICAL_SURFACE('',#1858,0.5);
#87=CYLINDRICAL_SURFACE('',#1860,17.89);
#88=CYLINDRICAL_SURFACE('',#1863,0.75);
#89=CYLINDRICAL_SURFACE('',#1865,0.75);
#90=CYLINDRICAL_SURFACE('',#1876,0.5);
#91=CYLINDRICAL_SURFACE('',#1879,0.75);
#92=CYLINDRICAL_SURFACE('',#1882,0.75);
#93=CYLINDRICAL_SURFACE('',#1884,17.8899999999973);
#94=LINE('',#2402,#166);
#95=LINE('',#2406,#167);
#96=LINE('',#2414,#168);
#97=LINE('',#2418,#169);
#98=LINE('',#2424,#170);
#99=LINE('',#2427,#171);
#100=LINE('',#2428,#172);
#101=LINE('',#2433,#173);
#102=LINE('',#2434,#174);
#103=LINE('',#2498,#175);
#104=LINE('',#2500,#176);
#105=LINE('',#2502,#177);
#106=LINE('',#2508,#178);
#107=LINE('',#2517,#179);
#108=LINE('',#2521,#180);
#109=LINE('',#2529,#181);
#110=LINE('',#2533,#182);
#111=LINE('',#2537,#183);
#112=LINE('',#2541,#184);
#113=LINE('',#2545,#185);
#114=LINE('',#2547,#186);
#115=LINE('',#2549,#187);
#116=LINE('',#2553,#188);
#117=LINE('',#2555,#189);
#118=LINE('',#2557,#190);
#119=LINE('',#2558,#191);
#120=LINE('',#2560,#192);
#121=LINE('',#2562,#193);
#122=LINE('',#2564,#194);
#123=LINE('',#2566,#195);
#124=LINE('',#2568,#196);
#125=LINE('',#2570,#197);
#126=LINE('',#2572,#198);
#127=LINE('',#2574,#199);
#128=LINE('',#2576,#200);
#129=LINE('',#2578,#201);
#130=LINE('',#2609,#202);
#131=LINE('',#2613,#203);
#132=LINE('',#2621,#204);
#133=LINE('',#2625,#205);
#134=LINE('',#2687,#206);
#135=LINE('',#2690,#207);
#136=LINE('',#2691,#208);
#137=LINE('',#2695,#209);
#138=LINE('',#2699,#210);
#139=LINE('',#2701,#211);
#140=LINE('',#2704,#212);
#141=LINE('',#2705,#213);
#142=LINE('',#2711,#214);
#143=LINE('',#2716,#215);
#144=LINE('',#2720,#216);
#145=LINE('',#2728,#217);
#146=LINE('',#2732,#218);
#147=LINE('',#2740,#219);
#148=LINE('',#2742,#220);
#149=LINE('',#2744,#221);
#150=LINE('',#2748,#222);
#151=LINE('',#2750,#223);
#152=LINE('',#2752,#224);
#153=LINE('',#2756,#225);
#154=LINE('',#2760,#226);
#155=LINE('',#2761,#227);
#156=LINE('',#2763,#228);
#157=LINE('',#2765,#229);
#158=LINE('',#2767,#230);
#159=LINE('',#2769,#231);
#160=LINE('',#2771,#232);
#161=LINE('',#2773,#233);
#162=LINE('',#2775,#234);
#163=LINE('',#2777,#235);
#164=LINE('',#2779,#236);
#165=LINE('',#2781,#237);
#166=VECTOR('',#1925,100.);
#167=VECTOR('',#1928,100.);
#168=VECTOR('',#1935,100.);
#169=VECTOR('',#1938,100.);
#170=VECTOR('',#1945,100.);
#171=VECTOR('',#1946,100.);
#172=VECTOR('',#1947,100.);
#173=VECTOR('',#1952,100.);
#174=VECTOR('',#1953,100.);
#175=VECTOR('',#2038,100.);
#176=VECTOR('',#2041,100.);
#177=VECTOR('',#2042,100.);
#178=VECTOR('',#2051,100.);
#179=VECTOR('',#2060,100.);
#180=VECTOR('',#2063,100.);
#181=VECTOR('',#2070,100.);
#182=VECTOR('',#2073,100.);
#183=VECTOR('',#2078,100.);
#184=VECTOR('',#2083,100.);
#185=VECTOR('',#2088,100.);
#186=VECTOR('',#2091,100.);
#187=VECTOR('',#2092,100.);
#188=VECTOR('',#2097,100.);
#189=VECTOR('',#2100,100.);
#190=VECTOR('',#2103,100.);
#191=VECTOR('',#2104,100.);
#192=VECTOR('',#2107,100.);
#193=VECTOR('',#2110,100.);
#194=VECTOR('',#2113,100.);
#195=VECTOR('',#2116,100.);
#196=VECTOR('',#2119,100.);
#197=VECTOR('',#2122,100.);
#198=VECTOR('',#2125,100.);
#199=VECTOR('',#2128,100.);
#200=VECTOR('',#2131,100.);
#201=VECTOR('',#2134,100.);
#202=VECTOR('',#2167,100.);
#203=VECTOR('',#2170,100.);
#204=VECTOR('',#2177,100.);
#205=VECTOR('',#2180,100.);
#206=VECTOR('',#2263,100.);
#207=VECTOR('',#2264,100.);
#208=VECTOR('',#2265,100.);
#209=VECTOR('',#2270,100.);
#210=VECTOR('',#2275,100.);
#211=VECTOR('',#2278,100.);
#212=VECTOR('',#2279,100.);
#213=VECTOR('',#2280,100.);
#214=VECTOR('',#2289,100.);
#215=VECTOR('',#2294,100.);
#216=VECTOR('',#2297,100.);
#217=VECTOR('',#2304,100.);
#218=VECTOR('',#2307,100.);
#219=VECTOR('',#2316,100.);
#220=VECTOR('',#2319,100.);
#221=VECTOR('',#2320,100.);
#222=VECTOR('',#2325,100.);
#223=VECTOR('',#2328,100.);
#224=VECTOR('',#2329,100.);
#225=VECTOR('',#2334,100.);
#226=VECTOR('',#2341,100.);
#227=VECTOR('',#2342,100.);
#228=VECTOR('',#2345,100.);
#229=VECTOR('',#2348,100.);
#230=VECTOR('',#2351,100.);
#231=VECTOR('',#2354,100.);
#232=VECTOR('',#2357,100.);
#233=VECTOR('',#2360,100.);
#234=VECTOR('',#2363,100.);
#235=VECTOR('',#2366,100.);
#236=VECTOR('',#2369,100.);
#237=VECTOR('',#2372,100.);
#238=ORIENTED_EDGE('',*,*,#598,.T.);
#239=ORIENTED_EDGE('',*,*,#599,.T.);
#240=ORIENTED_EDGE('',*,*,#600,.T.);
#241=ORIENTED_EDGE('',*,*,#601,.T.);
#242=ORIENTED_EDGE('',*,*,#602,.T.);
#243=ORIENTED_EDGE('',*,*,#603,.T.);
#244=ORIENTED_EDGE('',*,*,#604,.T.);
#245=ORIENTED_EDGE('',*,*,#605,.T.);
#246=ORIENTED_EDGE('',*,*,#606,.T.);
#247=ORIENTED_EDGE('',*,*,#607,.T.);
#248=ORIENTED_EDGE('',*,*,#608,.F.);
#249=ORIENTED_EDGE('',*,*,#609,.T.);
#250=ORIENTED_EDGE('',*,*,#610,.F.);
#251=ORIENTED_EDGE('',*,*,#611,.F.);
#252=ORIENTED_EDGE('',*,*,#612,.F.);
#253=ORIENTED_EDGE('',*,*,#613,.T.);
#254=ORIENTED_EDGE('',*,*,#614,.F.);
#255=ORIENTED_EDGE('',*,*,#615,.F.);
#256=ORIENTED_EDGE('',*,*,#616,.F.);
#257=ORIENTED_EDGE('',*,*,#617,.F.);
#258=ORIENTED_EDGE('',*,*,#618,.F.);
#259=ORIENTED_EDGE('',*,*,#619,.T.);
#260=ORIENTED_EDGE('',*,*,#620,.F.);
#261=ORIENTED_EDGE('',*,*,#621,.F.);
#262=ORIENTED_EDGE('',*,*,#615,.T.);
#263=ORIENTED_EDGE('',*,*,#622,.F.);
#264=ORIENTED_EDGE('',*,*,#623,.F.);
#265=ORIENTED_EDGE('',*,*,#624,.F.);
#266=ORIENTED_EDGE('',*,*,#619,.F.);
#267=ORIENTED_EDGE('',*,*,#625,.F.);
#268=ORIENTED_EDGE('',*,*,#606,.F.);
#269=ORIENTED_EDGE('',*,*,#626,.F.);
#270=ORIENTED_EDGE('',*,*,#627,.T.);
#271=ORIENTED_EDGE('',*,*,#626,.T.);
#272=ORIENTED_EDGE('',*,*,#598,.F.);
#273=ORIENTED_EDGE('',*,*,#628,.F.);
#274=ORIENTED_EDGE('',*,*,#629,.T.);
#275=ORIENTED_EDGE('',*,*,#628,.T.);
#276=ORIENTED_EDGE('',*,*,#601,.F.);
#277=ORIENTED_EDGE('',*,*,#630,.F.);
#278=ORIENTED_EDGE('',*,*,#631,.T.);
#279=ORIENTED_EDGE('',*,*,#630,.T.);
#280=ORIENTED_EDGE('',*,*,#600,.F.);
#281=ORIENTED_EDGE('',*,*,#632,.F.);
#282=ORIENTED_EDGE('',*,*,#633,.T.);
#283=ORIENTED_EDGE('',*,*,#632,.T.);
#284=ORIENTED_EDGE('',*,*,#604,.F.);
#285=ORIENTED_EDGE('',*,*,#634,.F.);
#286=ORIENTED_EDGE('',*,*,#635,.T.);
#287=ORIENTED_EDGE('',*,*,#634,.T.);
#288=ORIENTED_EDGE('',*,*,#599,.F.);
#289=ORIENTED_EDGE('',*,*,#636,.F.);
#290=ORIENTED_EDGE('',*,*,#637,.T.);
#291=ORIENTED_EDGE('',*,*,#636,.T.);
#292=ORIENTED_EDGE('',*,*,#603,.F.);
#293=ORIENTED_EDGE('',*,*,#638,.F.);
#294=ORIENTED_EDGE('',*,*,#639,.T.);
#295=ORIENTED_EDGE('',*,*,#638,.T.);
#296=ORIENTED_EDGE('',*,*,#602,.F.);
#297=ORIENTED_EDGE('',*,*,#640,.F.);
#298=ORIENTED_EDGE('',*,*,#641,.T.);
#299=ORIENTED_EDGE('',*,*,#640,.T.);
#300=ORIENTED_EDGE('',*,*,#607,.F.);
#301=ORIENTED_EDGE('',*,*,#642,.F.);
#302=ORIENTED_EDGE('',*,*,#643,.T.);
#303=ORIENTED_EDGE('',*,*,#642,.T.);
#304=ORIENTED_EDGE('',*,*,#605,.F.);
#305=ORIENTED_EDGE('',*,*,#644,.F.);
#306=ORIENTED_EDGE('',*,*,#645,.T.);
#307=ORIENTED_EDGE('',*,*,#644,.T.);
#308=ORIENTED_EDGE('',*,*,#646,.F.);
#309=ORIENTED_EDGE('',*,*,#647,.T.);
#310=ORIENTED_EDGE('',*,*,#616,.T.);
#311=ORIENTED_EDGE('',*,*,#621,.T.);
#312=ORIENTED_EDGE('',*,*,#648,.F.);
#313=ORIENTED_EDGE('',*,*,#649,.F.);
#314=ORIENTED_EDGE('',*,*,#617,.T.);
#315=ORIENTED_EDGE('',*,*,#647,.F.);
#316=ORIENTED_EDGE('',*,*,#650,.F.);
#317=ORIENTED_EDGE('',*,*,#625,.T.);
#318=ORIENTED_EDGE('',*,*,#618,.T.);
#319=ORIENTED_EDGE('',*,*,#649,.T.);
#320=ORIENTED_EDGE('',*,*,#651,.F.);
#321=ORIENTED_EDGE('',*,*,#652,.T.);
#322=ORIENTED_EDGE('',*,*,#608,.T.);
#323=ORIENTED_EDGE('',*,*,#624,.T.);
#324=ORIENTED_EDGE('',*,*,#643,.F.);
#325=ORIENTED_EDGE('',*,*,#639,.F.);
#326=ORIENTED_EDGE('',*,*,#635,.F.);
#327=ORIENTED_EDGE('',*,*,#631,.F.);
#328=ORIENTED_EDGE('',*,*,#627,.F.);
#329=ORIENTED_EDGE('',*,*,#629,.F.);
#330=ORIENTED_EDGE('',*,*,#633,.F.);
#331=ORIENTED_EDGE('',*,*,#637,.F.);
#332=ORIENTED_EDGE('',*,*,#641,.F.);
#333=ORIENTED_EDGE('',*,*,#645,.F.);
#334=ORIENTED_EDGE('',*,*,#653,.F.);
#335=ORIENTED_EDGE('',*,*,#654,.F.);
#336=ORIENTED_EDGE('',*,*,#655,.F.);
#337=ORIENTED_EDGE('',*,*,#656,.F.);
#338=ORIENTED_EDGE('',*,*,#657,.F.);
#339=ORIENTED_EDGE('',*,*,#658,.F.);
#340=ORIENTED_EDGE('',*,*,#659,.F.);
#341=ORIENTED_EDGE('',*,*,#660,.F.);
#342=ORIENTED_EDGE('',*,*,#661,.F.);
#343=ORIENTED_EDGE('',*,*,#662,.F.);
#344=ORIENTED_EDGE('',*,*,#663,.F.);
#345=ORIENTED_EDGE('',*,*,#664,.F.);
#346=ORIENTED_EDGE('',*,*,#665,.F.);
#347=ORIENTED_EDGE('',*,*,#622,.T.);
#348=ORIENTED_EDGE('',*,*,#614,.T.);
#349=ORIENTED_EDGE('',*,*,#666,.T.);
#350=ORIENTED_EDGE('',*,*,#667,.F.);
#351=ORIENTED_EDGE('',*,*,#666,.F.);
#352=ORIENTED_EDGE('',*,*,#613,.F.);
#353=ORIENTED_EDGE('',*,*,#668,.F.);
#354=ORIENTED_EDGE('',*,*,#669,.F.);
#355=ORIENTED_EDGE('',*,*,#668,.T.);
#356=ORIENTED_EDGE('',*,*,#612,.T.);
#357=ORIENTED_EDGE('',*,*,#670,.T.);
#358=ORIENTED_EDGE('',*,*,#671,.F.);
#359=ORIENTED_EDGE('',*,*,#670,.F.);
#360=ORIENTED_EDGE('',*,*,#611,.T.);
#361=ORIENTED_EDGE('',*,*,#672,.F.);
#362=ORIENTED_EDGE('',*,*,#673,.F.);
#363=ORIENTED_EDGE('',*,*,#672,.T.);
#364=ORIENTED_EDGE('',*,*,#610,.T.);
#365=ORIENTED_EDGE('',*,*,#674,.T.);
#366=ORIENTED_EDGE('',*,*,#675,.F.);
#367=ORIENTED_EDGE('',*,*,#674,.F.);
#368=ORIENTED_EDGE('',*,*,#609,.F.);
#369=ORIENTED_EDGE('',*,*,#652,.F.);
#370=ORIENTED_EDGE('',*,*,#676,.F.);
#371=ORIENTED_EDGE('',*,*,#667,.T.);
#372=ORIENTED_EDGE('',*,*,#677,.F.);
#373=ORIENTED_EDGE('',*,*,#654,.T.);
#374=ORIENTED_EDGE('',*,*,#677,.T.);
#375=ORIENTED_EDGE('',*,*,#669,.T.);
#376=ORIENTED_EDGE('',*,*,#678,.F.);
#377=ORIENTED_EDGE('',*,*,#655,.T.);
#378=ORIENTED_EDGE('',*,*,#678,.T.);
#379=ORIENTED_EDGE('',*,*,#671,.T.);
#380=ORIENTED_EDGE('',*,*,#679,.F.);
#381=ORIENTED_EDGE('',*,*,#656,.T.);
#382=ORIENTED_EDGE('',*,*,#679,.T.);
#383=ORIENTED_EDGE('',*,*,#673,.T.);
#384=ORIENTED_EDGE('',*,*,#680,.F.);
#385=ORIENTED_EDGE('',*,*,#657,.T.);
#386=ORIENTED_EDGE('',*,*,#680,.T.);
#387=ORIENTED_EDGE('',*,*,#675,.T.);
#388=ORIENTED_EDGE('',*,*,#681,.F.);
#389=ORIENTED_EDGE('',*,*,#658,.T.);
#390=ORIENTED_EDGE('',*,*,#681,.T.);
#391=ORIENTED_EDGE('',*,*,#651,.T.);
#392=ORIENTED_EDGE('',*,*,#682,.F.);
#393=ORIENTED_EDGE('',*,*,#659,.T.);
#394=ORIENTED_EDGE('',*,*,#682,.T.);
#395=ORIENTED_EDGE('',*,*,#623,.T.);
#396=ORIENTED_EDGE('',*,*,#683,.F.);
#397=ORIENTED_EDGE('',*,*,#660,.T.);
#398=ORIENTED_EDGE('',*,*,#683,.T.);
#399=ORIENTED_EDGE('',*,*,#650,.T.);
#400=ORIENTED_EDGE('',*,*,#684,.F.);
#401=ORIENTED_EDGE('',*,*,#661,.T.);
#402=ORIENTED_EDGE('',*,*,#684,.T.);
#403=ORIENTED_EDGE('',*,*,#648,.T.);
#404=ORIENTED_EDGE('',*,*,#685,.F.);
#405=ORIENTED_EDGE('',*,*,#662,.T.);
#406=ORIENTED_EDGE('',*,*,#685,.T.);
#407=ORIENTED_EDGE('',*,*,#646,.T.);
#408=ORIENTED_EDGE('',*,*,#686,.F.);
#409=ORIENTED_EDGE('',*,*,#663,.T.);
#410=ORIENTED_EDGE('',*,*,#686,.T.);
#411=ORIENTED_EDGE('',*,*,#620,.T.);
#412=ORIENTED_EDGE('',*,*,#687,.F.);
#413=ORIENTED_EDGE('',*,*,#664,.T.);
#414=ORIENTED_EDGE('',*,*,#687,.T.);
#415=ORIENTED_EDGE('',*,*,#665,.T.);
#416=ORIENTED_EDGE('',*,*,#676,.T.);
#417=ORIENTED_EDGE('',*,*,#653,.T.);
#418=ORIENTED_EDGE('',*,*,#688,.F.);
#419=ORIENTED_EDGE('',*,*,#689,.F.);
#420=ORIENTED_EDGE('',*,*,#690,.F.);
#421=ORIENTED_EDGE('',*,*,#691,.F.);
#422=ORIENTED_EDGE('',*,*,#692,.F.);
#423=ORIENTED_EDGE('',*,*,#693,.F.);
#424=ORIENTED_EDGE('',*,*,#694,.F.);
#425=ORIENTED_EDGE('',*,*,#695,.F.);
#426=ORIENTED_EDGE('',*,*,#696,.F.);
#427=ORIENTED_EDGE('',*,*,#697,.F.);
#428=ORIENTED_EDGE('',*,*,#698,.F.);
#429=ORIENTED_EDGE('',*,*,#699,.F.);
#430=ORIENTED_EDGE('',*,*,#700,.F.);
#431=ORIENTED_EDGE('',*,*,#701,.T.);
#432=ORIENTED_EDGE('',*,*,#702,.F.);
#433=ORIENTED_EDGE('',*,*,#703,.T.);
#434=ORIENTED_EDGE('',*,*,#704,.F.);
#435=ORIENTED_EDGE('',*,*,#705,.F.);
#436=ORIENTED_EDGE('',*,*,#706,.F.);
#437=ORIENTED_EDGE('',*,*,#707,.T.);
#438=ORIENTED_EDGE('',*,*,#708,.F.);
#439=ORIENTED_EDGE('',*,*,#709,.F.);
#440=ORIENTED_EDGE('',*,*,#696,.T.);
#441=ORIENTED_EDGE('',*,*,#710,.F.);
#442=ORIENTED_EDGE('',*,*,#710,.T.);
#443=ORIENTED_EDGE('',*,*,#711,.T.);
#444=ORIENTED_EDGE('',*,*,#688,.T.);
#445=ORIENTED_EDGE('',*,*,#712,.F.);
#446=ORIENTED_EDGE('',*,*,#712,.T.);
#447=ORIENTED_EDGE('',*,*,#713,.T.);
#448=ORIENTED_EDGE('',*,*,#691,.T.);
#449=ORIENTED_EDGE('',*,*,#714,.F.);
#450=ORIENTED_EDGE('',*,*,#714,.T.);
#451=ORIENTED_EDGE('',*,*,#715,.T.);
#452=ORIENTED_EDGE('',*,*,#690,.T.);
#453=ORIENTED_EDGE('',*,*,#716,.F.);
#454=ORIENTED_EDGE('',*,*,#716,.T.);
#455=ORIENTED_EDGE('',*,*,#717,.T.);
#456=ORIENTED_EDGE('',*,*,#694,.T.);
#457=ORIENTED_EDGE('',*,*,#718,.F.);
#458=ORIENTED_EDGE('',*,*,#718,.T.);
#459=ORIENTED_EDGE('',*,*,#719,.T.);
#460=ORIENTED_EDGE('',*,*,#689,.T.);
#461=ORIENTED_EDGE('',*,*,#720,.F.);
#462=ORIENTED_EDGE('',*,*,#720,.T.);
#463=ORIENTED_EDGE('',*,*,#721,.T.);
#464=ORIENTED_EDGE('',*,*,#693,.T.);
#465=ORIENTED_EDGE('',*,*,#722,.F.);
#466=ORIENTED_EDGE('',*,*,#722,.T.);
#467=ORIENTED_EDGE('',*,*,#723,.T.);
#468=ORIENTED_EDGE('',*,*,#692,.T.);
#469=ORIENTED_EDGE('',*,*,#724,.F.);
#470=ORIENTED_EDGE('',*,*,#724,.T.);
#471=ORIENTED_EDGE('',*,*,#725,.T.);
#472=ORIENTED_EDGE('',*,*,#697,.T.);
#473=ORIENTED_EDGE('',*,*,#726,.F.);
#474=ORIENTED_EDGE('',*,*,#726,.T.);
#475=ORIENTED_EDGE('',*,*,#727,.T.);
#476=ORIENTED_EDGE('',*,*,#695,.T.);
#477=ORIENTED_EDGE('',*,*,#728,.F.);
#478=ORIENTED_EDGE('',*,*,#728,.T.);
#479=ORIENTED_EDGE('',*,*,#729,.T.);
#480=ORIENTED_EDGE('',*,*,#730,.F.);
#481=ORIENTED_EDGE('',*,*,#731,.F.);
#482=ORIENTED_EDGE('',*,*,#707,.F.);
#483=ORIENTED_EDGE('',*,*,#732,.F.);
#484=ORIENTED_EDGE('',*,*,#733,.F.);
#485=ORIENTED_EDGE('',*,*,#732,.T.);
#486=ORIENTED_EDGE('',*,*,#706,.T.);
#487=ORIENTED_EDGE('',*,*,#734,.T.);
#488=ORIENTED_EDGE('',*,*,#735,.F.);
#489=ORIENTED_EDGE('',*,*,#734,.F.);
#490=ORIENTED_EDGE('',*,*,#705,.T.);
#491=ORIENTED_EDGE('',*,*,#736,.F.);
#492=ORIENTED_EDGE('',*,*,#737,.F.);
#493=ORIENTED_EDGE('',*,*,#738,.F.);
#494=ORIENTED_EDGE('',*,*,#709,.T.);
#495=ORIENTED_EDGE('',*,*,#739,.F.);
#496=ORIENTED_EDGE('',*,*,#740,.F.);
#497=ORIENTED_EDGE('',*,*,#739,.T.);
#498=ORIENTED_EDGE('',*,*,#708,.T.);
#499=ORIENTED_EDGE('',*,*,#731,.T.);
#500=ORIENTED_EDGE('',*,*,#741,.F.);
#501=ORIENTED_EDGE('',*,*,#742,.T.);
#502=ORIENTED_EDGE('',*,*,#698,.T.);
#503=ORIENTED_EDGE('',*,*,#738,.T.);
#504=ORIENTED_EDGE('',*,*,#727,.F.);
#505=ORIENTED_EDGE('',*,*,#723,.F.);
#506=ORIENTED_EDGE('',*,*,#719,.F.);
#507=ORIENTED_EDGE('',*,*,#715,.F.);
#508=ORIENTED_EDGE('',*,*,#711,.F.);
#509=ORIENTED_EDGE('',*,*,#713,.F.);
#510=ORIENTED_EDGE('',*,*,#717,.F.);
#511=ORIENTED_EDGE('',*,*,#721,.F.);
#512=ORIENTED_EDGE('',*,*,#725,.F.);
#513=ORIENTED_EDGE('',*,*,#729,.F.);
#514=ORIENTED_EDGE('',*,*,#743,.F.);
#515=ORIENTED_EDGE('',*,*,#744,.F.);
#516=ORIENTED_EDGE('',*,*,#745,.F.);
#517=ORIENTED_EDGE('',*,*,#746,.F.);
#518=ORIENTED_EDGE('',*,*,#747,.F.);
#519=ORIENTED_EDGE('',*,*,#748,.F.);
#520=ORIENTED_EDGE('',*,*,#749,.F.);
#521=ORIENTED_EDGE('',*,*,#750,.F.);
#522=ORIENTED_EDGE('',*,*,#751,.F.);
#523=ORIENTED_EDGE('',*,*,#752,.F.);
#524=ORIENTED_EDGE('',*,*,#753,.F.);
#525=ORIENTED_EDGE('',*,*,#754,.F.);
#526=ORIENTED_EDGE('',*,*,#755,.F.);
#527=ORIENTED_EDGE('',*,*,#736,.T.);
#528=ORIENTED_EDGE('',*,*,#704,.T.);
#529=ORIENTED_EDGE('',*,*,#756,.T.);
#530=ORIENTED_EDGE('',*,*,#757,.F.);
#531=ORIENTED_EDGE('',*,*,#756,.F.);
#532=ORIENTED_EDGE('',*,*,#703,.F.);
#533=ORIENTED_EDGE('',*,*,#758,.F.);
#534=ORIENTED_EDGE('',*,*,#759,.F.);
#535=ORIENTED_EDGE('',*,*,#758,.T.);
#536=ORIENTED_EDGE('',*,*,#702,.T.);
#537=ORIENTED_EDGE('',*,*,#760,.T.);
#538=ORIENTED_EDGE('',*,*,#761,.F.);
#539=ORIENTED_EDGE('',*,*,#760,.F.);
#540=ORIENTED_EDGE('',*,*,#701,.F.);
#541=ORIENTED_EDGE('',*,*,#762,.F.);
#542=ORIENTED_EDGE('',*,*,#763,.F.);
#543=ORIENTED_EDGE('',*,*,#762,.T.);
#544=ORIENTED_EDGE('',*,*,#700,.T.);
#545=ORIENTED_EDGE('',*,*,#764,.T.);
#546=ORIENTED_EDGE('',*,*,#765,.F.);
#547=ORIENTED_EDGE('',*,*,#764,.F.);
#548=ORIENTED_EDGE('',*,*,#699,.T.);
#549=ORIENTED_EDGE('',*,*,#742,.F.);
#550=ORIENTED_EDGE('',*,*,#766,.F.);
#551=ORIENTED_EDGE('',*,*,#744,.T.);
#552=ORIENTED_EDGE('',*,*,#767,.F.);
#553=ORIENTED_EDGE('',*,*,#757,.T.);
#554=ORIENTED_EDGE('',*,*,#766,.T.);
#555=ORIENTED_EDGE('',*,*,#759,.T.);
#556=ORIENTED_EDGE('',*,*,#768,.F.);
#557=ORIENTED_EDGE('',*,*,#745,.T.);
#558=ORIENTED_EDGE('',*,*,#769,.F.);
#559=ORIENTED_EDGE('',*,*,#746,.T.);
#560=ORIENTED_EDGE('',*,*,#768,.T.);
#561=ORIENTED_EDGE('',*,*,#761,.T.);
#562=ORIENTED_EDGE('',*,*,#769,.T.);
#563=ORIENTED_EDGE('',*,*,#763,.T.);
#564=ORIENTED_EDGE('',*,*,#770,.F.);
#565=ORIENTED_EDGE('',*,*,#747,.T.);
#566=ORIENTED_EDGE('',*,*,#771,.F.);
#567=ORIENTED_EDGE('',*,*,#748,.T.);
#568=ORIENTED_EDGE('',*,*,#770,.T.);
#569=ORIENTED_EDGE('',*,*,#765,.T.);
#570=ORIENTED_EDGE('',*,*,#771,.T.);
#571=ORIENTED_EDGE('',*,*,#741,.T.);
#572=ORIENTED_EDGE('',*,*,#772,.F.);
#573=ORIENTED_EDGE('',*,*,#749,.T.);
#574=ORIENTED_EDGE('',*,*,#773,.F.);
#575=ORIENTED_EDGE('',*,*,#750,.T.);
#576=ORIENTED_EDGE('',*,*,#772,.T.);
#577=ORIENTED_EDGE('',*,*,#737,.T.);
#578=ORIENTED_EDGE('',*,*,#773,.T.);
#579=ORIENTED_EDGE('',*,*,#740,.T.);
#580=ORIENTED_EDGE('',*,*,#774,.F.);
#581=ORIENTED_EDGE('',*,*,#751,.T.);
#582=ORIENTED_EDGE('',*,*,#775,.F.);
#583=ORIENTED_EDGE('',*,*,#752,.T.);
#584=ORIENTED_EDGE('',*,*,#774,.T.);
#585=ORIENTED_EDGE('',*,*,#730,.T.);
#586=ORIENTED_EDGE('',*,*,#775,.T.);
#587=ORIENTED_EDGE('',*,*,#733,.T.);
#588=ORIENTED_EDGE('',*,*,#776,.F.);
#589=ORIENTED_EDGE('',*,*,#753,.T.);
#590=ORIENTED_EDGE('',*,*,#777,.F.);
#591=ORIENTED_EDGE('',*,*,#754,.T.);
#592=ORIENTED_EDGE('',*,*,#776,.T.);
#593=ORIENTED_EDGE('',*,*,#735,.T.);
#594=ORIENTED_EDGE('',*,*,#777,.T.);
#595=ORIENTED_EDGE('',*,*,#755,.T.);
#596=ORIENTED_EDGE('',*,*,#767,.T.);
#597=ORIENTED_EDGE('',*,*,#743,.T.);
#598=EDGE_CURVE('',#778,#778,#910,.T.);
#599=EDGE_CURVE('',#779,#779,#911,.T.);
#600=EDGE_CURVE('',#780,#780,#912,.T.);
#601=EDGE_CURVE('',#781,#781,#913,.T.);
#602=EDGE_CURVE('',#782,#782,#914,.T.);
#603=EDGE_CURVE('',#783,#783,#915,.T.);
#604=EDGE_CURVE('',#784,#784,#916,.T.);
#605=EDGE_CURVE('',#785,#785,#917,.T.);
#606=EDGE_CURVE('',#786,#786,#918,.T.);
#607=EDGE_CURVE('',#787,#787,#919,.T.);
#608=EDGE_CURVE('',#788,#789,#920,.T.);
#609=EDGE_CURVE('',#788,#790,#94,.T.);
#610=EDGE_CURVE('',#791,#790,#921,.T.);
#611=EDGE_CURVE('',#792,#791,#95,.T.);
#612=EDGE_CURVE('',#793,#792,#922,.T.);
#613=EDGE_CURVE('',#793,#794,#923,.T.);
#614=EDGE_CURVE('',#795,#794,#924,.T.);
#615=EDGE_CURVE('',#796,#795,#96,.T.);
#616=EDGE_CURVE('',#797,#796,#925,.T.);
#617=EDGE_CURVE('',#798,#797,#97,.T.);
#618=EDGE_CURVE('',#799,#798,#926,.T.);
#619=EDGE_CURVE('',#799,#789,#927,.T.);
#620=EDGE_CURVE('',#800,#801,#98,.T.);
#621=EDGE_CURVE('',#796,#800,#99,.T.);
#622=EDGE_CURVE('',#801,#795,#100,.T.);
#623=EDGE_CURVE('',#802,#803,#928,.T.);
#624=EDGE_CURVE('',#789,#802,#101,.T.);
#625=EDGE_CURVE('',#803,#799,#102,.T.);
#626=EDGE_CURVE('',#804,#804,#929,.T.);
#627=EDGE_CURVE('',#805,#805,#930,.T.);
#628=EDGE_CURVE('',#806,#806,#931,.T.);
#629=EDGE_CURVE('',#807,#807,#932,.T.);
#630=EDGE_CURVE('',#808,#808,#933,.T.);
#631=EDGE_CURVE('',#809,#809,#934,.T.);
#632=EDGE_CURVE('',#810,#810,#935,.T.);
#633=EDGE_CURVE('',#811,#811,#936,.T.);
#634=EDGE_CURVE('',#812,#812,#937,.T.);
#635=EDGE_CURVE('',#813,#813,#938,.T.);
#636=EDGE_CURVE('',#814,#814,#939,.T.);
#637=EDGE_CURVE('',#815,#815,#940,.T.);
#638=EDGE_CURVE('',#816,#816,#941,.T.);
#639=EDGE_CURVE('',#817,#817,#942,.T.);
#640=EDGE_CURVE('',#818,#818,#943,.T.);
#641=EDGE_CURVE('',#819,#819,#944,.T.);
#642=EDGE_CURVE('',#820,#820,#945,.T.);
#643=EDGE_CURVE('',#821,#821,#946,.T.);
#644=EDGE_CURVE('',#822,#822,#947,.T.);
#645=EDGE_CURVE('',#823,#823,#948,.T.);
#646=EDGE_CURVE('',#824,#800,#949,.T.);
#647=EDGE_CURVE('',#824,#797,#103,.T.);
#648=EDGE_CURVE('',#825,#824,#104,.T.);
#649=EDGE_CURVE('',#798,#825,#105,.T.);
#650=EDGE_CURVE('',#803,#825,#950,.T.);
#651=EDGE_CURVE('',#826,#802,#951,.T.);
#652=EDGE_CURVE('',#826,#788,#106,.T.);
#653=EDGE_CURVE('',#827,#828,#952,.T.);
#654=EDGE_CURVE('',#829,#827,#953,.T.);
#655=EDGE_CURVE('',#830,#829,#954,.T.);
#656=EDGE_CURVE('',#831,#830,#107,.T.);
#657=EDGE_CURVE('',#832,#831,#955,.T.);
#658=EDGE_CURVE('',#833,#832,#108,.T.);
#659=EDGE_CURVE('',#834,#833,#956,.T.);
#660=EDGE_CURVE('',#835,#834,#957,.T.);
#661=EDGE_CURVE('',#836,#835,#958,.T.);
#662=EDGE_CURVE('',#837,#836,#109,.T.);
#663=EDGE_CURVE('',#838,#837,#959,.T.);
#664=EDGE_CURVE('',#828,#838,#110,.T.);
#665=EDGE_CURVE('',#801,#839,#960,.T.);
#666=EDGE_CURVE('',#794,#839,#111,.T.);
#667=EDGE_CURVE('',#839,#840,#961,.T.);
#668=EDGE_CURVE('',#840,#793,#112,.T.);
#669=EDGE_CURVE('',#840,#841,#962,.T.);
#670=EDGE_CURVE('',#792,#841,#113,.T.);
#671=EDGE_CURVE('',#841,#842,#114,.T.);
#672=EDGE_CURVE('',#842,#791,#115,.T.);
#673=EDGE_CURVE('',#842,#843,#963,.T.);
#674=EDGE_CURVE('',#790,#843,#116,.T.);
#675=EDGE_CURVE('',#843,#826,#117,.T.);
#676=EDGE_CURVE('',#839,#827,#118,.T.);
#677=EDGE_CURVE('',#829,#840,#119,.T.);
#678=EDGE_CURVE('',#830,#841,#120,.T.);
#679=EDGE_CURVE('',#831,#842,#121,.T.);
#680=EDGE_CURVE('',#832,#843,#122,.T.);
#681=EDGE_CURVE('',#833,#826,#123,.T.);
#682=EDGE_CURVE('',#834,#802,#124,.T.);
#683=EDGE_CURVE('',#835,#803,#125,.T.);
#684=EDGE_CURVE('',#836,#825,#126,.T.);
#685=EDGE_CURVE('',#837,#824,#127,.T.);
#686=EDGE_CURVE('',#838,#800,#128,.T.);
#687=EDGE_CURVE('',#828,#801,#129,.T.);
#688=EDGE_CURVE('',#844,#844,#964,.T.);
#689=EDGE_CURVE('',#845,#845,#965,.T.);
#690=EDGE_CURVE('',#846,#846,#966,.T.);
#691=EDGE_CURVE('',#847,#847,#967,.T.);
#692=EDGE_CURVE('',#848,#848,#968,.T.);
#693=EDGE_CURVE('',#849,#849,#969,.T.);
#694=EDGE_CURVE('',#850,#850,#970,.T.);
#695=EDGE_CURVE('',#851,#851,#971,.T.);
#696=EDGE_CURVE('',#852,#852,#972,.T.);
#697=EDGE_CURVE('',#853,#853,#973,.T.);
#698=EDGE_CURVE('',#854,#855,#974,.T.);
#699=EDGE_CURVE('',#856,#854,#975,.T.);
#700=EDGE_CURVE('',#857,#856,#976,.T.);
#701=EDGE_CURVE('',#857,#858,#130,.T.);
#702=EDGE_CURVE('',#859,#858,#977,.T.);
#703=EDGE_CURVE('',#859,#860,#131,.T.);
#704=EDGE_CURVE('',#861,#860,#978,.T.);
#705=EDGE_CURVE('',#862,#861,#979,.T.);
#706=EDGE_CURVE('',#863,#862,#980,.T.);
#707=EDGE_CURVE('',#863,#864,#132,.T.);
#708=EDGE_CURVE('',#865,#864,#981,.T.);
#709=EDGE_CURVE('',#855,#865,#133,.T.);
#710=EDGE_CURVE('',#866,#866,#982,.T.);
#711=EDGE_CURVE('',#867,#867,#983,.T.);
#712=EDGE_CURVE('',#868,#868,#984,.T.);
#713=EDGE_CURVE('',#869,#869,#985,.T.);
#714=EDGE_CURVE('',#870,#870,#986,.T.);
#715=EDGE_CURVE('',#871,#871,#987,.T.);
#716=EDGE_CURVE('',#872,#872,#988,.T.);
#717=EDGE_CURVE('',#873,#873,#989,.T.);
#718=EDGE_CURVE('',#874,#874,#990,.T.);
#719=EDGE_CURVE('',#875,#875,#991,.T.);
#720=EDGE_CURVE('',#876,#876,#992,.T.);
#721=EDGE_CURVE('',#877,#877,#993,.T.);
#722=EDGE_CURVE('',#878,#878,#994,.T.);
#723=EDGE_CURVE('',#879,#879,#995,.T.);
#724=EDGE_CURVE('',#880,#880,#996,.T.);
#725=EDGE_CURVE('',#881,#881,#997,.T.);
#726=EDGE_CURVE('',#882,#882,#998,.T.);
#727=EDGE_CURVE('',#883,#883,#999,.T.);
#728=EDGE_CURVE('',#884,#884,#1000,.T.);
#729=EDGE_CURVE('',#885,#885,#1001,.T.);
#730=EDGE_CURVE('',#886,#887,#134,.T.);
#731=EDGE_CURVE('',#864,#886,#135,.T.);
#732=EDGE_CURVE('',#887,#863,#136,.T.);
#733=EDGE_CURVE('',#887,#888,#1002,.T.);
#734=EDGE_CURVE('',#862,#888,#137,.T.);
#735=EDGE_CURVE('',#888,#889,#1003,.T.);
#736=EDGE_CURVE('',#889,#861,#138,.T.);
#737=EDGE_CURVE('',#890,#891,#139,.T.);
#738=EDGE_CURVE('',#855,#890,#140,.T.);
#739=EDGE_CURVE('',#891,#865,#141,.T.);
#740=EDGE_CURVE('',#891,#886,#1004,.T.);
#741=EDGE_CURVE('',#892,#890,#1005,.T.);
#742=EDGE_CURVE('',#892,#854,#142,.T.);
#743=EDGE_CURVE('',#893,#894,#1006,.T.);
#744=EDGE_CURVE('',#895,#893,#143,.T.);
#745=EDGE_CURVE('',#896,#895,#1007,.T.);
#746=EDGE_CURVE('',#897,#896,#144,.T.);
#747=EDGE_CURVE('',#898,#897,#1008,.T.);
#748=EDGE_CURVE('',#899,#898,#1009,.T.);
#749=EDGE_CURVE('',#900,#899,#1010,.T.);
#750=EDGE_CURVE('',#901,#900,#145,.T.);
#751=EDGE_CURVE('',#902,#901,#1011,.T.);
#752=EDGE_CURVE('',#903,#902,#146,.T.);
#753=EDGE_CURVE('',#904,#903,#1012,.T.);
#754=EDGE_CURVE('',#894,#904,#1013,.T.);
#755=EDGE_CURVE('',#889,#905,#1014,.T.);
#756=EDGE_CURVE('',#860,#905,#147,.T.);
#757=EDGE_CURVE('',#905,#906,#148,.T.);
#758=EDGE_CURVE('',#906,#859,#149,.T.);
#759=EDGE_CURVE('',#906,#907,#1015,.T.);
#760=EDGE_CURVE('',#858,#907,#150,.T.);
#761=EDGE_CURVE('',#907,#908,#151,.T.);
#762=EDGE_CURVE('',#908,#857,#152,.T.);
#763=EDGE_CURVE('',#908,#909,#1016,.T.);
#764=EDGE_CURVE('',#856,#909,#153,.T.);
#765=EDGE_CURVE('',#909,#892,#1017,.T.);
#766=EDGE_CURVE('',#895,#906,#154,.T.);
#767=EDGE_CURVE('',#905,#893,#155,.T.);
#768=EDGE_CURVE('',#896,#907,#156,.T.);
#769=EDGE_CURVE('',#897,#908,#157,.T.);
#770=EDGE_CURVE('',#898,#909,#158,.T.);
#771=EDGE_CURVE('',#899,#892,#159,.T.);
#772=EDGE_CURVE('',#900,#890,#160,.T.);
#773=EDGE_CURVE('',#901,#891,#161,.T.);
#774=EDGE_CURVE('',#902,#886,#162,.T.);
#775=EDGE_CURVE('',#903,#887,#163,.T.);
#776=EDGE_CURVE('',#904,#888,#164,.T.);
#777=EDGE_CURVE('',#894,#889,#165,.T.);
#778=VERTEX_POINT('',#2380);
#779=VERTEX_POINT('',#2382);
#780=VERTEX_POINT('',#2384);
#781=VERTEX_POINT('',#2386);
#782=VERTEX_POINT('',#2388);
#783=VERTEX_POINT('',#2390);
#784=VERTEX_POINT('',#2392);
#785=VERTEX_POINT('',#2394);
#786=VERTEX_POINT('',#2396);
#787=VERTEX_POINT('',#2398);
#788=VERTEX_POINT('',#2400);
#789=VERTEX_POINT('',#2401);
#790=VERTEX_POINT('',#2403);
#791=VERTEX_POINT('',#2405);
#792=VERTEX_POINT('',#2407);
#793=VERTEX_POINT('',#2409);
#794=VERTEX_POINT('',#2411);
#795=VERTEX_POINT('',#2413);
#796=VERTEX_POINT('',#2415);
#797=VERTEX_POINT('',#2417);
#798=VERTEX_POINT('',#2419);
#799=VERTEX_POINT('',#2421);
#800=VERTEX_POINT('',#2425);
#801=VERTEX_POINT('',#2426);
#802=VERTEX_POINT('',#2431);
#803=VERTEX_POINT('',#2432);
#804=VERTEX_POINT('',#2437);
#805=VERTEX_POINT('',#2440);
#806=VERTEX_POINT('',#2443);
#807=VERTEX_POINT('',#2446);
#808=VERTEX_POINT('',#2449);
#809=VERTEX_POINT('',#2452);
#810=VERTEX_POINT('',#2455);
#811=VERTEX_POINT('',#2458);
#812=VERTEX_POINT('',#2461);
#813=VERTEX_POINT('',#2464);
#814=VERTEX_POINT('',#2467);
#815=VERTEX_POINT('',#2470);
#816=VERTEX_POINT('',#2473);
#817=VERTEX_POINT('',#2476);
#818=VERTEX_POINT('',#2479);
#819=VERTEX_POINT('',#2482);
#820=VERTEX_POINT('',#2485);
#821=VERTEX_POINT('',#2488);
#822=VERTEX_POINT('',#2491);
#823=VERTEX_POINT('',#2494);
#824=VERTEX_POINT('',#2497);
#825=VERTEX_POINT('',#2501);
#826=VERTEX_POINT('',#2507);
#827=VERTEX_POINT('',#2511);
#828=VERTEX_POINT('',#2512);
#829=VERTEX_POINT('',#2514);
#830=VERTEX_POINT('',#2516);
#831=VERTEX_POINT('',#2518);
#832=VERTEX_POINT('',#2520);
#833=VERTEX_POINT('',#2522);
#834=VERTEX_POINT('',#2524);
#835=VERTEX_POINT('',#2526);
#836=VERTEX_POINT('',#2528);
#837=VERTEX_POINT('',#2530);
#838=VERTEX_POINT('',#2532);
#839=VERTEX_POINT('',#2536);
#840=VERTEX_POINT('',#2540);
#841=VERTEX_POINT('',#2544);
#842=VERTEX_POINT('',#2548);
#843=VERTEX_POINT('',#2552);
#844=VERTEX_POINT('',#2583);
#845=VERTEX_POINT('',#2585);
#846=VERTEX_POINT('',#2587);
#847=VERTEX_POINT('',#2589);
#848=VERTEX_POINT('',#2591);
#849=VERTEX_POINT('',#2593);
#850=VERTEX_POINT('',#2595);
#851=VERTEX_POINT('',#2597);
#852=VERTEX_POINT('',#2599);
#853=VERTEX_POINT('',#2601);
#854=VERTEX_POINT('',#2603);
#855=VERTEX_POINT('',#2604);
#856=VERTEX_POINT('',#2606);
#857=VERTEX_POINT('',#2608);
#858=VERTEX_POINT('',#2610);
#859=VERTEX_POINT('',#2612);
#860=VERTEX_POINT('',#2614);
#861=VERTEX_POINT('',#2616);
#862=VERTEX_POINT('',#2618);
#863=VERTEX_POINT('',#2620);
#864=VERTEX_POINT('',#2622);
#865=VERTEX_POINT('',#2624);
#866=VERTEX_POINT('',#2628);
#867=VERTEX_POINT('',#2631);
#868=VERTEX_POINT('',#2634);
#869=VERTEX_POINT('',#2637);
#870=VERTEX_POINT('',#2640);
#871=VERTEX_POINT('',#2643);
#872=VERTEX_POINT('',#2646);
#873=VERTEX_POINT('',#2649);
#874=VERTEX_POINT('',#2652);
#875=VERTEX_POINT('',#2655);
#876=VERTEX_POINT('',#2658);
#877=VERTEX_POINT('',#2661);
#878=VERTEX_POINT('',#2664);
#879=VERTEX_POINT('',#2667);
#880=VERTEX_POINT('',#2670);
#881=VERTEX_POINT('',#2673);
#882=VERTEX_POINT('',#2676);
#883=VERTEX_POINT('',#2679);
#884=VERTEX_POINT('',#2682);
#885=VERTEX_POINT('',#2685);
#886=VERTEX_POINT('',#2688);
#887=VERTEX_POINT('',#2689);
#888=VERTEX_POINT('',#2694);
#889=VERTEX_POINT('',#2698);
#890=VERTEX_POINT('',#2702);
#891=VERTEX_POINT('',#2703);
#892=VERTEX_POINT('',#2710);
#893=VERTEX_POINT('',#2714);
#894=VERTEX_POINT('',#2715);
#895=VERTEX_POINT('',#2717);
#896=VERTEX_POINT('',#2719);
#897=VERTEX_POINT('',#2721);
#898=VERTEX_POINT('',#2723);
#899=VERTEX_POINT('',#2725);
#900=VERTEX_POINT('',#2727);
#901=VERTEX_POINT('',#2729);
#902=VERTEX_POINT('',#2731);
#903=VERTEX_POINT('',#2733);
#904=VERTEX_POINT('',#2735);
#905=VERTEX_POINT('',#2739);
#906=VERTEX_POINT('',#2743);
#907=VERTEX_POINT('',#2747);
#908=VERTEX_POINT('',#2751);
#909=VERTEX_POINT('',#2755);
#910=CIRCLE('',#1698,0.325);
#911=CIRCLE('',#1699,0.325);
#912=CIRCLE('',#1700,0.325);
#913=CIRCLE('',#1701,0.325);
#914=CIRCLE('',#1702,0.325);
#915=CIRCLE('',#1703,0.325);
#916=CIRCLE('',#1704,0.325);
#917=CIRCLE('',#1705,0.325);
#918=CIRCLE('',#1706,0.325);
#919=CIRCLE('',#1707,0.325);
#920=CIRCLE('',#1708,0.75);
#921=CIRCLE('',#1709,0.75);
#922=CIRCLE('',#1710,0.5);
#923=CIRCLE('',#1711,17.89);
#924=CIRCLE('',#1712,0.5);
#925=CIRCLE('',#1713,0.75);
#926=CIRCLE('',#1714,0.75);
#927=CIRCLE('',#1715,17.8899999999973);
#928=CIRCLE('',#1718,17.8899999999973);
#929=CIRCLE('',#1720,0.325);
#930=CIRCLE('',#1722,0.675);
#931=CIRCLE('',#1724,0.325);
#932=CIRCLE('',#1726,0.675);
#933=CIRCLE('',#1728,0.325);
#934=CIRCLE('',#1730,0.675);
#935=CIRCLE('',#1732,0.325);
#936=CIRCLE('',#1734,0.675);
#937=CIRCLE('',#1736,0.325);
#938=CIRCLE('',#1738,0.675);
#939=CIRCLE('',#1740,0.325);
#940=CIRCLE('',#1742,0.675);
#941=CIRCLE('',#1744,0.325);
#942=CIRCLE('',#1746,0.675);
#943=CIRCLE('',#1748,0.325);
#944=CIRCLE('',#1750,0.675);
#945=CIRCLE('',#1752,0.325);
#946=CIRCLE('',#1754,0.675);
#947=CIRCLE('',#1756,0.325);
#948=CIRCLE('',#1758,0.675);
#949=CIRCLE('',#1760,0.75);
#950=CIRCLE('',#1763,0.75);
#951=CIRCLE('',#1765,0.75);
#952=CIRCLE('',#1767,0.375);
#953=CIRCLE('',#1768,17.765);
#954=CIRCLE('',#1769,0.375);
#955=CIRCLE('',#1770,0.625);
#956=CIRCLE('',#1771,0.625);
#957=CIRCLE('',#1772,17.7649999999973);
#958=CIRCLE('',#1773,0.625);
#959=CIRCLE('',#1774,0.625);
#960=CIRCLE('',#1776,0.5);
#961=CIRCLE('',#1778,17.89);
#962=CIRCLE('',#1780,0.5);
#963=CIRCLE('',#1783,0.75);
#964=CIRCLE('',#1799,0.325);
#965=CIRCLE('',#1800,0.325);
#966=CIRCLE('',#1801,0.325);
#967=CIRCLE('',#1802,0.325);
#968=CIRCLE('',#1803,0.325);
#969=CIRCLE('',#1804,0.325);
#970=CIRCLE('',#1805,0.325);
#971=CIRCLE('',#1806,0.325);
#972=CIRCLE('',#1807,0.325);
#973=CIRCLE('',#1808,0.325);
#974=CIRCLE('',#1809,0.75);
#975=CIRCLE('',#1810,17.8899999999973);
#976=CIRCLE('',#1811,0.75);
#977=CIRCLE('',#1812,0.75);
#978=CIRCLE('',#1813,0.5);
#979=CIRCLE('',#1814,17.89);
#980=CIRCLE('',#1815,0.5);
#981=CIRCLE('',#1816,0.75);
#982=CIRCLE('',#1818,0.325);
#983=CIRCLE('',#1820,0.675);
#984=CIRCLE('',#1822,0.325);
#985=CIRCLE('',#1824,0.675);
#986=CIRCLE('',#1826,0.325);
#987=CIRCLE('',#1828,0.675);
#988=CIRCLE('',#1830,0.325);
#989=CIRCLE('',#1832,0.675);
#990=CIRCLE('',#1834,0.325);
#991=CIRCLE('',#1836,0.675);
#992=CIRCLE('',#1838,0.325);
#993=CIRCLE('',#1840,0.675);
#994=CIRCLE('',#1842,0.325);
#995=CIRCLE('',#1844,0.675);
#996=CIRCLE('',#1846,0.325);
#997=CIRCLE('',#1848,0.675);
#998=CIRCLE('',#1850,0.325);
#999=CIRCLE('',#1852,0.675);
#1000=CIRCLE('',#1854,0.325);
#1001=CIRCLE('',#1856,0.675);
#1002=CIRCLE('',#1859,0.5);
#1003=CIRCLE('',#1861,17.89);
#1004=CIRCLE('',#1864,0.75);
#1005=CIRCLE('',#1866,0.75);
#1006=CIRCLE('',#1868,0.375);
#1007=CIRCLE('',#1869,0.625);
#1008=CIRCLE('',#1870,0.625);
#1009=CIRCLE('',#1871,17.7649999999973);
#1010=CIRCLE('',#1872,0.625);
#1011=CIRCLE('',#1873,0.625);
#1012=CIRCLE('',#1874,0.375);
#1013=CIRCLE('',#1875,17.765);
#1014=CIRCLE('',#1877,0.5);
#1015=CIRCLE('',#1880,0.75);
#1016=CIRCLE('',#1883,0.75);
#1017=CIRCLE('',#1885,17.8899999999973);
#1018=EDGE_LOOP('',(#238));
#1019=EDGE_LOOP('',(#239));
#1020=EDGE_LOOP('',(#240));
#1021=EDGE_LOOP('',(#241));
#1022=EDGE_LOOP('',(#242));
#1023=EDGE_LOOP('',(#243));
#1024=EDGE_LOOP('',(#244));
#1025=EDGE_LOOP('',(#245));
#1026=EDGE_LOOP('',(#246));
#1027=EDGE_LOOP('',(#247));
#1028=EDGE_LOOP('',(#248,#249,#250,#251,#252,#253,#254,#255,#256,#257,#258,
#259));
#1029=EDGE_LOOP('',(#260,#261,#262,#263));
#1030=EDGE_LOOP('',(#264,#265,#266,#267));
#1031=EDGE_LOOP('',(#268));
#1032=EDGE_LOOP('',(#269));
#1033=EDGE_LOOP('',(#270));
#1034=EDGE_LOOP('',(#271));
#1035=EDGE_LOOP('',(#272));
#1036=EDGE_LOOP('',(#273));
#1037=EDGE_LOOP('',(#274));
#1038=EDGE_LOOP('',(#275));
#1039=EDGE_LOOP('',(#276));
#1040=EDGE_LOOP('',(#277));
#1041=EDGE_LOOP('',(#278));
#1042=EDGE_LOOP('',(#279));
#1043=EDGE_LOOP('',(#280));
#1044=EDGE_LOOP('',(#281));
#1045=EDGE_LOOP('',(#282));
#1046=EDGE_LOOP('',(#283));
#1047=EDGE_LOOP('',(#284));
#1048=EDGE_LOOP('',(#285));
#1049=EDGE_LOOP('',(#286));
#1050=EDGE_LOOP('',(#287));
#1051=EDGE_LOOP('',(#288));
#1052=EDGE_LOOP('',(#289));
#1053=EDGE_LOOP('',(#290));
#1054=EDGE_LOOP('',(#291));
#1055=EDGE_LOOP('',(#292));
#1056=EDGE_LOOP('',(#293));
#1057=EDGE_LOOP('',(#294));
#1058=EDGE_LOOP('',(#295));
#1059=EDGE_LOOP('',(#296));
#1060=EDGE_LOOP('',(#297));
#1061=EDGE_LOOP('',(#298));
#1062=EDGE_LOOP('',(#299));
#1063=EDGE_LOOP('',(#300));
#1064=EDGE_LOOP('',(#301));
#1065=EDGE_LOOP('',(#302));
#1066=EDGE_LOOP('',(#303));
#1067=EDGE_LOOP('',(#304));
#1068=EDGE_LOOP('',(#305));
#1069=EDGE_LOOP('',(#306));
#1070=EDGE_LOOP('',(#307));
#1071=EDGE_LOOP('',(#308,#309,#310,#311));
#1072=EDGE_LOOP('',(#312,#313,#314,#315));
#1073=EDGE_LOOP('',(#316,#317,#318,#319));
#1074=EDGE_LOOP('',(#320,#321,#322,#323));
#1075=EDGE_LOOP('',(#324));
#1076=EDGE_LOOP('',(#325));
#1077=EDGE_LOOP('',(#326));
#1078=EDGE_LOOP('',(#327));
#1079=EDGE_LOOP('',(#328));
#1080=EDGE_LOOP('',(#329));
#1081=EDGE_LOOP('',(#330));
#1082=EDGE_LOOP('',(#331));
#1083=EDGE_LOOP('',(#332));
#1084=EDGE_LOOP('',(#333));
#1085=EDGE_LOOP('',(#334,#335,#336,#337,#338,#339,#340,#341,#342,#343,#344,
#345));
#1086=EDGE_LOOP('',(#346,#347,#348,#349));
#1087=EDGE_LOOP('',(#350,#351,#352,#353));
#1088=EDGE_LOOP('',(#354,#355,#356,#357));
#1089=EDGE_LOOP('',(#358,#359,#360,#361));
#1090=EDGE_LOOP('',(#362,#363,#364,#365));
#1091=EDGE_LOOP('',(#366,#367,#368,#369));
#1092=EDGE_LOOP('',(#370,#371,#372,#373));
#1093=EDGE_LOOP('',(#374,#375,#376,#377));
#1094=EDGE_LOOP('',(#378,#379,#380,#381));
#1095=EDGE_LOOP('',(#382,#383,#384,#385));
#1096=EDGE_LOOP('',(#386,#387,#388,#389));
#1097=EDGE_LOOP('',(#390,#391,#392,#393));
#1098=EDGE_LOOP('',(#394,#395,#396,#397));
#1099=EDGE_LOOP('',(#398,#399,#400,#401));
#1100=EDGE_LOOP('',(#402,#403,#404,#405));
#1101=EDGE_LOOP('',(#406,#407,#408,#409));
#1102=EDGE_LOOP('',(#410,#411,#412,#413));
#1103=EDGE_LOOP('',(#414,#415,#416,#417));
#1104=EDGE_LOOP('',(#418));
#1105=EDGE_LOOP('',(#419));
#1106=EDGE_LOOP('',(#420));
#1107=EDGE_LOOP('',(#421));
#1108=EDGE_LOOP('',(#422));
#1109=EDGE_LOOP('',(#423));
#1110=EDGE_LOOP('',(#424));
#1111=EDGE_LOOP('',(#425));
#1112=EDGE_LOOP('',(#426));
#1113=EDGE_LOOP('',(#427));
#1114=EDGE_LOOP('',(#428,#429,#430,#431,#432,#433,#434,#435,#436,#437,#438,
#439));
#1115=EDGE_LOOP('',(#440));
#1116=EDGE_LOOP('',(#441));
#1117=EDGE_LOOP('',(#442));
#1118=EDGE_LOOP('',(#443));
#1119=EDGE_LOOP('',(#444));
#1120=EDGE_LOOP('',(#445));
#1121=EDGE_LOOP('',(#446));
#1122=EDGE_LOOP('',(#447));
#1123=EDGE_LOOP('',(#448));
#1124=EDGE_LOOP('',(#449));
#1125=EDGE_LOOP('',(#450));
#1126=EDGE_LOOP('',(#451));
#1127=EDGE_LOOP('',(#452));
#1128=EDGE_LOOP('',(#453));
#1129=EDGE_LOOP('',(#454));
#1130=EDGE_LOOP('',(#455));
#1131=EDGE_LOOP('',(#456));
#1132=EDGE_LOOP('',(#457));
#1133=EDGE_LOOP('',(#458));
#1134=EDGE_LOOP('',(#459));
#1135=EDGE_LOOP('',(#460));
#1136=EDGE_LOOP('',(#461));
#1137=EDGE_LOOP('',(#462));
#1138=EDGE_LOOP('',(#463));
#1139=EDGE_LOOP('',(#464));
#1140=EDGE_LOOP('',(#465));
#1141=EDGE_LOOP('',(#466));
#1142=EDGE_LOOP('',(#467));
#1143=EDGE_LOOP('',(#468));
#1144=EDGE_LOOP('',(#469));
#1145=EDGE_LOOP('',(#470));
#1146=EDGE_LOOP('',(#471));
#1147=EDGE_LOOP('',(#472));
#1148=EDGE_LOOP('',(#473));
#1149=EDGE_LOOP('',(#474));
#1150=EDGE_LOOP('',(#475));
#1151=EDGE_LOOP('',(#476));
#1152=EDGE_LOOP('',(#477));
#1153=EDGE_LOOP('',(#478));
#1154=EDGE_LOOP('',(#479));
#1155=EDGE_LOOP('',(#480,#481,#482,#483));
#1156=EDGE_LOOP('',(#484,#485,#486,#487));
#1157=EDGE_LOOP('',(#488,#489,#490,#491));
#1158=EDGE_LOOP('',(#492,#493,#494,#495));
#1159=EDGE_LOOP('',(#496,#497,#498,#499));
#1160=EDGE_LOOP('',(#500,#501,#502,#503));
#1161=EDGE_LOOP('',(#504));
#1162=EDGE_LOOP('',(#505));
#1163=EDGE_LOOP('',(#506));
#1164=EDGE_LOOP('',(#507));
#1165=EDGE_LOOP('',(#508));
#1166=EDGE_LOOP('',(#509));
#1167=EDGE_LOOP('',(#510));
#1168=EDGE_LOOP('',(#511));
#1169=EDGE_LOOP('',(#512));
#1170=EDGE_LOOP('',(#513));
#1171=EDGE_LOOP('',(#514,#515,#516,#517,#518,#519,#520,#521,#522,#523,#524,
#525));
#1172=EDGE_LOOP('',(#526,#527,#528,#529));
#1173=EDGE_LOOP('',(#530,#531,#532,#533));
#1174=EDGE_LOOP('',(#534,#535,#536,#537));
#1175=EDGE_LOOP('',(#538,#539,#540,#541));
#1176=EDGE_LOOP('',(#542,#543,#544,#545));
#1177=EDGE_LOOP('',(#546,#547,#548,#549));
#1178=EDGE_LOOP('',(#550,#551,#552,#553));
#1179=EDGE_LOOP('',(#554,#555,#556,#557));
#1180=EDGE_LOOP('',(#558,#559,#560,#561));
#1181=EDGE_LOOP('',(#562,#563,#564,#565));
#1182=EDGE_LOOP('',(#566,#567,#568,#569));
#1183=EDGE_LOOP('',(#570,#571,#572,#573));
#1184=EDGE_LOOP('',(#574,#575,#576,#577));
#1185=EDGE_LOOP('',(#578,#579,#580,#581));
#1186=EDGE_LOOP('',(#582,#583,#584,#585));
#1187=EDGE_LOOP('',(#586,#587,#588,#589));
#1188=EDGE_LOOP('',(#590,#591,#592,#593));
#1189=EDGE_LOOP('',(#594,#595,#596,#597));
#1190=FACE_BOUND('',#1018,.T.);
#1191=FACE_BOUND('',#1019,.T.);
#1192=FACE_BOUND('',#1020,.T.);
#1193=FACE_BOUND('',#1021,.T.);
#1194=FACE_BOUND('',#1022,.T.);
#1195=FACE_BOUND('',#1023,.T.);
#1196=FACE_BOUND('',#1024,.T.);
#1197=FACE_BOUND('',#1025,.T.);
#1198=FACE_BOUND('',#1026,.T.);
#1199=FACE_BOUND('',#1027,.T.);
#1200=FACE_BOUND('',#1028,.T.);
#1201=FACE_BOUND('',#1029,.T.);
#1202=FACE_BOUND('',#1030,.T.);
#1203=FACE_BOUND('',#1031,.T.);
#1204=FACE_BOUND('',#1032,.T.);
#1205=FACE_BOUND('',#1033,.T.);
#1206=FACE_BOUND('',#1034,.T.);
#1207=FACE_BOUND('',#1035,.T.);
#1208=FACE_BOUND('',#1036,.T.);
#1209=FACE_BOUND('',#1037,.T.);
#1210=FACE_BOUND('',#1038,.T.);
#1211=FACE_BOUND('',#1039,.T.);
#1212=FACE_BOUND('',#1040,.T.);
#1213=FACE_BOUND('',#1041,.T.);
#1214=FACE_BOUND('',#1042,.T.);
#1215=FACE_BOUND('',#1043,.T.);
#1216=FACE_BOUND('',#1044,.T.);
#1217=FACE_BOUND('',#1045,.T.);
#1218=FACE_BOUND('',#1046,.T.);
#1219=FACE_BOUND('',#1047,.T.);
#1220=FACE_BOUND('',#1048,.T.);
#1221=FACE_BOUND('',#1049,.T.);
#1222=FACE_BOUND('',#1050,.T.);
#1223=FACE_BOUND('',#1051,.T.);
#1224=FACE_BOUND('',#1052,.T.);
#1225=FACE_BOUND('',#1053,.T.);
#1226=FACE_BOUND('',#1054,.T.);
#1227=FACE_BOUND('',#1055,.T.);
#1228=FACE_BOUND('',#1056,.T.);
#1229=FACE_BOUND('',#1057,.T.);
#1230=FACE_BOUND('',#1058,.T.);
#1231=FACE_BOUND('',#1059,.T.);
#1232=FACE_BOUND('',#1060,.T.);
#1233=FACE_BOUND('',#1061,.T.);
#1234=FACE_BOUND('',#1062,.T.);
#1235=FACE_BOUND('',#1063,.T.);
#1236=FACE_BOUND('',#1064,.T.);
#1237=FACE_BOUND('',#1065,.T.);
#1238=FACE_BOUND('',#1066,.T.);
#1239=FACE_BOUND('',#1067,.T.);
#1240=FACE_BOUND('',#1068,.T.);
#1241=FACE_BOUND('',#1069,.T.);
#1242=FACE_BOUND('',#1070,.T.);
#1243=FACE_BOUND('',#1071,.T.);
#1244=FACE_BOUND('',#1072,.T.);
#1245=FACE_BOUND('',#1073,.T.);
#1246=FACE_BOUND('',#1074,.T.);
#1247=FACE_BOUND('',#1075,.T.);
#1248=FACE_BOUND('',#1076,.T.);
#1249=FACE_BOUND('',#1077,.T.);
#1250=FACE_BOUND('',#1078,.T.);
#1251=FACE_BOUND('',#1079,.T.);
#1252=FACE_BOUND('',#1080,.T.);
#1253=FACE_BOUND('',#1081,.T.);
#1254=FACE_BOUND('',#1082,.T.);
#1255=FACE_BOUND('',#1083,.T.);
#1256=FACE_BOUND('',#1084,.T.);
#1257=FACE_BOUND('',#1085,.T.);
#1258=FACE_BOUND('',#1086,.T.);
#1259=FACE_BOUND('',#1087,.T.);
#1260=FACE_BOUND('',#1088,.T.);
#1261=FACE_BOUND('',#1089,.T.);
#1262=FACE_BOUND('',#1090,.T.);
#1263=FACE_BOUND('',#1091,.T.);
#1264=FACE_BOUND('',#1092,.T.);
#1265=FACE_BOUND('',#1093,.T.);
#1266=FACE_BOUND('',#1094,.T.);
#1267=FACE_BOUND('',#1095,.T.);
#1268=FACE_BOUND('',#1096,.T.);
#1269=FACE_BOUND('',#1097,.T.);
#1270=FACE_BOUND('',#1098,.T.);
#1271=FACE_BOUND('',#1099,.T.);
#1272=FACE_BOUND('',#1100,.T.);
#1273=FACE_BOUND('',#1101,.T.);
#1274=FACE_BOUND('',#1102,.T.);
#1275=FACE_BOUND('',#1103,.T.);
#1276=FACE_BOUND('',#1104,.T.);
#1277=FACE_BOUND('',#1105,.T.);
#1278=FACE_BOUND('',#1106,.T.);
#1279=FACE_BOUND('',#1107,.T.);
#1280=FACE_BOUND('',#1108,.T.);
#1281=FACE_BOUND('',#1109,.T.);
#1282=FACE_BOUND('',#1110,.T.);
#1283=FACE_BOUND('',#1111,.T.);
#1284=FACE_BOUND('',#1112,.T.);
#1285=FACE_BOUND('',#1113,.T.);
#1286=FACE_BOUND('',#1114,.T.);
#1287=FACE_BOUND('',#1115,.T.);
#1288=FACE_BOUND('',#1116,.T.);
#1289=FACE_BOUND('',#1117,.T.);
#1290=FACE_BOUND('',#1118,.T.);
#1291=FACE_BOUND('',#1119,.T.);
#1292=FACE_BOUND('',#1120,.T.);
#1293=FACE_BOUND('',#1121,.T.);
#1294=FACE_BOUND('',#1122,.T.);
#1295=FACE_BOUND('',#1123,.T.);
#1296=FACE_BOUND('',#1124,.T.);
#1297=FACE_BOUND('',#1125,.T.);
#1298=FACE_BOUND('',#1126,.T.);
#1299=FACE_BOUND('',#1127,.T.);
#1300=FACE_BOUND('',#1128,.T.);
#1301=FACE_BOUND('',#1129,.T.);
#1302=FACE_BOUND('',#1130,.T.);
#1303=FACE_BOUND('',#1131,.T.);
#1304=FACE_BOUND('',#1132,.T.);
#1305=FACE_BOUND('',#1133,.T.);
#1306=FACE_BOUND('',#1134,.T.);
#1307=FACE_BOUND('',#1135,.T.);
#1308=FACE_BOUND('',#1136,.T.);
#1309=FACE_BOUND('',#1137,.T.);
#1310=FACE_BOUND('',#1138,.T.);
#1311=FACE_BOUND('',#1139,.T.);
#1312=FACE_BOUND('',#1140,.T.);
#1313=FACE_BOUND('',#1141,.T.);
#1314=FACE_BOUND('',#1142,.T.);
#1315=FACE_BOUND('',#1143,.T.);
#1316=FACE_BOUND('',#1144,.T.);
#1317=FACE_BOUND('',#1145,.T.);
#1318=FACE_BOUND('',#1146,.T.);
#1319=FACE_BOUND('',#1147,.T.);
#1320=FACE_BOUND('',#1148,.T.);
#1321=FACE_BOUND('',#1149,.T.);
#1322=FACE_BOUND('',#1150,.T.);
#1323=FACE_BOUND('',#1151,.T.);
#1324=FACE_BOUND('',#1152,.T.);
#1325=FACE_BOUND('',#1153,.T.);
#1326=FACE_BOUND('',#1154,.T.);
#1327=FACE_BOUND('',#1155,.T.);
#1328=FACE_BOUND('',#1156,.T.);
#1329=FACE_BOUND('',#1157,.T.);
#1330=FACE_BOUND('',#1158,.T.);
#1331=FACE_BOUND('',#1159,.T.);
#1332=FACE_BOUND('',#1160,.T.);
#1333=FACE_BOUND('',#1161,.T.);
#1334=FACE_BOUND('',#1162,.T.);
#1335=FACE_BOUND('',#1163,.T.);
#1336=FACE_BOUND('',#1164,.T.);
#1337=FACE_BOUND('',#1165,.T.);
#1338=FACE_BOUND('',#1166,.T.);
#1339=FACE_BOUND('',#1167,.T.);
#1340=FACE_BOUND('',#1168,.T.);
#1341=FACE_BOUND('',#1169,.T.);
#1342=FACE_BOUND('',#1170,.T.);
#1343=FACE_BOUND('',#1171,.T.);
#1344=FACE_BOUND('',#1172,.T.);
#1345=FACE_BOUND('',#1173,.T.);
#1346=FACE_BOUND('',#1174,.T.);
#1347=FACE_BOUND('',#1175,.T.);
#1348=FACE_BOUND('',#1176,.T.);
#1349=FACE_BOUND('',#1177,.T.);
#1350=FACE_BOUND('',#1178,.T.);
#1351=FACE_BOUND('',#1179,.T.);
#1352=FACE_BOUND('',#1180,.T.);
#1353=FACE_BOUND('',#1181,.T.);
#1354=FACE_BOUND('',#1182,.T.);
#1355=FACE_BOUND('',#1183,.T.);
#1356=FACE_BOUND('',#1184,.T.);
#1357=FACE_BOUND('',#1185,.T.);
#1358=FACE_BOUND('',#1186,.T.);
#1359=FACE_BOUND('',#1187,.T.);
#1360=FACE_BOUND('',#1188,.T.);
#1361=FACE_BOUND('',#1189,.T.);
#1362=PLANE('',#1697);
#1363=PLANE('',#1716);
#1364=PLANE('',#1761);
#1365=PLANE('',#1766);
#1366=PLANE('',#1781);
#1367=PLANE('',#1784);
#1368=PLANE('',#1787);
#1369=PLANE('',#1789);
#1370=PLANE('',#1793);
#1371=PLANE('',#1795);
#1372=PLANE('',#1798);
#1373=PLANE('',#1857);
#1374=PLANE('',#1862);
#1375=PLANE('',#1867);
#1376=PLANE('',#1878);
#1377=PLANE('',#1881);
#1378=PLANE('',#1886);
#1379=PLANE('',#1888);
#1380=PLANE('',#1892);
#1381=PLANE('',#1894);
#1382=OVER_RIDING_STYLED_ITEM('',(#1507),#1410,#1504);
#1383=OVER_RIDING_STYLED_ITEM('',(#1508),#1411,#1504);
#1384=OVER_RIDING_STYLED_ITEM('',(#1509),#1412,#1504);
#1385=OVER_RIDING_STYLED_ITEM('',(#1510),#1433,#1504);
#1386=OVER_RIDING_STYLED_ITEM('',(#1511),#1434,#1504);
#1387=OVER_RIDING_STYLED_ITEM('',(#1512),#1435,#1504);
#1388=OVER_RIDING_STYLED_ITEM('',(#1513),#1436,#1504);
#1389=OVER_RIDING_STYLED_ITEM('',(#1514),#1437,#1504);
#1390=OVER_RIDING_STYLED_ITEM('',(#1515),#1438,#1504);
#1391=OVER_RIDING_STYLED_ITEM('',(#1516),#1439,#1504);
#1392=OVER_RIDING_STYLED_ITEM('',(#1517),#1440,#1504);
#1393=OVER_RIDING_STYLED_ITEM('',(#1518),#1441,#1504);
#1394=OVER_RIDING_STYLED_ITEM('',(#1519),#1442,#1504);
#1395=OVER_RIDING_STYLED_ITEM('',(#1520),#1443,#1504);
#1396=OVER_RIDING_STYLED_ITEM('',(#1522),#1456,#1505);
#1397=OVER_RIDING_STYLED_ITEM('',(#1523),#1477,#1505);
#1398=OVER_RIDING_STYLED_ITEM('',(#1524),#1478,#1505);
#1399=OVER_RIDING_STYLED_ITEM('',(#1525),#1479,#1505);
#1400=OVER_RIDING_STYLED_ITEM('',(#1526),#1480,#1505);
#1401=OVER_RIDING_STYLED_ITEM('',(#1527),#1481,#1505);
#1402=OVER_RIDING_STYLED_ITEM('',(#1528),#1482,#1505);
#1403=OVER_RIDING_STYLED_ITEM('',(#1529),#1483,#1505);
#1404=OVER_RIDING_STYLED_ITEM('',(#1530),#1484,#1505);
#1405=OVER_RIDING_STYLED_ITEM('',(#1531),#1485,#1505);
#1406=OVER_RIDING_STYLED_ITEM('',(#1532),#1486,#1505);
#1407=OVER_RIDING_STYLED_ITEM('',(#1533),#1487,#1505);
#1408=OVER_RIDING_STYLED_ITEM('',(#1534),#1488,#1505);
#1409=OVER_RIDING_STYLED_ITEM('',(#1535),#1489,#1505);
#1410=ADVANCED_FACE('',(#1190,#1191,#1192,#1193,#1194,#1195,#1196,#1197,
#1198,#1199,#1200),#1362,.T.);
#1411=ADVANCED_FACE('',(#1201),#1363,.F.);
#1412=ADVANCED_FACE('',(#1202),#58,.T.);
#1413=ADVANCED_FACE('',(#1203,#1204),#59,.F.);
#1414=ADVANCED_FACE('',(#1205,#1206),#22,.F.);
#1415=ADVANCED_FACE('',(#1207,#1208),#60,.F.);
#1416=ADVANCED_FACE('',(#1209,#1210),#23,.F.);
#1417=ADVANCED_FACE('',(#1211,#1212),#61,.F.);
#1418=ADVANCED_FACE('',(#1213,#1214),#24,.F.);
#1419=ADVANCED_FACE('',(#1215,#1216),#62,.F.);
#1420=ADVANCED_FACE('',(#1217,#1218),#25,.F.);
#1421=ADVANCED_FACE('',(#1219,#1220),#63,.F.);
#1422=ADVANCED_FACE('',(#1221,#1222),#26,.F.);
#1423=ADVANCED_FACE('',(#1223,#1224),#64,.F.);
#1424=ADVANCED_FACE('',(#1225,#1226),#27,.F.);
#1425=ADVANCED_FACE('',(#1227,#1228),#65,.F.);
#1426=ADVANCED_FACE('',(#1229,#1230),#28,.F.);
#1427=ADVANCED_FACE('',(#1231,#1232),#66,.F.);
#1428=ADVANCED_FACE('',(#1233,#1234),#29,.F.);
#1429=ADVANCED_FACE('',(#1235,#1236),#67,.F.);
#1430=ADVANCED_FACE('',(#1237,#1238),#30,.F.);
#1431=ADVANCED_FACE('',(#1239,#1240),#68,.F.);
#1432=ADVANCED_FACE('',(#1241,#1242),#31,.F.);
#1433=ADVANCED_FACE('',(#1243),#69,.T.);
#1434=ADVANCED_FACE('',(#1244),#1364,.F.);
#1435=ADVANCED_FACE('',(#1245),#70,.T.);
#1436=ADVANCED_FACE('',(#1246),#71,.T.);
#1437=ADVANCED_FACE('',(#1247,#1248,#1249,#1250,#1251,#1252,#1253,#1254,
#1255,#1256,#1257),#1365,.F.);
#1438=ADVANCED_FACE('',(#1258),#72,.T.);
#1439=ADVANCED_FACE('',(#1259),#73,.T.);
#1440=ADVANCED_FACE('',(#1260),#74,.T.);
#1441=ADVANCED_FACE('',(#1261),#1366,.F.);
#1442=ADVANCED_FACE('',(#1262),#75,.T.);
#1443=ADVANCED_FACE('',(#1263),#1367,.F.);
#1444=ADVANCED_FACE('',(#1264),#32,.T.);
#1445=ADVANCED_FACE('',(#1265),#33,.T.);
#1446=ADVANCED_FACE('',(#1266),#1368,.T.);
#1447=ADVANCED_FACE('',(#1267),#34,.T.);
#1448=ADVANCED_FACE('',(#1268),#1369,.T.);
#1449=ADVANCED_FACE('',(#1269),#35,.T.);
#1450=ADVANCED_FACE('',(#1270),#36,.T.);
#1451=ADVANCED_FACE('',(#1271),#37,.T.);
#1452=ADVANCED_FACE('',(#1272),#1370,.T.);
#1453=ADVANCED_FACE('',(#1273),#38,.T.);
#1454=ADVANCED_FACE('',(#1274),#1371,.T.);
#1455=ADVANCED_FACE('',(#1275),#39,.T.);
#1456=ADVANCED_FACE('',(#1276,#1277,#1278,#1279,#1280,#1281,#1282,#1283,
#1284,#1285,#1286),#1372,.F.);
#1457=ADVANCED_FACE('',(#1287,#1288),#76,.F.);
#1458=ADVANCED_FACE('',(#1289,#1290),#40,.F.);
#1459=ADVANCED_FACE('',(#1291,#1292),#77,.F.);
#1460=ADVANCED_FACE('',(#1293,#1294),#41,.F.);
#1461=ADVANCED_FACE('',(#1295,#1296),#78,.F.);
#1462=ADVANCED_FACE('',(#1297,#1298),#42,.F.);
#1463=ADVANCED_FACE('',(#1299,#1300),#79,.F.);
#1464=ADVANCED_FACE('',(#1301,#1302),#43,.F.);
#1465=ADVANCED_FACE('',(#1303,#1304),#80,.F.);
#1466=ADVANCED_FACE('',(#1305,#1306),#44,.F.);
#1467=ADVANCED_FACE('',(#1307,#1308),#81,.F.);
#1468=ADVANCED_FACE('',(#1309,#1310),#45,.F.);
#1469=ADVANCED_FACE('',(#1311,#1312),#82,.F.);
#1470=ADVANCED_FACE('',(#1313,#1314),#46,.F.);
#1471=ADVANCED_FACE('',(#1315,#1316),#83,.F.);
#1472=ADVANCED_FACE('',(#1317,#1318),#47,.F.);
#1473=ADVANCED_FACE('',(#1319,#1320),#84,.F.);
#1474=ADVANCED_FACE('',(#1321,#1322),#48,.F.);
#1475=ADVANCED_FACE('',(#1323,#1324),#85,.F.);
#1476=ADVANCED_FACE('',(#1325,#1326),#49,.F.);
#1477=ADVANCED_FACE('',(#1327),#1373,.T.);
#1478=ADVANCED_FACE('',(#1328),#86,.T.);
#1479=ADVANCED_FACE('',(#1329),#87,.T.);
#1480=ADVANCED_FACE('',(#1330),#1374,.T.);
#1481=ADVANCED_FACE('',(#1331),#88,.T.);
#1482=ADVANCED_FACE('',(#1332),#89,.T.);
#1483=ADVANCED_FACE('',(#1333,#1334,#1335,#1336,#1337,#1338,#1339,#1340,
#1341,#1342,#1343),#1375,.T.);
#1484=ADVANCED_FACE('',(#1344),#90,.T.);
#1485=ADVANCED_FACE('',(#1345),#1376,.T.);
#1486=ADVANCED_FACE('',(#1346),#91,.T.);
#1487=ADVANCED_FACE('',(#1347),#1377,.T.);
#1488=ADVANCED_FACE('',(#1348),#92,.T.);
#1489=ADVANCED_FACE('',(#1349),#93,.T.);
#1490=ADVANCED_FACE('',(#1350),#1378,.T.);
#1491=ADVANCED_FACE('',(#1351),#50,.T.);
#1492=ADVANCED_FACE('',(#1352),#1379,.T.);
#1493=ADVANCED_FACE('',(#1353),#51,.T.);
#1494=ADVANCED_FACE('',(#1354),#52,.T.);
#1495=ADVANCED_FACE('',(#1355),#53,.T.);
#1496=ADVANCED_FACE('',(#1356),#1380,.T.);
#1497=ADVANCED_FACE('',(#1357),#54,.T.);
#1498=ADVANCED_FACE('',(#1358),#1381,.T.);
#1499=ADVANCED_FACE('',(#1359),#55,.T.);
#1500=ADVANCED_FACE('',(#1360),#56,.T.);
#1501=ADVANCED_FACE('',(#1361),#57,.T.);
#1502=CLOSED_SHELL('',(#1410,#1411,#1412,#1413,#1414,#1415,#1416,#1417,
#1418,#1419,#1420,#1421,#1422,#1423,#1424,#1425,#1426,#1427,#1428,#1429,
#1430,#1431,#1432,#1433,#1434,#1435,#1436,#1437,#1438,#1439,#1440,#1441,
#1442,#1443,#1444,#1445,#1446,#1447,#1448,#1449,#1450,#1451,#1452,#1453,
#1454,#1455));
#1503=CLOSED_SHELL('',(#1456,#1457,#1458,#1459,#1460,#1461,#1462,#1463,
#1464,#1465,#1466,#1467,#1468,#1469,#1470,#1471,#1472,#1473,#1474,#1475,
#1476,#1477,#1478,#1479,#1480,#1481,#1482,#1483,#1484,#1485,#1486,#1487,
#1488,#1489,#1490,#1491,#1492,#1493,#1494,#1495,#1496,#1497,#1498,#1499,
#1500,#1501));
#1504=STYLED_ITEM('',(#1506),#1688);
#1505=STYLED_ITEM('',(#1521),#1689);
#1506=PRESENTATION_STYLE_ASSIGNMENT((#1536));
#1507=PRESENTATION_STYLE_ASSIGNMENT((#1537));
#1508=PRESENTATION_STYLE_ASSIGNMENT((#1538));
#1509=PRESENTATION_STYLE_ASSIGNMENT((#1539));
#1510=PRESENTATION_STYLE_ASSIGNMENT((#1540));
#1511=PRESENTATION_STYLE_ASSIGNMENT((#1541));
#1512=PRESENTATION_STYLE_ASSIGNMENT((#1542));
#1513=PRESENTATION_STYLE_ASSIGNMENT((#1543));
#1514=PRESENTATION_STYLE_ASSIGNMENT((#1544));
#1515=PRESENTATION_STYLE_ASSIGNMENT((#1545));
#1516=PRESENTATION_STYLE_ASSIGNMENT((#1546));
#1517=PRESENTATION_STYLE_ASSIGNMENT((#1547));
#1518=PRESENTATION_STYLE_ASSIGNMENT((#1548));
#1519=PRESENTATION_STYLE_ASSIGNMENT((#1549));
#1520=PRESENTATION_STYLE_ASSIGNMENT((#1550));
#1521=PRESENTATION_STYLE_ASSIGNMENT((#1551));
#1522=PRESENTATION_STYLE_ASSIGNMENT((#1552));
#1523=PRESENTATION_STYLE_ASSIGNMENT((#1553));
#1524=PRESENTATION_STYLE_ASSIGNMENT((#1554));
#1525=PRESENTATION_STYLE_ASSIGNMENT((#1555));
#1526=PRESENTATION_STYLE_ASSIGNMENT((#1556));
#1527=PRESENTATION_STYLE_ASSIGNMENT((#1557));
#1528=PRESENTATION_STYLE_ASSIGNMENT((#1558));
#1529=PRESENTATION_STYLE_ASSIGNMENT((#1559));
#1530=PRESENTATION_STYLE_ASSIGNMENT((#1560));
#1531=PRESENTATION_STYLE_ASSIGNMENT((#1561));
#1532=PRESENTATION_STYLE_ASSIGNMENT((#1562));
#1533=PRESENTATION_STYLE_ASSIGNMENT((#1563));
#1534=PRESENTATION_STYLE_ASSIGNMENT((#1564));
#1535=PRESENTATION_STYLE_ASSIGNMENT((#1565));
#1536=SURFACE_STYLE_USAGE(.BOTH.,#1566);
#1537=SURFACE_STYLE_USAGE(.BOTH.,#1567);
#1538=SURFACE_STYLE_USAGE(.BOTH.,#1568);
#1539=SURFACE_STYLE_USAGE(.BOTH.,#1569);
#1540=SURFACE_STYLE_USAGE(.BOTH.,#1570);
#1541=SURFACE_STYLE_USAGE(.BOTH.,#1571);
#1542=SURFACE_STYLE_USAGE(.BOTH.,#1572);
#1543=SURFACE_STYLE_USAGE(.BOTH.,#1573);
#1544=SURFACE_STYLE_USAGE(.BOTH.,#1574);
#1545=SURFACE_STYLE_USAGE(.BOTH.,#1575);
#1546=SURFACE_STYLE_USAGE(.BOTH.,#1576);
#1547=SURFACE_STYLE_USAGE(.BOTH.,#1577);
#1548=SURFACE_STYLE_USAGE(.BOTH.,#1578);
#1549=SURFACE_STYLE_USAGE(.BOTH.,#1579);
#1550=SURFACE_STYLE_USAGE(.BOTH.,#1580);
#1551=SURFACE_STYLE_USAGE(.BOTH.,#1581);
#1552=SURFACE_STYLE_USAGE(.BOTH.,#1582);
#1553=SURFACE_STYLE_USAGE(.BOTH.,#1583);
#1554=SURFACE_STYLE_USAGE(.BOTH.,#1584);
#1555=SURFACE_STYLE_USAGE(.BOTH.,#1585);
#1556=SURFACE_STYLE_USAGE(.BOTH.,#1586);
#1557=SURFACE_STYLE_USAGE(.BOTH.,#1587);
#1558=SURFACE_STYLE_USAGE(.BOTH.,#1588);
#1559=SURFACE_STYLE_USAGE(.BOTH.,#1589);
#1560=SURFACE_STYLE_USAGE(.BOTH.,#1590);
#1561=SURFACE_STYLE_USAGE(.BOTH.,#1591);
#1562=SURFACE_STYLE_USAGE(.BOTH.,#1592);
#1563=SURFACE_STYLE_USAGE(.BOTH.,#1593);
#1564=SURFACE_STYLE_USAGE(.BOTH.,#1594);
#1565=SURFACE_STYLE_USAGE(.BOTH.,#1595);
#1566=SURFACE_SIDE_STYLE('',(#1596));
#1567=SURFACE_SIDE_STYLE('',(#1597));
#1568=SURFACE_SIDE_STYLE('',(#1598));
#1569=SURFACE_SIDE_STYLE('',(#1599));
#1570=SURFACE_SIDE_STYLE('',(#1600));
#1571=SURFACE_SIDE_STYLE('',(#1601));
#1572=SURFACE_SIDE_STYLE('',(#1602));
#1573=SURFACE_SIDE_STYLE('',(#1603));
#1574=SURFACE_SIDE_STYLE('',(#1604));
#1575=SURFACE_SIDE_STYLE('',(#1605));
#1576=SURFACE_SIDE_STYLE('',(#1606));
#1577=SURFACE_SIDE_STYLE('',(#1607));
#1578=SURFACE_SIDE_STYLE('',(#1608));
#1579=SURFACE_SIDE_STYLE('',(#1609));
#1580=SURFACE_SIDE_STYLE('',(#1610));
#1581=SURFACE_SIDE_STYLE('',(#1611));
#1582=SURFACE_SIDE_STYLE('',(#1612));
#1583=SURFACE_SIDE_STYLE('',(#1613));
#1584=SURFACE_SIDE_STYLE('',(#1614));
#1585=SURFACE_SIDE_STYLE('',(#1615));
#1586=SURFACE_SIDE_STYLE('',(#1616));
#1587=SURFACE_SIDE_STYLE('',(#1617));
#1588=SURFACE_SIDE_STYLE('',(#1618));
#1589=SURFACE_SIDE_STYLE('',(#1619));
#1590=SURFACE_SIDE_STYLE('',(#1620));
#1591=SURFACE_SIDE_STYLE('',(#1621));
#1592=SURFACE_SIDE_STYLE('',(#1622));
#1593=SURFACE_SIDE_STYLE('',(#1623));
#1594=SURFACE_SIDE_STYLE('',(#1624));
#1595=SURFACE_SIDE_STYLE('',(#1625));
#1596=SURFACE_STYLE_FILL_AREA(#1626);
#1597=SURFACE_STYLE_FILL_AREA(#1627);
#1598=SURFACE_STYLE_FILL_AREA(#1628);
#1599=SURFACE_STYLE_FILL_AREA(#1629);
#1600=SURFACE_STYLE_FILL_AREA(#1630);
#1601=SURFACE_STYLE_FILL_AREA(#1631);
#1602=SURFACE_STYLE_FILL_AREA(#1632);
#1603=SURFACE_STYLE_FILL_AREA(#1633);
#1604=SURFACE_STYLE_FILL_AREA(#1634);
#1605=SURFACE_STYLE_FILL_AREA(#1635);
#1606=SURFACE_STYLE_FILL_AREA(#1636);
#1607=SURFACE_STYLE_FILL_AREA(#1637);
#1608=SURFACE_STYLE_FILL_AREA(#1638);
#1609=SURFACE_STYLE_FILL_AREA(#1639);
#1610=SURFACE_STYLE_FILL_AREA(#1640);
#1611=SURFACE_STYLE_FILL_AREA(#1641);
#1612=SURFACE_STYLE_FILL_AREA(#1642);
#1613=SURFACE_STYLE_FILL_AREA(#1643);
#1614=SURFACE_STYLE_FILL_AREA(#1644);
#1615=SURFACE_STYLE_FILL_AREA(#1645);
#1616=SURFACE_STYLE_FILL_AREA(#1646);
#1617=SURFACE_STYLE_FILL_AREA(#1647);
#1618=SURFACE_STYLE_FILL_AREA(#1648);
#1619=SURFACE_STYLE_FILL_AREA(#1649);
#1620=SURFACE_STYLE_FILL_AREA(#1650);
#1621=SURFACE_STYLE_FILL_AREA(#1651);
#1622=SURFACE_STYLE_FILL_AREA(#1652);
#1623=SURFACE_STYLE_FILL_AREA(#1653);
#1624=SURFACE_STYLE_FILL_AREA(#1654);
#1625=SURFACE_STYLE_FILL_AREA(#1655);
#1626=FILL_AREA_STYLE('',(#1656));
#1627=FILL_AREA_STYLE('',(#1657));
#1628=FILL_AREA_STYLE('',(#1658));
#1629=FILL_AREA_STYLE('',(#1659));
#1630=FILL_AREA_STYLE('',(#1660));
#1631=FILL_AREA_STYLE('',(#1661));
#1632=FILL_AREA_STYLE('',(#1662));
#1633=FILL_AREA_STYLE('',(#1663));
#1634=FILL_AREA_STYLE('',(#1664));
#1635=FILL_AREA_STYLE('',(#1665));
#1636=FILL_AREA_STYLE('',(#1666));
#1637=FILL_AREA_STYLE('',(#1667));
#1638=FILL_AREA_STYLE('',(#1668));
#1639=FILL_AREA_STYLE('',(#1669));
#1640=FILL_AREA_STYLE('',(#1670));
#1641=FILL_AREA_STYLE('',(#1671));
#1642=FILL_AREA_STYLE('',(#1672));
#1643=FILL_AREA_STYLE('',(#1673));
#1644=FILL_AREA_STYLE('',(#1674));
#1645=FILL_AREA_STYLE('',(#1675));
#1646=FILL_AREA_STYLE('',(#1676));
#1647=FILL_AREA_STYLE('',(#1677));
#1648=FILL_AREA_STYLE('',(#1678));
#1649=FILL_AREA_STYLE('',(#1679));
#1650=FILL_AREA_STYLE('',(#1680));
#1651=FILL_AREA_STYLE('',(#1681));
#1652=FILL_AREA_STYLE('',(#1682));
#1653=FILL_AREA_STYLE('',(#1683));
#1654=FILL_AREA_STYLE('',(#1684));
#1655=FILL_AREA_STYLE('',(#1685));
#1656=FILL_AREA_STYLE_COLOUR('',#1686);
#1657=FILL_AREA_STYLE_COLOUR('',#1687);
#1658=FILL_AREA_STYLE_COLOUR('',#1687);
#1659=FILL_AREA_STYLE_COLOUR('',#1687);
#1660=FILL_AREA_STYLE_COLOUR('',#1687);
#1661=FILL_AREA_STYLE_COLOUR('',#1687);
#1662=FILL_AREA_STYLE_COLOUR('',#1687);
#1663=FILL_AREA_STYLE_COLOUR('',#1687);
#1664=FILL_AREA_STYLE_COLOUR('',#1687);
#1665=FILL_AREA_STYLE_COLOUR('',#1687);
#1666=FILL_AREA_STYLE_COLOUR('',#1687);
#1667=FILL_AREA_STYLE_COLOUR('',#1687);
#1668=FILL_AREA_STYLE_COLOUR('',#1687);
#1669=FILL_AREA_STYLE_COLOUR('',#1687);
#1670=FILL_AREA_STYLE_COLOUR('',#1687);
#1671=FILL_AREA_STYLE_COLOUR('',#1686);
#1672=FILL_AREA_STYLE_COLOUR('',#1687);
#1673=FILL_AREA_STYLE_COLOUR('',#1687);
#1674=FILL_AREA_STYLE_COLOUR('',#1687);
#1675=FILL_AREA_STYLE_COLOUR('',#1687);
#1676=FILL_AREA_STYLE_COLOUR('',#1687);
#1677=FILL_AREA_STYLE_COLOUR('',#1687);
#1678=FILL_AREA_STYLE_COLOUR('',#1687);
#1679=FILL_AREA_STYLE_COLOUR('',#1687);
#1680=FILL_AREA_STYLE_COLOUR('',#1687);
#1681=FILL_AREA_STYLE_COLOUR('',#1687);
#1682=FILL_AREA_STYLE_COLOUR('',#1687);
#1683=FILL_AREA_STYLE_COLOUR('',#1687);
#1684=FILL_AREA_STYLE_COLOUR('',#1687);
#1685=FILL_AREA_STYLE_COLOUR('',#1687);
#1686=COLOUR_RGB('',0.96078431372549,0.96078431372549,0.964705882352941);
#1687=COLOUR_RGB('',0.23921568627451,0.23921568627451,0.23921568627451);
#1688=MANIFOLD_SOLID_BREP('Fanatec_CSP-V3 v8',#1502);
#1689=MANIFOLD_SOLID_BREP('Fanatec_CSP-V3 v8',#1503);
#1690=SHAPE_DEFINITION_REPRESENTATION(#2794,#1693);
#1691=SHAPE_DEFINITION_REPRESENTATION(#2795,#1694);
#1692=SHAPE_DEFINITION_REPRESENTATION(#2797,#1695);
#1693=SHAPE_REPRESENTATION('pedal plates',(#1696,#1797,#1898),#2785);
#1694=SHAPE_REPRESENTATION('Fanatec_CSP-V3 v8',(#1696),#2786);
#1695=SHAPE_REPRESENTATION('Fanatec_CSP-V3 v8',(#1696),#2787);
#1696=AXIS2_PLACEMENT_3D('',#2377,#1899,#1900);
#1697=AXIS2_PLACEMENT_3D('',#2378,#1901,#1902);
#1698=AXIS2_PLACEMENT_3D('',#2379,#1903,#1904);
#1699=AXIS2_PLACEMENT_3D('',#2381,#1905,#1906);
#1700=AXIS2_PLACEMENT_3D('',#2383,#1907,#1908);
#1701=AXIS2_PLACEMENT_3D('',#2385,#1909,#1910);
#1702=AXIS2_PLACEMENT_3D('',#2387,#1911,#1912);
#1703=AXIS2_PLACEMENT_3D('',#2389,#1913,#1914);
#1704=AXIS2_PLACEMENT_3D('',#2391,#1915,#1916);
#1705=AXIS2_PLACEMENT_3D('',#2393,#1917,#1918);
#1706=AXIS2_PLACEMENT_3D('',#2395,#1919,#1920);
#1707=AXIS2_PLACEMENT_3D('',#2397,#1921,#1922);
#1708=AXIS2_PLACEMENT_3D('',#2399,#1923,#1924);
#1709=AXIS2_PLACEMENT_3D('',#2404,#1926,#1927);
#1710=AXIS2_PLACEMENT_3D('',#2408,#1929,#1930);
#1711=AXIS2_PLACEMENT_3D('',#2410,#1931,#1932);
#1712=AXIS2_PLACEMENT_3D('',#2412,#1933,#1934);
#1713=AXIS2_PLACEMENT_3D('',#2416,#1936,#1937);
#1714=AXIS2_PLACEMENT_3D('',#2420,#1939,#1940);
#1715=AXIS2_PLACEMENT_3D('',#2422,#1941,#1942);
#1716=AXIS2_PLACEMENT_3D('',#2423,#1943,#1944);
#1717=AXIS2_PLACEMENT_3D('',#2429,#1948,#1949);
#1718=AXIS2_PLACEMENT_3D('',#2430,#1950,#1951);
#1719=AXIS2_PLACEMENT_3D('',#2435,#1954,#1955);
#1720=AXIS2_PLACEMENT_3D('',#2436,#1956,#1957);
#1721=AXIS2_PLACEMENT_3D('',#2438,#1958,#1959);
#1722=AXIS2_PLACEMENT_3D('',#2439,#1960,#1961);
#1723=AXIS2_PLACEMENT_3D('',#2441,#1962,#1963);
#1724=AXIS2_PLACEMENT_3D('',#2442,#1964,#1965);
#1725=AXIS2_PLACEMENT_3D('',#2444,#1966,#1967);
#1726=AXIS2_PLACEMENT_3D('',#2445,#1968,#1969);
#1727=AXIS2_PLACEMENT_3D('',#2447,#1970,#1971);
#1728=AXIS2_PLACEMENT_3D('',#2448,#1972,#1973);
#1729=AXIS2_PLACEMENT_3D('',#2450,#1974,#1975);
#1730=AXIS2_PLACEMENT_3D('',#2451,#1976,#1977);
#1731=AXIS2_PLACEMENT_3D('',#2453,#1978,#1979);
#1732=AXIS2_PLACEMENT_3D('',#2454,#1980,#1981);
#1733=AXIS2_PLACEMENT_3D('',#2456,#1982,#1983);
#1734=AXIS2_PLACEMENT_3D('',#2457,#1984,#1985);
#1735=AXIS2_PLACEMENT_3D('',#2459,#1986,#1987);
#1736=AXIS2_PLACEMENT_3D('',#2460,#1988,#1989);
#1737=AXIS2_PLACEMENT_3D('',#2462,#1990,#1991);
#1738=AXIS2_PLACEMENT_3D('',#2463,#1992,#1993);
#1739=AXIS2_PLACEMENT_3D('',#2465,#1994,#1995);
#1740=AXIS2_PLACEMENT_3D('',#2466,#1996,#1997);
#1741=AXIS2_PLACEMENT_3D('',#2468,#1998,#1999);
#1742=AXIS2_PLACEMENT_3D('',#2469,#2000,#2001);
#1743=AXIS2_PLACEMENT_3D('',#2471,#2002,#2003);
#1744=AXIS2_PLACEMENT_3D('',#2472,#2004,#2005);
#1745=AXIS2_PLACEMENT_3D('',#2474,#2006,#2007);
#1746=AXIS2_PLACEMENT_3D('',#2475,#2008,#2009);
#1747=AXIS2_PLACEMENT_3D('',#2477,#2010,#2011);
#1748=AXIS2_PLACEMENT_3D('',#2478,#2012,#2013);
#1749=AXIS2_PLACEMENT_3D('',#2480,#2014,#2015);
#1750=AXIS2_PLACEMENT_3D('',#2481,#2016,#2017);
#1751=AXIS2_PLACEMENT_3D('',#2483,#2018,#2019);
#1752=AXIS2_PLACEMENT_3D('',#2484,#2020,#2021);
#1753=AXIS2_PLACEMENT_3D('',#2486,#2022,#2023);
#1754=AXIS2_PLACEMENT_3D('',#2487,#2024,#2025);
#1755=AXIS2_PLACEMENT_3D('',#2489,#2026,#2027);
#1756=AXIS2_PLACEMENT_3D('',#2490,#2028,#2029);
#1757=AXIS2_PLACEMENT_3D('',#2492,#2030,#2031);
#1758=AXIS2_PLACEMENT_3D('',#2493,#2032,#2033);
#1759=AXIS2_PLACEMENT_3D('',#2495,#2034,#2035);
#1760=AXIS2_PLACEMENT_3D('',#2496,#2036,#2037);
#1761=AXIS2_PLACEMENT_3D('',#2499,#2039,#2040);
#1762=AXIS2_PLACEMENT_3D('',#2503,#2043,#2044);
#1763=AXIS2_PLACEMENT_3D('',#2504,#2045,#2046);
#1764=AXIS2_PLACEMENT_3D('',#2505,#2047,#2048);
#1765=AXIS2_PLACEMENT_3D('',#2506,#2049,#2050);
#1766=AXIS2_PLACEMENT_3D('',#2509,#2052,#2053);
#1767=AXIS2_PLACEMENT_3D('',#2510,#2054,#2055);
#1768=AXIS2_PLACEMENT_3D('',#2513,#2056,#2057);
#1769=AXIS2_PLACEMENT_3D('',#2515,#2058,#2059);
#1770=AXIS2_PLACEMENT_3D('',#2519,#2061,#2062);
#1771=AXIS2_PLACEMENT_3D('',#2523,#2064,#2065);
#1772=AXIS2_PLACEMENT_3D('',#2525,#2066,#2067);
#1773=AXIS2_PLACEMENT_3D('',#2527,#2068,#2069);
#1774=AXIS2_PLACEMENT_3D('',#2531,#2071,#2072);
#1775=AXIS2_PLACEMENT_3D('',#2534,#2074,#2075);
#1776=AXIS2_PLACEMENT_3D('',#2535,#2076,#2077);
#1777=AXIS2_PLACEMENT_3D('',#2538,#2079,#2080);
#1778=AXIS2_PLACEMENT_3D('',#2539,#2081,#2082);
#1779=AXIS2_PLACEMENT_3D('',#2542,#2084,#2085);
#1780=AXIS2_PLACEMENT_3D('',#2543,#2086,#2087);
#1781=AXIS2_PLACEMENT_3D('',#2546,#2089,#2090);
#1782=AXIS2_PLACEMENT_3D('',#2550,#2093,#2094);
#1783=AXIS2_PLACEMENT_3D('',#2551,#2095,#2096);
#1784=AXIS2_PLACEMENT_3D('',#2554,#2098,#2099);
#1785=AXIS2_PLACEMENT_3D('',#2556,#2101,#2102);
#1786=AXIS2_PLACEMENT_3D('',#2559,#2105,#2106);
#1787=AXIS2_PLACEMENT_3D('',#2561,#2108,#2109);
#1788=AXIS2_PLACEMENT_3D('',#2563,#2111,#2112);
#1789=AXIS2_PLACEMENT_3D('',#2565,#2114,#2115);
#1790=AXIS2_PLACEMENT_3D('',#2567,#2117,#2118);
#1791=AXIS2_PLACEMENT_3D('',#2569,#2120,#2121);
#1792=AXIS2_PLACEMENT_3D('',#2571,#2123,#2124);
#1793=AXIS2_PLACEMENT_3D('',#2573,#2126,#2127);
#1794=AXIS2_PLACEMENT_3D('',#2575,#2129,#2130);
#1795=AXIS2_PLACEMENT_3D('',#2577,#2132,#2133);
#1796=AXIS2_PLACEMENT_3D('',#2579,#2135,#2136);
#1797=AXIS2_PLACEMENT_3D('',#2580,#2137,#2138);
#1798=AXIS2_PLACEMENT_3D('',#2581,#2139,#2140);
#1799=AXIS2_PLACEMENT_3D('',#2582,#2141,#2142);
#1800=AXIS2_PLACEMENT_3D('',#2584,#2143,#2144);
#1801=AXIS2_PLACEMENT_3D('',#2586,#2145,#2146);
#1802=AXIS2_PLACEMENT_3D('',#2588,#2147,#2148);
#1803=AXIS2_PLACEMENT_3D('',#2590,#2149,#2150);
#1804=AXIS2_PLACEMENT_3D('',#2592,#2151,#2152);
#1805=AXIS2_PLACEMENT_3D('',#2594,#2153,#2154);
#1806=AXIS2_PLACEMENT_3D('',#2596,#2155,#2156);
#1807=AXIS2_PLACEMENT_3D('',#2598,#2157,#2158);
#1808=AXIS2_PLACEMENT_3D('',#2600,#2159,#2160);
#1809=AXIS2_PLACEMENT_3D('',#2602,#2161,#2162);
#1810=AXIS2_PLACEMENT_3D('',#2605,#2163,#2164);
#1811=AXIS2_PLACEMENT_3D('',#2607,#2165,#2166);
#1812=AXIS2_PLACEMENT_3D('',#2611,#2168,#2169);
#1813=AXIS2_PLACEMENT_3D('',#2615,#2171,#2172);
#1814=AXIS2_PLACEMENT_3D('',#2617,#2173,#2174);
#1815=AXIS2_PLACEMENT_3D('',#2619,#2175,#2176);
#1816=AXIS2_PLACEMENT_3D('',#2623,#2178,#2179);
#1817=AXIS2_PLACEMENT_3D('',#2626,#2181,#2182);
#1818=AXIS2_PLACEMENT_3D('',#2627,#2183,#2184);
#1819=AXIS2_PLACEMENT_3D('',#2629,#2185,#2186);
#1820=AXIS2_PLACEMENT_3D('',#2630,#2187,#2188);
#1821=AXIS2_PLACEMENT_3D('',#2632,#2189,#2190);
#1822=AXIS2_PLACEMENT_3D('',#2633,#2191,#2192);
#1823=AXIS2_PLACEMENT_3D('',#2635,#2193,#2194);
#1824=AXIS2_PLACEMENT_3D('',#2636,#2195,#2196);
#1825=AXIS2_PLACEMENT_3D('',#2638,#2197,#2198);
#1826=AXIS2_PLACEMENT_3D('',#2639,#2199,#2200);
#1827=AXIS2_PLACEMENT_3D('',#2641,#2201,#2202);
#1828=AXIS2_PLACEMENT_3D('',#2642,#2203,#2204);
#1829=AXIS2_PLACEMENT_3D('',#2644,#2205,#2206);
#1830=AXIS2_PLACEMENT_3D('',#2645,#2207,#2208);
#1831=AXIS2_PLACEMENT_3D('',#2647,#2209,#2210);
#1832=AXIS2_PLACEMENT_3D('',#2648,#2211,#2212);
#1833=AXIS2_PLACEMENT_3D('',#2650,#2213,#2214);
#1834=AXIS2_PLACEMENT_3D('',#2651,#2215,#2216);
#1835=AXIS2_PLACEMENT_3D('',#2653,#2217,#2218);
#1836=AXIS2_PLACEMENT_3D('',#2654,#2219,#2220);
#1837=AXIS2_PLACEMENT_3D('',#2656,#2221,#2222);
#1838=AXIS2_PLACEMENT_3D('',#2657,#2223,#2224);
#1839=AXIS2_PLACEMENT_3D('',#2659,#2225,#2226);
#1840=AXIS2_PLACEMENT_3D('',#2660,#2227,#2228);
#1841=AXIS2_PLACEMENT_3D('',#2662,#2229,#2230);
#1842=AXIS2_PLACEMENT_3D('',#2663,#2231,#2232);
#1843=AXIS2_PLACEMENT_3D('',#2665,#2233,#2234);
#1844=AXIS2_PLACEMENT_3D('',#2666,#2235,#2236);
#1845=AXIS2_PLACEMENT_3D('',#2668,#2237,#2238);
#1846=AXIS2_PLACEMENT_3D('',#2669,#2239,#2240);
#1847=AXIS2_PLACEMENT_3D('',#2671,#2241,#2242);
#1848=AXIS2_PLACEMENT_3D('',#2672,#2243,#2244);
#1849=AXIS2_PLACEMENT_3D('',#2674,#2245,#2246);
#1850=AXIS2_PLACEMENT_3D('',#2675,#2247,#2248);
#1851=AXIS2_PLACEMENT_3D('',#2677,#2249,#2250);
#1852=AXIS2_PLACEMENT_3D('',#2678,#2251,#2252);
#1853=AXIS2_PLACEMENT_3D('',#2680,#2253,#2254);
#1854=AXIS2_PLACEMENT_3D('',#2681,#2255,#2256);
#1855=AXIS2_PLACEMENT_3D('',#2683,#2257,#2258);
#1856=AXIS2_PLACEMENT_3D('',#2684,#2259,#2260);
#1857=AXIS2_PLACEMENT_3D('',#2686,#2261,#2262);
#1858=AXIS2_PLACEMENT_3D('',#2692,#2266,#2267);
#1859=AXIS2_PLACEMENT_3D('',#2693,#2268,#2269);
#1860=AXIS2_PLACEMENT_3D('',#2696,#2271,#2272);
#1861=AXIS2_PLACEMENT_3D('',#2697,#2273,#2274);
#1862=AXIS2_PLACEMENT_3D('',#2700,#2276,#2277);
#1863=AXIS2_PLACEMENT_3D('',#2706,#2281,#2282);
#1864=AXIS2_PLACEMENT_3D('',#2707,#2283,#2284);
#1865=AXIS2_PLACEMENT_3D('',#2708,#2285,#2286);
#1866=AXIS2_PLACEMENT_3D('',#2709,#2287,#2288);
#1867=AXIS2_PLACEMENT_3D('',#2712,#2290,#2291);
#1868=AXIS2_PLACEMENT_3D('',#2713,#2292,#2293);
#1869=AXIS2_PLACEMENT_3D('',#2718,#2295,#2296);
#1870=AXIS2_PLACEMENT_3D('',#2722,#2298,#2299);
#1871=AXIS2_PLACEMENT_3D('',#2724,#2300,#2301);
#1872=AXIS2_PLACEMENT_3D('',#2726,#2302,#2303);
#1873=AXIS2_PLACEMENT_3D('',#2730,#2305,#2306);
#1874=AXIS2_PLACEMENT_3D('',#2734,#2308,#2309);
#1875=AXIS2_PLACEMENT_3D('',#2736,#2310,#2311);
#1876=AXIS2_PLACEMENT_3D('',#2737,#2312,#2313);
#1877=AXIS2_PLACEMENT_3D('',#2738,#2314,#2315);
#1878=AXIS2_PLACEMENT_3D('',#2741,#2317,#2318);
#1879=AXIS2_PLACEMENT_3D('',#2745,#2321,#2322);
#1880=AXIS2_PLACEMENT_3D('',#2746,#2323,#2324);
#1881=AXIS2_PLACEMENT_3D('',#2749,#2326,#2327);
#1882=AXIS2_PLACEMENT_3D('',#2753,#2330,#2331);
#1883=AXIS2_PLACEMENT_3D('',#2754,#2332,#2333);
#1884=AXIS2_PLACEMENT_3D('',#2757,#2335,#2336);
#1885=AXIS2_PLACEMENT_3D('',#2758,#2337,#2338);
#1886=AXIS2_PLACEMENT_3D('',#2759,#2339,#2340);
#1887=AXIS2_PLACEMENT_3D('',#2762,#2343,#2344);
#1888=AXIS2_PLACEMENT_3D('',#2764,#2346,#2347);
#1889=AXIS2_PLACEMENT_3D('',#2766,#2349,#2350);
#1890=AXIS2_PLACEMENT_3D('',#2768,#2352,#2353);
#1891=AXIS2_PLACEMENT_3D('',#2770,#2355,#2356);
#1892=AXIS2_PLACEMENT_3D('',#2772,#2358,#2359);
#1893=AXIS2_PLACEMENT_3D('',#2774,#2361,#2362);
#1894=AXIS2_PLACEMENT_3D('',#2776,#2364,#2365);
#1895=AXIS2_PLACEMENT_3D('',#2778,#2367,#2368);
#1896=AXIS2_PLACEMENT_3D('',#2780,#2370,#2371);
#1897=AXIS2_PLACEMENT_3D('',#2782,#2373,#2374);
#1898=AXIS2_PLACEMENT_3D('',#2783,#2375,#2376);
#1899=DIRECTION('',(0.,0.,1.));
#1900=DIRECTION('',(1.,0.,0.));
#1901=DIRECTION('',(-0.866025403784438,-2.15105711021124E-14,-0.5));
#1902=DIRECTION('',(2.48382680324544E-14,-1.,0.));
#1903=DIRECTION('',(0.866025403784438,2.15105711021124E-14,0.5));
#1904=DIRECTION('',(2.48382680324544E-14,-1.,0.));
#1905=DIRECTION('',(0.866025403784438,2.15105711021124E-14,0.5));
#1906=DIRECTION('',(2.48382680324544E-14,-1.,0.));
#1907=DIRECTION('',(0.866025403784438,2.15105711021124E-14,0.5));
#1908=DIRECTION('',(2.48382680324544E-14,-1.,0.));
#1909=DIRECTION('',(0.866025403784438,2.15105711021124E-14,0.5));
#1910=DIRECTION('',(2.48382680324544E-14,-1.,0.));
#1911=DIRECTION('',(0.866025403784438,2.15105711021124E-14,0.5));
#1912=DIRECTION('',(2.48382680324544E-14,-1.,0.));
#1913=DIRECTION('',(0.866025403784438,2.15105711021124E-14,0.5));
#1914=DIRECTION('',(2.48382680324544E-14,-1.,0.));
#1915=DIRECTION('',(0.866025403784438,2.15105711021124E-14,0.5));
#1916=DIRECTION('',(2.48382680324544E-14,-1.,0.));
#1917=DIRECTION('',(0.866025403784438,2.15105711021124E-14,0.5));
#1918=DIRECTION('',(2.48382680324544E-14,-1.,0.));
#1919=DIRECTION('',(0.866025403784438,2.15105711021124E-14,0.5));
#1920=DIRECTION('',(2.48382680324544E-14,-1.,0.));
#1921=DIRECTION('',(0.866025403784438,2.15105711021124E-14,0.5));
#1922=DIRECTION('',(2.48382680324544E-14,-1.,0.));
#1923=DIRECTION('',(0.866025403784438,2.15105711021124E-14,0.5));
#1924=DIRECTION('',(0.435781407362331,-0.490283856545648,-0.754795538545395));
#1925=DIRECTION('',(-0.3904344047215,-0.624695047554436,0.676252226000572));
#1926=DIRECTION('',(0.866025403784438,2.15105711021124E-14,0.5));
#1927=DIRECTION('',(0.165503470717774,-0.943628319160413,-0.286660420112133));
#1928=DIRECTION('',(0.5,1.24191340162272E-14,-0.866025403784438));
#1929=DIRECTION('',(0.866025403784438,2.15105711021124E-14,0.5));
#1930=DIRECTION('',(-0.313694525484812,-0.778705964227455,0.543334856195927));
#1931=DIRECTION('',(-0.866025403784438,-2.21086799223605E-14,-0.5));
#1932=DIRECTION('',(-0.486025712688648,-0.234768026830643,0.84182122816162));
#1933=DIRECTION('',(0.866025403784438,2.15105711021124E-14,0.5));
#1934=DIRECTION('',(-0.313694525484842,0.778705964227446,0.543334856195922));
#1935=DIRECTION('',(-0.5,-1.24191340162272E-14,0.866025403784438));
#1936=DIRECTION('',(0.866025403784438,2.15105711021124E-14,0.5));
#1937=DIRECTION('',(0.165503470717735,0.943628319160417,-0.286660420112142));
#1938=DIRECTION('',(-0.390434404721522,0.624695047554439,0.676252226000557));
#1939=DIRECTION('',(0.866025403784438,2.15105711021124E-14,0.5));
#1940=DIRECTION('',(0.43578140736231,0.490283856545653,-0.754795538545403));
#1941=DIRECTION('',(-0.866025403784438,-2.15105711021124E-14,-0.5));
#1942=DIRECTION('',(0.486025712688644,0.234768026830679,-0.841821228161612));
#1943=DIRECTION('',(0.,-1.,0.));
#1944=DIRECTION('',(0.5,0.,-0.866025403784438));
#1945=DIRECTION('',(-0.5,-1.24191340162272E-14,0.866025403784438));
#1946=DIRECTION('',(0.866025403784436,2.15105711021125E-14,0.5));
#1947=DIRECTION('',(-0.866025403784436,-2.15105711021125E-14,-0.5));
#1948=DIRECTION('',(-0.866025403784436,-2.15105711021125E-14,-0.5));
#1949=DIRECTION('',(0.486025712688647,0.234768026830679,-0.841821228161611));
#1950=DIRECTION('',(0.866025403784438,2.15105711021124E-14,0.5));
#1951=DIRECTION('',(0.486025712688647,0.234768026830679,-0.841821228161611));
#1952=DIRECTION('',(0.866025403784436,2.15105711021125E-14,0.5));
#1953=DIRECTION('',(-0.866025403784436,-2.15105711021125E-14,-0.5));
#1954=DIRECTION('',(-0.866025403784436,-2.15105711021125E-14,-0.5));
#1955=DIRECTION('',(2.48382680324545E-14,-1.,5.46134472845322E-29));
#1956=DIRECTION('',(-0.866025403784438,-2.15105711021124E-14,-0.5));
#1957=DIRECTION('',(2.48382680324545E-14,-1.,5.46134472845322E-29));
#1958=DIRECTION('',(0.866025403784437,2.03012210217168E-14,0.5));
#1959=DIRECTION('',(2.48382680324544E-14,-1.,2.01538790881948E-29));
#1960=DIRECTION('',(0.866025403784438,2.15105711021124E-14,0.5));
#1961=DIRECTION('',(2.48382680324544E-14,-1.,3.56223514181019E-30));
#1962=DIRECTION('',(-0.866025403784436,-2.15105711021125E-14,-0.5));
#1963=DIRECTION('',(2.48382680324545E-14,-1.,5.46134472845322E-29));
#1964=DIRECTION('',(-0.866025403784438,-2.15105711021124E-14,-0.5));
#1965=DIRECTION('',(2.48382680324545E-14,-1.,5.46134472845322E-29));
#1966=DIRECTION('',(0.866025403784438,2.03012210217163E-14,0.5));
#1967=DIRECTION('',(2.48382680324544E-14,-1.,2.01538790881948E-29));
#1968=DIRECTION('',(0.866025403784438,2.15105711021124E-14,0.5));
#1969=DIRECTION('',(2.48382680324544E-14,-1.,3.56223514181019E-30));
#1970=DIRECTION('',(-0.866025403784436,-2.15105711021125E-14,-0.5));
#1971=DIRECTION('',(2.48382680324545E-14,-1.,5.46134472845322E-29));
#1972=DIRECTION('',(-0.866025403784438,-2.15105711021124E-14,-0.5));
#1973=DIRECTION('',(2.48382680324545E-14,-1.,5.46134472845322E-29));
#1974=DIRECTION('',(0.866025403784438,2.03012210217163E-14,0.5));
#1975=DIRECTION('',(2.48382680324544E-14,-1.,2.01538790881948E-29));
#1976=DIRECTION('',(0.866025403784438,2.15105711021124E-14,0.5));
#1977=DIRECTION('',(2.48382680324544E-14,-1.,3.56223514181019E-30));
#1978=DIRECTION('',(-0.866025403784436,-2.15105711021125E-14,-0.5));
#1979=DIRECTION('',(2.48382680324545E-14,-1.,5.46134472845322E-29));
#1980=DIRECTION('',(-0.866025403784438,-2.15105711021124E-14,-0.5));
#1981=DIRECTION('',(2.48382680324545E-14,-1.,5.46134472845322E-29));
#1982=DIRECTION('',(0.86602540378444,2.03012210217166E-14,0.5));
#1983=DIRECTION('',(2.48382680324544E-14,-1.,2.01538790881948E-29));
#1984=DIRECTION('',(0.866025403784438,2.15105711021124E-14,0.5));
#1985=DIRECTION('',(2.48382680324544E-14,-1.,3.56223514181019E-30));
#1986=DIRECTION('',(-0.866025403784436,-2.15105711021125E-14,-0.5));
#1987=DIRECTION('',(2.48382680324545E-14,-1.,5.46134472845322E-29));
#1988=DIRECTION('',(-0.866025403784438,-2.15105711021124E-14,-0.5));
#1989=DIRECTION('',(2.48382680324545E-14,-1.,5.46134472845322E-29));
#1990=DIRECTION('',(0.866025403784437,2.0301221021717E-14,0.5));
#1991=DIRECTION('',(2.48382680324544E-14,-1.,2.01538790881948E-29));
#1992=DIRECTION('',(0.866025403784438,2.15105711021124E-14,0.5));
#1993=DIRECTION('',(2.48382680324544E-14,-1.,3.56223514181019E-30));
#1994=DIRECTION('',(-0.866025403784436,-2.15105711021125E-14,-0.5));
#1995=DIRECTION('',(2.48382680324545E-14,-1.,5.46134472845322E-29));
#1996=DIRECTION('',(-0.866025403784438,-2.15105711021124E-14,-0.5));
#1997=DIRECTION('',(2.48382680324545E-14,-1.,5.46134472845322E-29));
#1998=DIRECTION('',(0.866025403784437,2.03012210217168E-14,0.5));
#1999=DIRECTION('',(2.48382680324544E-14,-1.,2.01538790881948E-29));
#2000=DIRECTION('',(0.866025403784438,2.15105711021124E-14,0.5));
#2001=DIRECTION('',(2.48382680324544E-14,-1.,3.56223514181019E-30));
#2002=DIRECTION('',(-0.866025403784436,-2.15105711021125E-14,-0.5));
#2003=DIRECTION('',(2.48382680324545E-14,-1.,5.46134472845322E-29));
#2004=DIRECTION('',(-0.866025403784438,-2.15105711021124E-14,-0.5));
#2005=DIRECTION('',(2.48382680324545E-14,-1.,5.46134472845322E-29));
#2006=DIRECTION('',(0.866025403784437,2.03012210217168E-14,0.5));
#2007=DIRECTION('',(2.48382680324544E-14,-1.,2.01538790881948E-29));
#2008=DIRECTION('',(0.866025403784438,2.15105711021124E-14,0.5));
#2009=DIRECTION('',(2.48382680324544E-14,-1.,3.56223514181019E-30));
#2010=DIRECTION('',(-0.866025403784436,-2.15105711021125E-14,-0.5));
#2011=DIRECTION('',(2.48382680324545E-14,-1.,5.46134472845322E-29));
#2012=DIRECTION('',(-0.866025403784438,-2.15105711021124E-14,-0.5));
#2013=DIRECTION('',(2.48382680324545E-14,-1.,5.46134472845322E-29));
#2014=DIRECTION('',(0.866025403784437,2.0301221021717E-14,0.5));
#2015=DIRECTION('',(2.48382680324544E-14,-1.,2.01538790881948E-29));
#2016=DIRECTION('',(0.866025403784438,2.15105711021124E-14,0.5));
#2017=DIRECTION('',(2.48382680324544E-14,-1.,3.56223514181019E-30));
#2018=DIRECTION('',(-0.866025403784436,-2.15105711021125E-14,-0.5));
#2019=DIRECTION('',(2.48382680324545E-14,-1.,5.46134472845322E-29));
#2020=DIRECTION('',(-0.866025403784438,-2.15105711021124E-14,-0.5));
#2021=DIRECTION('',(2.48382680324545E-14,-1.,5.46134472845322E-29));
#2022=DIRECTION('',(0.866025403784439,2.0301221021717E-14,0.5));
#2023=DIRECTION('',(2.48382680324544E-14,-1.,2.01538790881948E-29));
#2024=DIRECTION('',(0.866025403784438,2.15105711021124E-14,0.5));
#2025=DIRECTION('',(2.48382680324544E-14,-1.,3.56223514181019E-30));
#2026=DIRECTION('',(-0.866025403784436,-2.15105711021125E-14,-0.5));
#2027=DIRECTION('',(2.48382680324545E-14,-1.,5.46134472845322E-29));
#2028=DIRECTION('',(-0.866025403784438,-2.15105711021124E-14,-0.5));
#2029=DIRECTION('',(2.48382680324545E-14,-1.,5.46134472845322E-29));
#2030=DIRECTION('',(0.866025403784439,2.03012210217175E-14,0.5));
#2031=DIRECTION('',(2.48382680324544E-14,-1.,2.01538790881948E-29));
#2032=DIRECTION('',(0.866025403784438,2.15105711021124E-14,0.5));
#2033=DIRECTION('',(2.48382680324544E-14,-1.,3.56223514181019E-30));
#2034=DIRECTION('',(0.866025403784436,2.15105711021125E-14,0.5));
#2035=DIRECTION('',(0.165503470717735,0.943628319160417,-0.286660420112142));
#2036=DIRECTION('',(0.866025403784438,2.15105711021124E-14,0.5));
#2037=DIRECTION('',(0.165503470717735,0.943628319160417,-0.286660420112142));
#2038=DIRECTION('',(-0.866025403784436,-2.14672241755397E-14,-0.5));
#2039=DIRECTION('',(-0.312347523777208,-0.780868809443018,0.541001780800479));
#2040=DIRECTION('',(0.390434404721522,-0.624695047554439,-0.676252226000557));
#2041=DIRECTION('',(-0.390434404721522,0.624695047554439,0.676252226000557));
#2042=DIRECTION('',(0.866025403784436,2.15476132356861E-14,0.5));
#2043=DIRECTION('',(0.866025403784436,2.15909601622589E-14,0.5));
#2044=DIRECTION('',(0.43578140736231,0.490283856545653,-0.754795538545403));
#2045=DIRECTION('',(0.866025403784438,2.15105711021124E-14,0.5));
#2046=DIRECTION('',(0.43578140736231,0.490283856545653,-0.754795538545403));
#2047=DIRECTION('',(0.866025403784436,2.15109936431391E-14,0.5));
#2048=DIRECTION('',(0.435781407362331,-0.490283856545648,-0.754795538545395));
#2049=DIRECTION('',(0.866025403784438,2.15105711021124E-14,0.5));
#2050=DIRECTION('',(0.435781407362331,-0.490283856545648,-0.754795538545395));
#2051=DIRECTION('',(-0.866025403784436,-2.14676467165663E-14,-0.5));
#2052=DIRECTION('',(-0.866025403784438,-2.15105711021124E-14,-0.5));
#2053=DIRECTION('',(2.48382680324544E-14,-1.,0.));
#2054=DIRECTION('',(-0.866025403784438,-2.15105711021124E-14,-0.5));
#2055=DIRECTION('',(-0.313694525484842,0.778705964227447,0.543334856195921));
#2056=DIRECTION('',(-0.866025403784438,-2.15105711021124E-14,-0.5));
#2057=DIRECTION('',(-0.486025712688648,-0.234768026830643,0.84182122816162));
#2058=DIRECTION('',(-0.866025403784438,-2.15105711021124E-14,-0.5));
#2059=DIRECTION('',(-0.313694525484808,-0.778705964227455,0.543334856195929));
#2060=DIRECTION('',(-0.5,-1.24191340162272E-14,0.866025403784438));
#2061=DIRECTION('',(-0.866025403784438,-2.15105711021124E-14,-0.5));
#2062=DIRECTION('',(0.165503470717775,-0.943628319160413,-0.286660420112132));
#2063=DIRECTION('',(-0.3904344047215,-0.624695047554436,0.676252226000572));
#2064=DIRECTION('',(-0.866025403784438,-2.15105711021124E-14,-0.5));
#2065=DIRECTION('',(0.435781407362327,-0.490283856545648,-0.754795538545397));
#2066=DIRECTION('',(-0.866025403784438,-2.15105711021124E-14,-0.5));
#2067=DIRECTION('',(0.486025712688644,0.234768026830679,-0.841821228161612));
#2068=DIRECTION('',(-0.866025403784438,-2.15105711021124E-14,-0.5));
#2069=DIRECTION('',(0.435781407362307,0.490283856545653,-0.754795538545405));
#2070=DIRECTION('',(0.390434404721522,-0.624695047554439,-0.676252226000557));
#2071=DIRECTION('',(-0.866025403784438,-2.15105711021124E-14,-0.5));
#2072=DIRECTION('',(0.165503470717734,0.943628319160417,-0.286660420112143));
#2073=DIRECTION('',(0.5,1.24191340162272E-14,-0.866025403784438));
#2074=DIRECTION('',(0.866025403784436,2.15105711021125E-14,0.5));
#2075=DIRECTION('',(-0.313694525484842,0.778705964227446,0.543334856195922));
#2076=DIRECTION('',(0.866025403784438,2.15105711021124E-14,0.5));
#2077=DIRECTION('',(-0.313694525484842,0.778705964227446,0.543334856195922));
#2078=DIRECTION('',(0.866025403784436,2.15105711021125E-14,0.5));
#2079=DIRECTION('',(-0.866025403784436,-2.15105711021125E-14,-0.5));
#2080=DIRECTION('',(-0.486025712688651,-0.234768026830643,0.841821228161618));
#2081=DIRECTION('',(0.866025403784438,2.15105711021124E-14,0.5));
#2082=DIRECTION('',(-0.486025712688651,-0.234768026830643,0.841821228161618));
#2083=DIRECTION('',(-0.866025403784436,-2.15105711021125E-14,-0.5));
#2084=DIRECTION('',(0.866025403784436,2.15105711021125E-14,0.5));
#2085=DIRECTION('',(-0.313694525484812,-0.778705964227455,0.543334856195927));
#2086=DIRECTION('',(0.866025403784438,2.15105711021124E-14,0.5));
#2087=DIRECTION('',(-0.313694525484812,-0.778705964227455,0.543334856195927));
#2088=DIRECTION('',(0.866025403784436,2.15105711021125E-14,0.5));
#2089=DIRECTION('',(0.,1.,0.));
#2090=DIRECTION('',(-0.5,0.,0.866025403784438));
#2091=DIRECTION('',(0.5,1.24191340162272E-14,-0.866025403784438));
#2092=DIRECTION('',(-0.866025403784436,-2.15105711021125E-14,-0.5));
#2093=DIRECTION('',(0.866025403784436,2.15105711021125E-14,0.5));
#2094=DIRECTION('',(0.165503470717774,-0.943628319160413,-0.286660420112133));
#2095=DIRECTION('',(0.866025403784438,2.15105711021124E-14,0.5));
#2096=DIRECTION('',(0.165503470717774,-0.943628319160413,-0.286660420112133));
#2097=DIRECTION('',(0.866025403784436,2.14672241755397E-14,0.5));
#2098=DIRECTION('',(-0.312347523777235,0.780868809443021,0.541001780800459));
#2099=DIRECTION('',(-0.3904344047215,-0.624695047554436,0.676252226000572));
#2100=DIRECTION('',(0.3904344047215,0.624695047554436,-0.676252226000572));
#2101=DIRECTION('',(-0.866025403784437,-2.84217094304134E-14,-0.5));
#2102=DIRECTION('',(-0.48602571268865,-0.234768026830643,0.841821228161619));
#2103=DIRECTION('',(0.957830582102839,-0.150448251316251,-0.244797670872128));
#2104=DIRECTION('',(-0.957830582102819,-0.150448251316307,0.244797670872173));
#2105=DIRECTION('',(-0.866025403784435,-2.8421709430398E-14,-0.500000000000007));
#2106=DIRECTION('',(-0.31369452548481,-0.778705964227455,0.543334856195928));
#2107=DIRECTION('',(-0.612372435695769,-0.707106781186563,-0.353553390593287));
#2108=DIRECTION('',(0.612372435695814,-0.707106781186529,0.353553390593276));
#2109=DIRECTION('',(0.499999999999991,0.,-0.866025403784444));
#2110=DIRECTION('',(-0.612372435695757,-0.707106781186586,-0.353553390593263));
#2111=DIRECTION('',(-0.866025403784439,-2.84217094304056E-14,-0.5));
#2112=DIRECTION('',(0.165503470717775,-0.943628319160413,-0.286660420112132));
#2113=DIRECTION('',(-0.391509383546083,-0.552157630374247,-0.736099418431276));
#2114=DIRECTION('',(0.833235487845501,-0.552157630374213,-0.0289926372447313));
#2115=DIRECTION('',(-0.0347742058017634,0.,-0.999395194410528));
#2116=DIRECTION('',(-0.391509383545996,-0.552157630374304,-0.736099418431279));
#2117=DIRECTION('',(-0.866025403784438,-2.84217094304097E-14,-0.5));
#2118=DIRECTION('',(0.435781407362329,-0.490283856545648,-0.754795538545396));
#2119=DIRECTION('',(-0.261746504083662,-0.0908065213735964,-0.96085531859693));
#2120=DIRECTION('',(-0.866025403784438,-2.84217094303944E-14,-0.5));
#2121=DIRECTION('',(0.486025712688645,0.234768026830679,-0.841821228161612));
#2122=DIRECTION('',(-0.261746504083403,0.0908065213736119,-0.960855318596999));
#2123=DIRECTION('',(-0.866025403784435,-2.84217094304092E-14,-0.500000000000006));
#2124=DIRECTION('',(0.435781407362309,0.490283856545653,-0.754795538545404));
#2125=DIRECTION('',(-0.391509383546089,0.552157630374212,-0.736099418431299));
#2126=DIRECTION('',(0.833235487845493,0.552157630374225,-0.028992637244724));
#2127=DIRECTION('',(-0.034774205801755,0.,-0.999395194410528));
#2128=DIRECTION('',(-0.391509383546096,0.552157630374219,-0.73609941843129));
#2129=DIRECTION('',(-0.866025403784439,-2.84217094304056E-14,-0.5));
#2130=DIRECTION('',(0.165503470717735,0.943628319160417,-0.286660420112142));
#2131=DIRECTION('',(-0.612372435695819,0.707106781186522,-0.353553390593281));
#2132=DIRECTION('',(0.612372435695768,0.707106781186573,0.35355339059327));
#2133=DIRECTION('',(0.500000000000012,0.,-0.866025403784432));
#2134=DIRECTION('',(-0.612372435695849,0.707106781186486,-0.353553390593303));
#2135=DIRECTION('',(-0.866025403784433,-2.84217094303998E-14,-0.500000000000011));
#2136=DIRECTION('',(-0.313694525484842,0.778705964227447,0.543334856195921));
#2137=DIRECTION('',(0.,0.,1.));
#2138=DIRECTION('',(1.,0.,0.));
#2139=DIRECTION('',(0.866025403784438,-2.15105711021124E-14,0.5));
#2140=DIRECTION('',(2.48382680324544E-14,1.,0.));
#2141=DIRECTION('',(-0.866025403784438,2.15105711021124E-14,-0.5));
#2142=DIRECTION('',(2.48382680324544E-14,1.,0.));
#2143=DIRECTION('',(-0.866025403784438,2.15105711021124E-14,-0.5));
#2144=DIRECTION('',(2.48382680324544E-14,1.,0.));
#2145=DIRECTION('',(-0.866025403784438,2.15105711021124E-14,-0.5));
#2146=DIRECTION('',(2.48382680324544E-14,1.,0.));
#2147=DIRECTION('',(-0.866025403784438,2.15105711021124E-14,-0.5));
#2148=DIRECTION('',(2.48382680324544E-14,1.,0.));
#2149=DIRECTION('',(-0.866025403784438,2.15105711021124E-14,-0.5));
#2150=DIRECTION('',(2.48382680324544E-14,1.,0.));
#2151=DIRECTION('',(-0.866025403784438,2.15105711021124E-14,-0.5));
#2152=DIRECTION('',(2.48382680324544E-14,1.,0.));
#2153=DIRECTION('',(-0.866025403784438,2.15105711021124E-14,-0.5));
#2154=DIRECTION('',(2.48382680324544E-14,1.,0.));
#2155=DIRECTION('',(-0.866025403784438,2.15105711021124E-14,-0.5));
#2156=DIRECTION('',(2.48382680324544E-14,1.,0.));
#2157=DIRECTION('',(-0.866025403784438,2.15105711021124E-14,-0.5));
#2158=DIRECTION('',(2.48382680324544E-14,1.,0.));
#2159=DIRECTION('',(-0.866025403784438,2.15105711021124E-14,-0.5));
#2160=DIRECTION('',(2.48382680324544E-14,1.,0.));
#2161=DIRECTION('',(0.866025403784438,-2.15105711021124E-14,0.5));
#2162=DIRECTION('',(0.43578140736233,0.490283856545647,-0.754795538545396));
#2163=DIRECTION('',(0.866025403784438,-2.15105711021124E-14,0.5));
#2164=DIRECTION('',(0.486025712688644,-0.234768026830679,-0.841821228161612));
#2165=DIRECTION('',(0.866025403784438,-2.15105711021124E-14,0.5));
#2166=DIRECTION('',(0.435781407362312,-0.490283856545651,-0.754795538545404));
#2167=DIRECTION('',(-0.390434404721522,-0.624695047554439,0.676252226000557));
#2168=DIRECTION('',(0.866025403784438,-2.15105711021124E-14,0.5));
#2169=DIRECTION('',(0.165503470717735,-0.943628319160417,-0.286660420112142));
#2170=DIRECTION('',(-0.5,1.24191340162272E-14,0.866025403784438));
#2171=DIRECTION('',(0.866025403784438,-2.15105711021124E-14,0.5));
#2172=DIRECTION('',(-0.313694525484842,-0.778705964227446,0.543334856195922));
#2173=DIRECTION('',(0.866025403784438,-2.21086799223605E-14,0.5));
#2174=DIRECTION('',(-0.486025712688648,0.234768026830643,0.84182122816162));
#2175=DIRECTION('',(0.866025403784438,-2.15105711021124E-14,0.5));
#2176=DIRECTION('',(-0.313694525484811,0.778705964227456,0.543334856195926));
#2177=DIRECTION('',(0.5,-1.24191340162272E-14,-0.866025403784438));
#2178=DIRECTION('',(0.866025403784438,-2.15105711021124E-14,0.5));
#2179=DIRECTION('',(0.165503470717774,0.943628319160413,-0.286660420112133));
#2180=DIRECTION('',(-0.3904344047215,0.624695047554436,0.676252226000572));
#2181=DIRECTION('',(0.866025403784436,-2.15105711021125E-14,0.5));
#2182=DIRECTION('',(2.48382680324545E-14,1.,5.46134472845322E-29));
#2183=DIRECTION('',(-0.866025403784438,2.15105711021124E-14,-0.5));
#2184=DIRECTION('',(2.48382680324545E-14,1.,5.46134472845322E-29));
#2185=DIRECTION('',(0.866025403784437,-2.1570047335574E-14,0.5));
#2186=DIRECTION('',(2.48382680324544E-14,1.,2.01538790881948E-29));
#2187=DIRECTION('',(0.866025403784438,-2.15105711021124E-14,0.5));
#2188=DIRECTION('',(2.48382680324544E-14,1.,3.56223514181019E-30));
#2189=DIRECTION('',(0.866025403784436,-2.15105711021125E-14,0.5));
#2190=DIRECTION('',(2.48382680324545E-14,1.,5.46134472845322E-29));
#2191=DIRECTION('',(-0.866025403784438,2.15105711021124E-14,-0.5));
#2192=DIRECTION('',(2.48382680324545E-14,1.,5.46134472845322E-29));
#2193=DIRECTION('',(0.866025403784438,-2.15105711021125E-14,0.5));
#2194=DIRECTION('',(2.48382680324544E-14,1.,2.01538790881948E-29));
#2195=DIRECTION('',(0.866025403784438,-2.15105711021124E-14,0.5));
#2196=DIRECTION('',(2.48382680324544E-14,1.,3.56223514181019E-30));
#2197=DIRECTION('',(0.866025403784436,-2.15105711021125E-14,0.5));
#2198=DIRECTION('',(2.48382680324545E-14,1.,5.46134472845322E-29));
#2199=DIRECTION('',(-0.866025403784438,2.15105711021124E-14,-0.5));
#2200=DIRECTION('',(2.48382680324545E-14,1.,5.46134472845322E-29));
#2201=DIRECTION('',(0.866025403784438,-2.15700473355736E-14,0.5));
#2202=DIRECTION('',(2.48382680324544E-14,1.,1.85761572777528E-29));
#2203=DIRECTION('',(0.866025403784438,-2.15105711021124E-14,0.5));
#2204=DIRECTION('',(2.48382680324544E-14,1.,1.2248694967109E-30));
#2205=DIRECTION('',(0.866025403784436,-2.15105711021125E-14,0.5));
#2206=DIRECTION('',(2.48382680324545E-14,1.,5.46134472845322E-29));
#2207=DIRECTION('',(-0.866025403784438,2.15105711021124E-14,-0.5));
#2208=DIRECTION('',(2.48382680324545E-14,1.,5.46134472845322E-29));
#2209=DIRECTION('',(0.86602540378444,-2.15700473355739E-14,0.5));
#2210=DIRECTION('',(2.48382680324544E-14,1.,2.01538790881948E-29));
#2211=DIRECTION('',(0.866025403784438,-2.15105711021124E-14,0.5));
#2212=DIRECTION('',(2.48382680324544E-14,1.,3.56223514181019E-30));
#2213=DIRECTION('',(0.866025403784436,-2.15105711021125E-14,0.5));
#2214=DIRECTION('',(2.48382680324545E-14,1.,5.46134472845322E-29));
#2215=DIRECTION('',(-0.866025403784438,2.15105711021124E-14,-0.5));
#2216=DIRECTION('',(2.48382680324545E-14,1.,5.46134472845322E-29));
#2217=DIRECTION('',(0.866025403784437,-2.15700473355743E-14,0.5));
#2218=DIRECTION('',(2.48382680324544E-14,1.,1.85761572777528E-29));
#2219=DIRECTION('',(0.866025403784438,-2.15105711021124E-14,0.5));
#2220=DIRECTION('',(2.48382680324544E-14,1.,1.2248694967109E-30));
#2221=DIRECTION('',(0.866025403784436,-2.15105711021125E-14,0.5));
#2222=DIRECTION('',(2.48382680324545E-14,1.,5.46134472845322E-29));
#2223=DIRECTION('',(-0.866025403784438,2.15105711021124E-14,-0.5));
#2224=DIRECTION('',(2.48382680324545E-14,1.,5.46134472845322E-29));
#2225=DIRECTION('',(0.866025403784437,-2.15105711021123E-14,0.5));
#2226=DIRECTION('',(2.48382680324544E-14,1.,2.01538790881948E-29));
#2227=DIRECTION('',(0.866025403784438,-2.15105711021124E-14,0.5));
#2228=DIRECTION('',(2.48382680324544E-14,1.,3.56223514181019E-30));
#2229=DIRECTION('',(0.866025403784436,-2.15105711021125E-14,0.5));
#2230=DIRECTION('',(2.48382680324545E-14,1.,5.46134472845322E-29));
#2231=DIRECTION('',(-0.866025403784438,2.15105711021124E-14,-0.5));
#2232=DIRECTION('',(2.48382680324545E-14,1.,5.46134472845322E-29));
#2233=DIRECTION('',(0.866025403784437,-2.1570047335574E-14,0.5));
#2234=DIRECTION('',(2.48382680324544E-14,1.,2.01538790881948E-29));
#2235=DIRECTION('',(0.866025403784438,-2.15105711021124E-14,0.5));
#2236=DIRECTION('',(2.48382680324544E-14,1.,3.56223514181019E-30));
#2237=DIRECTION('',(0.866025403784436,-2.15105711021125E-14,0.5));
#2238=DIRECTION('',(2.48382680324545E-14,1.,5.46134472845322E-29));
#2239=DIRECTION('',(-0.866025403784438,2.15105711021124E-14,-0.5));
#2240=DIRECTION('',(2.48382680324545E-14,1.,5.46134472845322E-29));
#2241=DIRECTION('',(0.866025403784437,-2.15700473355743E-14,0.5));
#2242=DIRECTION('',(2.48382680324544E-14,1.,2.01538790881948E-29));
#2243=DIRECTION('',(0.866025403784438,-2.15105711021124E-14,0.5));
#2244=DIRECTION('',(2.48382680324544E-14,1.,3.56223514181019E-30));
#2245=DIRECTION('',(0.866025403784436,-2.15105711021125E-14,0.5));
#2246=DIRECTION('',(2.48382680324545E-14,1.,5.46134472845322E-29));
#2247=DIRECTION('',(-0.866025403784438,2.15105711021124E-14,-0.5));
#2248=DIRECTION('',(2.48382680324545E-14,1.,5.46134472845322E-29));
#2249=DIRECTION('',(0.866025403784439,-2.15105711021124E-14,0.5));
#2250=DIRECTION('',(2.48382680324544E-14,1.,2.01538790881948E-29));
#2251=DIRECTION('',(0.866025403784438,-2.15105711021124E-14,0.5));
#2252=DIRECTION('',(2.48382680324544E-14,1.,3.56223514181019E-30));
#2253=DIRECTION('',(0.866025403784436,-2.15105711021125E-14,0.5));
#2254=DIRECTION('',(2.48382680324545E-14,1.,5.46134472845322E-29));
#2255=DIRECTION('',(-0.866025403784438,2.15105711021124E-14,-0.5));
#2256=DIRECTION('',(2.48382680324545E-14,1.,5.46134472845322E-29));
#2257=DIRECTION('',(0.866025403784439,-2.15105711021124E-14,0.5));
#2258=DIRECTION('',(2.48382680324544E-14,1.,2.01538790881948E-29));
#2259=DIRECTION('',(0.866025403784438,-2.15105711021124E-14,0.5));
#2260=DIRECTION('',(2.48382680324544E-14,1.,3.56223514181019E-30));
#2261=DIRECTION('',(0.,1.,0.));
#2262=DIRECTION('',(-0.5,0.,0.866025403784438));
#2263=DIRECTION('',(-0.5,1.24191340162272E-14,0.866025403784438));
#2264=DIRECTION('',(0.866025403784436,-2.15105711021125E-14,0.5));
#2265=DIRECTION('',(-0.866025403784436,2.15105711021125E-14,-0.5));
#2266=DIRECTION('',(0.866025403784436,-2.15105711021125E-14,0.5));
#2267=DIRECTION('',(-0.313694525484811,0.778705964227456,0.543334856195926));
#2268=DIRECTION('',(0.866025403784438,-2.15105711021124E-14,0.5));
#2269=DIRECTION('',(-0.313694525484811,0.778705964227456,0.543334856195926));
#2270=DIRECTION('',(0.866025403784436,-2.15105711021125E-14,0.5));
#2271=DIRECTION('',(0.866025403784436,-2.15105711021125E-14,0.5));
#2272=DIRECTION('',(-0.486025712688651,0.234768026830643,0.841821228161618));
#2273=DIRECTION('',(0.866025403784438,-2.15105711021124E-14,0.5));
#2274=DIRECTION('',(-0.486025712688651,0.234768026830643,0.841821228161618));
#2275=DIRECTION('',(-0.866025403784436,2.15105711021125E-14,-0.5));
#2276=DIRECTION('',(0.312347523777235,0.780868809443021,-0.541001780800459));
#2277=DIRECTION('',(-0.3904344047215,0.624695047554436,0.676252226000572));
#2278=DIRECTION('',(-0.3904344047215,0.624695047554436,0.676252226000572));
#2279=DIRECTION('',(0.866025403784436,-2.1510993643139E-14,0.5));
#2280=DIRECTION('',(-0.866025403784436,2.14672241755397E-14,-0.5));
#2281=DIRECTION('',(0.866025403784436,-2.15105711021125E-14,0.5));
#2282=DIRECTION('',(0.165503470717774,0.943628319160413,-0.286660420112133));
#2283=DIRECTION('',(0.866025403784438,-2.15105711021124E-14,0.5));
#2284=DIRECTION('',(0.165503470717774,0.943628319160413,-0.286660420112133));
#2285=DIRECTION('',(0.866025403784436,-2.15109936431391E-14,0.5));
#2286=DIRECTION('',(0.43578140736233,0.490283856545647,-0.754795538545396));
#2287=DIRECTION('',(0.866025403784438,-2.15105711021124E-14,0.5));
#2288=DIRECTION('',(0.43578140736233,0.490283856545647,-0.754795538545396));
#2289=DIRECTION('',(-0.866025403784436,2.15105711021125E-14,-0.5));
#2290=DIRECTION('',(0.866025403784438,-2.15105711021124E-14,0.5));
#2291=DIRECTION('',(2.48382680324544E-14,1.,0.));
#2292=DIRECTION('',(-0.866025403784438,2.15105711021124E-14,-0.5));
#2293=DIRECTION('',(-0.313694525484842,-0.778705964227447,0.543334856195921));
#2294=DIRECTION('',(-0.5,1.24191340162272E-14,0.866025403784438));
#2295=DIRECTION('',(-0.866025403784438,2.15105711021124E-14,-0.5));
#2296=DIRECTION('',(0.165503470717734,-0.943628319160417,-0.286660420112143));
#2297=DIRECTION('',(-0.390434404721522,-0.624695047554439,0.676252226000557));
#2298=DIRECTION('',(-0.866025403784438,2.15105711021124E-14,-0.5));
#2299=DIRECTION('',(0.435781407362308,-0.490283856545651,-0.754795538545406));
#2300=DIRECTION('',(-0.866025403784438,2.15105711021124E-14,-0.5));
#2301=DIRECTION('',(0.486025712688644,-0.234768026830679,-0.841821228161612));
#2302=DIRECTION('',(-0.866025403784438,2.15105711021124E-14,-0.5));
#2303=DIRECTION('',(0.435781407362328,0.490283856545647,-0.754795538545398));
#2304=DIRECTION('',(0.3904344047215,-0.624695047554436,-0.676252226000572));
#2305=DIRECTION('',(-0.866025403784438,2.15105711021124E-14,-0.5));
#2306=DIRECTION('',(0.165503470717775,0.943628319160413,-0.286660420112132));
#2307=DIRECTION('',(0.5,-1.24191340162272E-14,-0.866025403784438));
#2308=DIRECTION('',(-0.866025403784438,2.15105711021124E-14,-0.5));
#2309=DIRECTION('',(-0.313694525484807,0.778705964227456,0.543334856195928));
#2310=DIRECTION('',(-0.866025403784438,2.15105711021124E-14,-0.5));
#2311=DIRECTION('',(-0.486025712688648,0.234768026830643,0.84182122816162));
#2312=DIRECTION('',(0.866025403784436,-2.15105711021125E-14,0.5));
#2313=DIRECTION('',(-0.313694525484842,-0.778705964227446,0.543334856195922));
#2314=DIRECTION('',(0.866025403784438,-2.15105711021124E-14,0.5));
#2315=DIRECTION('',(-0.313694525484842,-0.778705964227446,0.543334856195922));
#2316=DIRECTION('',(0.866025403784436,-2.15105711021125E-14,0.5));
#2317=DIRECTION('',(0.,-1.,0.));
#2318=DIRECTION('',(0.5,0.,-0.866025403784438));
#2319=DIRECTION('',(0.5,-1.24191340162272E-14,-0.866025403784438));
#2320=DIRECTION('',(-0.866025403784436,2.15105711021125E-14,-0.5));
#2321=DIRECTION('',(0.866025403784436,-2.15105711021125E-14,0.5));
#2322=DIRECTION('',(0.165503470717735,-0.943628319160417,-0.286660420112142));
#2323=DIRECTION('',(0.866025403784438,-2.15105711021124E-14,0.5));
#2324=DIRECTION('',(0.165503470717735,-0.943628319160417,-0.286660420112142));
#2325=DIRECTION('',(0.866025403784436,-2.14672241755397E-14,0.5));
#2326=DIRECTION('',(0.312347523777208,-0.780868809443018,-0.541001780800479));
#2327=DIRECTION('',(0.390434404721522,0.624695047554439,-0.676252226000557));
#2328=DIRECTION('',(0.390434404721522,0.624695047554439,-0.676252226000557));
#2329=DIRECTION('',(-0.866025403784436,2.14676467165667E-14,-0.5));
#2330=DIRECTION('',(0.866025403784436,-2.15109936431394E-14,0.5));
#2331=DIRECTION('',(0.435781407362312,-0.490283856545651,-0.754795538545404));
#2332=DIRECTION('',(0.866025403784438,-2.15105711021124E-14,0.5));
#2333=DIRECTION('',(0.435781407362312,-0.490283856545651,-0.754795538545404));
#2334=DIRECTION('',(0.866025403784436,-2.15105711021125E-14,0.5));
#2335=DIRECTION('',(0.866025403784436,-2.15105711021125E-14,0.5));
#2336=DIRECTION('',(0.486025712688647,-0.234768026830679,-0.841821228161611));
#2337=DIRECTION('',(0.866025403784438,-2.15105711021124E-14,0.5));
#2338=DIRECTION('',(0.486025712688647,-0.234768026830679,-0.841821228161611));
#2339=DIRECTION('',(0.612372435695773,-0.707106781186567,0.353553390593273));
#2340=DIRECTION('',(0.500000000000012,0.,-0.866025403784432));
#2341=DIRECTION('',(-0.612372435695795,-0.707106781186553,-0.353553390593262));
#2342=DIRECTION('',(0.612372435695849,0.707106781186486,0.353553390593303));
#2343=DIRECTION('',(-0.866025403784439,2.13162820728042E-14,-0.5));
#2344=DIRECTION('',(0.165503470717735,-0.943628319160417,-0.286660420112142));
#2345=DIRECTION('',(-0.391509383546095,-0.552157630374207,-0.7360994184313));
#2346=DIRECTION('',(0.833235487845487,-0.552157630374234,-0.0289926372447351));
#2347=DIRECTION('',(-0.0347742058017685,0.,-0.999395194410528));
#2348=DIRECTION('',(-0.391509383546006,-0.552157630374273,-0.736099418431297));
#2349=DIRECTION('',(-0.866025403784438,2.13162820728073E-14,-0.5));
#2350=DIRECTION('',(0.43578140736231,-0.490283856545651,-0.754795538545405));
#2351=DIRECTION('',(-0.261746504083656,-0.0908065213735997,-0.960855318596931));
#2352=DIRECTION('',(-0.866025403784433,2.15105711021125E-14,-0.50000000000001));
#2353=DIRECTION('',(0.486025712688645,-0.234768026830679,-0.841821228161612));
#2354=DIRECTION('',(-0.261746504083376,0.0908065213736421,-0.960855318597004));
#2355=DIRECTION('',(-0.866025403784435,2.13162820728069E-14,-0.500000000000006));
#2356=DIRECTION('',(0.435781407362329,0.490283856545647,-0.754795538545396));
#2357=DIRECTION('',(-0.391509383546084,0.552157630374245,-0.736099418431277));
#2358=DIRECTION('',(0.833235487845503,0.55215763037421,-0.0289926372447272));
#2359=DIRECTION('',(-0.0347742058017584,0.,-0.999395194410528));
#2360=DIRECTION('',(-0.391509383546078,0.552157630374253,-0.736099418431274));
#2361=DIRECTION('',(-0.866025403784439,2.13162820728042E-14,-0.5));
#2362=DIRECTION('',(0.165503470717775,0.943628319160413,-0.286660420112132));
#2363=DIRECTION('',(-0.61237243569578,0.707106781186556,-0.353553390593283));
#2364=DIRECTION('',(0.612372435695806,0.707106781186539,0.353553390593271));
#2365=DIRECTION('',(0.499999999999991,0.,-0.866025403784444));
#2366=DIRECTION('',(-0.612372435695831,0.707106781186496,-0.353553390593313));
#2367=DIRECTION('',(-0.866025403784435,2.13162820727985E-14,-0.500000000000007));
#2368=DIRECTION('',(-0.31369452548481,0.778705964227456,0.543334856195927));
#2369=DIRECTION('',(-0.957830582102756,0.150448251316338,0.2447976708724));
#2370=DIRECTION('',(-0.866025403784437,2.15105711021123E-14,-0.5));
#2371=DIRECTION('',(-0.48602571268865,0.234768026830643,0.841821228161619));
#2372=DIRECTION('',(-0.957830582102841,-0.150448251316248,0.244797670872123));
#2373=DIRECTION('',(-0.866025403784433,2.13162820727998E-14,-0.500000000000011));
#2374=DIRECTION('',(-0.313694525484842,-0.778705964227447,0.543334856195921));
#2375=DIRECTION('',(0.,0.,1.));
#2376=DIRECTION('',(1.,0.,0.));
#2377=CARTESIAN_POINT('',(0.,0.,0.));
#2378=CARTESIAN_POINT('',(-17.7915898163045,-11.8,15.9012007995157));
#2379=CARTESIAN_POINT('',(-19.0415898163045,-11.8,18.0662643089769));
#2380=CARTESIAN_POINT('',(-19.0415898163045,-12.125,18.0662643089769));
#2381=CARTESIAN_POINT('',(-18.1415898163045,-11.8,16.5074185821649));
#2382=CARTESIAN_POINT('',(-18.1415898163045,-12.125,16.5074185821649));
#2383=CARTESIAN_POINT('',(-18.1415898163045,-13.8,16.5074185821649));
#2384=CARTESIAN_POINT('',(-18.1415898163045,-14.125,16.5074185821649));
#2385=CARTESIAN_POINT('',(-19.0415898163045,-13.8,18.0662643089769));
#2386=CARTESIAN_POINT('',(-19.0415898163045,-14.125,18.0662643089769));
#2387=CARTESIAN_POINT('',(-17.2415898163046,-9.8,14.9485728553529));
#2388=CARTESIAN_POINT('',(-17.2415898163046,-10.125,14.9485728553529));
#2389=CARTESIAN_POINT('',(-18.1415898163046,-9.8,16.5074185821648));
#2390=CARTESIAN_POINT('',(-18.1415898163046,-10.125,16.5074185821648));
#2391=CARTESIAN_POINT('',(-17.2415898163045,-13.8,14.9485728553529));
#2392=CARTESIAN_POINT('',(-17.2415898163045,-14.125,14.9485728553529));
#2393=CARTESIAN_POINT('',(-16.3415898163045,-11.8,13.3897271285409));
#2394=CARTESIAN_POINT('',(-16.3415898163045,-12.125,13.3897271285409));
#2395=CARTESIAN_POINT('',(-19.0415898163046,-9.8,18.0662643089768));
#2396=CARTESIAN_POINT('',(-19.0415898163046,-10.125,18.0662643089768));
#2397=CARTESIAN_POINT('',(-17.2415898163045,-11.8,14.9485728553529));
#2398=CARTESIAN_POINT('',(-17.2415898163045,-12.125,14.9485728553529));
#2399=CARTESIAN_POINT('',(-16.1375503109123,-14.0011156133051,13.0363203384505));
#2400=CARTESIAN_POINT('',(-15.9032896680794,-14.5867672203873,12.6305690028501));
#2401=CARTESIAN_POINT('',(-15.7656553500579,-14.0974304738639,12.3921793711718));
#2402=CARTESIAN_POINT('',(-15.7865601553372,-14.3999999999998,12.4283875560379));
#2403=CARTESIAN_POINT('',(-16.6838424097636,-15.8356516070821,13.9825260094344));
#2404=CARTESIAN_POINT('',(-16.9181030525965,-15.25,14.3882773450347));
#2405=CARTESIAN_POINT('',(-16.9181030525965,-16.,14.3882773450347));
#2406=CARTESIAN_POINT('',(-19.8915898163044,-16.,19.5385074954104));
#2407=CARTESIAN_POINT('',(-19.4425020686761,-16.,18.7606646994616));
#2408=CARTESIAN_POINT('',(-19.4425020686762,-15.5,18.7606646994616));
#2409=CARTESIAN_POINT('',(-19.6867778666167,-15.6063829787233,19.183762792554));
#2410=CARTESIAN_POINT('',(-10.9465898163045,-11.7999999999997,4.04531302170677));
#2411=CARTESIAN_POINT('',(-19.6867778666169,-7.99361702127654,19.183762792554));
#2412=CARTESIAN_POINT('',(-19.4425020686764,-8.1,18.7606646994616));
#2413=CARTESIAN_POINT('',(-19.4425020686764,-7.6,18.7606646994616));
#2414=CARTESIAN_POINT('',(-15.6915898163046,-7.59999999999984,12.2638941036211));
#2415=CARTESIAN_POINT('',(-16.9181030525968,-7.59999999999987,14.3882773450349));
#2416=CARTESIAN_POINT('',(-16.9181030525968,-8.34999999999987,14.3882773450349));
#2417=CARTESIAN_POINT('',(-16.6838424097639,-7.76434839291761,13.9825260094345));
#2418=CARTESIAN_POINT('',(-15.7865601553373,-9.20000000000011,12.4283875560378));
#2419=CARTESIAN_POINT('',(-15.9032896680795,-9.01323277961259,12.6305690028501));
#2420=CARTESIAN_POINT('',(-16.1375503109124,-9.59888438669486,13.0363203384504));
#2421=CARTESIAN_POINT('',(-15.765655350058,-9.50256952613598,12.3921793711718));
#2422=CARTESIAN_POINT('',(-24.6365898163032,-11.8,27.7570885773223));
#2423=CARTESIAN_POINT('',(-19.6415898163046,-7.6,19.1054947935182));
#2424=CARTESIAN_POINT('',(-18.4784328302639,-7.59999999999991,17.640847796517));
#2425=CARTESIAN_POINT('',(-16.679946066556,-7.59999999999988,14.5257773450349));
#2426=CARTESIAN_POINT('',(-19.2043450826356,-7.6,18.8981646994616));
#2427=CARTESIAN_POINT('',(-16.9181030525968,-7.59999999999987,14.3882773450349));
#2428=CARTESIAN_POINT('',(-19.4425020686764,-7.6,18.7606646994615));
#2429=CARTESIAN_POINT('',(-24.6365898163032,-11.8,27.7570885773223));
#2430=CARTESIAN_POINT('',(-24.3984328302625,-11.8,27.8945885773223));
#2431=CARTESIAN_POINT('',(-15.5274983640172,-14.0974304738639,12.5296793711718));
#2432=CARTESIAN_POINT('',(-15.5274983640173,-9.50256952613598,12.5296793711718));
#2433=CARTESIAN_POINT('',(-15.7656553500579,-14.0974304738639,12.3921793711719));
#2434=CARTESIAN_POINT('',(-15.765655350058,-9.50256952613598,12.3921793711718));
#2435=CARTESIAN_POINT('',(-19.0415898163046,-9.8,18.0662643089768));
#2436=CARTESIAN_POINT('',(-18.9982885461153,-9.8,18.0912643089768));
#2437=CARTESIAN_POINT('',(-18.9982885461153,-10.125,18.0912643089768));
#2438=CARTESIAN_POINT('',(-18.8467341004531,-9.8,18.1787643089768));
#2439=CARTESIAN_POINT('',(-18.6951796547908,-9.8,18.2662643089768));
#2440=CARTESIAN_POINT('',(-18.6951796547908,-10.475,18.2662643089768));
#2441=CARTESIAN_POINT('',(-19.0415898163045,-11.8,18.0662643089769));
#2442=CARTESIAN_POINT('',(-18.9982885461153,-11.8,18.0912643089768));
#2443=CARTESIAN_POINT('',(-18.9982885461153,-12.125,18.0912643089768));
#2444=CARTESIAN_POINT('',(-18.846734100453,-11.8,18.1787643089769));
#2445=CARTESIAN_POINT('',(-18.6951796547907,-11.8,18.2662643089769));
#2446=CARTESIAN_POINT('',(-18.6951796547907,-12.475,18.2662643089769));
#2447=CARTESIAN_POINT('',(-19.0415898163045,-13.8,18.0662643089769));
#2448=CARTESIAN_POINT('',(-18.9982885461153,-13.8,18.0912643089769));
#2449=CARTESIAN_POINT('',(-18.9982885461153,-14.125,18.0912643089769));
#2450=CARTESIAN_POINT('',(-18.846734100453,-13.8,18.1787643089769));
#2451=CARTESIAN_POINT('',(-18.6951796547907,-13.8,18.2662643089769));
#2452=CARTESIAN_POINT('',(-18.6951796547907,-14.475,18.2662643089769));
#2453=CARTESIAN_POINT('',(-18.1415898163045,-13.8,16.5074185821649));
#2454=CARTESIAN_POINT('',(-18.0982885461153,-13.8,16.5324185821649));
#2455=CARTESIAN_POINT('',(-18.0982885461153,-14.125,16.5324185821649));
#2456=CARTESIAN_POINT('',(-17.946734100453,-13.8,16.6199185821649));
#2457=CARTESIAN_POINT('',(-17.7951796547907,-13.8,16.7074185821649));
#2458=CARTESIAN_POINT('',(-17.7951796547907,-14.475,16.7074185821649));
#2459=CARTESIAN_POINT('',(-17.2415898163045,-13.8,14.9485728553529));
#2460=CARTESIAN_POINT('',(-17.1982885461153,-13.8,14.9735728553529));
#2461=CARTESIAN_POINT('',(-17.1982885461153,-14.125,14.9735728553529));
#2462=CARTESIAN_POINT('',(-17.046734100453,-13.8,15.0610728553529));
#2463=CARTESIAN_POINT('',(-16.8951796547907,-13.8,15.1485728553529));
#2464=CARTESIAN_POINT('',(-16.8951796547907,-14.475,15.1485728553529));
#2465=CARTESIAN_POINT('',(-18.1415898163045,-11.8,16.5074185821649));
#2466=CARTESIAN_POINT('',(-18.0982885461153,-11.8,16.5324185821649));
#2467=CARTESIAN_POINT('',(-18.0982885461153,-12.125,16.5324185821649));
#2468=CARTESIAN_POINT('',(-17.946734100453,-11.8,16.6199185821649));
#2469=CARTESIAN_POINT('',(-17.7951796547907,-11.8,16.7074185821649));
#2470=CARTESIAN_POINT('',(-17.7951796547907,-12.475,16.7074185821649));
#2471=CARTESIAN_POINT('',(-18.1415898163046,-9.8,16.5074185821648));
#2472=CARTESIAN_POINT('',(-18.0982885461153,-9.8,16.5324185821648));
#2473=CARTESIAN_POINT('',(-18.0982885461153,-10.125,16.5324185821648));
#2474=CARTESIAN_POINT('',(-17.9467341004531,-9.8,16.6199185821648));
#2475=CARTESIAN_POINT('',(-17.7951796547908,-9.8,16.7074185821648));
#2476=CARTESIAN_POINT('',(-17.7951796547908,-10.475,16.7074185821648));
#2477=CARTESIAN_POINT('',(-17.2415898163046,-9.8,14.9485728553529));
#2478=CARTESIAN_POINT('',(-17.1982885461153,-9.8,14.9735728553529));
#2479=CARTESIAN_POINT('',(-17.1982885461153,-10.125,14.9735728553529));
#2480=CARTESIAN_POINT('',(-17.0467341004531,-9.8,15.0610728553529));
#2481=CARTESIAN_POINT('',(-16.8951796547908,-9.8,15.1485728553529));
#2482=CARTESIAN_POINT('',(-16.8951796547908,-10.475,15.1485728553529));
#2483=CARTESIAN_POINT('',(-17.2415898163045,-11.8,14.9485728553529));
#2484=CARTESIAN_POINT('',(-17.1982885461153,-11.8,14.9735728553529));
#2485=CARTESIAN_POINT('',(-17.1982885461153,-12.125,14.9735728553529));
#2486=CARTESIAN_POINT('',(-17.046734100453,-11.8,15.0610728553529));
#2487=CARTESIAN_POINT('',(-16.8951796547907,-11.8,15.1485728553529));
#2488=CARTESIAN_POINT('',(-16.8951796547907,-12.475,15.1485728553529));
#2489=CARTESIAN_POINT('',(-16.3415898163045,-11.8,13.3897271285409));
#2490=CARTESIAN_POINT('',(-16.2982885461153,-11.8,13.4147271285409));
#2491=CARTESIAN_POINT('',(-16.2982885461153,-12.125,13.4147271285409));
#2492=CARTESIAN_POINT('',(-16.146734100453,-11.8,13.5022271285409));
#2493=CARTESIAN_POINT('',(-15.9951796547907,-11.8,13.5897271285409));
#2494=CARTESIAN_POINT('',(-15.9951796547907,-12.475,13.5897271285409));
#2495=CARTESIAN_POINT('',(-16.9181030525968,-8.34999999999987,14.3882773450349));
#2496=CARTESIAN_POINT('',(-16.679946066556,-8.34999999999986,14.5257773450349));
#2497=CARTESIAN_POINT('',(-16.4456854237231,-7.7643483929176,14.1200260094345));
#2498=CARTESIAN_POINT('',(-16.6838424097639,-7.76434839291761,13.9825260094345));
#2499=CARTESIAN_POINT('',(-16.7865601553373,-7.6,14.1604383636067));
#2500=CARTESIAN_POINT('',(-16.3426195293476,-7.92925382391848,13.9415106438485));
#2501=CARTESIAN_POINT('',(-15.6651326820388,-9.01323277961259,12.7680690028501));
#2502=CARTESIAN_POINT('',(-15.9032896680794,-9.01323277961259,12.6305690028501));
#2503=CARTESIAN_POINT('',(-16.1375503109124,-9.59888438669486,13.0363203384505));
#2504=CARTESIAN_POINT('',(-15.8993933248717,-9.59888438669485,13.1738203384504));
#2505=CARTESIAN_POINT('',(-16.1375503109123,-14.0011156133051,13.0363203384505));
#2506=CARTESIAN_POINT('',(-15.8993933248716,-14.0011156133051,13.1738203384505));
#2507=CARTESIAN_POINT('',(-15.6651326820386,-14.5867672203873,12.7680690028501));
#2508=CARTESIAN_POINT('',(-15.9032896680793,-14.5867672203873,12.6305690028501));
#2509=CARTESIAN_POINT('',(-17.4451796547907,-11.8,16.1012007995157));
#2510=CARTESIAN_POINT('',(-19.0960919071626,-8.1,18.9606646994616));
#2511=CARTESIAN_POINT('',(-19.279298755618,-8.02021276595738,19.2779882692809));
#2512=CARTESIAN_POINT('',(-19.0960919071626,-7.725,18.9606646994616));
#2513=CARTESIAN_POINT('',(-10.6001796547907,-11.7999999999997,4.24531302170677));
#2514=CARTESIAN_POINT('',(-19.2792987556178,-15.5797872340425,19.2779882692809));
#2515=CARTESIAN_POINT('',(-19.0960919071624,-15.5,18.9606646994616));
#2516=CARTESIAN_POINT('',(-19.0960919071624,-15.875,18.9606646994616));
#2517=CARTESIAN_POINT('',(-16.942664824307,-15.875,15.2308195815613));
#2518=CARTESIAN_POINT('',(-16.5716928910827,-15.875,14.5882773450347));
#2519=CARTESIAN_POINT('',(-16.5716928910827,-15.25,14.5882773450347));
#2520=CARTESIAN_POINT('',(-16.376475688722,-15.7380430059018,14.2501512320345));
#2521=CARTESIAN_POINT('',(-15.7734097943466,-14.773137574901,13.2056104626642));
#2522=CARTESIAN_POINT('',(-15.5959229470378,-14.4891586192069,12.8981942254502));
#2523=CARTESIAN_POINT('',(-15.7911401493985,-14.0011156133051,13.2363203384505));
#2524=CARTESIAN_POINT('',(-15.4812276820199,-14.0813779971041,12.6995361990516));
#2525=CARTESIAN_POINT('',(-24.2901796547894,-11.8,27.9570885773223));
#2526=CARTESIAN_POINT('',(-15.48122768202,-9.51862200289578,12.6995361990516));
#2527=CARTESIAN_POINT('',(-15.7911401493986,-9.59888438669485,13.2363203384504));
#2528=CARTESIAN_POINT('',(-15.5959229470379,-9.11084138079296,12.8981942254501));
#2529=CARTESIAN_POINT('',(-16.2734097943467,-8.02686242509885,14.0716358664486));
#2530=CARTESIAN_POINT('',(-16.3764756887222,-7.86195699409797,14.2501512320346));
#2531=CARTESIAN_POINT('',(-16.571692891083,-8.34999999999986,14.5882773450349));
#2532=CARTESIAN_POINT('',(-16.571692891083,-7.72499999999986,14.5882773450349));
#2533=CARTESIAN_POINT('',(-18.3701796547908,-7.72499999999991,17.703347796517));
#2534=CARTESIAN_POINT('',(-19.4425020686764,-8.1,18.7606646994615));
#2535=CARTESIAN_POINT('',(-19.2043450826356,-8.1,18.8981646994616));
#2536=CARTESIAN_POINT('',(-19.4486208805762,-7.99361702127653,19.321262792554));
#2537=CARTESIAN_POINT('',(-19.6867778666169,-7.99361702127654,19.183762792554));
#2538=CARTESIAN_POINT('',(-10.9465898163045,-11.7999999999997,4.04531302170677));
#2539=CARTESIAN_POINT('',(-10.7084328302637,-11.7999999999997,4.18281302170679));
#2540=CARTESIAN_POINT('',(-19.448620880576,-15.6063829787233,19.321262792554));
#2541=CARTESIAN_POINT('',(-19.6867778666167,-15.6063829787233,19.183762792554));
#2542=CARTESIAN_POINT('',(-19.4425020686762,-15.5,18.7606646994615));
#2543=CARTESIAN_POINT('',(-19.2043450826355,-15.5,18.8981646994615));
#2544=CARTESIAN_POINT('',(-19.2043450826354,-16.,18.8981646994615));
#2545=CARTESIAN_POINT('',(-19.4425020686762,-16.,18.7606646994615));
#2546=CARTESIAN_POINT('',(-16.7865601553372,-16.,14.1604383636068));
#2547=CARTESIAN_POINT('',(-17.0509179997801,-16.,15.1683195815613));
#2548=CARTESIAN_POINT('',(-16.6799460665558,-16.,14.5257773450347));
#2549=CARTESIAN_POINT('',(-16.9181030525965,-16.,14.3882773450347));
#2550=CARTESIAN_POINT('',(-16.9181030525965,-15.25,14.3882773450347));
#2551=CARTESIAN_POINT('',(-16.6799460665558,-15.25,14.5257773450347));
#2552=CARTESIAN_POINT('',(-16.4456854237229,-15.8356516070821,14.1200260094344));
#2553=CARTESIAN_POINT('',(-16.6838424097636,-15.8356516070821,13.9825260094344));
#2554=CARTESIAN_POINT('',(-15.7865601553372,-14.3999999999998,12.4283875560379));
#2555=CARTESIAN_POINT('',(-15.8426195293475,-14.8707461760814,13.0754852400642));
#2556=CARTESIAN_POINT('',(-10.6543062425272,-11.7999999999997,4.21406302170678));
#2557=CARTESIAN_POINT('',(-19.4486208805762,-7.99361702127653,19.321262792554));
#2558=CARTESIAN_POINT('',(-19.2792987556178,-15.5797872340425,19.2779882692809));
#2559=CARTESIAN_POINT('',(-19.1502184948989,-15.5,18.9294146994616));
#2560=CARTESIAN_POINT('',(-19.0960919071624,-15.875,18.9606646994616));
#2561=CARTESIAN_POINT('',(-16.9967914120435,-15.9375,15.1995695815613));
#2562=CARTESIAN_POINT('',(-16.5716928910827,-15.875,14.5882773450347));
#2563=CARTESIAN_POINT('',(-16.6258194788193,-15.25,14.5570273450347));
#2564=CARTESIAN_POINT('',(-16.376475688722,-15.7380430059018,14.2501512320345));
#2565=CARTESIAN_POINT('',(-15.808014661847,-14.8219418754912,13.1405478513642));
#2566=CARTESIAN_POINT('',(-15.5959229470378,-14.4891586192069,12.8981942254502));
#2567=CARTESIAN_POINT('',(-15.845266737135,-14.0011156133051,13.2050703384505));
#2568=CARTESIAN_POINT('',(-15.4812276820199,-14.0813779971041,12.6995361990516));
#2569=CARTESIAN_POINT('',(-24.3443062425259,-11.8,27.9258385773223));
#2570=CARTESIAN_POINT('',(-15.48122768202,-9.51862200289578,12.6995361990516));
#2571=CARTESIAN_POINT('',(-15.8452667371351,-9.59888438669485,13.2050703384504));
#2572=CARTESIAN_POINT('',(-15.5959229470379,-9.11084138079296,12.8981942254501));
#2573=CARTESIAN_POINT('',(-16.3080146618471,-7.97805812450866,14.0065732551486));
#2574=CARTESIAN_POINT('',(-16.3764756887222,-7.86195699409797,14.2501512320346));
#2575=CARTESIAN_POINT('',(-16.6258194788195,-8.34999999999986,14.5570273450349));
#2576=CARTESIAN_POINT('',(-16.571692891083,-7.72499999999986,14.5882773450349));
#2577=CARTESIAN_POINT('',(-18.4243062425274,-7.66249999999991,17.672097796517));
#2578=CARTESIAN_POINT('',(-19.0960919071626,-7.725,18.9606646994616));
#2579=CARTESIAN_POINT('',(-19.1502184948991,-8.1,18.9294146994616));
#2580=CARTESIAN_POINT('',(0.,0.,0.));
#2581=CARTESIAN_POINT('',(-17.7915898163045,-1.0609380837412E-13,15.9012007995157));
#2582=CARTESIAN_POINT('',(-19.0415898163045,-3.58551005642836E-14,18.0662643089769));
#2583=CARTESIAN_POINT('',(-19.0415898163045,0.324999999999964,18.0662643089769));
#2584=CARTESIAN_POINT('',(-18.1415898163045,-3.2230323017264E-14,16.5074185821649));
#2585=CARTESIAN_POINT('',(-18.1415898163045,0.324999999999968,16.5074185821649));
#2586=CARTESIAN_POINT('',(-18.1415898163045,1.99999999999997,16.5074185821649));
#2587=CARTESIAN_POINT('',(-18.1415898163045,2.32499999999997,16.5074185821649));
#2588=CARTESIAN_POINT('',(-19.0415898163045,1.99999999999996,18.0662643089769));
#2589=CARTESIAN_POINT('',(-19.0415898163045,2.32499999999996,18.0662643089769));
#2590=CARTESIAN_POINT('',(-17.2415898163046,-2.,14.9485728553529));
#2591=CARTESIAN_POINT('',(-17.2415898163046,-1.675,14.9485728553529));
#2592=CARTESIAN_POINT('',(-18.1415898163046,-2.00000000000003,16.5074185821648));
#2593=CARTESIAN_POINT('',(-18.1415898163046,-1.67500000000003,16.5074185821648));
#2594=CARTESIAN_POINT('',(-17.2415898163045,1.99999999999995,14.9485728553529));
#2595=CARTESIAN_POINT('',(-17.2415898163045,2.32499999999995,14.9485728553529));
#2596=CARTESIAN_POINT('',(-16.3415898163045,-1.02918424251911E-13,13.3897271285409));
#2597=CARTESIAN_POINT('',(-16.3415898163045,0.324999999999897,13.3897271285409));
#2598=CARTESIAN_POINT('',(-19.0415898163046,-2.00000000000004,18.0662643089768));
#2599=CARTESIAN_POINT('',(-19.0415898163046,-1.67500000000004,18.0662643089768));
#2600=CARTESIAN_POINT('',(-17.2415898163045,-5.45847642464729E-14,14.9485728553529));
#2601=CARTESIAN_POINT('',(-17.2415898163045,0.324999999999945,14.9485728553529));
#2602=CARTESIAN_POINT('',(-16.1375503109123,2.20111561330507,13.0363203384505));
#2603=CARTESIAN_POINT('',(-15.7656553500579,2.29743047386394,12.3921793711718));
#2604=CARTESIAN_POINT('',(-15.9032896680794,2.78676722038733,12.6305690028501));
#2605=CARTESIAN_POINT('',(-24.6365898163032,6.45414115684773E-14,27.7570885773223));
#2606=CARTESIAN_POINT('',(-15.765655350058,-2.29743047386402,12.3921793711718));
#2607=CARTESIAN_POINT('',(-16.1375503109124,-2.20111561330514,13.0363203384504));
#2608=CARTESIAN_POINT('',(-15.9032896680795,-2.78676722038741,12.6305690028501));
#2609=CARTESIAN_POINT('',(-15.7865601553373,-2.59999999999989,12.4283875560378));
#2610=CARTESIAN_POINT('',(-16.6838424097639,-4.03565160708239,13.9825260094345));
#2611=CARTESIAN_POINT('',(-16.9181030525968,-3.45000000000013,14.3882773450349));
#2612=CARTESIAN_POINT('',(-16.9181030525968,-4.20000000000013,14.3882773450349));
#2613=CARTESIAN_POINT('',(-15.6915898163046,-4.20000000000016,12.2638941036211));
#2614=CARTESIAN_POINT('',(-19.4425020686764,-4.20000000000007,18.7606646994616));
#2615=CARTESIAN_POINT('',(-19.4425020686764,-3.70000000000007,18.7606646994616));
#2616=CARTESIAN_POINT('',(-19.6867778666169,-3.80638297872346,19.183762792554));
#2617=CARTESIAN_POINT('',(-10.9465898163045,-2.75223574636571E-13,4.04531302170677));
#2618=CARTESIAN_POINT('',(-19.6867778666167,3.80638297872335,19.183762792554));
#2619=CARTESIAN_POINT('',(-19.4425020686762,3.69999999999994,18.7606646994616));
#2620=CARTESIAN_POINT('',(-19.4425020686761,4.19999999999994,18.7606646994616));
#2621=CARTESIAN_POINT('',(-19.8915898163044,4.19999999999995,19.5385074954104));
#2622=CARTESIAN_POINT('',(-16.9181030525965,4.19999999999988,14.3882773450347));
#2623=CARTESIAN_POINT('',(-16.9181030525965,3.44999999999988,14.3882773450347));
#2624=CARTESIAN_POINT('',(-16.6838424097636,4.03565160708214,13.9825260094344));
#2625=CARTESIAN_POINT('',(-15.7865601553372,2.59999999999984,12.4283875560379));
#2626=CARTESIAN_POINT('',(-19.0415898163046,-2.00000000000004,18.0662643089768));
#2627=CARTESIAN_POINT('',(-18.9982885461153,-2.00000000000004,18.0912643089768));
#2628=CARTESIAN_POINT('',(-18.9982885461153,-1.67500000000004,18.0912643089768));
#2629=CARTESIAN_POINT('',(-18.8467341004531,-2.00000000000004,18.1787643089768));
#2630=CARTESIAN_POINT('',(-18.6951796547908,-2.00000000000004,18.2662643089768));
#2631=CARTESIAN_POINT('',(-18.6951796547908,-1.32500000000004,18.2662643089768));
#2632=CARTESIAN_POINT('',(-19.0415898163045,-3.58551005642836E-14,18.0662643089769));
#2633=CARTESIAN_POINT('',(-18.9982885461153,-3.69306291193891E-14,18.0912643089768));
#2634=CARTESIAN_POINT('',(-18.9982885461153,0.324999999999963,18.0912643089768));
#2635=CARTESIAN_POINT('',(-18.846734100453,-4.06949790622589E-14,18.1787643089769));
#2636=CARTESIAN_POINT('',(-18.6951796547907,-4.44593290051288E-14,18.2662643089769));
#2637=CARTESIAN_POINT('',(-18.6951796547907,0.674999999999956,18.2662643089769));
#2638=CARTESIAN_POINT('',(-19.0415898163045,1.99999999999996,18.0662643089769));
#2639=CARTESIAN_POINT('',(-18.9982885461153,1.99999999999996,18.0912643089769));
#2640=CARTESIAN_POINT('',(-18.9982885461153,2.32499999999996,18.0912643089769));
#2641=CARTESIAN_POINT('',(-18.846734100453,1.99999999999996,18.1787643089769));
#2642=CARTESIAN_POINT('',(-18.6951796547907,1.99999999999996,18.2662643089769));
#2643=CARTESIAN_POINT('',(-18.6951796547907,2.67499999999996,18.2662643089769));
#2644=CARTESIAN_POINT('',(-18.1415898163045,1.99999999999997,16.5074185821649));
#2645=CARTESIAN_POINT('',(-18.0982885461153,1.99999999999997,16.5324185821649));
#2646=CARTESIAN_POINT('',(-18.0982885461153,2.32499999999997,16.5324185821649));
#2647=CARTESIAN_POINT('',(-17.946734100453,1.99999999999996,16.6199185821649));
#2648=CARTESIAN_POINT('',(-17.7951796547907,1.99999999999996,16.7074185821649));
#2649=CARTESIAN_POINT('',(-17.7951796547907,2.67499999999996,16.7074185821649));
#2650=CARTESIAN_POINT('',(-17.2415898163045,1.99999999999995,14.9485728553529));
#2651=CARTESIAN_POINT('',(-17.1982885461153,1.99999999999995,14.9735728553529));
#2652=CARTESIAN_POINT('',(-17.1982885461153,2.32499999999995,14.9735728553529));
#2653=CARTESIAN_POINT('',(-17.046734100453,1.99999999999994,15.0610728553529));
#2654=CARTESIAN_POINT('',(-16.8951796547907,1.99999999999994,15.1485728553529));
#2655=CARTESIAN_POINT('',(-16.8951796547907,2.67499999999994,15.1485728553529));
#2656=CARTESIAN_POINT('',(-18.1415898163045,-3.2230323017264E-14,16.5074185821649));
#2657=CARTESIAN_POINT('',(-18.0982885461153,-3.33058515723696E-14,16.5324185821649));
#2658=CARTESIAN_POINT('',(-18.0982885461153,0.324999999999967,16.5324185821649));
#2659=CARTESIAN_POINT('',(-17.946734100453,-3.70702015152393E-14,16.6199185821649));
#2660=CARTESIAN_POINT('',(-17.7951796547907,-4.0834551458109E-14,16.7074185821649));
#2661=CARTESIAN_POINT('',(-17.7951796547907,0.674999999999959,16.7074185821649));
#2662=CARTESIAN_POINT('',(-18.1415898163046,-2.00000000000003,16.5074185821648));
#2663=CARTESIAN_POINT('',(-18.0982885461153,-2.00000000000003,16.5324185821648));
#2664=CARTESIAN_POINT('',(-18.0982885461153,-1.67500000000003,16.5324185821648));
#2665=CARTESIAN_POINT('',(-17.9467341004531,-2.00000000000004,16.6199185821648));
#2666=CARTESIAN_POINT('',(-17.7951796547908,-2.00000000000004,16.7074185821648));
#2667=CARTESIAN_POINT('',(-17.7951796547908,-1.32500000000004,16.7074185821648));
#2668=CARTESIAN_POINT('',(-17.2415898163046,-2.,14.9485728553529));
#2669=CARTESIAN_POINT('',(-17.1982885461153,-2.,14.9735728553529));
#2670=CARTESIAN_POINT('',(-17.1982885461153,-1.675,14.9735728553529));
#2671=CARTESIAN_POINT('',(-17.0467341004531,-2.,15.0610728553529));
#2672=CARTESIAN_POINT('',(-16.8951796547908,-2.,15.1485728553529));
#2673=CARTESIAN_POINT('',(-16.8951796547908,-1.325,15.1485728553529));
#2674=CARTESIAN_POINT('',(-17.2415898163045,-5.45847642464729E-14,14.9485728553529));
#2675=CARTESIAN_POINT('',(-17.1982885461153,-5.56602928015786E-14,14.9735728553529));
#2676=CARTESIAN_POINT('',(-17.1982885461153,0.324999999999944,14.9735728553529));
#2677=CARTESIAN_POINT('',(-17.046734100453,-5.94246427444483E-14,15.0610728553529));
#2678=CARTESIAN_POINT('',(-16.8951796547907,-6.3188992687318E-14,15.1485728553529));
#2679=CARTESIAN_POINT('',(-16.8951796547907,0.674999999999937,15.1485728553529));
#2680=CARTESIAN_POINT('',(-16.3415898163045,-1.02918424251911E-13,13.3897271285409));
#2681=CARTESIAN_POINT('',(-16.2982885461153,-1.03993952807016E-13,13.4147271285409));
#2682=CARTESIAN_POINT('',(-16.2982885461153,0.324999999999896,13.4147271285409));
#2683=CARTESIAN_POINT('',(-16.146734100453,-1.07758302749886E-13,13.5022271285409));
#2684=CARTESIAN_POINT('',(-15.9951796547907,-1.11522652692756E-13,13.5897271285409));
#2685=CARTESIAN_POINT('',(-15.9951796547907,0.674999999999888,13.5897271285409));
#2686=CARTESIAN_POINT('',(-16.7865601553372,4.19999999999987,14.1604383636068));
#2687=CARTESIAN_POINT('',(-17.0509179997801,4.19999999999988,15.1683195815612));
#2688=CARTESIAN_POINT('',(-16.6799460665558,4.19999999999988,14.5257773450347));
#2689=CARTESIAN_POINT('',(-19.2043450826355,4.2,18.8981646994615));
#2690=CARTESIAN_POINT('',(-16.9181030525965,4.19999999999988,14.3882773450347));
#2691=CARTESIAN_POINT('',(-19.4425020686762,4.19999999999994,18.7606646994615));
#2692=CARTESIAN_POINT('',(-19.4425020686762,3.69999999999994,18.7606646994615));
#2693=CARTESIAN_POINT('',(-19.2043450826355,3.69999999999993,18.8981646994615));
#2694=CARTESIAN_POINT('',(-19.4486208805759,3.80638297872334,19.321262792554));
#2695=CARTESIAN_POINT('',(-19.6867778666167,3.80638297872335,19.183762792554));
#2696=CARTESIAN_POINT('',(-10.9465898163045,-2.75223574636571E-13,4.04531302170677));
#2697=CARTESIAN_POINT('',(-10.7084328302637,-2.81138981689653E-13,4.18281302170679));
#2698=CARTESIAN_POINT('',(-19.4486208805762,-3.80638297872347,19.321262792554));
#2699=CARTESIAN_POINT('',(-19.6867778666169,-3.80638297872346,19.183762792554));
#2700=CARTESIAN_POINT('',(-15.7865601553372,2.59999999999984,12.4283875560379));
#2701=CARTESIAN_POINT('',(-15.8426195293475,3.07074617608142,13.0754852400642));
#2702=CARTESIAN_POINT('',(-15.6651326820387,2.78676722038733,12.7680690028501));
#2703=CARTESIAN_POINT('',(-16.4456854237229,4.03565160708214,14.1200260094344));
#2704=CARTESIAN_POINT('',(-15.9032896680793,2.78676722038733,12.6305690028501));
#2705=CARTESIAN_POINT('',(-16.6838424097636,4.03565160708214,13.9825260094344));
#2706=CARTESIAN_POINT('',(-16.9181030525965,3.44999999999988,14.3882773450347));
#2707=CARTESIAN_POINT('',(-16.6799460665558,3.44999999999987,14.5257773450347));
#2708=CARTESIAN_POINT('',(-16.1375503109123,2.20111561330507,13.0363203384505));
#2709=CARTESIAN_POINT('',(-15.8993933248716,2.20111561330506,13.1738203384505));
#2710=CARTESIAN_POINT('',(-15.5274983640172,2.29743047386393,12.5296793711718));
#2711=CARTESIAN_POINT('',(-15.7656553500579,2.29743047386394,12.3921793711719));
#2712=CARTESIAN_POINT('',(-17.4451796547907,-1.14698036814965E-13,16.1012007995157));
#2713=CARTESIAN_POINT('',(-19.0960919071626,-3.70000000000008,18.9606646994616));
#2714=CARTESIAN_POINT('',(-19.0960919071626,-4.07500000000008,18.9606646994616));
#2715=CARTESIAN_POINT('',(-19.279298755618,-3.77978723404262,19.2779882692809));
#2716=CARTESIAN_POINT('',(-18.3701796547908,-4.07500000000009,17.703347796517));
#2717=CARTESIAN_POINT('',(-16.571692891083,-4.07500000000014,14.5882773450349));
#2718=CARTESIAN_POINT('',(-16.571692891083,-3.45000000000014,14.5882773450349));
#2719=CARTESIAN_POINT('',(-16.3764756887222,-3.93804300590202,14.2501512320346));
#2720=CARTESIAN_POINT('',(-16.2734097943467,-3.77313757490115,14.0716358664486));
#2721=CARTESIAN_POINT('',(-15.5959229470379,-2.68915861920704,12.8981942254501));
#2722=CARTESIAN_POINT('',(-15.7911401493986,-2.20111561330515,13.2363203384504));
#2723=CARTESIAN_POINT('',(-15.48122768202,-2.28137799710422,12.6995361990516));
#2724=CARTESIAN_POINT('',(-24.2901796547894,5.59371831276324E-14,27.9570885773223));
#2725=CARTESIAN_POINT('',(-15.4812276820199,2.28137799710411,12.6995361990516));
#2726=CARTESIAN_POINT('',(-15.7911401493985,2.20111561330506,13.2363203384505));
#2727=CARTESIAN_POINT('',(-15.5959229470378,2.68915861920695,12.8981942254502));
#2728=CARTESIAN_POINT('',(-15.7734097943466,2.97313757490104,13.2056104626642));
#2729=CARTESIAN_POINT('',(-16.376475688722,3.93804300590176,14.2501512320345));
#2730=CARTESIAN_POINT('',(-16.5716928910827,3.44999999999987,14.5882773450347));
#2731=CARTESIAN_POINT('',(-16.5716928910827,4.07499999999987,14.5882773450347));
#2732=CARTESIAN_POINT('',(-16.942664824307,4.07499999999988,15.2308195815613));
#2733=CARTESIAN_POINT('',(-19.0960919071624,4.07499999999993,18.9606646994616));
#2734=CARTESIAN_POINT('',(-19.0960919071624,3.69999999999993,18.9606646994616));
#2735=CARTESIAN_POINT('',(-19.2792987556178,3.77978723404249,19.2779882692809));
#2736=CARTESIAN_POINT('',(-10.6001796547907,-2.83827803077416E-13,4.24531302170677));
#2737=CARTESIAN_POINT('',(-19.4425020686764,-3.70000000000007,18.7606646994615));
#2738=CARTESIAN_POINT('',(-19.2043450826356,-3.70000000000007,18.8981646994616));
#2739=CARTESIAN_POINT('',(-19.2043450826356,-4.2,18.8981646994616));
#2740=CARTESIAN_POINT('',(-19.4425020686764,-4.20000000000007,18.7606646994615));
#2741=CARTESIAN_POINT('',(-19.6415898163046,-4.20000000000006,19.1054947935182));
#2742=CARTESIAN_POINT('',(-18.4784328302639,-4.20000000000009,17.640847796517));
#2743=CARTESIAN_POINT('',(-16.679946066556,-4.20000000000013,14.5257773450349));
#2744=CARTESIAN_POINT('',(-16.9181030525968,-4.20000000000013,14.3882773450349));
#2745=CARTESIAN_POINT('',(-16.9181030525968,-3.45000000000013,14.3882773450349));
#2746=CARTESIAN_POINT('',(-16.679946066556,-3.45000000000014,14.5257773450349));
#2747=CARTESIAN_POINT('',(-16.4456854237231,-4.0356516070824,14.1200260094345));
#2748=CARTESIAN_POINT('',(-16.6838424097639,-4.03565160708239,13.9825260094345));
#2749=CARTESIAN_POINT('',(-16.7865601553373,-4.19999999999993,14.1604383636067));
#2750=CARTESIAN_POINT('',(-16.3426195293476,-3.87074617608153,13.9415106438485));
#2751=CARTESIAN_POINT('',(-15.6651326820388,-2.78676722038742,12.7680690028501));
#2752=CARTESIAN_POINT('',(-15.9032896680795,-2.78676722038741,12.6305690028501));
#2753=CARTESIAN_POINT('',(-16.1375503109124,-2.20111561330514,13.0363203384505));
#2754=CARTESIAN_POINT('',(-15.8993933248717,-2.20111561330515,13.1738203384504));
#2755=CARTESIAN_POINT('',(-15.5274983640173,-2.29743047386403,12.5296793711718));
#2756=CARTESIAN_POINT('',(-15.765655350058,-2.29743047386402,12.3921793711718));
#2757=CARTESIAN_POINT('',(-24.6365898163032,6.45414115684773E-14,27.7570885773223));
#2758=CARTESIAN_POINT('',(-24.3984328302625,5.86260045153975E-14,27.8945885773223));
#2759=CARTESIAN_POINT('',(-18.4243062425274,-4.13750000000009,17.672097796517));
#2760=CARTESIAN_POINT('',(-16.571692891083,-4.07500000000014,14.5882773450349));
#2761=CARTESIAN_POINT('',(-19.2043450826357,-4.20000000000008,18.8981646994616));
#2762=CARTESIAN_POINT('',(-16.6258194788195,-3.45000000000014,14.5570273450349));
#2763=CARTESIAN_POINT('',(-16.3764756887222,-3.93804300590202,14.2501512320346));
#2764=CARTESIAN_POINT('',(-16.3080146618471,-3.82194187549134,14.0065732551486));
#2765=CARTESIAN_POINT('',(-15.5959229470379,-2.68915861920704,12.8981942254501));
#2766=CARTESIAN_POINT('',(-15.8452667371351,-2.20111561330515,13.2050703384504));
#2767=CARTESIAN_POINT('',(-15.48122768202,-2.28137799710422,12.6995361990516));
#2768=CARTESIAN_POINT('',(-24.3443062425259,5.72815938215149E-14,27.9258385773223));
#2769=CARTESIAN_POINT('',(-15.4812276820199,2.28137799710411,12.6995361990516));
#2770=CARTESIAN_POINT('',(-15.8452667371351,2.20111561330506,13.2050703384505));
#2771=CARTESIAN_POINT('',(-15.5959229470378,2.68915861920695,12.8981942254502));
#2772=CARTESIAN_POINT('',(-15.808014661847,3.02194187549123,13.1405478513642));
#2773=CARTESIAN_POINT('',(-16.376475688722,3.93804300590176,14.2501512320345));
#2774=CARTESIAN_POINT('',(-16.6258194788193,3.44999999999987,14.5570273450347));
#2775=CARTESIAN_POINT('',(-16.5716928910827,4.07499999999987,14.5882773450347));
#2776=CARTESIAN_POINT('',(-16.9967914120435,4.13749999999988,15.1995695815612));
#2777=CARTESIAN_POINT('',(-19.0960919071624,4.07499999999993,18.9606646994616));
#2778=CARTESIAN_POINT('',(-19.1502184948989,3.69999999999993,18.9294146994616));
#2779=CARTESIAN_POINT('',(-19.2792987556178,3.77978723404249,19.2779882692809));
#2780=CARTESIAN_POINT('',(-10.6543062425272,-2.82483392383534E-13,4.21406302170678));
#2781=CARTESIAN_POINT('',(-19.279298755618,-3.77978723404262,19.2779882692809));
#2782=CARTESIAN_POINT('',(-19.1502184948991,-3.70000000000007,18.9294146994616));
#2783=CARTESIAN_POINT('',(0.940110217509008,2.13712616326472,-1.43349554515546));
#2784=MECHANICAL_DESIGN_GEOMETRIC_PRESENTATION_REPRESENTATION('',(#1504,
#1382,#1383,#1384,#1385,#1386,#1387,#1388,#1389,#1390,#1391,#1392,#1393,
#1394,#1395,#1505,#1396,#1397,#1398,#1399,#1400,#1401,#1402,#1403,#1404,
#1405,#1406,#1407,#1408,#1409),#2785);
#2785=(
GEOMETRIC_REPRESENTATION_CONTEXT(3)
GLOBAL_UNCERTAINTY_ASSIGNED_CONTEXT((#2788))
GLOBAL_UNIT_ASSIGNED_CONTEXT((#2793,#2792,#2791))
REPRESENTATION_CONTEXT('pedal plates','TOP_LEVEL_ASSEMBLY_PART')
);
#2786=(
GEOMETRIC_REPRESENTATION_CONTEXT(3)
GLOBAL_UNCERTAINTY_ASSIGNED_CONTEXT((#2789))
GLOBAL_UNIT_ASSIGNED_CONTEXT((#2793,#2792,#2791))
REPRESENTATION_CONTEXT('Fanatec_CSP-V3 v8','COMPONENT_PART')
);
#2787=(
GEOMETRIC_REPRESENTATION_CONTEXT(3)
GLOBAL_UNCERTAINTY_ASSIGNED_CONTEXT((#2790))
GLOBAL_UNIT_ASSIGNED_CONTEXT((#2793,#2792,#2791))
REPRESENTATION_CONTEXT('Fanatec_CSP-V3 v8','COMPONENT_PART')
);
#2788=UNCERTAINTY_MEASURE_WITH_UNIT(LENGTH_MEASURE(1.E-6),#2793,
'DISTANCE_ACCURACY_VALUE','Maximum Tolerance applied to model');
#2789=UNCERTAINTY_MEASURE_WITH_UNIT(LENGTH_MEASURE(1.E-6),#2793,
'DISTANCE_ACCURACY_VALUE','Maximum Tolerance applied to model');
#2790=UNCERTAINTY_MEASURE_WITH_UNIT(LENGTH_MEASURE(1.E-6),#2793,
'DISTANCE_ACCURACY_VALUE','Maximum Tolerance applied to model');
#2791=(
NAMED_UNIT(*)
SI_UNIT($,.STERADIAN.)
SOLID_ANGLE_UNIT()
);
#2792=(
NAMED_UNIT(*)
PLANE_ANGLE_UNIT()
SI_UNIT($,.RADIAN.)
);
#2793=(
LENGTH_UNIT()
NAMED_UNIT(*)
SI_UNIT(.CENTI.,.METRE.)
);
#2794=PRODUCT_DEFINITION_SHAPE('','',#2799);
#2795=PRODUCT_DEFINITION_SHAPE('','',#2800);
#2796=PRODUCT_DEFINITION_SHAPE(' ','NAUO PRDDFN',#12);
#2797=PRODUCT_DEFINITION_SHAPE('','',#2801);
#2798=PRODUCT_DEFINITION_SHAPE(' ','NAUO PRDDFN',#13);
#2799=PRODUCT_DEFINITION('','',#2805,#2802);
#2800=PRODUCT_DEFINITION('','',#2806,#2803);
#2801=PRODUCT_DEFINITION('','',#2807,#2804);
#2802=PRODUCT_DEFINITION_CONTEXT('',#2821,'design');
#2803=PRODUCT_DEFINITION_CONTEXT('',#2821,'design');
#2804=PRODUCT_DEFINITION_CONTEXT('',#2821,'design');
#2805=PRODUCT_DEFINITION_FORMATION_WITH_SPECIFIED_SOURCE('','',#2811,
 .NOT_KNOWN.);
#2806=PRODUCT_DEFINITION_FORMATION_WITH_SPECIFIED_SOURCE('','',#2812,
 .NOT_KNOWN.);
#2807=PRODUCT_DEFINITION_FORMATION_WITH_SPECIFIED_SOURCE('','',#2813,
 .NOT_KNOWN.);
#2808=PRODUCT_RELATED_PRODUCT_CATEGORY('','',(#2811));
#2809=PRODUCT_RELATED_PRODUCT_CATEGORY('','',(#2812));
#2810=PRODUCT_RELATED_PRODUCT_CATEGORY('','',(#2813));
#2811=PRODUCT('pedal plates','pedal plates','pedal plates',(#2817));
#2812=PRODUCT('Fanatec_CSP-V3 v8','Fanatec_CSP-V3 v8',
'Fanatec_CSP-V3 v8',(#2818));
#2813=PRODUCT('Fanatec_CSP-V3 v8','Fanatec_CSP-V3 v8',
'Fanatec_CSP-V3 v8',(#2819));
#2814=PRODUCT_CATEGORY('','');
#2815=PRODUCT_CATEGORY('','');
#2816=PRODUCT_CATEGORY('','');
#2817=PRODUCT_CONTEXT('',#2821,'mechanical');
#2818=PRODUCT_CONTEXT('',#2821,'mechanical');
#2819=PRODUCT_CONTEXT('',#2821,'mechanical');
#2820=APPLICATION_PROTOCOL_DEFINITION('international standard',
'ap242_managed_model_based_3d_engineering',2020,#2821);
#2821=APPLICATION_CONTEXT('managed model based 3d engineering');
ENDSEC;
END-ISO-10303-21;
