ISO-10303-21;
HEADER;
/* Generated by software containing ST-Developer
 * from STEP Tools, Inc. (www.steptools.com) 
 */
/* OPTION: using custom renumber hook */

FILE_DESCRIPTION(
/* description */ ('STEP AP242 Edition 2',
'CAx-IF Rec.Pracs.---Representation and Presentation of Product Manufa
cturing Information (PMI)---4.0---2014-10-13',
'CAx-IF Rec.Pracs.---3D Tessellated Geometry---0.4---2014-09-14','2;1',
'CAx-IF Rec.Pracs.---User Defined Attributes---1.5---2016-08-15'),
/* implementation_level */ '2;1');

FILE_NAME(
/* name */ 'pedal base',
/* time_stamp */ '2026-05-03T07:53:37Z',
/* author */ (''),
/* organization */ (''),
/* preprocessor_version */ 'ST-DEVELOPER v20',
/* originating_system */ 'ONSHAPE BY PTC INC, 1.214',
/* authorisation */ '  ');

FILE_SCHEMA (('AP242_MANAGED_MODEL_BASED_3D_ENGINEERING_MIM_LF { 1 0 10303 442 3 1 4 }'));
ENDSEC;

DATA;
#10=B_SPLINE_SURFACE_WITH_KNOTS('',3,1,((#10869,#10870),(#10871,#10872),
(#10873,#10874),(#10875,#10876)),.SURF_OF_LINEAR_EXTRUSION.,.F.,.F.,.F.,
(4,4),(2,2),(0.,1.),(0.,1.),.PIECEWISE_BEZIER_KNOTS.);
#11=B_SPLINE_SURFACE_WITH_KNOTS('',3,1,((#10884,#10885),(#10886,#10887),
(#10888,#10889),(#10890,#10891)),.SURF_OF_LINEAR_EXTRUSION.,.F.,.F.,.F.,
(4,4),(2,2),(0.,1.),(0.,1.),.PIECEWISE_BEZIER_KNOTS.);
#12=B_SPLINE_SURFACE_WITH_KNOTS('',3,1,((#10897,#10898),(#10899,#10900),
(#10901,#10902),(#10903,#10904)),.SURF_OF_LINEAR_EXTRUSION.,.F.,.F.,.F.,
(4,4),(2,2),(0.,1.),(0.,1.),.PIECEWISE_BEZIER_KNOTS.);
#13=B_SPLINE_SURFACE_WITH_KNOTS('',3,1,((#10910,#10911),(#10912,#10913),
(#10914,#10915),(#10916,#10917)),.SURF_OF_LINEAR_EXTRUSION.,.F.,.F.,.F.,
(4,4),(2,2),(0.,1.),(0.,1.),.PIECEWISE_BEZIER_KNOTS.);
#14=B_SPLINE_SURFACE_WITH_KNOTS('',3,1,((#10923,#10924),(#10925,#10926),
(#10927,#10928),(#10929,#10930)),.SURF_OF_LINEAR_EXTRUSION.,.F.,.F.,.F.,
(4,4),(2,2),(0.,1.),(0.,1.),.PIECEWISE_BEZIER_KNOTS.);
#15=B_SPLINE_SURFACE_WITH_KNOTS('',3,1,((#10936,#10937),(#10938,#10939),
(#10940,#10941),(#10942,#10943)),.SURF_OF_LINEAR_EXTRUSION.,.F.,.F.,.F.,
(4,4),(2,2),(0.,1.),(0.,1.),.PIECEWISE_BEZIER_KNOTS.);
#16=B_SPLINE_SURFACE_WITH_KNOTS('',3,1,((#10953,#10954),(#10955,#10956),
(#10957,#10958),(#10959,#10960)),.SURF_OF_LINEAR_EXTRUSION.,.F.,.F.,.F.,
(4,4),(2,2),(0.,1.),(0.,1.),.PIECEWISE_BEZIER_KNOTS.);
#17=B_SPLINE_SURFACE_WITH_KNOTS('',3,1,((#10966,#10967),(#10968,#10969),
(#10970,#10971),(#10972,#10973)),.SURF_OF_LINEAR_EXTRUSION.,.F.,.F.,.F.,
(4,4),(2,2),(0.,1.),(0.,1.),.PIECEWISE_BEZIER_KNOTS.);
#18=B_SPLINE_SURFACE_WITH_KNOTS('',3,1,((#10979,#10980),(#10981,#10982),
(#10983,#10984),(#10985,#10986)),.SURF_OF_LINEAR_EXTRUSION.,.F.,.F.,.F.,
(4,4),(2,2),(0.,1.),(0.,1.),.PIECEWISE_BEZIER_KNOTS.);
#19=B_SPLINE_SURFACE_WITH_KNOTS('',3,1,((#10992,#10993),(#10994,#10995),
(#10996,#10997),(#10998,#10999)),.SURF_OF_LINEAR_EXTRUSION.,.F.,.F.,.F.,
(4,4),(2,2),(0.,1.),(0.,1.),.PIECEWISE_BEZIER_KNOTS.);
#20=B_SPLINE_SURFACE_WITH_KNOTS('',3,1,((#11005,#11006),(#11007,#11008),
(#11009,#11010),(#11011,#11012)),.SURF_OF_LINEAR_EXTRUSION.,.F.,.F.,.F.,
(4,4),(2,2),(0.,1.),(0.,1.),.PIECEWISE_BEZIER_KNOTS.);
#21=B_SPLINE_SURFACE_WITH_KNOTS('',3,1,((#11018,#11019),(#11020,#11021),
(#11022,#11023),(#11024,#11025)),.SURF_OF_LINEAR_EXTRUSION.,.F.,.F.,.F.,
(4,4),(2,2),(0.,1.),(0.,1.),.PIECEWISE_BEZIER_KNOTS.);
#22=B_SPLINE_SURFACE_WITH_KNOTS('',3,1,((#11031,#11032),(#11033,#11034),
(#11035,#11036),(#11037,#11038)),.SURF_OF_LINEAR_EXTRUSION.,.F.,.F.,.F.,
(4,4),(2,2),(0.,1.),(0.,1.),.PIECEWISE_BEZIER_KNOTS.);
#23=B_SPLINE_SURFACE_WITH_KNOTS('',3,1,((#11056,#11057),(#11058,#11059),
(#11060,#11061),(#11062,#11063)),.SURF_OF_LINEAR_EXTRUSION.,.F.,.F.,.F.,
(4,4),(2,2),(-5.26018879473277E-15,1.),(0.,1.),.PIECEWISE_BEZIER_KNOTS.);
#24=B_SPLINE_SURFACE_WITH_KNOTS('',3,1,((#11074,#11075),(#11076,#11077),
(#11078,#11079),(#11080,#11081)),.SURF_OF_LINEAR_EXTRUSION.,.F.,.F.,.F.,
(4,4),(2,2),(-2.02115545963517E-15,1.),(0.,1.),.PIECEWISE_BEZIER_KNOTS.);
#25=B_SPLINE_SURFACE_WITH_KNOTS('',3,1,((#11092,#11093),(#11094,#11095),
(#11096,#11097),(#11098,#11099)),.SURF_OF_LINEAR_EXTRUSION.,.F.,.F.,.F.,
(4,4),(2,2),(-3.87899525640317E-15,1.),(0.,1.),.PIECEWISE_BEZIER_KNOTS.);
#26=B_SPLINE_SURFACE_WITH_KNOTS('',3,1,((#11112,#11113),(#11114,#11115),
(#11116,#11117),(#11118,#11119)),.SURF_OF_LINEAR_EXTRUSION.,.F.,.F.,.F.,
(4,4),(2,2),(0.,1.),(0.,1.),.PIECEWISE_BEZIER_KNOTS.);
#27=B_SPLINE_SURFACE_WITH_KNOTS('',3,1,((#11129,#11130),(#11131,#11132),
(#11133,#11134),(#11135,#11136)),.SURF_OF_LINEAR_EXTRUSION.,.F.,.F.,.F.,
(4,4),(2,2),(0.,1.),(0.,1.),.PIECEWISE_BEZIER_KNOTS.);
#28=B_SPLINE_SURFACE_WITH_KNOTS('',3,1,((#11150,#11151),(#11152,#11153),
(#11154,#11155),(#11156,#11157)),.SURF_OF_LINEAR_EXTRUSION.,.F.,.F.,.F.,
(4,4),(2,2),(0.,1.),(0.,1.),.PIECEWISE_BEZIER_KNOTS.);
#29=B_SPLINE_SURFACE_WITH_KNOTS('',3,1,((#11163,#11164),(#11165,#11166),
(#11167,#11168),(#11169,#11170)),.SURF_OF_LINEAR_EXTRUSION.,.F.,.F.,.F.,
(4,4),(2,2),(0.,1.),(0.,1.),.PIECEWISE_BEZIER_KNOTS.);
#30=B_SPLINE_SURFACE_WITH_KNOTS('',3,1,((#11180,#11181),(#11182,#11183),
(#11184,#11185),(#11186,#11187)),.SURF_OF_LINEAR_EXTRUSION.,.F.,.F.,.F.,
(4,4),(2,2),(0.,1.),(0.,1.),.PIECEWISE_BEZIER_KNOTS.);
#31=B_SPLINE_SURFACE_WITH_KNOTS('',3,1,((#11193,#11194),(#11195,#11196),
(#11197,#11198),(#11199,#11200)),.SURF_OF_LINEAR_EXTRUSION.,.F.,.F.,.F.,
(4,4),(2,2),(0.,1.),(0.,1.),.PIECEWISE_BEZIER_KNOTS.);
#32=B_SPLINE_SURFACE_WITH_KNOTS('',3,1,((#11206,#11207),(#11208,#11209),
(#11210,#11211),(#11212,#11213)),.SURF_OF_LINEAR_EXTRUSION.,.F.,.F.,.F.,
(4,4),(2,2),(0.,1.),(0.,1.),.PIECEWISE_BEZIER_KNOTS.);
#33=B_SPLINE_SURFACE_WITH_KNOTS('',3,1,((#11219,#11220),(#11221,#11222),
(#11223,#11224),(#11225,#11226)),.SURF_OF_LINEAR_EXTRUSION.,.F.,.F.,.F.,
(4,4),(2,2),(0.,1.),(0.,1.),.PIECEWISE_BEZIER_KNOTS.);
#34=B_SPLINE_SURFACE_WITH_KNOTS('',3,1,((#11236,#11237),(#11238,#11239),
(#11240,#11241),(#11242,#11243)),.SURF_OF_LINEAR_EXTRUSION.,.F.,.F.,.F.,
(4,4),(2,2),(0.,1.),(0.,1.),.PIECEWISE_BEZIER_KNOTS.);
#35=B_SPLINE_SURFACE_WITH_KNOTS('',3,1,((#11249,#11250),(#11251,#11252),
(#11253,#11254),(#11255,#11256)),.SURF_OF_LINEAR_EXTRUSION.,.F.,.F.,.F.,
(4,4),(2,2),(0.,1.),(0.,1.),.PIECEWISE_BEZIER_KNOTS.);
#36=B_SPLINE_SURFACE_WITH_KNOTS('',3,1,((#11261,#11262),(#11263,#11264),
(#11265,#11266),(#11267,#11268)),.SURF_OF_LINEAR_EXTRUSION.,.F.,.F.,.F.,
(4,4),(2,2),(0.,1.),(0.,1.),.PIECEWISE_BEZIER_KNOTS.);
#37=B_SPLINE_SURFACE_WITH_KNOTS('',3,1,((#11276,#11277),(#11278,#11279),
(#11280,#11281),(#11282,#11283)),.SURF_OF_LINEAR_EXTRUSION.,.F.,.F.,.F.,
(4,4),(2,2),(0.,1.),(0.,1.),.PIECEWISE_BEZIER_KNOTS.);
#38=B_SPLINE_SURFACE_WITH_KNOTS('',3,1,((#11289,#11290),(#11291,#11292),
(#11293,#11294),(#11295,#11296)),.SURF_OF_LINEAR_EXTRUSION.,.F.,.F.,.F.,
(4,4),(2,2),(0.,1.),(0.,1.),.PIECEWISE_BEZIER_KNOTS.);
#39=B_SPLINE_SURFACE_WITH_KNOTS('',3,1,((#11302,#11303),(#11304,#11305),
(#11306,#11307),(#11308,#11309)),.SURF_OF_LINEAR_EXTRUSION.,.F.,.F.,.F.,
(4,4),(2,2),(0.,1.),(0.,1.),.PIECEWISE_BEZIER_KNOTS.);
#40=B_SPLINE_SURFACE_WITH_KNOTS('',3,1,((#11315,#11316),(#11317,#11318),
(#11319,#11320),(#11321,#11322)),.SURF_OF_LINEAR_EXTRUSION.,.F.,.F.,.F.,
(4,4),(2,2),(0.,1.),(0.,1.),.PIECEWISE_BEZIER_KNOTS.);
#41=B_SPLINE_SURFACE_WITH_KNOTS('',3,1,((#11328,#11329),(#11330,#11331),
(#11332,#11333),(#11334,#11335)),.SURF_OF_LINEAR_EXTRUSION.,.F.,.F.,.F.,
(4,4),(2,2),(0.,1.),(0.,1.),.PIECEWISE_BEZIER_KNOTS.);
#42=B_SPLINE_SURFACE_WITH_KNOTS('',3,1,((#11341,#11342),(#11343,#11344),
(#11345,#11346),(#11347,#11348)),.SURF_OF_LINEAR_EXTRUSION.,.F.,.F.,.F.,
(4,4),(2,2),(0.,1.),(0.,1.),.PIECEWISE_BEZIER_KNOTS.);
#43=B_SPLINE_SURFACE_WITH_KNOTS('',3,1,((#11354,#11355),(#11356,#11357),
(#11358,#11359),(#11360,#11361)),.SURF_OF_LINEAR_EXTRUSION.,.F.,.F.,.F.,
(4,4),(2,2),(0.,1.),(0.,1.),.PIECEWISE_BEZIER_KNOTS.);
#44=B_SPLINE_SURFACE_WITH_KNOTS('',3,1,((#11367,#11368),(#11369,#11370),
(#11371,#11372),(#11373,#11374)),.SURF_OF_LINEAR_EXTRUSION.,.F.,.F.,.F.,
(4,4),(2,2),(0.,1.),(0.,1.),.PIECEWISE_BEZIER_KNOTS.);
#45=B_SPLINE_SURFACE_WITH_KNOTS('',3,1,((#11380,#11381),(#11382,#11383),
(#11384,#11385),(#11386,#11387)),.SURF_OF_LINEAR_EXTRUSION.,.F.,.F.,.F.,
(4,4),(2,2),(0.,1.),(0.,1.),.PIECEWISE_BEZIER_KNOTS.);
#46=B_SPLINE_SURFACE_WITH_KNOTS('',3,1,((#11393,#11394),(#11395,#11396),
(#11397,#11398),(#11399,#11400)),.SURF_OF_LINEAR_EXTRUSION.,.F.,.F.,.F.,
(4,4),(2,2),(-3.1728956829116E-15,1.),(0.,1.),.PIECEWISE_BEZIER_KNOTS.);
#47=B_SPLINE_SURFACE_WITH_KNOTS('',3,1,((#11411,#11412),(#11413,#11414),
(#11415,#11416),(#11417,#11418)),.SURF_OF_LINEAR_EXTRUSION.,.F.,.F.,.F.,
(4,4),(2,2),(0.,1.),(0.,1.),.PIECEWISE_BEZIER_KNOTS.);
#48=B_SPLINE_SURFACE_WITH_KNOTS('',3,1,((#11430,#11431),(#11432,#11433),
(#11434,#11435),(#11436,#11437)),.SURF_OF_LINEAR_EXTRUSION.,.F.,.F.,.F.,
(4,4),(2,2),(0.,1.),(0.,1.),.PIECEWISE_BEZIER_KNOTS.);
#49=B_SPLINE_SURFACE_WITH_KNOTS('',3,1,((#11448,#11449),(#11450,#11451),
(#11452,#11453),(#11454,#11455)),.SURF_OF_LINEAR_EXTRUSION.,.F.,.F.,.F.,
(4,4),(2,2),(0.,1.),(0.,1.),.PIECEWISE_BEZIER_KNOTS.);
#50=B_SPLINE_SURFACE_WITH_KNOTS('',3,1,((#11465,#11466),(#11467,#11468),
(#11469,#11470),(#11471,#11472)),.SURF_OF_LINEAR_EXTRUSION.,.F.,.F.,.F.,
(4,4),(2,2),(0.,1.),(0.,1.),.PIECEWISE_BEZIER_KNOTS.);
#51=B_SPLINE_SURFACE_WITH_KNOTS('',3,1,((#11490,#11491),(#11492,#11493),
(#11494,#11495),(#11496,#11497)),.SURF_OF_LINEAR_EXTRUSION.,.F.,.F.,.F.,
(4,4),(2,2),(0.,1.),(0.,1.),.PIECEWISE_BEZIER_KNOTS.);
#52=B_SPLINE_SURFACE_WITH_KNOTS('',3,1,((#11503,#11504),(#11505,#11506),
(#11507,#11508),(#11509,#11510)),.SURF_OF_LINEAR_EXTRUSION.,.F.,.F.,.F.,
(4,4),(2,2),(0.,1.),(0.,1.),.PIECEWISE_BEZIER_KNOTS.);
#53=B_SPLINE_SURFACE_WITH_KNOTS('',3,1,((#11516,#11517),(#11518,#11519),
(#11520,#11521),(#11522,#11523)),.SURF_OF_LINEAR_EXTRUSION.,.F.,.F.,.F.,
(4,4),(2,2),(0.,1.),(0.,1.),.PIECEWISE_BEZIER_KNOTS.);
#54=B_SPLINE_SURFACE_WITH_KNOTS('',3,1,((#11529,#11530),(#11531,#11532),
(#11533,#11534),(#11535,#11536)),.SURF_OF_LINEAR_EXTRUSION.,.F.,.F.,.F.,
(4,4),(2,2),(0.,1.),(0.,1.),.PIECEWISE_BEZIER_KNOTS.);
#55=B_SPLINE_SURFACE_WITH_KNOTS('',3,1,((#11542,#11543),(#11544,#11545),
(#11546,#11547),(#11548,#11549)),.SURF_OF_LINEAR_EXTRUSION.,.F.,.F.,.F.,
(4,4),(2,2),(0.,1.),(0.,1.),.PIECEWISE_BEZIER_KNOTS.);
#56=B_SPLINE_SURFACE_WITH_KNOTS('',3,1,((#11555,#11556),(#11557,#11558),
(#11559,#11560),(#11561,#11562)),.SURF_OF_LINEAR_EXTRUSION.,.F.,.F.,.F.,
(4,4),(2,2),(0.,1.),(0.,1.),.PIECEWISE_BEZIER_KNOTS.);
#57=B_SPLINE_SURFACE_WITH_KNOTS('',3,1,((#11580,#11581),(#11582,#11583),
(#11584,#11585),(#11586,#11587)),.SURF_OF_LINEAR_EXTRUSION.,.F.,.F.,.F.,
(4,4),(2,2),(0.,1.),(0.,1.),.PIECEWISE_BEZIER_KNOTS.);
#58=B_SPLINE_SURFACE_WITH_KNOTS('',3,1,((#11593,#11594),(#11595,#11596),
(#11597,#11598),(#11599,#11600)),.SURF_OF_LINEAR_EXTRUSION.,.F.,.F.,.F.,
(4,4),(2,2),(0.,1.),(0.,1.),.PIECEWISE_BEZIER_KNOTS.);
#59=B_SPLINE_SURFACE_WITH_KNOTS('',3,1,((#11606,#11607),(#11608,#11609),
(#11610,#11611),(#11612,#11613)),.SURF_OF_LINEAR_EXTRUSION.,.F.,.F.,.F.,
(4,4),(2,2),(0.,1.),(0.,1.),.PIECEWISE_BEZIER_KNOTS.);
#60=B_SPLINE_SURFACE_WITH_KNOTS('',3,1,((#11619,#11620),(#11621,#11622),
(#11623,#11624),(#11625,#11626)),.SURF_OF_LINEAR_EXTRUSION.,.F.,.F.,.F.,
(4,4),(2,2),(0.,1.),(0.,1.),.PIECEWISE_BEZIER_KNOTS.);
#61=B_SPLINE_SURFACE_WITH_KNOTS('',3,1,((#11632,#11633),(#11634,#11635),
(#11636,#11637),(#11638,#11639)),.SURF_OF_LINEAR_EXTRUSION.,.F.,.F.,.F.,
(4,4),(2,2),(0.,1.),(0.,1.),.PIECEWISE_BEZIER_KNOTS.);
#62=B_SPLINE_SURFACE_WITH_KNOTS('',3,1,((#11645,#11646),(#11647,#11648),
(#11649,#11650),(#11651,#11652)),.SURF_OF_LINEAR_EXTRUSION.,.F.,.F.,.F.,
(4,4),(2,2),(0.,1.),(0.,1.),.PIECEWISE_BEZIER_KNOTS.);
#63=B_SPLINE_SURFACE_WITH_KNOTS('',3,1,((#11658,#11659),(#11660,#11661),
(#11662,#11663),(#11664,#11665)),.SURF_OF_LINEAR_EXTRUSION.,.F.,.F.,.F.,
(4,4),(2,2),(0.,1.),(0.,1.),.PIECEWISE_BEZIER_KNOTS.);
#64=B_SPLINE_SURFACE_WITH_KNOTS('',3,1,((#11671,#11672),(#11673,#11674),
(#11675,#11676),(#11677,#11678)),.SURF_OF_LINEAR_EXTRUSION.,.F.,.F.,.F.,
(4,4),(2,2),(0.,1.),(0.,1.),.PIECEWISE_BEZIER_KNOTS.);
#65=B_SPLINE_SURFACE_WITH_KNOTS('',3,1,((#11696,#11697),(#11698,#11699),
(#11700,#11701),(#11702,#11703)),.SURF_OF_LINEAR_EXTRUSION.,.F.,.F.,.F.,
(4,4),(2,2),(0.,1.),(0.,1.),.PIECEWISE_BEZIER_KNOTS.);
#66=B_SPLINE_SURFACE_WITH_KNOTS('',3,1,((#11709,#11710),(#11711,#11712),
(#11713,#11714),(#11715,#11716)),.SURF_OF_LINEAR_EXTRUSION.,.F.,.F.,.F.,
(4,4),(2,2),(0.,1.),(0.,1.),.PIECEWISE_BEZIER_KNOTS.);
#67=B_SPLINE_SURFACE_WITH_KNOTS('',3,1,((#11721,#11722),(#11723,#11724),
(#11725,#11726),(#11727,#11728)),.SURF_OF_LINEAR_EXTRUSION.,.F.,.F.,.F.,
(4,4),(2,2),(0.,1.),(0.,1.),.PIECEWISE_BEZIER_KNOTS.);
#68=B_SPLINE_SURFACE_WITH_KNOTS('',3,1,((#11736,#11737),(#11738,#11739),
(#11740,#11741),(#11742,#11743)),.SURF_OF_LINEAR_EXTRUSION.,.F.,.F.,.F.,
(4,4),(2,2),(0.,1.),(0.,1.),.PIECEWISE_BEZIER_KNOTS.);
#69=B_SPLINE_SURFACE_WITH_KNOTS('',3,1,((#11749,#11750),(#11751,#11752),
(#11753,#11754),(#11755,#11756)),.SURF_OF_LINEAR_EXTRUSION.,.F.,.F.,.F.,
(4,4),(2,2),(0.,1.),(0.,1.),.PIECEWISE_BEZIER_KNOTS.);
#70=B_SPLINE_SURFACE_WITH_KNOTS('',3,1,((#11762,#11763),(#11764,#11765),
(#11766,#11767),(#11768,#11769)),.SURF_OF_LINEAR_EXTRUSION.,.F.,.F.,.F.,
(4,4),(2,2),(0.,1.),(0.,1.),.PIECEWISE_BEZIER_KNOTS.);
#71=B_SPLINE_SURFACE_WITH_KNOTS('',3,1,((#11775,#11776),(#11777,#11778),
(#11779,#11780),(#11781,#11782)),.SURF_OF_LINEAR_EXTRUSION.,.F.,.F.,.F.,
(4,4),(2,2),(0.,1.),(0.,1.),.PIECEWISE_BEZIER_KNOTS.);
#72=B_SPLINE_SURFACE_WITH_KNOTS('',3,1,((#11788,#11789),(#11790,#11791),
(#11792,#11793),(#11794,#11795)),.SURF_OF_LINEAR_EXTRUSION.,.F.,.F.,.F.,
(4,4),(2,2),(0.,1.),(0.,1.),.PIECEWISE_BEZIER_KNOTS.);
#73=B_SPLINE_SURFACE_WITH_KNOTS('',3,1,((#11805,#11806),(#11807,#11808),
(#11809,#11810),(#11811,#11812)),.SURF_OF_LINEAR_EXTRUSION.,.F.,.F.,.F.,
(4,4),(2,2),(0.,1.),(0.,1.),.PIECEWISE_BEZIER_KNOTS.);
#74=B_SPLINE_SURFACE_WITH_KNOTS('',3,1,((#11818,#11819),(#11820,#11821),
(#11822,#11823),(#11824,#11825)),.SURF_OF_LINEAR_EXTRUSION.,.F.,.F.,.F.,
(4,4),(2,2),(0.,1.),(0.,1.),.PIECEWISE_BEZIER_KNOTS.);
#75=B_SPLINE_SURFACE_WITH_KNOTS('',3,1,((#11831,#11832),(#11833,#11834),
(#11835,#11836),(#11837,#11838)),.SURF_OF_LINEAR_EXTRUSION.,.F.,.F.,.F.,
(4,4),(2,2),(0.,1.),(0.,1.),.PIECEWISE_BEZIER_KNOTS.);
#76=B_SPLINE_SURFACE_WITH_KNOTS('',3,1,((#11844,#11845),(#11846,#11847),
(#11848,#11849),(#11850,#11851)),.SURF_OF_LINEAR_EXTRUSION.,.F.,.F.,.F.,
(4,4),(2,2),(0.,1.),(0.,1.),.PIECEWISE_BEZIER_KNOTS.);
#77=B_SPLINE_SURFACE_WITH_KNOTS('',3,1,((#11857,#11858),(#11859,#11860),
(#11861,#11862),(#11863,#11864)),.SURF_OF_LINEAR_EXTRUSION.,.F.,.F.,.F.,
(4,4),(2,2),(0.,1.),(0.,1.),.PIECEWISE_BEZIER_KNOTS.);
#78=B_SPLINE_SURFACE_WITH_KNOTS('',3,1,((#11870,#11871),(#11872,#11873),
(#11874,#11875),(#11876,#11877)),.SURF_OF_LINEAR_EXTRUSION.,.F.,.F.,.F.,
(4,4),(2,2),(0.,1.),(0.,1.),.PIECEWISE_BEZIER_KNOTS.);
#79=B_SPLINE_SURFACE_WITH_KNOTS('',3,1,((#11883,#11884),(#11885,#11886),
(#11887,#11888),(#11889,#11890)),.SURF_OF_LINEAR_EXTRUSION.,.F.,.F.,.F.,
(4,4),(2,2),(0.,1.),(0.,1.),.PIECEWISE_BEZIER_KNOTS.);
#80=B_SPLINE_SURFACE_WITH_KNOTS('',3,1,((#11908,#11909),(#11910,#11911),
(#11912,#11913),(#11914,#11915)),.SURF_OF_LINEAR_EXTRUSION.,.F.,.F.,.F.,
(4,4),(2,2),(0.,1.),(0.,1.),.PIECEWISE_BEZIER_KNOTS.);
#81=B_SPLINE_SURFACE_WITH_KNOTS('',3,1,((#11926,#11927),(#11928,#11929),
(#11930,#11931),(#11932,#11933)),.SURF_OF_LINEAR_EXTRUSION.,.F.,.F.,.F.,
(4,4),(2,2),(-3.18540127635929E-17,1.),(0.,1.),.PIECEWISE_BEZIER_KNOTS.);
#82=B_SPLINE_SURFACE_WITH_KNOTS('',3,1,((#11944,#11945),(#11946,#11947),
(#11948,#11949),(#11950,#11951)),.SURF_OF_LINEAR_EXTRUSION.,.F.,.F.,.F.,
(4,4),(2,2),(-3.70272263478173E-16,1.),(0.,1.),.PIECEWISE_BEZIER_KNOTS.);
#83=B_SPLINE_SURFACE_WITH_KNOTS('',3,1,((#11964,#11965),(#11966,#11967),
(#11968,#11969),(#11970,#11971)),.SURF_OF_LINEAR_EXTRUSION.,.F.,.F.,.F.,
(4,4),(2,2),(0.,1.),(0.,1.),.PIECEWISE_BEZIER_KNOTS.);
#84=B_SPLINE_SURFACE_WITH_KNOTS('',3,1,((#11981,#11982),(#11983,#11984),
(#11985,#11986),(#11987,#11988)),.SURF_OF_LINEAR_EXTRUSION.,.F.,.F.,.F.,
(4,4),(2,2),(0.,1.),(0.,1.),.PIECEWISE_BEZIER_KNOTS.);
#85=B_SPLINE_SURFACE_WITH_KNOTS('',3,1,((#12002,#12003),(#12004,#12005),
(#12006,#12007),(#12008,#12009)),.SURF_OF_LINEAR_EXTRUSION.,.F.,.F.,.F.,
(4,4),(2,2),(0.,1.),(0.,1.),.PIECEWISE_BEZIER_KNOTS.);
#86=B_SPLINE_SURFACE_WITH_KNOTS('',3,1,((#12015,#12016),(#12017,#12018),
(#12019,#12020),(#12021,#12022)),.SURF_OF_LINEAR_EXTRUSION.,.F.,.F.,.F.,
(4,4),(2,2),(0.,1.),(0.,1.),.PIECEWISE_BEZIER_KNOTS.);
#87=B_SPLINE_SURFACE_WITH_KNOTS('',3,1,((#12032,#12033),(#12034,#12035),
(#12036,#12037),(#12038,#12039)),.SURF_OF_LINEAR_EXTRUSION.,.F.,.F.,.F.,
(4,4),(2,2),(0.,1.),(0.,1.),.PIECEWISE_BEZIER_KNOTS.);
#88=B_SPLINE_SURFACE_WITH_KNOTS('',3,1,((#12045,#12046),(#12047,#12048),
(#12049,#12050),(#12051,#12052)),.SURF_OF_LINEAR_EXTRUSION.,.F.,.F.,.F.,
(4,4),(2,2),(0.,1.),(0.,1.),.PIECEWISE_BEZIER_KNOTS.);
#89=B_SPLINE_SURFACE_WITH_KNOTS('',3,1,((#12058,#12059),(#12060,#12061),
(#12062,#12063),(#12064,#12065)),.SURF_OF_LINEAR_EXTRUSION.,.F.,.F.,.F.,
(4,4),(2,2),(0.,1.),(0.,1.),.PIECEWISE_BEZIER_KNOTS.);
#90=B_SPLINE_SURFACE_WITH_KNOTS('',3,1,((#12071,#12072),(#12073,#12074),
(#12075,#12076),(#12077,#12078)),.SURF_OF_LINEAR_EXTRUSION.,.F.,.F.,.F.,
(4,4),(2,2),(0.,1.),(0.,1.),.PIECEWISE_BEZIER_KNOTS.);
#91=B_SPLINE_SURFACE_WITH_KNOTS('',3,1,((#12088,#12089),(#12090,#12091),
(#12092,#12093),(#12094,#12095)),.SURF_OF_LINEAR_EXTRUSION.,.F.,.F.,.F.,
(4,4),(2,2),(0.,1.),(0.,1.),.PIECEWISE_BEZIER_KNOTS.);
#92=B_SPLINE_SURFACE_WITH_KNOTS('',3,1,((#12101,#12102),(#12103,#12104),
(#12105,#12106),(#12107,#12108)),.SURF_OF_LINEAR_EXTRUSION.,.F.,.F.,.F.,
(4,4),(2,2),(0.,1.),(0.,1.),.PIECEWISE_BEZIER_KNOTS.);
#93=B_SPLINE_SURFACE_WITH_KNOTS('',3,1,((#12237,#12238),(#12239,#12240),
(#12241,#12242),(#12243,#12244)),.SURF_OF_LINEAR_EXTRUSION.,.F.,.F.,.F.,
(4,4),(2,2),(0.,1.),(0.,1.),.PIECEWISE_BEZIER_KNOTS.);
#94=B_SPLINE_SURFACE_WITH_KNOTS('',3,1,((#12254,#12255),(#12256,#12257),
(#12258,#12259),(#12260,#12261)),.SURF_OF_LINEAR_EXTRUSION.,.F.,.F.,.F.,
(4,4),(2,2),(0.,1.),(0.,1.),.PIECEWISE_BEZIER_KNOTS.);
#95=B_SPLINE_SURFACE_WITH_KNOTS('',3,1,((#12271,#12272),(#12273,#12274),
(#12275,#12276),(#12277,#12278)),.SURF_OF_LINEAR_EXTRUSION.,.F.,.F.,.F.,
(4,4),(2,2),(0.,1.),(0.,1.),.PIECEWISE_BEZIER_KNOTS.);
#96=B_SPLINE_SURFACE_WITH_KNOTS('',3,1,((#12294,#12295),(#12296,#12297),
(#12298,#12299),(#12300,#12301)),.SURF_OF_LINEAR_EXTRUSION.,.F.,.F.,.F.,
(4,4),(2,2),(0.,1.),(0.,1.),.PIECEWISE_BEZIER_KNOTS.);
#97=B_SPLINE_SURFACE_WITH_KNOTS('',3,1,((#12311,#12312),(#12313,#12314),
(#12315,#12316),(#12317,#12318)),.SURF_OF_LINEAR_EXTRUSION.,.F.,.F.,.F.,
(4,4),(2,2),(0.,1.),(0.,1.),.PIECEWISE_BEZIER_KNOTS.);
#98=B_SPLINE_SURFACE_WITH_KNOTS('',3,1,((#12340,#12341),(#12342,#12343),
(#12344,#12345),(#12346,#12347)),.SURF_OF_LINEAR_EXTRUSION.,.F.,.F.,.F.,
(4,4),(2,2),(0.,1.),(0.,1.),.PIECEWISE_BEZIER_KNOTS.);
#99=B_SPLINE_SURFACE_WITH_KNOTS('',3,1,((#12353,#12354),(#12355,#12356),
(#12357,#12358),(#12359,#12360)),.SURF_OF_LINEAR_EXTRUSION.,.F.,.F.,.F.,
(4,4),(2,2),(0.,1.),(0.,1.),.PIECEWISE_BEZIER_KNOTS.);
#100=B_SPLINE_SURFACE_WITH_KNOTS('',3,1,((#12366,#12367),(#12368,#12369),
(#12370,#12371),(#12372,#12373)),.SURF_OF_LINEAR_EXTRUSION.,.F.,.F.,.F.,
(4,4),(2,2),(0.,1.),(0.,1.),.PIECEWISE_BEZIER_KNOTS.);
#101=B_SPLINE_SURFACE_WITH_KNOTS('',3,1,((#12383,#12384),(#12385,#12386),
(#12387,#12388),(#12389,#12390)),.SURF_OF_LINEAR_EXTRUSION.,.F.,.F.,.F.,
(4,4),(2,2),(0.,1.),(0.,1.),.PIECEWISE_BEZIER_KNOTS.);
#102=B_SPLINE_SURFACE_WITH_KNOTS('',3,1,((#12396,#12397),(#12398,#12399),
(#12400,#12401),(#12402,#12403)),.SURF_OF_LINEAR_EXTRUSION.,.F.,.F.,.F.,
(4,4),(2,2),(-3.95598012996738E-15,1.),(0.,1.),.PIECEWISE_BEZIER_KNOTS.);
#103=B_SPLINE_SURFACE_WITH_KNOTS('',3,1,((#12414,#12415),(#12416,#12417),
(#12418,#12419),(#12420,#12421)),.SURF_OF_LINEAR_EXTRUSION.,.F.,.F.,.F.,
(4,4),(2,2),(-1.44007780876406E-15,1.),(0.,1.),.PIECEWISE_BEZIER_KNOTS.);
#104=B_SPLINE_SURFACE_WITH_KNOTS('',3,1,((#12436,#12437),(#12438,#12439),
(#12440,#12441),(#12442,#12443)),.SURF_OF_LINEAR_EXTRUSION.,.F.,.F.,.F.,
(4,4),(2,2),(0.,1.),(0.,1.),.PIECEWISE_BEZIER_KNOTS.);
#105=B_SPLINE_SURFACE_WITH_KNOTS('',3,1,((#12526,#12527),(#12528,#12529),
(#12530,#12531),(#12532,#12533)),.SURF_OF_LINEAR_EXTRUSION.,.F.,.F.,.F.,
(4,4),(2,2),(0.,1.),(0.,1.),.PIECEWISE_BEZIER_KNOTS.);
#106=B_SPLINE_SURFACE_WITH_KNOTS('',3,1,((#12543,#12544),(#12545,#12546),
(#12547,#12548),(#12549,#12550)),.SURF_OF_LINEAR_EXTRUSION.,.F.,.F.,.F.,
(4,4),(2,2),(0.,1.),(0.,1.),.PIECEWISE_BEZIER_KNOTS.);
#107=B_SPLINE_SURFACE_WITH_KNOTS('',3,1,((#12560,#12561),(#12562,#12563),
(#12564,#12565),(#12566,#12567)),.SURF_OF_LINEAR_EXTRUSION.,.F.,.F.,.F.,
(4,4),(2,2),(0.,1.),(0.,1.),.PIECEWISE_BEZIER_KNOTS.);
#108=B_SPLINE_SURFACE_WITH_KNOTS('',3,1,((#12577,#12578),(#12579,#12580),
(#12581,#12582),(#12583,#12584)),.SURF_OF_LINEAR_EXTRUSION.,.F.,.F.,.F.,
(4,4),(2,2),(0.,1.),(0.,1.),.PIECEWISE_BEZIER_KNOTS.);
#109=B_SPLINE_SURFACE_WITH_KNOTS('',3,1,((#12594,#12595),(#12596,#12597),
(#12598,#12599),(#12600,#12601)),.SURF_OF_LINEAR_EXTRUSION.,.F.,.F.,.F.,
(4,4),(2,2),(0.,1.),(0.,1.),.PIECEWISE_BEZIER_KNOTS.);
#110=B_SPLINE_SURFACE_WITH_KNOTS('',3,1,((#12631,#12632),(#12633,#12634),
(#12635,#12636),(#12637,#12638)),.SURF_OF_LINEAR_EXTRUSION.,.F.,.F.,.F.,
(4,4),(2,2),(0.,1.),(0.,1.),.PIECEWISE_BEZIER_KNOTS.);
#111=B_SPLINE_SURFACE_WITH_KNOTS('',3,1,((#12644,#12645),(#12646,#12647),
(#12648,#12649),(#12650,#12651)),.SURF_OF_LINEAR_EXTRUSION.,.F.,.F.,.F.,
(4,4),(2,2),(0.,1.),(0.,1.),.PIECEWISE_BEZIER_KNOTS.);
#112=B_SPLINE_SURFACE_WITH_KNOTS('',3,1,((#12657,#12658),(#12659,#12660),
(#12661,#12662),(#12663,#12664)),.SURF_OF_LINEAR_EXTRUSION.,.F.,.F.,.F.,
(4,4),(2,2),(0.,1.),(0.,1.),.PIECEWISE_BEZIER_KNOTS.);
#113=B_SPLINE_SURFACE_WITH_KNOTS('',3,1,((#12670,#12671),(#12672,#12673),
(#12674,#12675),(#12676,#12677)),.SURF_OF_LINEAR_EXTRUSION.,.F.,.F.,.F.,
(4,4),(2,2),(0.,1.),(0.,1.),.PIECEWISE_BEZIER_KNOTS.);
#114=B_SPLINE_SURFACE_WITH_KNOTS('',3,1,((#12683,#12684),(#12685,#12686),
(#12687,#12688),(#12689,#12690)),.SURF_OF_LINEAR_EXTRUSION.,.F.,.F.,.F.,
(4,4),(2,2),(-4.34440017723685E-16,1.),(0.,1.),.PIECEWISE_BEZIER_KNOTS.);
#115=B_SPLINE_SURFACE_WITH_KNOTS('',3,1,((#12701,#12702),(#12703,#12704),
(#12705,#12706),(#12707,#12708)),.SURF_OF_LINEAR_EXTRUSION.,.F.,.F.,.F.,
(4,4),(2,2),(0.,1.),(0.,1.),.PIECEWISE_BEZIER_KNOTS.);
#116=B_SPLINE_SURFACE_WITH_KNOTS('',3,1,((#12723,#12724),(#12725,#12726),
(#12727,#12728),(#12729,#12730)),.SURF_OF_LINEAR_EXTRUSION.,.F.,.F.,.F.,
(4,4),(2,2),(0.,1.),(0.,1.),.PIECEWISE_BEZIER_KNOTS.);
#117=B_SPLINE_SURFACE_WITH_KNOTS('',3,1,((#12792,#12793),(#12794,#12795),
(#12796,#12797),(#12798,#12799)),.SURF_OF_LINEAR_EXTRUSION.,.F.,.F.,.F.,
(4,4),(2,2),(0.,1.),(0.,1.),.PIECEWISE_BEZIER_KNOTS.);
#118=B_SPLINE_SURFACE_WITH_KNOTS('',3,1,((#12807,#12808),(#12809,#12810),
(#12811,#12812),(#12813,#12814)),.SURF_OF_LINEAR_EXTRUSION.,.F.,.F.,.F.,
(4,4),(2,2),(0.,1.),(0.,1.),.PIECEWISE_BEZIER_KNOTS.);
#119=B_SPLINE_SURFACE_WITH_KNOTS('',3,1,((#12820,#12821),(#12822,#12823),
(#12824,#12825),(#12826,#12827)),.SURF_OF_LINEAR_EXTRUSION.,.F.,.F.,.F.,
(4,4),(2,2),(0.,1.),(0.,1.),.PIECEWISE_BEZIER_KNOTS.);
#120=B_SPLINE_SURFACE_WITH_KNOTS('',3,1,((#12833,#12834),(#12835,#12836),
(#12837,#12838),(#12839,#12840)),.SURF_OF_LINEAR_EXTRUSION.,.F.,.F.,.F.,
(4,4),(2,2),(0.,1.),(0.,1.),.PIECEWISE_BEZIER_KNOTS.);
#121=B_SPLINE_SURFACE_WITH_KNOTS('',3,1,((#12867,#12868),(#12869,#12870),
(#12871,#12872),(#12873,#12874)),.SURF_OF_LINEAR_EXTRUSION.,.F.,.F.,.F.,
(4,4),(2,2),(0.,1.),(0.,1.),.PIECEWISE_BEZIER_KNOTS.);
#122=B_SPLINE_SURFACE_WITH_KNOTS('',3,1,((#12880,#12881),(#12882,#12883),
(#12884,#12885),(#12886,#12887)),.SURF_OF_LINEAR_EXTRUSION.,.F.,.F.,.F.,
(4,4),(2,2),(0.,1.),(0.,1.),.PIECEWISE_BEZIER_KNOTS.);
#123=B_SPLINE_SURFACE_WITH_KNOTS('',3,1,((#12893,#12894),(#12895,#12896),
(#12897,#12898),(#12899,#12900)),.SURF_OF_LINEAR_EXTRUSION.,.F.,.F.,.F.,
(4,4),(2,2),(0.,1.),(0.,1.),.PIECEWISE_BEZIER_KNOTS.);
#124=B_SPLINE_SURFACE_WITH_KNOTS('',3,1,((#12906,#12907),(#12908,#12909),
(#12910,#12911),(#12912,#12913)),.SURF_OF_LINEAR_EXTRUSION.,.F.,.F.,.F.,
(4,4),(2,2),(0.,1.),(0.,1.),.PIECEWISE_BEZIER_KNOTS.);
#125=B_SPLINE_SURFACE_WITH_KNOTS('',3,1,((#12940,#12941),(#12942,#12943),
(#12944,#12945),(#12946,#12947)),.SURF_OF_LINEAR_EXTRUSION.,.F.,.F.,.F.,
(4,4),(2,2),(0.,1.),(0.,1.),.PIECEWISE_BEZIER_KNOTS.);
#126=B_SPLINE_SURFACE_WITH_KNOTS('',3,1,((#12953,#12954),(#12955,#12956),
(#12957,#12958),(#12959,#12960)),.SURF_OF_LINEAR_EXTRUSION.,.F.,.F.,.F.,
(4,4),(2,2),(0.,1.),(0.,1.),.PIECEWISE_BEZIER_KNOTS.);
#127=B_SPLINE_SURFACE_WITH_KNOTS('',3,1,((#13294,#13295),(#13296,#13297),
(#13298,#13299),(#13300,#13301)),.SURF_OF_LINEAR_EXTRUSION.,.F.,.F.,.F.,
(4,4),(2,2),(0.,1.),(0.,1.),.PIECEWISE_BEZIER_KNOTS.);
#128=B_SPLINE_SURFACE_WITH_KNOTS('',3,1,((#13311,#13312),(#13313,#13314),
(#13315,#13316),(#13317,#13318)),.SURF_OF_LINEAR_EXTRUSION.,.F.,.F.,.F.,
(4,4),(2,2),(0.,1.),(0.,1.),.PIECEWISE_BEZIER_KNOTS.);
#129=B_SPLINE_SURFACE_WITH_KNOTS('',3,1,((#13328,#13329),(#13330,#13331),
(#13332,#13333),(#13334,#13335)),.SURF_OF_LINEAR_EXTRUSION.,.F.,.F.,.F.,
(4,4),(2,2),(0.,1.),(0.,1.),.PIECEWISE_BEZIER_KNOTS.);
#130=B_SPLINE_SURFACE_WITH_KNOTS('',3,1,((#13345,#13346),(#13347,#13348),
(#13349,#13350),(#13351,#13352)),.SURF_OF_LINEAR_EXTRUSION.,.F.,.F.,.F.,
(4,4),(2,2),(0.,1.),(0.,1.),.PIECEWISE_BEZIER_KNOTS.);
#131=B_SPLINE_SURFACE_WITH_KNOTS('',3,1,((#13394,#13395),(#13396,#13397),
(#13398,#13399),(#13400,#13401)),.SURF_OF_LINEAR_EXTRUSION.,.F.,.F.,.F.,
(4,4),(2,2),(0.,1.),(0.,1.),.PIECEWISE_BEZIER_KNOTS.);
#132=B_SPLINE_SURFACE_WITH_KNOTS('',3,1,((#13407,#13408),(#13409,#13410),
(#13411,#13412),(#13413,#13414)),.SURF_OF_LINEAR_EXTRUSION.,.F.,.F.,.F.,
(4,4),(2,2),(0.,1.),(0.,1.),.PIECEWISE_BEZIER_KNOTS.);
#133=B_SPLINE_SURFACE_WITH_KNOTS('',3,1,((#13420,#13421),(#13422,#13423),
(#13424,#13425),(#13426,#13427)),.SURF_OF_LINEAR_EXTRUSION.,.F.,.F.,.F.,
(4,4),(2,2),(0.,1.),(0.,1.),.PIECEWISE_BEZIER_KNOTS.);
#134=B_SPLINE_SURFACE_WITH_KNOTS('',3,1,((#13433,#13434),(#13435,#13436),
(#13437,#13438),(#13439,#13440)),.SURF_OF_LINEAR_EXTRUSION.,.F.,.F.,.F.,
(4,4),(2,2),(0.,1.),(0.,1.),.PIECEWISE_BEZIER_KNOTS.);
#135=B_SPLINE_SURFACE_WITH_KNOTS('',3,1,((#13446,#13447),(#13448,#13449),
(#13450,#13451),(#13452,#13453)),.SURF_OF_LINEAR_EXTRUSION.,.F.,.F.,.F.,
(4,4),(2,2),(0.,1.),(0.,1.),.PIECEWISE_BEZIER_KNOTS.);
#136=B_SPLINE_SURFACE_WITH_KNOTS('',3,1,((#13464,#13465),(#13466,#13467),
(#13468,#13469),(#13470,#13471)),.SURF_OF_LINEAR_EXTRUSION.,.F.,.F.,.F.,
(4,4),(2,2),(0.,1.),(0.,1.),.PIECEWISE_BEZIER_KNOTS.);
#137=B_SPLINE_SURFACE_WITH_KNOTS('',3,1,((#13485,#13486),(#13487,#13488),
(#13489,#13490),(#13491,#13492)),.SURF_OF_LINEAR_EXTRUSION.,.F.,.F.,.F.,
(4,4),(2,2),(0.,1.),(0.,1.),.PIECEWISE_BEZIER_KNOTS.);
#138=B_SPLINE_CURVE_WITH_KNOTS('',2,(#10071,#10072,#10073),
 .UNSPECIFIED.,.F.,.F.,(3,3),(0.,1.),.PIECEWISE_BEZIER_KNOTS.);
#139=B_SPLINE_CURVE_WITH_KNOTS('',2,(#10081,#10082,#10083),
 .UNSPECIFIED.,.F.,.F.,(3,3),(0.,1.),.PIECEWISE_BEZIER_KNOTS.);
#140=B_SPLINE_CURVE_WITH_KNOTS('',2,(#10085,#10086,#10087),
 .UNSPECIFIED.,.F.,.F.,(3,3),(0.,1.),.PIECEWISE_BEZIER_KNOTS.);
#141=B_SPLINE_CURVE_WITH_KNOTS('',2,(#10089,#10090,#10091),
 .UNSPECIFIED.,.F.,.F.,(3,3),(0.,1.),.PIECEWISE_BEZIER_KNOTS.);
#142=B_SPLINE_CURVE_WITH_KNOTS('',2,(#10093,#10094,#10095),
 .UNSPECIFIED.,.F.,.F.,(3,3),(0.,1.),.PIECEWISE_BEZIER_KNOTS.);
#143=B_SPLINE_CURVE_WITH_KNOTS('',2,(#10097,#10098,#10099),
 .UNSPECIFIED.,.F.,.F.,(3,3),(0.,1.),.PIECEWISE_BEZIER_KNOTS.);
#144=B_SPLINE_CURVE_WITH_KNOTS('',2,(#10101,#10102,#10103),
 .UNSPECIFIED.,.F.,.F.,(3,3),(0.,1.),.PIECEWISE_BEZIER_KNOTS.);
#145=B_SPLINE_CURVE_WITH_KNOTS('',2,(#10105,#10106,#10107),
 .UNSPECIFIED.,.F.,.F.,(3,3),(0.,1.),.PIECEWISE_BEZIER_KNOTS.);
#146=B_SPLINE_CURVE_WITH_KNOTS('',2,(#10111,#10112,#10113),
 .UNSPECIFIED.,.F.,.F.,(3,3),(0.,1.),.PIECEWISE_BEZIER_KNOTS.);
#147=B_SPLINE_CURVE_WITH_KNOTS('',2,(#10115,#10116,#10117),
 .UNSPECIFIED.,.F.,.F.,(3,3),(0.,1.),.PIECEWISE_BEZIER_KNOTS.);
#148=B_SPLINE_CURVE_WITH_KNOTS('',2,(#10119,#10120,#10121),
 .UNSPECIFIED.,.F.,.F.,(3,3),(0.,1.),.PIECEWISE_BEZIER_KNOTS.);
#149=B_SPLINE_CURVE_WITH_KNOTS('',2,(#10123,#10124,#10125),
 .UNSPECIFIED.,.F.,.F.,(3,3),(0.,1.),.PIECEWISE_BEZIER_KNOTS.);
#150=B_SPLINE_CURVE_WITH_KNOTS('',2,(#10127,#10128,#10129),
 .UNSPECIFIED.,.F.,.F.,(3,3),(0.,1.),.PIECEWISE_BEZIER_KNOTS.);
#151=B_SPLINE_CURVE_WITH_KNOTS('',2,(#10131,#10132,#10133),
 .UNSPECIFIED.,.F.,.F.,(3,3),(0.,1.),.PIECEWISE_BEZIER_KNOTS.);
#152=B_SPLINE_CURVE_WITH_KNOTS('',2,(#10135,#10136,#10137),
 .UNSPECIFIED.,.F.,.F.,(3,3),(0.,1.),.PIECEWISE_BEZIER_KNOTS.);
#153=B_SPLINE_CURVE_WITH_KNOTS('',2,(#10139,#10140,#10141),
 .UNSPECIFIED.,.F.,.F.,(3,3),(0.,1.),.PIECEWISE_BEZIER_KNOTS.);
#154=B_SPLINE_CURVE_WITH_KNOTS('',2,(#10145,#10146,#10147),
 .UNSPECIFIED.,.F.,.F.,(3,3),(0.,1.),.PIECEWISE_BEZIER_KNOTS.);
#155=B_SPLINE_CURVE_WITH_KNOTS('',2,(#10149,#10150,#10151),
 .UNSPECIFIED.,.F.,.F.,(3,3),(0.,1.),.PIECEWISE_BEZIER_KNOTS.);
#156=B_SPLINE_CURVE_WITH_KNOTS('',2,(#10153,#10154,#10155),
 .UNSPECIFIED.,.F.,.F.,(3,3),(0.,1.),.PIECEWISE_BEZIER_KNOTS.);
#157=B_SPLINE_CURVE_WITH_KNOTS('',2,(#10157,#10158,#10159),
 .UNSPECIFIED.,.F.,.F.,(3,3),(0.,1.),.PIECEWISE_BEZIER_KNOTS.);
#158=B_SPLINE_CURVE_WITH_KNOTS('',2,(#10163,#10164,#10165),
 .UNSPECIFIED.,.F.,.F.,(3,3),(0.,1.),.PIECEWISE_BEZIER_KNOTS.);
#159=B_SPLINE_CURVE_WITH_KNOTS('',2,(#10167,#10168,#10169),
 .UNSPECIFIED.,.F.,.F.,(3,3),(0.,1.),.PIECEWISE_BEZIER_KNOTS.);
#160=B_SPLINE_CURVE_WITH_KNOTS('',2,(#10175,#10176,#10177),
 .UNSPECIFIED.,.F.,.F.,(3,3),(0.,1.),.PIECEWISE_BEZIER_KNOTS.);
#161=B_SPLINE_CURVE_WITH_KNOTS('',2,(#10179,#10180,#10181),
 .UNSPECIFIED.,.F.,.F.,(3,3),(0.,1.),.PIECEWISE_BEZIER_KNOTS.);
#162=B_SPLINE_CURVE_WITH_KNOTS('',2,(#10213,#10214,#10215),
 .UNSPECIFIED.,.F.,.F.,(3,3),(0.,1.),.PIECEWISE_BEZIER_KNOTS.);
#163=B_SPLINE_CURVE_WITH_KNOTS('',2,(#10217,#10218,#10219),
 .UNSPECIFIED.,.F.,.F.,(3,3),(0.,1.),.PIECEWISE_BEZIER_KNOTS.);
#164=B_SPLINE_CURVE_WITH_KNOTS('',2,(#10223,#10224,#10225),
 .UNSPECIFIED.,.F.,.F.,(3,3),(0.,1.),.PIECEWISE_BEZIER_KNOTS.);
#165=B_SPLINE_CURVE_WITH_KNOTS('',2,(#10227,#10228,#10229),
 .UNSPECIFIED.,.F.,.F.,(3,3),(0.,1.),.PIECEWISE_BEZIER_KNOTS.);
#166=B_SPLINE_CURVE_WITH_KNOTS('',2,(#10231,#10232,#10233),
 .UNSPECIFIED.,.F.,.F.,(3,3),(0.,1.),.PIECEWISE_BEZIER_KNOTS.);
#167=B_SPLINE_CURVE_WITH_KNOTS('',2,(#10265,#10266,#10267),
 .UNSPECIFIED.,.F.,.F.,(3,3),(0.,1.),.PIECEWISE_BEZIER_KNOTS.);
#168=B_SPLINE_CURVE_WITH_KNOTS('',2,(#10269,#10270,#10271),
 .UNSPECIFIED.,.F.,.F.,(3,3),(0.,1.),.PIECEWISE_BEZIER_KNOTS.);
#169=B_SPLINE_CURVE_WITH_KNOTS('',2,(#10273,#10274,#10275),
 .UNSPECIFIED.,.F.,.F.,(3,3),(0.,1.),.PIECEWISE_BEZIER_KNOTS.);
#170=B_SPLINE_CURVE_WITH_KNOTS('',2,(#10277,#10278,#10279),
 .UNSPECIFIED.,.F.,.F.,(3,3),(0.,1.),.PIECEWISE_BEZIER_KNOTS.);
#171=B_SPLINE_CURVE_WITH_KNOTS('',2,(#10281,#10282,#10283),
 .UNSPECIFIED.,.F.,.F.,(3,3),(0.,1.),.PIECEWISE_BEZIER_KNOTS.);
#172=B_SPLINE_CURVE_WITH_KNOTS('',2,(#10295,#10296,#10297),
 .UNSPECIFIED.,.F.,.F.,(3,3),(0.,1.),.PIECEWISE_BEZIER_KNOTS.);
#173=B_SPLINE_CURVE_WITH_KNOTS('',2,(#10299,#10300,#10301),
 .UNSPECIFIED.,.F.,.F.,(3,3),(0.,1.),.PIECEWISE_BEZIER_KNOTS.);
#174=B_SPLINE_CURVE_WITH_KNOTS('',2,(#10303,#10304,#10305),
 .UNSPECIFIED.,.F.,.F.,(3,3),(0.,1.),.PIECEWISE_BEZIER_KNOTS.);
#175=B_SPLINE_CURVE_WITH_KNOTS('',2,(#10307,#10308,#10309),
 .UNSPECIFIED.,.F.,.F.,(3,3),(0.,1.),.PIECEWISE_BEZIER_KNOTS.);
#176=B_SPLINE_CURVE_WITH_KNOTS('',2,(#10311,#10312,#10313),
 .UNSPECIFIED.,.F.,.F.,(3,3),(0.,1.),.PIECEWISE_BEZIER_KNOTS.);
#177=B_SPLINE_CURVE_WITH_KNOTS('',2,(#10315,#10316,#10317),
 .UNSPECIFIED.,.F.,.F.,(3,3),(0.,1.),.PIECEWISE_BEZIER_KNOTS.);
#178=B_SPLINE_CURVE_WITH_KNOTS('',2,(#10319,#10320,#10321),
 .UNSPECIFIED.,.F.,.F.,(3,3),(0.,1.),.PIECEWISE_BEZIER_KNOTS.);
#179=B_SPLINE_CURVE_WITH_KNOTS('',2,(#10323,#10324,#10325),
 .UNSPECIFIED.,.F.,.F.,(3,3),(0.,1.),.PIECEWISE_BEZIER_KNOTS.);
#180=B_SPLINE_CURVE_WITH_KNOTS('',2,(#10327,#10328,#10329),
 .UNSPECIFIED.,.F.,.F.,(3,3),(0.,1.),.PIECEWISE_BEZIER_KNOTS.);
#181=B_SPLINE_CURVE_WITH_KNOTS('',2,(#10331,#10332,#10333),
 .UNSPECIFIED.,.F.,.F.,(3,3),(0.,1.),.PIECEWISE_BEZIER_KNOTS.);
#182=B_SPLINE_CURVE_WITH_KNOTS('',2,(#10335,#10336,#10337),
 .UNSPECIFIED.,.F.,.F.,(3,3),(0.,1.),.PIECEWISE_BEZIER_KNOTS.);
#183=B_SPLINE_CURVE_WITH_KNOTS('',2,(#10339,#10340,#10341),
 .UNSPECIFIED.,.F.,.F.,(3,3),(0.,1.),.PIECEWISE_BEZIER_KNOTS.);
#184=B_SPLINE_CURVE_WITH_KNOTS('',2,(#10343,#10344,#10345),
 .UNSPECIFIED.,.F.,.F.,(3,3),(0.,1.),.PIECEWISE_BEZIER_KNOTS.);
#185=B_SPLINE_CURVE_WITH_KNOTS('',2,(#10353,#10354,#10355),
 .UNSPECIFIED.,.F.,.F.,(3,3),(0.,1.),.PIECEWISE_BEZIER_KNOTS.);
#186=B_SPLINE_CURVE_WITH_KNOTS('',2,(#10357,#10358,#10359),
 .UNSPECIFIED.,.F.,.F.,(3,3),(0.,1.),.PIECEWISE_BEZIER_KNOTS.);
#187=B_SPLINE_CURVE_WITH_KNOTS('',2,(#10361,#10362,#10363),
 .UNSPECIFIED.,.F.,.F.,(3,3),(0.,1.),.PIECEWISE_BEZIER_KNOTS.);
#188=B_SPLINE_CURVE_WITH_KNOTS('',2,(#10365,#10366,#10367),
 .UNSPECIFIED.,.F.,.F.,(3,3),(0.,1.),.PIECEWISE_BEZIER_KNOTS.);
#189=B_SPLINE_CURVE_WITH_KNOTS('',2,(#10369,#10370,#10371),
 .UNSPECIFIED.,.F.,.F.,(3,3),(0.,1.),.PIECEWISE_BEZIER_KNOTS.);
#190=B_SPLINE_CURVE_WITH_KNOTS('',2,(#10373,#10374,#10375),
 .UNSPECIFIED.,.F.,.F.,(3,3),(0.,1.),.PIECEWISE_BEZIER_KNOTS.);
#191=B_SPLINE_CURVE_WITH_KNOTS('',2,(#10377,#10378,#10379),
 .UNSPECIFIED.,.F.,.F.,(3,3),(0.,1.),.PIECEWISE_BEZIER_KNOTS.);
#192=B_SPLINE_CURVE_WITH_KNOTS('',2,(#10381,#10382,#10383),
 .UNSPECIFIED.,.F.,.F.,(3,3),(0.,1.),.PIECEWISE_BEZIER_KNOTS.);
#193=B_SPLINE_CURVE_WITH_KNOTS('',2,(#10391,#10392,#10393),
 .UNSPECIFIED.,.F.,.F.,(3,3),(0.,1.),.PIECEWISE_BEZIER_KNOTS.);
#194=B_SPLINE_CURVE_WITH_KNOTS('',2,(#10395,#10396,#10397),
 .UNSPECIFIED.,.F.,.F.,(3,3),(0.,1.),.PIECEWISE_BEZIER_KNOTS.);
#195=B_SPLINE_CURVE_WITH_KNOTS('',2,(#10399,#10400,#10401),
 .UNSPECIFIED.,.F.,.F.,(3,3),(0.,1.),.PIECEWISE_BEZIER_KNOTS.);
#196=B_SPLINE_CURVE_WITH_KNOTS('',2,(#10403,#10404,#10405),
 .UNSPECIFIED.,.F.,.F.,(3,3),(0.,1.),.PIECEWISE_BEZIER_KNOTS.);
#197=B_SPLINE_CURVE_WITH_KNOTS('',2,(#10407,#10408,#10409),
 .UNSPECIFIED.,.F.,.F.,(3,3),(0.,1.),.PIECEWISE_BEZIER_KNOTS.);
#198=B_SPLINE_CURVE_WITH_KNOTS('',2,(#10411,#10412,#10413),
 .UNSPECIFIED.,.F.,.F.,(3,3),(0.,1.),.PIECEWISE_BEZIER_KNOTS.);
#199=B_SPLINE_CURVE_WITH_KNOTS('',2,(#10421,#10422,#10423),
 .UNSPECIFIED.,.F.,.F.,(3,3),(0.,1.),.PIECEWISE_BEZIER_KNOTS.);
#200=B_SPLINE_CURVE_WITH_KNOTS('',2,(#10425,#10426,#10427),
 .UNSPECIFIED.,.F.,.F.,(3,3),(0.,1.),.PIECEWISE_BEZIER_KNOTS.);
#201=B_SPLINE_CURVE_WITH_KNOTS('',2,(#10455,#10456,#10457),
 .UNSPECIFIED.,.F.,.F.,(3,3),(0.,1.),.PIECEWISE_BEZIER_KNOTS.);
#202=B_SPLINE_CURVE_WITH_KNOTS('',2,(#10465,#10466,#10467),
 .UNSPECIFIED.,.F.,.F.,(3,3),(0.,1.),.PIECEWISE_BEZIER_KNOTS.);
#203=B_SPLINE_CURVE_WITH_KNOTS('',2,(#10469,#10470,#10471),
 .UNSPECIFIED.,.F.,.F.,(3,3),(0.,1.),.PIECEWISE_BEZIER_KNOTS.);
#204=B_SPLINE_CURVE_WITH_KNOTS('',2,(#10473,#10474,#10475),
 .UNSPECIFIED.,.F.,.F.,(3,3),(0.,1.),.PIECEWISE_BEZIER_KNOTS.);
#205=B_SPLINE_CURVE_WITH_KNOTS('',2,(#10477,#10478,#10479),
 .UNSPECIFIED.,.F.,.F.,(3,3),(0.,1.),.PIECEWISE_BEZIER_KNOTS.);
#206=B_SPLINE_CURVE_WITH_KNOTS('',2,(#10481,#10482,#10483),
 .UNSPECIFIED.,.F.,.F.,(3,3),(0.,1.),.PIECEWISE_BEZIER_KNOTS.);
#207=B_SPLINE_CURVE_WITH_KNOTS('',2,(#10485,#10486,#10487),
 .UNSPECIFIED.,.F.,.F.,(3,3),(0.,1.),.PIECEWISE_BEZIER_KNOTS.);
#208=B_SPLINE_CURVE_WITH_KNOTS('',2,(#10489,#10490,#10491),
 .UNSPECIFIED.,.F.,.F.,(3,3),(0.,1.),.PIECEWISE_BEZIER_KNOTS.);
#209=B_SPLINE_CURVE_WITH_KNOTS('',2,(#10495,#10496,#10497),
 .UNSPECIFIED.,.F.,.F.,(3,3),(0.,1.),.PIECEWISE_BEZIER_KNOTS.);
#210=B_SPLINE_CURVE_WITH_KNOTS('',2,(#10499,#10500,#10501),
 .UNSPECIFIED.,.F.,.F.,(3,3),(0.,1.),.PIECEWISE_BEZIER_KNOTS.);
#211=B_SPLINE_CURVE_WITH_KNOTS('',2,(#10503,#10504,#10505),
 .UNSPECIFIED.,.F.,.F.,(3,3),(0.,1.),.PIECEWISE_BEZIER_KNOTS.);
#212=B_SPLINE_CURVE_WITH_KNOTS('',2,(#10507,#10508,#10509),
 .UNSPECIFIED.,.F.,.F.,(3,3),(0.,1.),.PIECEWISE_BEZIER_KNOTS.);
#213=B_SPLINE_CURVE_WITH_KNOTS('',2,(#10511,#10512,#10513),
 .UNSPECIFIED.,.F.,.F.,(3,3),(0.,1.),.PIECEWISE_BEZIER_KNOTS.);
#214=B_SPLINE_CURVE_WITH_KNOTS('',2,(#10515,#10516,#10517),
 .UNSPECIFIED.,.F.,.F.,(3,3),(0.,1.),.PIECEWISE_BEZIER_KNOTS.);
#215=B_SPLINE_CURVE_WITH_KNOTS('',2,(#10519,#10520,#10521),
 .UNSPECIFIED.,.F.,.F.,(3,3),(0.,1.),.PIECEWISE_BEZIER_KNOTS.);
#216=B_SPLINE_CURVE_WITH_KNOTS('',2,(#10523,#10524,#10525),
 .UNSPECIFIED.,.F.,.F.,(3,3),(0.,1.),.PIECEWISE_BEZIER_KNOTS.);
#217=B_SPLINE_CURVE_WITH_KNOTS('',2,(#10529,#10530,#10531),
 .UNSPECIFIED.,.F.,.F.,(3,3),(0.,1.),.PIECEWISE_BEZIER_KNOTS.);
#218=B_SPLINE_CURVE_WITH_KNOTS('',2,(#10533,#10534,#10535),
 .UNSPECIFIED.,.F.,.F.,(3,3),(0.,1.),.PIECEWISE_BEZIER_KNOTS.);
#219=B_SPLINE_CURVE_WITH_KNOTS('',2,(#10537,#10538,#10539),
 .UNSPECIFIED.,.F.,.F.,(3,3),(0.,1.),.PIECEWISE_BEZIER_KNOTS.);
#220=B_SPLINE_CURVE_WITH_KNOTS('',2,(#10541,#10542,#10543),
 .UNSPECIFIED.,.F.,.F.,(3,3),(0.,1.),.PIECEWISE_BEZIER_KNOTS.);
#221=B_SPLINE_CURVE_WITH_KNOTS('',2,(#10547,#10548,#10549),
 .UNSPECIFIED.,.F.,.F.,(3,3),(0.,1.),.PIECEWISE_BEZIER_KNOTS.);
#222=B_SPLINE_CURVE_WITH_KNOTS('',2,(#10551,#10552,#10553),
 .UNSPECIFIED.,.F.,.F.,(3,3),(0.,1.),.PIECEWISE_BEZIER_KNOTS.);
#223=B_SPLINE_CURVE_WITH_KNOTS('',2,(#10559,#10560,#10561),
 .UNSPECIFIED.,.F.,.F.,(3,3),(0.,1.),.PIECEWISE_BEZIER_KNOTS.);
#224=B_SPLINE_CURVE_WITH_KNOTS('',2,(#10563,#10564,#10565),
 .UNSPECIFIED.,.F.,.F.,(3,3),(0.,1.),.PIECEWISE_BEZIER_KNOTS.);
#225=B_SPLINE_CURVE_WITH_KNOTS('',2,(#10571,#10572,#10573),
 .UNSPECIFIED.,.F.,.F.,(3,3),(0.,1.),.PIECEWISE_BEZIER_KNOTS.);
#226=B_SPLINE_CURVE_WITH_KNOTS('',2,(#10575,#10576,#10577),
 .UNSPECIFIED.,.F.,.F.,(3,3),(0.,1.),.PIECEWISE_BEZIER_KNOTS.);
#227=B_SPLINE_CURVE_WITH_KNOTS('',2,(#10579,#10580,#10581),
 .UNSPECIFIED.,.F.,.F.,(3,3),(0.,1.),.PIECEWISE_BEZIER_KNOTS.);
#228=B_SPLINE_CURVE_WITH_KNOTS('',2,(#10583,#10584,#10585),
 .UNSPECIFIED.,.F.,.F.,(3,3),(0.,1.),.PIECEWISE_BEZIER_KNOTS.);
#229=B_SPLINE_CURVE_WITH_KNOTS('',2,(#10587,#10588,#10589),
 .UNSPECIFIED.,.F.,.F.,(3,3),(0.,1.),.PIECEWISE_BEZIER_KNOTS.);
#230=B_SPLINE_CURVE_WITH_KNOTS('',2,(#10591,#10592,#10593),
 .UNSPECIFIED.,.F.,.F.,(3,3),(0.,1.),.PIECEWISE_BEZIER_KNOTS.);
#231=B_SPLINE_CURVE_WITH_KNOTS('',2,(#10709,#10710,#10711),
 .UNSPECIFIED.,.F.,.F.,(3,3),(0.,1.),.PIECEWISE_BEZIER_KNOTS.);
#232=B_SPLINE_CURVE_WITH_KNOTS('',2,(#10713,#10714,#10715),
 .UNSPECIFIED.,.F.,.F.,(3,3),(0.,1.),.PIECEWISE_BEZIER_KNOTS.);
#233=B_SPLINE_CURVE_WITH_KNOTS('',2,(#10717,#10718,#10719),
 .UNSPECIFIED.,.F.,.F.,(3,3),(0.,1.),.PIECEWISE_BEZIER_KNOTS.);
#234=B_SPLINE_CURVE_WITH_KNOTS('',2,(#10721,#10722,#10723),
 .UNSPECIFIED.,.F.,.F.,(3,3),(0.,1.),.PIECEWISE_BEZIER_KNOTS.);
#235=B_SPLINE_CURVE_WITH_KNOTS('',2,(#10725,#10726,#10727),
 .UNSPECIFIED.,.F.,.F.,(3,3),(0.,1.),.PIECEWISE_BEZIER_KNOTS.);
#236=B_SPLINE_CURVE_WITH_KNOTS('',2,(#10758,#10759,#10760),
 .UNSPECIFIED.,.F.,.F.,(3,3),(0.,1.),.PIECEWISE_BEZIER_KNOTS.);
#237=B_SPLINE_CURVE_WITH_KNOTS('',2,(#10762,#10763,#10764),
 .UNSPECIFIED.,.F.,.F.,(3,3),(0.,1.),.PIECEWISE_BEZIER_KNOTS.);
#238=B_SPLINE_CURVE_WITH_KNOTS('',2,(#10766,#10767,#10768),
 .UNSPECIFIED.,.F.,.F.,(3,3),(0.,1.),.PIECEWISE_BEZIER_KNOTS.);
#239=B_SPLINE_CURVE_WITH_KNOTS('',2,(#10770,#10771,#10772),
 .UNSPECIFIED.,.F.,.F.,(3,3),(0.,1.),.PIECEWISE_BEZIER_KNOTS.);
#240=B_SPLINE_CURVE_WITH_KNOTS('',2,(#10879,#10880,#10881),
 .UNSPECIFIED.,.F.,.F.,(3,3),(0.,1.),.PIECEWISE_BEZIER_KNOTS.);
#241=B_SPLINE_CURVE_WITH_KNOTS('',2,(#10894,#10895,#10896),
 .UNSPECIFIED.,.F.,.F.,(3,3),(0.,1.),.PIECEWISE_BEZIER_KNOTS.);
#242=B_SPLINE_CURVE_WITH_KNOTS('',2,(#10907,#10908,#10909),
 .UNSPECIFIED.,.F.,.F.,(3,3),(0.,1.),.PIECEWISE_BEZIER_KNOTS.);
#243=B_SPLINE_CURVE_WITH_KNOTS('',2,(#10920,#10921,#10922),
 .UNSPECIFIED.,.F.,.F.,(3,3),(0.,1.),.PIECEWISE_BEZIER_KNOTS.);
#244=B_SPLINE_CURVE_WITH_KNOTS('',2,(#10933,#10934,#10935),
 .UNSPECIFIED.,.F.,.F.,(3,3),(0.,1.),.PIECEWISE_BEZIER_KNOTS.);
#245=B_SPLINE_CURVE_WITH_KNOTS('',2,(#10946,#10947,#10948),
 .UNSPECIFIED.,.F.,.F.,(3,3),(0.,1.),.PIECEWISE_BEZIER_KNOTS.);
#246=B_SPLINE_CURVE_WITH_KNOTS('',2,(#10963,#10964,#10965),
 .UNSPECIFIED.,.F.,.F.,(3,3),(0.,1.),.PIECEWISE_BEZIER_KNOTS.);
#247=B_SPLINE_CURVE_WITH_KNOTS('',2,(#10976,#10977,#10978),
 .UNSPECIFIED.,.F.,.F.,(3,3),(0.,1.),.PIECEWISE_BEZIER_KNOTS.);
#248=B_SPLINE_CURVE_WITH_KNOTS('',2,(#10989,#10990,#10991),
 .UNSPECIFIED.,.F.,.F.,(3,3),(0.,1.),.PIECEWISE_BEZIER_KNOTS.);
#249=B_SPLINE_CURVE_WITH_KNOTS('',2,(#11002,#11003,#11004),
 .UNSPECIFIED.,.F.,.F.,(3,3),(0.,1.),.PIECEWISE_BEZIER_KNOTS.);
#250=B_SPLINE_CURVE_WITH_KNOTS('',2,(#11015,#11016,#11017),
 .UNSPECIFIED.,.F.,.F.,(3,3),(0.,1.),.PIECEWISE_BEZIER_KNOTS.);
#251=B_SPLINE_CURVE_WITH_KNOTS('',2,(#11028,#11029,#11030),
 .UNSPECIFIED.,.F.,.F.,(3,3),(0.,1.),.PIECEWISE_BEZIER_KNOTS.);
#252=B_SPLINE_CURVE_WITH_KNOTS('',2,(#11041,#11042,#11043),
 .UNSPECIFIED.,.F.,.F.,(3,3),(0.,1.),.PIECEWISE_BEZIER_KNOTS.);
#253=B_SPLINE_CURVE_WITH_KNOTS('',3,(#11064,#11065,#11066,#11067),
 .UNSPECIFIED.,.F.,.F.,(4,4),(0.,0.00303017992718432),.UNSPECIFIED.);
#254=B_SPLINE_CURVE_WITH_KNOTS('',2,(#11071,#11072,#11073),
 .UNSPECIFIED.,.F.,.F.,(3,3),(0.,1.),.PIECEWISE_BEZIER_KNOTS.);
#255=B_SPLINE_CURVE_WITH_KNOTS('',3,(#11082,#11083,#11084,#11085),
 .UNSPECIFIED.,.F.,.F.,(4,4),(0.,0.00380599051258967),.UNSPECIFIED.);
#256=B_SPLINE_CURVE_WITH_KNOTS('',2,(#11089,#11090,#11091),
 .UNSPECIFIED.,.F.,.F.,(3,3),(0.,1.),.PIECEWISE_BEZIER_KNOTS.);
#257=B_SPLINE_CURVE_WITH_KNOTS('',3,(#11100,#11101,#11102,#11103,#11104,
#11105),.UNSPECIFIED.,.F.,.F.,(4,1,1,4),(0.,0.00325835900704356,0.00488753851056535,
0.00651671801408713),.UNSPECIFIED.);
#258=B_SPLINE_CURVE_WITH_KNOTS('',2,(#11109,#11110,#11111),
 .UNSPECIFIED.,.F.,.F.,(3,3),(0.,1.),.PIECEWISE_BEZIER_KNOTS.);
#259=B_SPLINE_CURVE_WITH_KNOTS('',2,(#11122,#11123,#11124),
 .UNSPECIFIED.,.F.,.F.,(3,3),(0.,1.),.PIECEWISE_BEZIER_KNOTS.);
#260=B_SPLINE_CURVE_WITH_KNOTS('',3,(#11125,#11126,#11127,#11128),
 .UNSPECIFIED.,.F.,.F.,(4,4),(0.,0.00095367031608474),.UNSPECIFIED.);
#261=B_SPLINE_CURVE_WITH_KNOTS('',2,(#11139,#11140,#11141),
 .UNSPECIFIED.,.F.,.F.,(3,3),(0.,1.),.PIECEWISE_BEZIER_KNOTS.);
#262=B_SPLINE_CURVE_WITH_KNOTS('',2,(#11160,#11161,#11162),
 .UNSPECIFIED.,.F.,.F.,(3,3),(0.,1.),.PIECEWISE_BEZIER_KNOTS.);
#263=B_SPLINE_CURVE_WITH_KNOTS('',2,(#11173,#11174,#11175),
 .UNSPECIFIED.,.F.,.F.,(3,3),(0.,1.),.PIECEWISE_BEZIER_KNOTS.);
#264=B_SPLINE_CURVE_WITH_KNOTS('',2,(#11190,#11191,#11192),
 .UNSPECIFIED.,.F.,.F.,(3,3),(0.,1.),.PIECEWISE_BEZIER_KNOTS.);
#265=B_SPLINE_CURVE_WITH_KNOTS('',2,(#11203,#11204,#11205),
 .UNSPECIFIED.,.F.,.F.,(3,3),(0.,1.),.PIECEWISE_BEZIER_KNOTS.);
#266=B_SPLINE_CURVE_WITH_KNOTS('',2,(#11216,#11217,#11218),
 .UNSPECIFIED.,.F.,.F.,(3,3),(0.,1.),.PIECEWISE_BEZIER_KNOTS.);
#267=B_SPLINE_CURVE_WITH_KNOTS('',2,(#11229,#11230,#11231),
 .UNSPECIFIED.,.F.,.F.,(3,3),(0.,1.),.PIECEWISE_BEZIER_KNOTS.);
#268=B_SPLINE_CURVE_WITH_KNOTS('',2,(#11246,#11247,#11248),
 .UNSPECIFIED.,.F.,.F.,(3,3),(0.,1.),.PIECEWISE_BEZIER_KNOTS.);
#269=B_SPLINE_CURVE_WITH_KNOTS('',2,(#11257,#11258,#11259),
 .UNSPECIFIED.,.F.,.F.,(3,3),(0.,1.),.PIECEWISE_BEZIER_KNOTS.);
#270=B_SPLINE_CURVE_WITH_KNOTS('',2,(#11271,#11272,#11273),
 .UNSPECIFIED.,.F.,.F.,(3,3),(0.,1.),.PIECEWISE_BEZIER_KNOTS.);
#271=B_SPLINE_CURVE_WITH_KNOTS('',2,(#11286,#11287,#11288),
 .UNSPECIFIED.,.F.,.F.,(3,3),(0.,1.),.PIECEWISE_BEZIER_KNOTS.);
#272=B_SPLINE_CURVE_WITH_KNOTS('',2,(#11299,#11300,#11301),
 .UNSPECIFIED.,.F.,.F.,(3,3),(0.,1.),.PIECEWISE_BEZIER_KNOTS.);
#273=B_SPLINE_CURVE_WITH_KNOTS('',2,(#11312,#11313,#11314),
 .UNSPECIFIED.,.F.,.F.,(3,3),(0.,1.),.PIECEWISE_BEZIER_KNOTS.);
#274=B_SPLINE_CURVE_WITH_KNOTS('',2,(#11325,#11326,#11327),
 .UNSPECIFIED.,.F.,.F.,(3,3),(0.,1.),.PIECEWISE_BEZIER_KNOTS.);
#275=B_SPLINE_CURVE_WITH_KNOTS('',2,(#11338,#11339,#11340),
 .UNSPECIFIED.,.F.,.F.,(3,3),(0.,1.),.PIECEWISE_BEZIER_KNOTS.);
#276=B_SPLINE_CURVE_WITH_KNOTS('',2,(#11351,#11352,#11353),
 .UNSPECIFIED.,.F.,.F.,(3,3),(0.,1.),.PIECEWISE_BEZIER_KNOTS.);
#277=B_SPLINE_CURVE_WITH_KNOTS('',2,(#11364,#11365,#11366),
 .UNSPECIFIED.,.F.,.F.,(3,3),(0.,1.),.PIECEWISE_BEZIER_KNOTS.);
#278=B_SPLINE_CURVE_WITH_KNOTS('',2,(#11377,#11378,#11379),
 .UNSPECIFIED.,.F.,.F.,(3,3),(0.,1.),.PIECEWISE_BEZIER_KNOTS.);
#279=B_SPLINE_CURVE_WITH_KNOTS('',2,(#11390,#11391,#11392),
 .UNSPECIFIED.,.F.,.F.,(3,3),(0.,1.),.PIECEWISE_BEZIER_KNOTS.);
#280=B_SPLINE_CURVE_WITH_KNOTS('',3,(#11401,#11402,#11403,#11404),
 .UNSPECIFIED.,.F.,.F.,(4,4),(0.,0.00305925619705201),.UNSPECIFIED.);
#281=B_SPLINE_CURVE_WITH_KNOTS('',2,(#11408,#11409,#11410),
 .UNSPECIFIED.,.F.,.F.,(3,3),(0.,1.),.PIECEWISE_BEZIER_KNOTS.);
#282=B_SPLINE_CURVE_WITH_KNOTS('',3,(#11419,#11420,#11421,#11422,#11423),
 .UNSPECIFIED.,.F.,.F.,(4,1,4),(0.,0.00217828124222411,0.00435656248444821),
 .UNSPECIFIED.);
#283=B_SPLINE_CURVE_WITH_KNOTS('',2,(#11427,#11428,#11429),
 .UNSPECIFIED.,.F.,.F.,(3,3),(0.,1.),.PIECEWISE_BEZIER_KNOTS.);
#284=B_SPLINE_CURVE_WITH_KNOTS('',3,(#11438,#11439,#11440,#11441),
 .UNSPECIFIED.,.F.,.F.,(4,4),(0.,0.00433940527676705),.UNSPECIFIED.);
#285=B_SPLINE_CURVE_WITH_KNOTS('',2,(#11445,#11446,#11447),
 .UNSPECIFIED.,.F.,.F.,(3,3),(0.,1.),.PIECEWISE_BEZIER_KNOTS.);
#286=B_SPLINE_CURVE_WITH_KNOTS('',2,(#11458,#11459,#11460),
 .UNSPECIFIED.,.F.,.F.,(3,3),(0.,1.),.PIECEWISE_BEZIER_KNOTS.);
#287=B_SPLINE_CURVE_WITH_KNOTS('',3,(#11461,#11462,#11463,#11464),
 .UNSPECIFIED.,.F.,.F.,(4,4),(0.,0.00293360886257424),.UNSPECIFIED.);
#288=B_SPLINE_CURVE_WITH_KNOTS('',2,(#11475,#11476,#11477),
 .UNSPECIFIED.,.F.,.F.,(3,3),(0.,1.),.PIECEWISE_BEZIER_KNOTS.);
#289=B_SPLINE_CURVE_WITH_KNOTS('',2,(#11500,#11501,#11502),
 .UNSPECIFIED.,.F.,.F.,(3,3),(0.,1.),.PIECEWISE_BEZIER_KNOTS.);
#290=B_SPLINE_CURVE_WITH_KNOTS('',2,(#11513,#11514,#11515),
 .UNSPECIFIED.,.F.,.F.,(3,3),(0.,1.),.PIECEWISE_BEZIER_KNOTS.);
#291=B_SPLINE_CURVE_WITH_KNOTS('',2,(#11526,#11527,#11528),
 .UNSPECIFIED.,.F.,.F.,(3,3),(0.,1.),.PIECEWISE_BEZIER_KNOTS.);
#292=B_SPLINE_CURVE_WITH_KNOTS('',2,(#11539,#11540,#11541),
 .UNSPECIFIED.,.F.,.F.,(3,3),(0.,1.),.PIECEWISE_BEZIER_KNOTS.);
#293=B_SPLINE_CURVE_WITH_KNOTS('',2,(#11552,#11553,#11554),
 .UNSPECIFIED.,.F.,.F.,(3,3),(0.,1.),.PIECEWISE_BEZIER_KNOTS.);
#294=B_SPLINE_CURVE_WITH_KNOTS('',2,(#11565,#11566,#11567),
 .UNSPECIFIED.,.F.,.F.,(3,3),(0.,1.),.PIECEWISE_BEZIER_KNOTS.);
#295=B_SPLINE_CURVE_WITH_KNOTS('',2,(#11590,#11591,#11592),
 .UNSPECIFIED.,.F.,.F.,(3,3),(0.,1.),.PIECEWISE_BEZIER_KNOTS.);
#296=B_SPLINE_CURVE_WITH_KNOTS('',2,(#11603,#11604,#11605),
 .UNSPECIFIED.,.F.,.F.,(3,3),(0.,1.),.PIECEWISE_BEZIER_KNOTS.);
#297=B_SPLINE_CURVE_WITH_KNOTS('',2,(#11616,#11617,#11618),
 .UNSPECIFIED.,.F.,.F.,(3,3),(0.,1.),.PIECEWISE_BEZIER_KNOTS.);
#298=B_SPLINE_CURVE_WITH_KNOTS('',2,(#11629,#11630,#11631),
 .UNSPECIFIED.,.F.,.F.,(3,3),(0.,1.),.PIECEWISE_BEZIER_KNOTS.);
#299=B_SPLINE_CURVE_WITH_KNOTS('',2,(#11642,#11643,#11644),
 .UNSPECIFIED.,.F.,.F.,(3,3),(0.,1.),.PIECEWISE_BEZIER_KNOTS.);
#300=B_SPLINE_CURVE_WITH_KNOTS('',2,(#11655,#11656,#11657),
 .UNSPECIFIED.,.F.,.F.,(3,3),(0.,1.),.PIECEWISE_BEZIER_KNOTS.);
#301=B_SPLINE_CURVE_WITH_KNOTS('',2,(#11668,#11669,#11670),
 .UNSPECIFIED.,.F.,.F.,(3,3),(0.,1.),.PIECEWISE_BEZIER_KNOTS.);
#302=B_SPLINE_CURVE_WITH_KNOTS('',2,(#11681,#11682,#11683),
 .UNSPECIFIED.,.F.,.F.,(3,3),(0.,1.),.PIECEWISE_BEZIER_KNOTS.);
#303=B_SPLINE_CURVE_WITH_KNOTS('',2,(#11706,#11707,#11708),
 .UNSPECIFIED.,.F.,.F.,(3,3),(0.,1.),.PIECEWISE_BEZIER_KNOTS.);
#304=B_SPLINE_CURVE_WITH_KNOTS('',2,(#11717,#11718,#11719),
 .UNSPECIFIED.,.F.,.F.,(3,3),(0.,1.),.PIECEWISE_BEZIER_KNOTS.);
#305=B_SPLINE_CURVE_WITH_KNOTS('',2,(#11731,#11732,#11733),
 .UNSPECIFIED.,.F.,.F.,(3,3),(0.,1.),.PIECEWISE_BEZIER_KNOTS.);
#306=B_SPLINE_CURVE_WITH_KNOTS('',2,(#11746,#11747,#11748),
 .UNSPECIFIED.,.F.,.F.,(3,3),(0.,1.),.PIECEWISE_BEZIER_KNOTS.);
#307=B_SPLINE_CURVE_WITH_KNOTS('',2,(#11759,#11760,#11761),
 .UNSPECIFIED.,.F.,.F.,(3,3),(0.,1.),.PIECEWISE_BEZIER_KNOTS.);
#308=B_SPLINE_CURVE_WITH_KNOTS('',2,(#11772,#11773,#11774),
 .UNSPECIFIED.,.F.,.F.,(3,3),(0.,1.),.PIECEWISE_BEZIER_KNOTS.);
#309=B_SPLINE_CURVE_WITH_KNOTS('',2,(#11785,#11786,#11787),
 .UNSPECIFIED.,.F.,.F.,(3,3),(0.,1.),.PIECEWISE_BEZIER_KNOTS.);
#310=B_SPLINE_CURVE_WITH_KNOTS('',2,(#11798,#11799,#11800),
 .UNSPECIFIED.,.F.,.F.,(3,3),(0.,1.),.PIECEWISE_BEZIER_KNOTS.);
#311=B_SPLINE_CURVE_WITH_KNOTS('',2,(#11815,#11816,#11817),
 .UNSPECIFIED.,.F.,.F.,(3,3),(0.,1.),.PIECEWISE_BEZIER_KNOTS.);
#312=B_SPLINE_CURVE_WITH_KNOTS('',2,(#11828,#11829,#11830),
 .UNSPECIFIED.,.F.,.F.,(3,3),(0.,1.),.PIECEWISE_BEZIER_KNOTS.);
#313=B_SPLINE_CURVE_WITH_KNOTS('',2,(#11841,#11842,#11843),
 .UNSPECIFIED.,.F.,.F.,(3,3),(0.,1.),.PIECEWISE_BEZIER_KNOTS.);
#314=B_SPLINE_CURVE_WITH_KNOTS('',2,(#11854,#11855,#11856),
 .UNSPECIFIED.,.F.,.F.,(3,3),(0.,1.),.PIECEWISE_BEZIER_KNOTS.);
#315=B_SPLINE_CURVE_WITH_KNOTS('',2,(#11867,#11868,#11869),
 .UNSPECIFIED.,.F.,.F.,(3,3),(0.,1.),.PIECEWISE_BEZIER_KNOTS.);
#316=B_SPLINE_CURVE_WITH_KNOTS('',2,(#11880,#11881,#11882),
 .UNSPECIFIED.,.F.,.F.,(3,3),(0.,1.),.PIECEWISE_BEZIER_KNOTS.);
#317=B_SPLINE_CURVE_WITH_KNOTS('',2,(#11893,#11894,#11895),
 .UNSPECIFIED.,.F.,.F.,(3,3),(0.,1.),.PIECEWISE_BEZIER_KNOTS.);
#318=B_SPLINE_CURVE_WITH_KNOTS('',3,(#11916,#11917,#11918,#11919),
 .UNSPECIFIED.,.F.,.F.,(4,4),(0.,0.00303017992718451),.UNSPECIFIED.);
#319=B_SPLINE_CURVE_WITH_KNOTS('',2,(#11923,#11924,#11925),
 .UNSPECIFIED.,.F.,.F.,(3,3),(0.,1.),.PIECEWISE_BEZIER_KNOTS.);
#320=B_SPLINE_CURVE_WITH_KNOTS('',3,(#11934,#11935,#11936,#11937),
 .UNSPECIFIED.,.F.,.F.,(4,4),(0.,0.00380599051258948),.UNSPECIFIED.);
#321=B_SPLINE_CURVE_WITH_KNOTS('',2,(#11941,#11942,#11943),
 .UNSPECIFIED.,.F.,.F.,(3,3),(0.,1.),.PIECEWISE_BEZIER_KNOTS.);
#322=B_SPLINE_CURVE_WITH_KNOTS('',3,(#11952,#11953,#11954,#11955,#11956,
#11957),.UNSPECIFIED.,.F.,.F.,(4,1,1,4),(0.,0.00325835900704353,0.00488753851056529,
0.00651671801408706),.UNSPECIFIED.);
#323=B_SPLINE_CURVE_WITH_KNOTS('',2,(#11961,#11962,#11963),
 .UNSPECIFIED.,.F.,.F.,(3,3),(0.,1.),.PIECEWISE_BEZIER_KNOTS.);
#324=B_SPLINE_CURVE_WITH_KNOTS('',2,(#11974,#11975,#11976),
 .UNSPECIFIED.,.F.,.F.,(3,3),(0.,1.),.PIECEWISE_BEZIER_KNOTS.);
#325=B_SPLINE_CURVE_WITH_KNOTS('',3,(#11977,#11978,#11979,#11980),
 .UNSPECIFIED.,.F.,.F.,(4,4),(0.,0.000953670316084945),.UNSPECIFIED.);
#326=B_SPLINE_CURVE_WITH_KNOTS('',2,(#11991,#11992,#11993),
 .UNSPECIFIED.,.F.,.F.,(3,3),(0.,1.),.PIECEWISE_BEZIER_KNOTS.);
#327=B_SPLINE_CURVE_WITH_KNOTS('',2,(#12012,#12013,#12014),
 .UNSPECIFIED.,.F.,.F.,(3,3),(0.,1.),.PIECEWISE_BEZIER_KNOTS.);
#328=B_SPLINE_CURVE_WITH_KNOTS('',2,(#12025,#12026,#12027),
 .UNSPECIFIED.,.F.,.F.,(3,3),(0.,1.),.PIECEWISE_BEZIER_KNOTS.);
#329=B_SPLINE_CURVE_WITH_KNOTS('',2,(#12042,#12043,#12044),
 .UNSPECIFIED.,.F.,.F.,(3,3),(0.,1.),.PIECEWISE_BEZIER_KNOTS.);
#330=B_SPLINE_CURVE_WITH_KNOTS('',2,(#12055,#12056,#12057),
 .UNSPECIFIED.,.F.,.F.,(3,3),(0.,1.),.PIECEWISE_BEZIER_KNOTS.);
#331=B_SPLINE_CURVE_WITH_KNOTS('',2,(#12068,#12069,#12070),
 .UNSPECIFIED.,.F.,.F.,(3,3),(0.,1.),.PIECEWISE_BEZIER_KNOTS.);
#332=B_SPLINE_CURVE_WITH_KNOTS('',2,(#12081,#12082,#12083),
 .UNSPECIFIED.,.F.,.F.,(3,3),(0.,1.),.PIECEWISE_BEZIER_KNOTS.);
#333=B_SPLINE_CURVE_WITH_KNOTS('',2,(#12098,#12099,#12100),
 .UNSPECIFIED.,.F.,.F.,(3,3),(0.,1.),.PIECEWISE_BEZIER_KNOTS.);
#334=B_SPLINE_CURVE_WITH_KNOTS('',2,(#12109,#12110,#12111),
 .UNSPECIFIED.,.F.,.F.,(3,3),(0.,1.),.PIECEWISE_BEZIER_KNOTS.);
#335=B_SPLINE_CURVE_WITH_KNOTS('',2,(#12245,#12246,#12247),
 .UNSPECIFIED.,.F.,.F.,(3,3),(0.,1.),.PIECEWISE_BEZIER_KNOTS.);
#336=B_SPLINE_CURVE_WITH_KNOTS('',2,(#12251,#12252,#12253),
 .UNSPECIFIED.,.F.,.F.,(3,3),(0.,1.),.PIECEWISE_BEZIER_KNOTS.);
#337=B_SPLINE_CURVE_WITH_KNOTS('',2,(#12262,#12263,#12264),
 .UNSPECIFIED.,.F.,.F.,(3,3),(0.,1.),.PIECEWISE_BEZIER_KNOTS.);
#338=B_SPLINE_CURVE_WITH_KNOTS('',2,(#12268,#12269,#12270),
 .UNSPECIFIED.,.F.,.F.,(3,3),(0.,1.),.PIECEWISE_BEZIER_KNOTS.);
#339=B_SPLINE_CURVE_WITH_KNOTS('',2,(#12279,#12280,#12281),
 .UNSPECIFIED.,.F.,.F.,(3,3),(0.,1.),.PIECEWISE_BEZIER_KNOTS.);
#340=B_SPLINE_CURVE_WITH_KNOTS('',2,(#12285,#12286,#12287),
 .UNSPECIFIED.,.F.,.F.,(3,3),(0.,1.),.PIECEWISE_BEZIER_KNOTS.);
#341=B_SPLINE_CURVE_WITH_KNOTS('',2,(#12302,#12303,#12304),
 .UNSPECIFIED.,.F.,.F.,(3,3),(0.,1.),.PIECEWISE_BEZIER_KNOTS.);
#342=B_SPLINE_CURVE_WITH_KNOTS('',2,(#12308,#12309,#12310),
 .UNSPECIFIED.,.F.,.F.,(3,3),(0.,1.),.PIECEWISE_BEZIER_KNOTS.);
#343=B_SPLINE_CURVE_WITH_KNOTS('',2,(#12319,#12320,#12321),
 .UNSPECIFIED.,.F.,.F.,(3,3),(0.,1.),.PIECEWISE_BEZIER_KNOTS.);
#344=B_SPLINE_CURVE_WITH_KNOTS('',2,(#12325,#12326,#12327),
 .UNSPECIFIED.,.F.,.F.,(3,3),(0.,1.),.PIECEWISE_BEZIER_KNOTS.);
#345=B_SPLINE_CURVE_WITH_KNOTS('',2,(#12350,#12351,#12352),
 .UNSPECIFIED.,.F.,.F.,(3,3),(0.,1.),.PIECEWISE_BEZIER_KNOTS.);
#346=B_SPLINE_CURVE_WITH_KNOTS('',2,(#12363,#12364,#12365),
 .UNSPECIFIED.,.F.,.F.,(3,3),(0.,1.),.PIECEWISE_BEZIER_KNOTS.);
#347=B_SPLINE_CURVE_WITH_KNOTS('',2,(#12376,#12377,#12378),
 .UNSPECIFIED.,.F.,.F.,(3,3),(0.,1.),.PIECEWISE_BEZIER_KNOTS.);
#348=B_SPLINE_CURVE_WITH_KNOTS('',2,(#12393,#12394,#12395),
 .UNSPECIFIED.,.F.,.F.,(3,3),(0.,1.),.PIECEWISE_BEZIER_KNOTS.);
#349=B_SPLINE_CURVE_WITH_KNOTS('',3,(#12404,#12405,#12406,#12407),
 .UNSPECIFIED.,.F.,.F.,(4,4),(8.80430271104342E-15,0.00233772827573662),
 .UNSPECIFIED.);
#350=B_SPLINE_CURVE_WITH_KNOTS('',2,(#12411,#12412,#12413),
 .UNSPECIFIED.,.F.,.F.,(3,3),(0.,1.),.PIECEWISE_BEZIER_KNOTS.);
#351=B_SPLINE_CURVE_WITH_KNOTS('',3,(#12422,#12423,#12424,#12425,#12426),
 .UNSPECIFIED.,.F.,.F.,(4,1,4),(0.,0.00292454013465369,0.00584908026930738),
 .UNSPECIFIED.);
#352=B_SPLINE_CURVE_WITH_KNOTS('',2,(#12430,#12431,#12432),
 .UNSPECIFIED.,.F.,.F.,(3,3),(0.,1.),.PIECEWISE_BEZIER_KNOTS.);
#353=B_SPLINE_CURVE_WITH_KNOTS('',2,(#12444,#12445,#12446),
 .UNSPECIFIED.,.F.,.F.,(3,3),(0.,1.),.PIECEWISE_BEZIER_KNOTS.);
#354=B_SPLINE_CURVE_WITH_KNOTS('',2,(#12447,#12448,#12449),
 .UNSPECIFIED.,.F.,.F.,(3,3),(0.,1.),.PIECEWISE_BEZIER_KNOTS.);
#355=B_SPLINE_CURVE_WITH_KNOTS('',2,(#12534,#12535,#12536),
 .UNSPECIFIED.,.F.,.F.,(3,3),(0.,1.),.PIECEWISE_BEZIER_KNOTS.);
#356=B_SPLINE_CURVE_WITH_KNOTS('',2,(#12540,#12541,#12542),
 .UNSPECIFIED.,.F.,.F.,(3,3),(0.,1.),.PIECEWISE_BEZIER_KNOTS.);
#357=B_SPLINE_CURVE_WITH_KNOTS('',2,(#12551,#12552,#12553),
 .UNSPECIFIED.,.F.,.F.,(3,3),(0.,1.),.PIECEWISE_BEZIER_KNOTS.);
#358=B_SPLINE_CURVE_WITH_KNOTS('',2,(#12557,#12558,#12559),
 .UNSPECIFIED.,.F.,.F.,(3,3),(0.,1.),.PIECEWISE_BEZIER_KNOTS.);
#359=B_SPLINE_CURVE_WITH_KNOTS('',2,(#12568,#12569,#12570),
 .UNSPECIFIED.,.F.,.F.,(3,3),(0.,1.),.PIECEWISE_BEZIER_KNOTS.);
#360=B_SPLINE_CURVE_WITH_KNOTS('',2,(#12574,#12575,#12576),
 .UNSPECIFIED.,.F.,.F.,(3,3),(0.,1.),.PIECEWISE_BEZIER_KNOTS.);
#361=B_SPLINE_CURVE_WITH_KNOTS('',2,(#12585,#12586,#12587),
 .UNSPECIFIED.,.F.,.F.,(3,3),(0.,1.),.PIECEWISE_BEZIER_KNOTS.);
#362=B_SPLINE_CURVE_WITH_KNOTS('',2,(#12591,#12592,#12593),
 .UNSPECIFIED.,.F.,.F.,(3,3),(0.,1.),.PIECEWISE_BEZIER_KNOTS.);
#363=B_SPLINE_CURVE_WITH_KNOTS('',2,(#12602,#12603,#12604),
 .UNSPECIFIED.,.F.,.F.,(3,3),(0.,1.),.PIECEWISE_BEZIER_KNOTS.);
#364=B_SPLINE_CURVE_WITH_KNOTS('',2,(#12608,#12609,#12610),
 .UNSPECIFIED.,.F.,.F.,(3,3),(0.,1.),.PIECEWISE_BEZIER_KNOTS.);
#365=B_SPLINE_CURVE_WITH_KNOTS('',2,(#12641,#12642,#12643),
 .UNSPECIFIED.,.F.,.F.,(3,3),(0.,1.),.PIECEWISE_BEZIER_KNOTS.);
#366=B_SPLINE_CURVE_WITH_KNOTS('',2,(#12654,#12655,#12656),
 .UNSPECIFIED.,.F.,.F.,(3,3),(0.,1.),.PIECEWISE_BEZIER_KNOTS.);
#367=B_SPLINE_CURVE_WITH_KNOTS('',2,(#12667,#12668,#12669),
 .UNSPECIFIED.,.F.,.F.,(3,3),(0.,1.),.PIECEWISE_BEZIER_KNOTS.);
#368=B_SPLINE_CURVE_WITH_KNOTS('',2,(#12680,#12681,#12682),
 .UNSPECIFIED.,.F.,.F.,(3,3),(0.,1.),.PIECEWISE_BEZIER_KNOTS.);
#369=B_SPLINE_CURVE_WITH_KNOTS('',3,(#12691,#12692,#12693,#12694),
 .UNSPECIFIED.,.F.,.F.,(4,4),(7.3335362623995E-15,0.00206782150590312),
 .UNSPECIFIED.);
#370=B_SPLINE_CURVE_WITH_KNOTS('',2,(#12698,#12699,#12700),
 .UNSPECIFIED.,.F.,.F.,(3,3),(0.,1.),.PIECEWISE_BEZIER_KNOTS.);
#371=B_SPLINE_CURVE_WITH_KNOTS('',3,(#12709,#12710,#12711,#12712,#12713),
 .UNSPECIFIED.,.F.,.F.,(4,1,4),(0.,0.00220644191509942,0.00441288383019883),
 .UNSPECIFIED.);
#372=B_SPLINE_CURVE_WITH_KNOTS('',2,(#12717,#12718,#12719),
 .UNSPECIFIED.,.F.,.F.,(3,3),(0.,1.),.PIECEWISE_BEZIER_KNOTS.);
#373=B_SPLINE_CURVE_WITH_KNOTS('',2,(#12731,#12732,#12733),
 .UNSPECIFIED.,.F.,.F.,(3,3),(0.,1.),.PIECEWISE_BEZIER_KNOTS.);
#374=B_SPLINE_CURVE_WITH_KNOTS('',2,(#12734,#12735,#12736),
 .UNSPECIFIED.,.F.,.F.,(3,3),(0.,1.),.PIECEWISE_BEZIER_KNOTS.);
#375=B_SPLINE_CURVE_WITH_KNOTS('',2,(#12802,#12803,#12804),
 .UNSPECIFIED.,.F.,.F.,(3,3),(0.,1.),.PIECEWISE_BEZIER_KNOTS.);
#376=B_SPLINE_CURVE_WITH_KNOTS('',2,(#12817,#12818,#12819),
 .UNSPECIFIED.,.F.,.F.,(3,3),(0.,1.),.PIECEWISE_BEZIER_KNOTS.);
#377=B_SPLINE_CURVE_WITH_KNOTS('',2,(#12830,#12831,#12832),
 .UNSPECIFIED.,.F.,.F.,(3,3),(0.,1.),.PIECEWISE_BEZIER_KNOTS.);
#378=B_SPLINE_CURVE_WITH_KNOTS('',2,(#12843,#12844,#12845),
 .UNSPECIFIED.,.F.,.F.,(3,3),(0.,1.),.PIECEWISE_BEZIER_KNOTS.);
#379=B_SPLINE_CURVE_WITH_KNOTS('',2,(#12877,#12878,#12879),
 .UNSPECIFIED.,.F.,.F.,(3,3),(0.,1.),.PIECEWISE_BEZIER_KNOTS.);
#380=B_SPLINE_CURVE_WITH_KNOTS('',2,(#12890,#12891,#12892),
 .UNSPECIFIED.,.F.,.F.,(3,3),(0.,1.),.PIECEWISE_BEZIER_KNOTS.);
#381=B_SPLINE_CURVE_WITH_KNOTS('',2,(#12903,#12904,#12905),
 .UNSPECIFIED.,.F.,.F.,(3,3),(0.,1.),.PIECEWISE_BEZIER_KNOTS.);
#382=B_SPLINE_CURVE_WITH_KNOTS('',2,(#12916,#12917,#12918),
 .UNSPECIFIED.,.F.,.F.,(3,3),(0.,1.),.PIECEWISE_BEZIER_KNOTS.);
#383=B_SPLINE_CURVE_WITH_KNOTS('',2,(#12950,#12951,#12952),
 .UNSPECIFIED.,.F.,.F.,(3,3),(0.,1.),.PIECEWISE_BEZIER_KNOTS.);
#384=B_SPLINE_CURVE_WITH_KNOTS('',2,(#12961,#12962,#12963),
 .UNSPECIFIED.,.F.,.F.,(3,3),(0.,1.),.PIECEWISE_BEZIER_KNOTS.);
#385=B_SPLINE_CURVE_WITH_KNOTS('',2,(#13302,#13303,#13304),
 .UNSPECIFIED.,.F.,.F.,(3,3),(0.,1.),.PIECEWISE_BEZIER_KNOTS.);
#386=B_SPLINE_CURVE_WITH_KNOTS('',2,(#13308,#13309,#13310),
 .UNSPECIFIED.,.F.,.F.,(3,3),(0.,1.),.PIECEWISE_BEZIER_KNOTS.);
#387=B_SPLINE_CURVE_WITH_KNOTS('',2,(#13319,#13320,#13321),
 .UNSPECIFIED.,.F.,.F.,(3,3),(0.,1.),.PIECEWISE_BEZIER_KNOTS.);
#388=B_SPLINE_CURVE_WITH_KNOTS('',2,(#13325,#13326,#13327),
 .UNSPECIFIED.,.F.,.F.,(3,3),(0.,1.),.PIECEWISE_BEZIER_KNOTS.);
#389=B_SPLINE_CURVE_WITH_KNOTS('',2,(#13336,#13337,#13338),
 .UNSPECIFIED.,.F.,.F.,(3,3),(0.,1.),.PIECEWISE_BEZIER_KNOTS.);
#390=B_SPLINE_CURVE_WITH_KNOTS('',2,(#13342,#13343,#13344),
 .UNSPECIFIED.,.F.,.F.,(3,3),(0.,1.),.PIECEWISE_BEZIER_KNOTS.);
#391=B_SPLINE_CURVE_WITH_KNOTS('',2,(#13353,#13354,#13355),
 .UNSPECIFIED.,.F.,.F.,(3,3),(0.,1.),.PIECEWISE_BEZIER_KNOTS.);
#392=B_SPLINE_CURVE_WITH_KNOTS('',2,(#13359,#13360,#13361),
 .UNSPECIFIED.,.F.,.F.,(3,3),(0.,1.),.PIECEWISE_BEZIER_KNOTS.);
#393=B_SPLINE_CURVE_WITH_KNOTS('',2,(#13404,#13405,#13406),
 .UNSPECIFIED.,.F.,.F.,(3,3),(0.,1.),.PIECEWISE_BEZIER_KNOTS.);
#394=B_SPLINE_CURVE_WITH_KNOTS('',2,(#13417,#13418,#13419),
 .UNSPECIFIED.,.F.,.F.,(3,3),(0.,1.),.PIECEWISE_BEZIER_KNOTS.);
#395=B_SPLINE_CURVE_WITH_KNOTS('',2,(#13430,#13431,#13432),
 .UNSPECIFIED.,.F.,.F.,(3,3),(0.,1.),.PIECEWISE_BEZIER_KNOTS.);
#396=B_SPLINE_CURVE_WITH_KNOTS('',2,(#13443,#13444,#13445),
 .UNSPECIFIED.,.F.,.F.,(3,3),(0.,1.),.PIECEWISE_BEZIER_KNOTS.);
#397=B_SPLINE_CURVE_WITH_KNOTS('',3,(#13454,#13455,#13456,#13457),
 .UNSPECIFIED.,.F.,.F.,(4,4),(0.,0.00324957599848512),.UNSPECIFIED.);
#398=B_SPLINE_CURVE_WITH_KNOTS('',2,(#13461,#13462,#13463),
 .UNSPECIFIED.,.F.,.F.,(3,3),(0.,1.),.PIECEWISE_BEZIER_KNOTS.);
#399=B_SPLINE_CURVE_WITH_KNOTS('',3,(#13472,#13473,#13474,#13475),
 .UNSPECIFIED.,.F.,.F.,(4,4),(1.73472347597681E-18,0.00497317791993329),
 .UNSPECIFIED.);
#400=B_SPLINE_CURVE_WITH_KNOTS('',2,(#13479,#13480,#13481),
 .UNSPECIFIED.,.F.,.F.,(3,3),(0.,1.),.PIECEWISE_BEZIER_KNOTS.);
#401=B_SPLINE_CURVE_WITH_KNOTS('',2,(#13493,#13494,#13495),
 .UNSPECIFIED.,.F.,.F.,(3,3),(0.,1.),.PIECEWISE_BEZIER_KNOTS.);
#402=B_SPLINE_CURVE_WITH_KNOTS('',2,(#13496,#13497,#13498),
 .UNSPECIFIED.,.F.,.F.,(3,3),(0.,1.),.PIECEWISE_BEZIER_KNOTS.);
#403=SHAPE_REPRESENTATION_RELATIONSHIP('','',#7893,#407);
#404=SHAPE_REPRESENTATION_RELATIONSHIP('','',#7894,#408);
#405=SHAPE_REPRESENTATION_RELATIONSHIP('','',#7895,#409);
#406=SHAPE_REPRESENTATION_RELATIONSHIP('','',#7896,#410);
#407=ADVANCED_BREP_SHAPE_REPRESENTATION('',(#7885),#13517);
#408=ADVANCED_BREP_SHAPE_REPRESENTATION('',(#7886),#13518);
#409=ADVANCED_BREP_SHAPE_REPRESENTATION('',(#7887),#13519);
#410=ADVANCED_BREP_SHAPE_REPRESENTATION('',(#7888),#13520);
#411=CYLINDRICAL_SURFACE('',#7926,0.4);
#412=CYLINDRICAL_SURFACE('',#7927,0.4);
#413=CYLINDRICAL_SURFACE('',#7928,0.4);
#414=CYLINDRICAL_SURFACE('',#7929,0.4);
#415=CYLINDRICAL_SURFACE('',#7930,0.520666195217531);
#416=CYLINDRICAL_SURFACE('',#7931,0.4);
#417=CYLINDRICAL_SURFACE('',#7932,0.4);
#418=CYLINDRICAL_SURFACE('',#7933,0.4);
#419=CYLINDRICAL_SURFACE('',#7934,0.4);
#420=CYLINDRICAL_SURFACE('',#7964,0.4);
#421=CYLINDRICAL_SURFACE('',#7965,0.4);
#422=CYLINDRICAL_SURFACE('',#7966,0.4);
#423=CYLINDRICAL_SURFACE('',#7967,0.4);
#424=CYLINDRICAL_SURFACE('',#7968,0.520666195217531);
#425=CYLINDRICAL_SURFACE('',#7969,0.4);
#426=CYLINDRICAL_SURFACE('',#7970,0.4);
#427=CYLINDRICAL_SURFACE('',#7971,0.4);
#428=CYLINDRICAL_SURFACE('',#7972,0.4);
#429=CYLINDRICAL_SURFACE('',#8002,0.4);
#430=CYLINDRICAL_SURFACE('',#8003,0.4);
#431=CYLINDRICAL_SURFACE('',#8004,0.4);
#432=CYLINDRICAL_SURFACE('',#8005,0.4);
#433=CYLINDRICAL_SURFACE('',#8006,0.520666195217531);
#434=CYLINDRICAL_SURFACE('',#8007,0.4);
#435=CYLINDRICAL_SURFACE('',#8008,0.4);
#436=CYLINDRICAL_SURFACE('',#8009,0.4);
#437=CYLINDRICAL_SURFACE('',#8010,0.4);
#438=CYLINDRICAL_SURFACE('',#8048,0.4);
#439=CYLINDRICAL_SURFACE('',#8049,0.4);
#440=CYLINDRICAL_SURFACE('',#8050,0.4);
#441=CYLINDRICAL_SURFACE('',#8051,0.4);
#442=CYLINDRICAL_SURFACE('',#8052,0.4);
#443=CYLINDRICAL_SURFACE('',#8053,0.4);
#444=CYLINDRICAL_SURFACE('',#8056,1.61314270963003);
#445=CYLINDRICAL_SURFACE('',#8058,0.817513209333537);
#446=CYLINDRICAL_SURFACE('',#8060,1.33781626841388);
#447=CYLINDRICAL_SURFACE('',#8063,0.332865493868594);
#448=CYLINDRICAL_SURFACE('',#8079,1.61314270963086);
#449=CYLINDRICAL_SURFACE('',#8081,0.817513209333973);
#450=CYLINDRICAL_SURFACE('',#8083,1.3378162684135);
#451=CYLINDRICAL_SURFACE('',#8086,0.332865493868475);
#452=CYLINDRICAL_SURFACE('',#8161,1.25609135738745);
#453=CYLINDRICAL_SURFACE('',#8163,1.06628532498103);
#454=LINE('',#9766,#1230);
#455=LINE('',#9769,#1231);
#456=LINE('',#9771,#1232);
#457=LINE('',#9773,#1233);
#458=LINE('',#9779,#1234);
#459=LINE('',#9782,#1235);
#460=LINE('',#9784,#1236);
#461=LINE('',#9786,#1237);
#462=LINE('',#9790,#1238);
#463=LINE('',#9793,#1239);
#464=LINE('',#9795,#1240);
#465=LINE('',#9797,#1241);
#466=LINE('',#9805,#1242);
#467=LINE('',#9807,#1243);
#468=LINE('',#9809,#1244);
#469=LINE('',#9815,#1245);
#470=LINE('',#9818,#1246);
#471=LINE('',#9820,#1247);
#472=LINE('',#9822,#1248);
#473=LINE('',#9824,#1249);
#474=LINE('',#9826,#1250);
#475=LINE('',#9828,#1251);
#476=LINE('',#9834,#1252);
#477=LINE('',#9835,#1253);
#478=LINE('',#9843,#1254);
#479=LINE('',#9844,#1255);
#480=LINE('',#9862,#1256);
#481=LINE('',#9865,#1257);
#482=LINE('',#9867,#1258);
#483=LINE('',#9869,#1259);
#484=LINE('',#9875,#1260);
#485=LINE('',#9878,#1261);
#486=LINE('',#9880,#1262);
#487=LINE('',#9882,#1263);
#488=LINE('',#9892,#1264);
#489=LINE('',#9895,#1265);
#490=LINE('',#9897,#1266);
#491=LINE('',#9899,#1267);
#492=LINE('',#9901,#1268);
#493=LINE('',#9903,#1269);
#494=LINE('',#9905,#1270);
#495=LINE('',#9911,#1271);
#496=LINE('',#9912,#1272);
#497=LINE('',#9920,#1273);
#498=LINE('',#9922,#1274);
#499=LINE('',#9924,#1275);
#500=LINE('',#9926,#1276);
#501=LINE('',#9928,#1277);
#502=LINE('',#9930,#1278);
#503=LINE('',#9938,#1279);
#504=LINE('',#9940,#1280);
#505=LINE('',#9942,#1281);
#506=LINE('',#9962,#1282);
#507=LINE('',#9965,#1283);
#508=LINE('',#9967,#1284);
#509=LINE('',#9969,#1285);
#510=LINE('',#9973,#1286);
#511=LINE('',#9976,#1287);
#512=LINE('',#9978,#1288);
#513=LINE('',#9980,#1289);
#514=LINE('',#9986,#1290);
#515=LINE('',#9989,#1291);
#516=LINE('',#9991,#1292);
#517=LINE('',#9993,#1293);
#518=LINE('',#10001,#1294);
#519=LINE('',#10003,#1295);
#520=LINE('',#10005,#1296);
#521=LINE('',#10011,#1297);
#522=LINE('',#10014,#1298);
#523=LINE('',#10016,#1299);
#524=LINE('',#10018,#1300);
#525=LINE('',#10020,#1301);
#526=LINE('',#10022,#1302);
#527=LINE('',#10024,#1303);
#528=LINE('',#10030,#1304);
#529=LINE('',#10031,#1305);
#530=LINE('',#10039,#1306);
#531=LINE('',#10040,#1307);
#532=LINE('',#10058,#1308);
#533=LINE('',#10061,#1309);
#534=LINE('',#10063,#1310);
#535=LINE('',#10065,#1311);
#536=LINE('',#10066,#1312);
#537=LINE('',#10069,#1313);
#538=LINE('',#10079,#1314);
#539=LINE('',#10109,#1315);
#540=LINE('',#10143,#1316);
#541=LINE('',#10171,#1317);
#542=LINE('',#10183,#1318);
#543=LINE('',#10185,#1319);
#544=LINE('',#10187,#1320);
#545=LINE('',#10189,#1321);
#546=LINE('',#10191,#1322);
#547=LINE('',#10193,#1323);
#548=LINE('',#10195,#1324);
#549=LINE('',#10197,#1325);
#550=LINE('',#10199,#1326);
#551=LINE('',#10201,#1327);
#552=LINE('',#10203,#1328);
#553=LINE('',#10205,#1329);
#554=LINE('',#10207,#1330);
#555=LINE('',#10209,#1331);
#556=LINE('',#10211,#1332);
#557=LINE('',#10221,#1333);
#558=LINE('',#10235,#1334);
#559=LINE('',#10237,#1335);
#560=LINE('',#10239,#1336);
#561=LINE('',#10241,#1337);
#562=LINE('',#10243,#1338);
#563=LINE('',#10245,#1339);
#564=LINE('',#10247,#1340);
#565=LINE('',#10249,#1341);
#566=LINE('',#10251,#1342);
#567=LINE('',#10253,#1343);
#568=LINE('',#10255,#1344);
#569=LINE('',#10257,#1345);
#570=LINE('',#10259,#1346);
#571=LINE('',#10261,#1347);
#572=LINE('',#10263,#1348);
#573=LINE('',#10285,#1349);
#574=LINE('',#10287,#1350);
#575=LINE('',#10289,#1351);
#576=LINE('',#10291,#1352);
#577=LINE('',#10293,#1353);
#578=LINE('',#10347,#1354);
#579=LINE('',#10349,#1355);
#580=LINE('',#10351,#1356);
#581=LINE('',#10385,#1357);
#582=LINE('',#10387,#1358);
#583=LINE('',#10389,#1359);
#584=LINE('',#10415,#1360);
#585=LINE('',#10417,#1361);
#586=LINE('',#10419,#1362);
#587=LINE('',#10429,#1363);
#588=LINE('',#10431,#1364);
#589=LINE('',#10433,#1365);
#590=LINE('',#10435,#1366);
#591=LINE('',#10437,#1367);
#592=LINE('',#10439,#1368);
#593=LINE('',#10441,#1369);
#594=LINE('',#10443,#1370);
#595=LINE('',#10445,#1371);
#596=LINE('',#10447,#1372);
#597=LINE('',#10449,#1373);
#598=LINE('',#10451,#1374);
#599=LINE('',#10453,#1375);
#600=LINE('',#10463,#1376);
#601=LINE('',#10493,#1377);
#602=LINE('',#10527,#1378);
#603=LINE('',#10555,#1379);
#604=LINE('',#10567,#1380);
#605=LINE('',#10569,#1381);
#606=LINE('',#10595,#1382);
#607=LINE('',#10597,#1383);
#608=LINE('',#10599,#1384);
#609=LINE('',#10601,#1385);
#610=LINE('',#10603,#1386);
#611=LINE('',#10605,#1387);
#612=LINE('',#10607,#1388);
#613=LINE('',#10609,#1389);
#614=LINE('',#10611,#1390);
#615=LINE('',#10613,#1391);
#616=LINE('',#10615,#1392);
#617=LINE('',#10617,#1393);
#618=LINE('',#10619,#1394);
#619=LINE('',#10621,#1395);
#620=LINE('',#10623,#1396);
#621=LINE('',#10625,#1397);
#622=LINE('',#10627,#1398);
#623=LINE('',#10629,#1399);
#624=LINE('',#10631,#1400);
#625=LINE('',#10633,#1401);
#626=LINE('',#10635,#1402);
#627=LINE('',#10637,#1403);
#628=LINE('',#10639,#1404);
#629=LINE('',#10641,#1405);
#630=LINE('',#10643,#1406);
#631=LINE('',#10645,#1407);
#632=LINE('',#10647,#1408);
#633=LINE('',#10649,#1409);
#634=LINE('',#10651,#1410);
#635=LINE('',#10653,#1411);
#636=LINE('',#10655,#1412);
#637=LINE('',#10657,#1413);
#638=LINE('',#10659,#1414);
#639=LINE('',#10661,#1415);
#640=LINE('',#10663,#1416);
#641=LINE('',#10665,#1417);
#642=LINE('',#10667,#1418);
#643=LINE('',#10669,#1419);
#644=LINE('',#10671,#1420);
#645=LINE('',#10673,#1421);
#646=LINE('',#10675,#1422);
#647=LINE('',#10677,#1423);
#648=LINE('',#10679,#1424);
#649=LINE('',#10681,#1425);
#650=LINE('',#10683,#1426);
#651=LINE('',#10685,#1427);
#652=LINE('',#10687,#1428);
#653=LINE('',#10689,#1429);
#654=LINE('',#10691,#1430);
#655=LINE('',#10693,#1431);
#656=LINE('',#10695,#1432);
#657=LINE('',#10697,#1433);
#658=LINE('',#10699,#1434);
#659=LINE('',#10701,#1435);
#660=LINE('',#10703,#1436);
#661=LINE('',#10705,#1437);
#662=LINE('',#10707,#1438);
#663=LINE('',#10729,#1439);
#664=LINE('',#10731,#1440);
#665=LINE('',#10733,#1441);
#666=LINE('',#10735,#1442);
#667=LINE('',#10737,#1443);
#668=LINE('',#10739,#1444);
#669=LINE('',#10741,#1445);
#670=LINE('',#10743,#1446);
#671=LINE('',#10745,#1447);
#672=LINE('',#10747,#1448);
#673=LINE('',#10749,#1449);
#674=LINE('',#10752,#1450);
#675=LINE('',#10754,#1451);
#676=LINE('',#10776,#1452);
#677=LINE('',#10779,#1453);
#678=LINE('',#10781,#1454);
#679=LINE('',#10783,#1455);
#680=LINE('',#10786,#1456);
#681=LINE('',#10788,#1457);
#682=LINE('',#10796,#1458);
#683=LINE('',#10799,#1459);
#684=LINE('',#10801,#1460);
#685=LINE('',#10803,#1461);
#686=LINE('',#10811,#1462);
#687=LINE('',#10814,#1463);
#688=LINE('',#10816,#1464);
#689=LINE('',#10818,#1465);
#690=LINE('',#10832,#1466);
#691=LINE('',#10835,#1467);
#692=LINE('',#10836,#1468);
#693=LINE('',#10838,#1469);
#694=LINE('',#10840,#1470);
#695=LINE('',#10842,#1471);
#696=LINE('',#10844,#1472);
#697=LINE('',#10847,#1473);
#698=LINE('',#10849,#1474);
#699=LINE('',#10851,#1475);
#700=LINE('',#10853,#1476);
#701=LINE('',#10854,#1477);
#702=LINE('',#10856,#1478);
#703=LINE('',#10857,#1479);
#704=LINE('',#10859,#1480);
#705=LINE('',#10860,#1481);
#706=LINE('',#10877,#1482);
#707=LINE('',#10883,#1483);
#708=LINE('',#10892,#1484);
#709=LINE('',#10905,#1485);
#710=LINE('',#10918,#1486);
#711=LINE('',#10931,#1487);
#712=LINE('',#10944,#1488);
#713=LINE('',#10950,#1489);
#714=LINE('',#10952,#1490);
#715=LINE('',#10961,#1491);
#716=LINE('',#10974,#1492);
#717=LINE('',#10987,#1493);
#718=LINE('',#11000,#1494);
#719=LINE('',#11013,#1495);
#720=LINE('',#11026,#1496);
#721=LINE('',#11039,#1497);
#722=LINE('',#11045,#1498);
#723=LINE('',#11047,#1499);
#724=LINE('',#11049,#1500);
#725=LINE('',#11053,#1501);
#726=LINE('',#11069,#1502);
#727=LINE('',#11087,#1503);
#728=LINE('',#11107,#1504);
#729=LINE('',#11120,#1505);
#730=LINE('',#11137,#1506);
#731=LINE('',#11143,#1507);
#732=LINE('',#11147,#1508);
#733=LINE('',#11149,#1509);
#734=LINE('',#11158,#1510);
#735=LINE('',#11171,#1511);
#736=LINE('',#11177,#1512);
#737=LINE('',#11188,#1513);
#738=LINE('',#11201,#1514);
#739=LINE('',#11214,#1515);
#740=LINE('',#11227,#1516);
#741=LINE('',#11233,#1517);
#742=LINE('',#11235,#1518);
#743=LINE('',#11244,#1519);
#744=LINE('',#11269,#1520);
#745=LINE('',#11275,#1521);
#746=LINE('',#11284,#1522);
#747=LINE('',#11297,#1523);
#748=LINE('',#11310,#1524);
#749=LINE('',#11323,#1525);
#750=LINE('',#11336,#1526);
#751=LINE('',#11349,#1527);
#752=LINE('',#11362,#1528);
#753=LINE('',#11375,#1529);
#754=LINE('',#11388,#1530);
#755=LINE('',#11406,#1531);
#756=LINE('',#11425,#1532);
#757=LINE('',#11443,#1533);
#758=LINE('',#11456,#1534);
#759=LINE('',#11473,#1535);
#760=LINE('',#11479,#1536);
#761=LINE('',#11481,#1537);
#762=LINE('',#11483,#1538);
#763=LINE('',#11485,#1539);
#764=LINE('',#11487,#1540);
#765=LINE('',#11489,#1541);
#766=LINE('',#11498,#1542);
#767=LINE('',#11511,#1543);
#768=LINE('',#11524,#1544);
#769=LINE('',#11537,#1545);
#770=LINE('',#11550,#1546);
#771=LINE('',#11563,#1547);
#772=LINE('',#11569,#1548);
#773=LINE('',#11571,#1549);
#774=LINE('',#11573,#1550);
#775=LINE('',#11575,#1551);
#776=LINE('',#11577,#1552);
#777=LINE('',#11579,#1553);
#778=LINE('',#11588,#1554);
#779=LINE('',#11601,#1555);
#780=LINE('',#11614,#1556);
#781=LINE('',#11627,#1557);
#782=LINE('',#11640,#1558);
#783=LINE('',#11653,#1559);
#784=LINE('',#11666,#1560);
#785=LINE('',#11679,#1561);
#786=LINE('',#11685,#1562);
#787=LINE('',#11687,#1563);
#788=LINE('',#11689,#1564);
#789=LINE('',#11691,#1565);
#790=LINE('',#11693,#1566);
#791=LINE('',#11695,#1567);
#792=LINE('',#11704,#1568);
#793=LINE('',#11729,#1569);
#794=LINE('',#11735,#1570);
#795=LINE('',#11744,#1571);
#796=LINE('',#11757,#1572);
#797=LINE('',#11770,#1573);
#798=LINE('',#11783,#1574);
#799=LINE('',#11796,#1575);
#800=LINE('',#11802,#1576);
#801=LINE('',#11804,#1577);
#802=LINE('',#11813,#1578);
#803=LINE('',#11826,#1579);
#804=LINE('',#11839,#1580);
#805=LINE('',#11852,#1581);
#806=LINE('',#11865,#1582);
#807=LINE('',#11878,#1583);
#808=LINE('',#11891,#1584);
#809=LINE('',#11897,#1585);
#810=LINE('',#11899,#1586);
#811=LINE('',#11901,#1587);
#812=LINE('',#11905,#1588);
#813=LINE('',#11921,#1589);
#814=LINE('',#11939,#1590);
#815=LINE('',#11959,#1591);
#816=LINE('',#11972,#1592);
#817=LINE('',#11989,#1593);
#818=LINE('',#11995,#1594);
#819=LINE('',#11999,#1595);
#820=LINE('',#12001,#1596);
#821=LINE('',#12010,#1597);
#822=LINE('',#12023,#1598);
#823=LINE('',#12029,#1599);
#824=LINE('',#12040,#1600);
#825=LINE('',#12053,#1601);
#826=LINE('',#12066,#1602);
#827=LINE('',#12079,#1603);
#828=LINE('',#12085,#1604);
#829=LINE('',#12087,#1605);
#830=LINE('',#12096,#1606);
#831=LINE('',#12114,#1607);
#832=LINE('',#12116,#1608);
#833=LINE('',#12118,#1609);
#834=LINE('',#12120,#1610);
#835=LINE('',#12122,#1611);
#836=LINE('',#12124,#1612);
#837=LINE('',#12126,#1613);
#838=LINE('',#12128,#1614);
#839=LINE('',#12131,#1615);
#840=LINE('',#12133,#1616);
#841=LINE('',#12135,#1617);
#842=LINE('',#12137,#1618);
#843=LINE('',#12139,#1619);
#844=LINE('',#12141,#1620);
#845=LINE('',#12143,#1621);
#846=LINE('',#12145,#1622);
#847=LINE('',#12147,#1623);
#848=LINE('',#12149,#1624);
#849=LINE('',#12151,#1625);
#850=LINE('',#12153,#1626);
#851=LINE('',#12155,#1627);
#852=LINE('',#12157,#1628);
#853=LINE('',#12158,#1629);
#854=LINE('',#12161,#1630);
#855=LINE('',#12164,#1631);
#856=LINE('',#12166,#1632);
#857=LINE('',#12168,#1633);
#858=LINE('',#12170,#1634);
#859=LINE('',#12172,#1635);
#860=LINE('',#12174,#1636);
#861=LINE('',#12176,#1637);
#862=LINE('',#12178,#1638);
#863=LINE('',#12180,#1639);
#864=LINE('',#12182,#1640);
#865=LINE('',#12184,#1641);
#866=LINE('',#12186,#1642);
#867=LINE('',#12188,#1643);
#868=LINE('',#12190,#1644);
#869=LINE('',#12192,#1645);
#870=LINE('',#12194,#1646);
#871=LINE('',#12196,#1647);
#872=LINE('',#12198,#1648);
#873=LINE('',#12200,#1649);
#874=LINE('',#12202,#1650);
#875=LINE('',#12204,#1651);
#876=LINE('',#12206,#1652);
#877=LINE('',#12208,#1653);
#878=LINE('',#12210,#1654);
#879=LINE('',#12211,#1655);
#880=LINE('',#12213,#1656);
#881=LINE('',#12214,#1657);
#882=LINE('',#12217,#1658);
#883=LINE('',#12220,#1659);
#884=LINE('',#12222,#1660);
#885=LINE('',#12224,#1661);
#886=LINE('',#12226,#1662);
#887=LINE('',#12228,#1663);
#888=LINE('',#12230,#1664);
#889=LINE('',#12232,#1665);
#890=LINE('',#12234,#1666);
#891=LINE('',#12236,#1667);
#892=LINE('',#12249,#1668);
#893=LINE('',#12266,#1669);
#894=LINE('',#12283,#1670);
#895=LINE('',#12289,#1671);
#896=LINE('',#12291,#1672);
#897=LINE('',#12293,#1673);
#898=LINE('',#12306,#1674);
#899=LINE('',#12323,#1675);
#900=LINE('',#12329,#1676);
#901=LINE('',#12331,#1677);
#902=LINE('',#12333,#1678);
#903=LINE('',#12335,#1679);
#904=LINE('',#12337,#1680);
#905=LINE('',#12339,#1681);
#906=LINE('',#12348,#1682);
#907=LINE('',#12361,#1683);
#908=LINE('',#12374,#1684);
#909=LINE('',#12380,#1685);
#910=LINE('',#12382,#1686);
#911=LINE('',#12391,#1687);
#912=LINE('',#12409,#1688);
#913=LINE('',#12428,#1689);
#914=LINE('',#12434,#1690);
#915=LINE('',#12435,#1691);
#916=LINE('',#12452,#1692);
#917=LINE('',#12454,#1693);
#918=LINE('',#12456,#1694);
#919=LINE('',#12458,#1695);
#920=LINE('',#12460,#1696);
#921=LINE('',#12462,#1697);
#922=LINE('',#12464,#1698);
#923=LINE('',#12466,#1699);
#924=LINE('',#12468,#1700);
#925=LINE('',#12470,#1701);
#926=LINE('',#12472,#1702);
#927=LINE('',#12474,#1703);
#928=LINE('',#12476,#1704);
#929=LINE('',#12478,#1705);
#930=LINE('',#12480,#1706);
#931=LINE('',#12482,#1707);
#932=LINE('',#12484,#1708);
#933=LINE('',#12486,#1709);
#934=LINE('',#12488,#1710);
#935=LINE('',#12490,#1711);
#936=LINE('',#12492,#1712);
#937=LINE('',#12494,#1713);
#938=LINE('',#12496,#1714);
#939=LINE('',#12498,#1715);
#940=LINE('',#12500,#1716);
#941=LINE('',#12502,#1717);
#942=LINE('',#12503,#1718);
#943=LINE('',#12506,#1719);
#944=LINE('',#12509,#1720);
#945=LINE('',#12511,#1721);
#946=LINE('',#12513,#1722);
#947=LINE('',#12515,#1723);
#948=LINE('',#12517,#1724);
#949=LINE('',#12519,#1725);
#950=LINE('',#12521,#1726);
#951=LINE('',#12523,#1727);
#952=LINE('',#12525,#1728);
#953=LINE('',#12538,#1729);
#954=LINE('',#12555,#1730);
#955=LINE('',#12572,#1731);
#956=LINE('',#12589,#1732);
#957=LINE('',#12606,#1733);
#958=LINE('',#12612,#1734);
#959=LINE('',#12614,#1735);
#960=LINE('',#12616,#1736);
#961=LINE('',#12618,#1737);
#962=LINE('',#12620,#1738);
#963=LINE('',#12622,#1739);
#964=LINE('',#12624,#1740);
#965=LINE('',#12626,#1741);
#966=LINE('',#12628,#1742);
#967=LINE('',#12630,#1743);
#968=LINE('',#12639,#1744);
#969=LINE('',#12652,#1745);
#970=LINE('',#12665,#1746);
#971=LINE('',#12678,#1747);
#972=LINE('',#12696,#1748);
#973=LINE('',#12715,#1749);
#974=LINE('',#12721,#1750);
#975=LINE('',#12722,#1751);
#976=LINE('',#12739,#1752);
#977=LINE('',#12741,#1753);
#978=LINE('',#12743,#1754);
#979=LINE('',#12745,#1755);
#980=LINE('',#12747,#1756);
#981=LINE('',#12749,#1757);
#982=LINE('',#12751,#1758);
#983=LINE('',#12753,#1759);
#984=LINE('',#12755,#1760);
#985=LINE('',#12757,#1761);
#986=LINE('',#12759,#1762);
#987=LINE('',#12761,#1763);
#988=LINE('',#12763,#1764);
#989=LINE('',#12765,#1765);
#990=LINE('',#12767,#1766);
#991=LINE('',#12769,#1767);
#992=LINE('',#12771,#1768);
#993=LINE('',#12773,#1769);
#994=LINE('',#12775,#1770);
#995=LINE('',#12777,#1771);
#996=LINE('',#12779,#1772);
#997=LINE('',#12781,#1773);
#998=LINE('',#12783,#1774);
#999=LINE('',#12785,#1775);
#1000=LINE('',#12787,#1776);
#1001=LINE('',#12789,#1777);
#1002=LINE('',#12790,#1778);
#1003=LINE('',#12800,#1779);
#1004=LINE('',#12806,#1780);
#1005=LINE('',#12815,#1781);
#1006=LINE('',#12828,#1782);
#1007=LINE('',#12841,#1783);
#1008=LINE('',#12847,#1784);
#1009=LINE('',#12849,#1785);
#1010=LINE('',#12851,#1786);
#1011=LINE('',#12853,#1787);
#1012=LINE('',#12855,#1788);
#1013=LINE('',#12857,#1789);
#1014=LINE('',#12859,#1790);
#1015=LINE('',#12861,#1791);
#1016=LINE('',#12862,#1792);
#1017=LINE('',#12864,#1793);
#1018=LINE('',#12875,#1794);
#1019=LINE('',#12888,#1795);
#1020=LINE('',#12901,#1796);
#1021=LINE('',#12914,#1797);
#1022=LINE('',#12920,#1798);
#1023=LINE('',#12924,#1799);
#1024=LINE('',#12926,#1800);
#1025=LINE('',#12928,#1801);
#1026=LINE('',#12930,#1802);
#1027=LINE('',#12932,#1803);
#1028=LINE('',#12934,#1804);
#1029=LINE('',#12936,#1805);
#1030=LINE('',#12938,#1806);
#1031=LINE('',#12939,#1807);
#1032=LINE('',#12948,#1808);
#1033=LINE('',#12966,#1809);
#1034=LINE('',#12968,#1810);
#1035=LINE('',#12970,#1811);
#1036=LINE('',#12972,#1812);
#1037=LINE('',#12974,#1813);
#1038=LINE('',#12976,#1814);
#1039=LINE('',#12978,#1815);
#1040=LINE('',#12980,#1816);
#1041=LINE('',#12982,#1817);
#1042=LINE('',#12984,#1818);
#1043=LINE('',#12986,#1819);
#1044=LINE('',#12988,#1820);
#1045=LINE('',#12990,#1821);
#1046=LINE('',#12992,#1822);
#1047=LINE('',#12994,#1823);
#1048=LINE('',#12996,#1824);
#1049=LINE('',#12998,#1825);
#1050=LINE('',#13000,#1826);
#1051=LINE('',#13002,#1827);
#1052=LINE('',#13004,#1828);
#1053=LINE('',#13005,#1829);
#1054=LINE('',#13007,#1830);
#1055=LINE('',#13009,#1831);
#1056=LINE('',#13011,#1832);
#1057=LINE('',#13013,#1833);
#1058=LINE('',#13014,#1834);
#1059=LINE('',#13017,#1835);
#1060=LINE('',#13019,#1836);
#1061=LINE('',#13021,#1837);
#1062=LINE('',#13023,#1838);
#1063=LINE('',#13025,#1839);
#1064=LINE('',#13027,#1840);
#1065=LINE('',#13029,#1841);
#1066=LINE('',#13031,#1842);
#1067=LINE('',#13033,#1843);
#1068=LINE('',#13035,#1844);
#1069=LINE('',#13037,#1845);
#1070=LINE('',#13039,#1846);
#1071=LINE('',#13041,#1847);
#1072=LINE('',#13043,#1848);
#1073=LINE('',#13045,#1849);
#1074=LINE('',#13047,#1850);
#1075=LINE('',#13049,#1851);
#1076=LINE('',#13051,#1852);
#1077=LINE('',#13053,#1853);
#1078=LINE('',#13055,#1854);
#1079=LINE('',#13057,#1855);
#1080=LINE('',#13059,#1856);
#1081=LINE('',#13061,#1857);
#1082=LINE('',#13063,#1858);
#1083=LINE('',#13065,#1859);
#1084=LINE('',#13067,#1860);
#1085=LINE('',#13068,#1861);
#1086=LINE('',#13071,#1862);
#1087=LINE('',#13073,#1863);
#1088=LINE('',#13075,#1864);
#1089=LINE('',#13077,#1865);
#1090=LINE('',#13079,#1866);
#1091=LINE('',#13081,#1867);
#1092=LINE('',#13083,#1868);
#1093=LINE('',#13085,#1869);
#1094=LINE('',#13087,#1870);
#1095=LINE('',#13089,#1871);
#1096=LINE('',#13091,#1872);
#1097=LINE('',#13093,#1873);
#1098=LINE('',#13095,#1874);
#1099=LINE('',#13097,#1875);
#1100=LINE('',#13099,#1876);
#1101=LINE('',#13101,#1877);
#1102=LINE('',#13103,#1878);
#1103=LINE('',#13105,#1879);
#1104=LINE('',#13107,#1880);
#1105=LINE('',#13109,#1881);
#1106=LINE('',#13111,#1882);
#1107=LINE('',#13113,#1883);
#1108=LINE('',#13115,#1884);
#1109=LINE('',#13117,#1885);
#1110=LINE('',#13119,#1886);
#1111=LINE('',#13121,#1887);
#1112=LINE('',#13122,#1888);
#1113=LINE('',#13124,#1889);
#1114=LINE('',#13126,#1890);
#1115=LINE('',#13128,#1891);
#1116=LINE('',#13130,#1892);
#1117=LINE('',#13131,#1893);
#1118=LINE('',#13134,#1894);
#1119=LINE('',#13136,#1895);
#1120=LINE('',#13138,#1896);
#1121=LINE('',#13140,#1897);
#1122=LINE('',#13142,#1898);
#1123=LINE('',#13144,#1899);
#1124=LINE('',#13146,#1900);
#1125=LINE('',#13148,#1901);
#1126=LINE('',#13150,#1902);
#1127=LINE('',#13152,#1903);
#1128=LINE('',#13154,#1904);
#1129=LINE('',#13156,#1905);
#1130=LINE('',#13158,#1906);
#1131=LINE('',#13160,#1907);
#1132=LINE('',#13161,#1908);
#1133=LINE('',#13164,#1909);
#1134=LINE('',#13167,#1910);
#1135=LINE('',#13169,#1911);
#1136=LINE('',#13171,#1912);
#1137=LINE('',#13173,#1913);
#1138=LINE('',#13175,#1914);
#1139=LINE('',#13177,#1915);
#1140=LINE('',#13179,#1916);
#1141=LINE('',#13181,#1917);
#1142=LINE('',#13183,#1918);
#1143=LINE('',#13185,#1919);
#1144=LINE('',#13187,#1920);
#1145=LINE('',#13189,#1921);
#1146=LINE('',#13191,#1922);
#1147=LINE('',#13193,#1923);
#1148=LINE('',#13195,#1924);
#1149=LINE('',#13197,#1925);
#1150=LINE('',#13199,#1926);
#1151=LINE('',#13201,#1927);
#1152=LINE('',#13203,#1928);
#1153=LINE('',#13205,#1929);
#1154=LINE('',#13207,#1930);
#1155=LINE('',#13209,#1931);
#1156=LINE('',#13211,#1932);
#1157=LINE('',#13213,#1933);
#1158=LINE('',#13214,#1934);
#1159=LINE('',#13216,#1935);
#1160=LINE('',#13217,#1936);
#1161=LINE('',#13220,#1937);
#1162=LINE('',#13222,#1938);
#1163=LINE('',#13224,#1939);
#1164=LINE('',#13226,#1940);
#1165=LINE('',#13228,#1941);
#1166=LINE('',#13230,#1942);
#1167=LINE('',#13232,#1943);
#1168=LINE('',#13234,#1944);
#1169=LINE('',#13236,#1945);
#1170=LINE('',#13238,#1946);
#1171=LINE('',#13240,#1947);
#1172=LINE('',#13242,#1948);
#1173=LINE('',#13244,#1949);
#1174=LINE('',#13246,#1950);
#1175=LINE('',#13248,#1951);
#1176=LINE('',#13250,#1952);
#1177=LINE('',#13252,#1953);
#1178=LINE('',#13254,#1954);
#1179=LINE('',#13256,#1955);
#1180=LINE('',#13258,#1956);
#1181=LINE('',#13260,#1957);
#1182=LINE('',#13262,#1958);
#1183=LINE('',#13264,#1959);
#1184=LINE('',#13266,#1960);
#1185=LINE('',#13268,#1961);
#1186=LINE('',#13270,#1962);
#1187=LINE('',#13271,#1963);
#1188=LINE('',#13274,#1964);
#1189=LINE('',#13277,#1965);
#1190=LINE('',#13279,#1966);
#1191=LINE('',#13281,#1967);
#1192=LINE('',#13283,#1968);
#1193=LINE('',#13285,#1969);
#1194=LINE('',#13287,#1970);
#1195=LINE('',#13289,#1971);
#1196=LINE('',#13291,#1972);
#1197=LINE('',#13293,#1973);
#1198=LINE('',#13306,#1974);
#1199=LINE('',#13323,#1975);
#1200=LINE('',#13340,#1976);
#1201=LINE('',#13357,#1977);
#1202=LINE('',#13363,#1978);
#1203=LINE('',#13365,#1979);
#1204=LINE('',#13367,#1980);
#1205=LINE('',#13369,#1981);
#1206=LINE('',#13371,#1982);
#1207=LINE('',#13373,#1983);
#1208=LINE('',#13375,#1984);
#1209=LINE('',#13377,#1985);
#1210=LINE('',#13379,#1986);
#1211=LINE('',#13381,#1987);
#1212=LINE('',#13383,#1988);
#1213=LINE('',#13385,#1989);
#1214=LINE('',#13387,#1990);
#1215=LINE('',#13389,#1991);
#1216=LINE('',#13391,#1992);
#1217=LINE('',#13393,#1993);
#1218=LINE('',#13402,#1994);
#1219=LINE('',#13415,#1995);
#1220=LINE('',#13428,#1996);
#1221=LINE('',#13441,#1997);
#1222=LINE('',#13459,#1998);
#1223=LINE('',#13477,#1999);
#1224=LINE('',#13483,#2000);
#1225=LINE('',#13484,#2001);
#1226=LINE('',#13506,#2002);
#1227=LINE('',#13507,#2003);
#1228=LINE('',#13509,#2004);
#1229=LINE('',#13511,#2005);
#1230=VECTOR('',#8266,100.);
#1231=VECTOR('',#8267,100.);
#1232=VECTOR('',#8268,100.);
#1233=VECTOR('',#8269,100.);
#1234=VECTOR('',#8276,100.);
#1235=VECTOR('',#8277,100.);
#1236=VECTOR('',#8278,100.);
#1237=VECTOR('',#8279,100.);
#1238=VECTOR('',#8284,100.);
#1239=VECTOR('',#8285,100.);
#1240=VECTOR('',#8286,100.);
#1241=VECTOR('',#8287,100.);
#1242=VECTOR('',#8296,100.);
#1243=VECTOR('',#8297,100.);
#1244=VECTOR('',#8298,100.);
#1245=VECTOR('',#8305,100.);
#1246=VECTOR('',#8306,100.);
#1247=VECTOR('',#8307,100.);
#1248=VECTOR('',#8308,100.);
#1249=VECTOR('',#8311,100.);
#1250=VECTOR('',#8312,100.);
#1251=VECTOR('',#8313,100.);
#1252=VECTOR('',#8320,100.);
#1253=VECTOR('',#8321,100.);
#1254=VECTOR('',#8330,100.);
#1255=VECTOR('',#8331,100.);
#1256=VECTOR('',#8366,100.);
#1257=VECTOR('',#8367,100.);
#1258=VECTOR('',#8368,100.);
#1259=VECTOR('',#8369,100.);
#1260=VECTOR('',#8376,100.);
#1261=VECTOR('',#8377,100.);
#1262=VECTOR('',#8378,100.);
#1263=VECTOR('',#8379,100.);
#1264=VECTOR('',#8390,100.);
#1265=VECTOR('',#8391,100.);
#1266=VECTOR('',#8392,100.);
#1267=VECTOR('',#8393,100.);
#1268=VECTOR('',#8396,100.);
#1269=VECTOR('',#8397,100.);
#1270=VECTOR('',#8398,100.);
#1271=VECTOR('',#8405,100.);
#1272=VECTOR('',#8406,100.);
#1273=VECTOR('',#8415,100.);
#1274=VECTOR('',#8416,100.);
#1275=VECTOR('',#8417,100.);
#1276=VECTOR('',#8420,100.);
#1277=VECTOR('',#8421,100.);
#1278=VECTOR('',#8422,100.);
#1279=VECTOR('',#8431,100.);
#1280=VECTOR('',#8432,100.);
#1281=VECTOR('',#8433,100.);
#1282=VECTOR('',#8470,100.);
#1283=VECTOR('',#8471,100.);
#1284=VECTOR('',#8472,100.);
#1285=VECTOR('',#8473,100.);
#1286=VECTOR('',#8478,100.);
#1287=VECTOR('',#8479,100.);
#1288=VECTOR('',#8480,100.);
#1289=VECTOR('',#8481,100.);
#1290=VECTOR('',#8488,100.);
#1291=VECTOR('',#8489,100.);
#1292=VECTOR('',#8490,100.);
#1293=VECTOR('',#8491,100.);
#1294=VECTOR('',#8500,100.);
#1295=VECTOR('',#8501,100.);
#1296=VECTOR('',#8502,100.);
#1297=VECTOR('',#8509,100.);
#1298=VECTOR('',#8510,100.);
#1299=VECTOR('',#8511,100.);
#1300=VECTOR('',#8512,100.);
#1301=VECTOR('',#8515,100.);
#1302=VECTOR('',#8516,100.);
#1303=VECTOR('',#8517,100.);
#1304=VECTOR('',#8524,100.);
#1305=VECTOR('',#8525,100.);
#1306=VECTOR('',#8534,100.);
#1307=VECTOR('',#8535,100.);
#1308=VECTOR('',#8570,100.);
#1309=VECTOR('',#8571,100.);
#1310=VECTOR('',#8572,100.);
#1311=VECTOR('',#8573,100.);
#1312=VECTOR('',#8574,100.);
#1313=VECTOR('',#8575,100.);
#1314=VECTOR('',#8580,100.);
#1315=VECTOR('',#8581,100.);
#1316=VECTOR('',#8582,100.);
#1317=VECTOR('',#8585,100.);
#1318=VECTOR('',#8588,100.);
#1319=VECTOR('',#8589,100.);
#1320=VECTOR('',#8590,100.);
#1321=VECTOR('',#8591,100.);
#1322=VECTOR('',#8592,100.);
#1323=VECTOR('',#8593,100.);
#1324=VECTOR('',#8594,100.);
#1325=VECTOR('',#8595,100.);
#1326=VECTOR('',#8596,100.);
#1327=VECTOR('',#8597,100.);
#1328=VECTOR('',#8598,100.);
#1329=VECTOR('',#8599,100.);
#1330=VECTOR('',#8600,100.);
#1331=VECTOR('',#8601,100.);
#1332=VECTOR('',#8602,100.);
#1333=VECTOR('',#8603,100.);
#1334=VECTOR('',#8604,100.);
#1335=VECTOR('',#8605,100.);
#1336=VECTOR('',#8606,100.);
#1337=VECTOR('',#8607,100.);
#1338=VECTOR('',#8608,100.);
#1339=VECTOR('',#8609,100.);
#1340=VECTOR('',#8610,100.);
#1341=VECTOR('',#8611,100.);
#1342=VECTOR('',#8612,100.);
#1343=VECTOR('',#8613,100.);
#1344=VECTOR('',#8614,100.);
#1345=VECTOR('',#8615,100.);
#1346=VECTOR('',#8616,100.);
#1347=VECTOR('',#8617,100.);
#1348=VECTOR('',#8618,100.);
#1349=VECTOR('',#8619,100.);
#1350=VECTOR('',#8620,100.);
#1351=VECTOR('',#8621,100.);
#1352=VECTOR('',#8622,100.);
#1353=VECTOR('',#8623,100.);
#1354=VECTOR('',#8624,100.);
#1355=VECTOR('',#8625,100.);
#1356=VECTOR('',#8626,100.);
#1357=VECTOR('',#8627,100.);
#1358=VECTOR('',#8628,100.);
#1359=VECTOR('',#8629,100.);
#1360=VECTOR('',#8630,100.);
#1361=VECTOR('',#8631,100.);
#1362=VECTOR('',#8632,100.);
#1363=VECTOR('',#8633,100.);
#1364=VECTOR('',#8634,100.);
#1365=VECTOR('',#8635,100.);
#1366=VECTOR('',#8636,100.);
#1367=VECTOR('',#8637,100.);
#1368=VECTOR('',#8638,100.);
#1369=VECTOR('',#8639,100.);
#1370=VECTOR('',#8640,100.);
#1371=VECTOR('',#8641,100.);
#1372=VECTOR('',#8642,100.);
#1373=VECTOR('',#8643,100.);
#1374=VECTOR('',#8644,100.);
#1375=VECTOR('',#8645,100.);
#1376=VECTOR('',#8650,100.);
#1377=VECTOR('',#8651,100.);
#1378=VECTOR('',#8652,100.);
#1379=VECTOR('',#8655,100.);
#1380=VECTOR('',#8658,100.);
#1381=VECTOR('',#8659,100.);
#1382=VECTOR('',#8660,100.);
#1383=VECTOR('',#8661,100.);
#1384=VECTOR('',#8662,100.);
#1385=VECTOR('',#8663,100.);
#1386=VECTOR('',#8664,100.);
#1387=VECTOR('',#8665,100.);
#1388=VECTOR('',#8666,100.);
#1389=VECTOR('',#8667,100.);
#1390=VECTOR('',#8668,100.);
#1391=VECTOR('',#8669,100.);
#1392=VECTOR('',#8670,100.);
#1393=VECTOR('',#8671,100.);
#1394=VECTOR('',#8672,100.);
#1395=VECTOR('',#8673,100.);
#1396=VECTOR('',#8674,100.);
#1397=VECTOR('',#8675,100.);
#1398=VECTOR('',#8676,100.);
#1399=VECTOR('',#8677,100.);
#1400=VECTOR('',#8678,100.);
#1401=VECTOR('',#8679,100.);
#1402=VECTOR('',#8680,100.);
#1403=VECTOR('',#8681,100.);
#1404=VECTOR('',#8682,100.);
#1405=VECTOR('',#8683,100.);
#1406=VECTOR('',#8684,100.);
#1407=VECTOR('',#8685,100.);
#1408=VECTOR('',#8686,100.);
#1409=VECTOR('',#8687,100.);
#1410=VECTOR('',#8688,100.);
#1411=VECTOR('',#8689,100.);
#1412=VECTOR('',#8690,100.);
#1413=VECTOR('',#8691,100.);
#1414=VECTOR('',#8692,100.);
#1415=VECTOR('',#8693,100.);
#1416=VECTOR('',#8694,100.);
#1417=VECTOR('',#8695,100.);
#1418=VECTOR('',#8696,100.);
#1419=VECTOR('',#8697,100.);
#1420=VECTOR('',#8698,100.);
#1421=VECTOR('',#8699,100.);
#1422=VECTOR('',#8700,100.);
#1423=VECTOR('',#8701,100.);
#1424=VECTOR('',#8702,100.);
#1425=VECTOR('',#8703,100.);
#1426=VECTOR('',#8704,100.);
#1427=VECTOR('',#8705,100.);
#1428=VECTOR('',#8706,100.);
#1429=VECTOR('',#8707,100.);
#1430=VECTOR('',#8708,100.);
#1431=VECTOR('',#8709,100.);
#1432=VECTOR('',#8710,100.);
#1433=VECTOR('',#8711,100.);
#1434=VECTOR('',#8712,100.);
#1435=VECTOR('',#8713,100.);
#1436=VECTOR('',#8714,100.);
#1437=VECTOR('',#8715,100.);
#1438=VECTOR('',#8716,100.);
#1439=VECTOR('',#8717,100.);
#1440=VECTOR('',#8718,100.);
#1441=VECTOR('',#8719,100.);
#1442=VECTOR('',#8720,100.);
#1443=VECTOR('',#8721,100.);
#1444=VECTOR('',#8722,100.);
#1445=VECTOR('',#8723,100.);
#1446=VECTOR('',#8724,100.);
#1447=VECTOR('',#8725,100.);
#1448=VECTOR('',#8726,100.);
#1449=VECTOR('',#8729,100.);
#1450=VECTOR('',#8730,100.);
#1451=VECTOR('',#8731,100.);
#1452=VECTOR('',#8738,100.);
#1453=VECTOR('',#8739,100.);
#1454=VECTOR('',#8740,100.);
#1455=VECTOR('',#8743,100.);
#1456=VECTOR('',#8744,100.);
#1457=VECTOR('',#8745,100.);
#1458=VECTOR('',#8754,100.);
#1459=VECTOR('',#8755,100.);
#1460=VECTOR('',#8756,100.);
#1461=VECTOR('',#8757,100.);
#1462=VECTOR('',#8766,100.);
#1463=VECTOR('',#8767,100.);
#1464=VECTOR('',#8768,100.);
#1465=VECTOR('',#8769,100.);
#1466=VECTOR('',#8784,100.);
#1467=VECTOR('',#8785,100.);
#1468=VECTOR('',#8786,100.);
#1469=VECTOR('',#8789,100.);
#1470=VECTOR('',#8790,100.);
#1471=VECTOR('',#8791,100.);
#1472=VECTOR('',#8794,100.);
#1473=VECTOR('',#8795,100.);
#1474=VECTOR('',#8796,100.);
#1475=VECTOR('',#8797,100.);
#1476=VECTOR('',#8800,100.);
#1477=VECTOR('',#8801,100.);
#1478=VECTOR('',#8804,100.);
#1479=VECTOR('',#8805,100.);
#1480=VECTOR('',#8808,100.);
#1481=VECTOR('',#8809,100.);
#1482=VECTOR('',#8826,100.);
#1483=VECTOR('',#8827,100.);
#1484=VECTOR('',#8828,100.);
#1485=VECTOR('',#8829,100.);
#1486=VECTOR('',#8830,100.);
#1487=VECTOR('',#8831,100.);
#1488=VECTOR('',#8832,100.);
#1489=VECTOR('',#8835,100.);
#1490=VECTOR('',#8836,100.);
#1491=VECTOR('',#8837,100.);
#1492=VECTOR('',#8838,100.);
#1493=VECTOR('',#8839,100.);
#1494=VECTOR('',#8840,100.);
#1495=VECTOR('',#8841,100.);
#1496=VECTOR('',#8842,100.);
#1497=VECTOR('',#8843,100.);
#1498=VECTOR('',#8846,100.);
#1499=VECTOR('',#8847,100.);
#1500=VECTOR('',#8850,100.);
#1501=VECTOR('',#8855,100.);
#1502=VECTOR('',#8858,100.);
#1503=VECTOR('',#8859,100.);
#1504=VECTOR('',#8860,100.);
#1505=VECTOR('',#8861,100.);
#1506=VECTOR('',#8862,100.);
#1507=VECTOR('',#8865,100.);
#1508=VECTOR('',#8870,100.);
#1509=VECTOR('',#8871,100.);
#1510=VECTOR('',#8872,100.);
#1511=VECTOR('',#8873,100.);
#1512=VECTOR('',#8876,100.);
#1513=VECTOR('',#8879,100.);
#1514=VECTOR('',#8880,100.);
#1515=VECTOR('',#8881,100.);
#1516=VECTOR('',#8882,100.);
#1517=VECTOR('',#8885,100.);
#1518=VECTOR('',#8886,100.);
#1519=VECTOR('',#8887,100.);
#1520=VECTOR('',#8890,100.);
#1521=VECTOR('',#8891,100.);
#1522=VECTOR('',#8892,100.);
#1523=VECTOR('',#8893,100.);
#1524=VECTOR('',#8894,100.);
#1525=VECTOR('',#8895,100.);
#1526=VECTOR('',#8896,100.);
#1527=VECTOR('',#8897,100.);
#1528=VECTOR('',#8898,100.);
#1529=VECTOR('',#8899,100.);
#1530=VECTOR('',#8900,100.);
#1531=VECTOR('',#8901,100.);
#1532=VECTOR('',#8902,100.);
#1533=VECTOR('',#8903,100.);
#1534=VECTOR('',#8904,100.);
#1535=VECTOR('',#8905,100.);
#1536=VECTOR('',#8908,100.);
#1537=VECTOR('',#8909,100.);
#1538=VECTOR('',#8912,100.);
#1539=VECTOR('',#8913,100.);
#1540=VECTOR('',#8916,100.);
#1541=VECTOR('',#8917,100.);
#1542=VECTOR('',#8918,100.);
#1543=VECTOR('',#8919,100.);
#1544=VECTOR('',#8920,100.);
#1545=VECTOR('',#8921,100.);
#1546=VECTOR('',#8922,100.);
#1547=VECTOR('',#8923,100.);
#1548=VECTOR('',#8926,100.);
#1549=VECTOR('',#8927,100.);
#1550=VECTOR('',#8930,100.);
#1551=VECTOR('',#8931,100.);
#1552=VECTOR('',#8934,100.);
#1553=VECTOR('',#8935,100.);
#1554=VECTOR('',#8936,100.);
#1555=VECTOR('',#8937,100.);
#1556=VECTOR('',#8938,100.);
#1557=VECTOR('',#8939,100.);
#1558=VECTOR('',#8940,100.);
#1559=VECTOR('',#8941,100.);
#1560=VECTOR('',#8942,100.);
#1561=VECTOR('',#8943,100.);
#1562=VECTOR('',#8946,100.);
#1563=VECTOR('',#8947,100.);
#1564=VECTOR('',#8950,100.);
#1565=VECTOR('',#8951,100.);
#1566=VECTOR('',#8954,100.);
#1567=VECTOR('',#8955,100.);
#1568=VECTOR('',#8956,100.);
#1569=VECTOR('',#8959,100.);
#1570=VECTOR('',#8960,100.);
#1571=VECTOR('',#8961,100.);
#1572=VECTOR('',#8962,100.);
#1573=VECTOR('',#8963,100.);
#1574=VECTOR('',#8964,100.);
#1575=VECTOR('',#8965,100.);
#1576=VECTOR('',#8968,100.);
#1577=VECTOR('',#8969,100.);
#1578=VECTOR('',#8970,100.);
#1579=VECTOR('',#8971,100.);
#1580=VECTOR('',#8972,100.);
#1581=VECTOR('',#8973,100.);
#1582=VECTOR('',#8974,100.);
#1583=VECTOR('',#8975,100.);
#1584=VECTOR('',#8976,100.);
#1585=VECTOR('',#8979,100.);
#1586=VECTOR('',#8980,100.);
#1587=VECTOR('',#8983,100.);
#1588=VECTOR('',#8988,100.);
#1589=VECTOR('',#8991,100.);
#1590=VECTOR('',#8992,100.);
#1591=VECTOR('',#8993,100.);
#1592=VECTOR('',#8994,100.);
#1593=VECTOR('',#8995,100.);
#1594=VECTOR('',#8998,100.);
#1595=VECTOR('',#9003,100.);
#1596=VECTOR('',#9004,100.);
#1597=VECTOR('',#9005,100.);
#1598=VECTOR('',#9006,100.);
#1599=VECTOR('',#9009,100.);
#1600=VECTOR('',#9012,100.);
#1601=VECTOR('',#9013,100.);
#1602=VECTOR('',#9014,100.);
#1603=VECTOR('',#9015,100.);
#1604=VECTOR('',#9018,100.);
#1605=VECTOR('',#9019,100.);
#1606=VECTOR('',#9020,100.);
#1607=VECTOR('',#9025,100.);
#1608=VECTOR('',#9026,100.);
#1609=VECTOR('',#9027,100.);
#1610=VECTOR('',#9030,100.);
#1611=VECTOR('',#9031,100.);
#1612=VECTOR('',#9034,100.);
#1613=VECTOR('',#9035,100.);
#1614=VECTOR('',#9038,100.);
#1615=VECTOR('',#9043,100.);
#1616=VECTOR('',#9044,100.);
#1617=VECTOR('',#9045,100.);
#1618=VECTOR('',#9046,100.);
#1619=VECTOR('',#9049,100.);
#1620=VECTOR('',#9050,100.);
#1621=VECTOR('',#9053,100.);
#1622=VECTOR('',#9054,100.);
#1623=VECTOR('',#9057,100.);
#1624=VECTOR('',#9058,100.);
#1625=VECTOR('',#9061,100.);
#1626=VECTOR('',#9062,100.);
#1627=VECTOR('',#9063,100.);
#1628=VECTOR('',#9066,100.);
#1629=VECTOR('',#9067,100.);
#1630=VECTOR('',#9072,100.);
#1631=VECTOR('',#9073,100.);
#1632=VECTOR('',#9074,100.);
#1633=VECTOR('',#9075,100.);
#1634=VECTOR('',#9078,100.);
#1635=VECTOR('',#9079,100.);
#1636=VECTOR('',#9080,100.);
#1637=VECTOR('',#9083,100.);
#1638=VECTOR('',#9084,100.);
#1639=VECTOR('',#9085,100.);
#1640=VECTOR('',#9086,100.);
#1641=VECTOR('',#9089,100.);
#1642=VECTOR('',#9090,100.);
#1643=VECTOR('',#9093,100.);
#1644=VECTOR('',#9094,100.);
#1645=VECTOR('',#9097,100.);
#1646=VECTOR('',#9098,100.);
#1647=VECTOR('',#9101,100.);
#1648=VECTOR('',#9102,100.);
#1649=VECTOR('',#9105,100.);
#1650=VECTOR('',#9106,100.);
#1651=VECTOR('',#9109,100.);
#1652=VECTOR('',#9110,100.);
#1653=VECTOR('',#9111,100.);
#1654=VECTOR('',#9114,100.);
#1655=VECTOR('',#9115,100.);
#1656=VECTOR('',#9118,100.);
#1657=VECTOR('',#9119,100.);
#1658=VECTOR('',#9124,100.);
#1659=VECTOR('',#9125,100.);
#1660=VECTOR('',#9126,100.);
#1661=VECTOR('',#9127,100.);
#1662=VECTOR('',#9130,100.);
#1663=VECTOR('',#9131,100.);
#1664=VECTOR('',#9132,100.);
#1665=VECTOR('',#9135,100.);
#1666=VECTOR('',#9136,100.);
#1667=VECTOR('',#9137,100.);
#1668=VECTOR('',#9138,100.);
#1669=VECTOR('',#9139,100.);
#1670=VECTOR('',#9140,100.);
#1671=VECTOR('',#9143,100.);
#1672=VECTOR('',#9144,100.);
#1673=VECTOR('',#9145,100.);
#1674=VECTOR('',#9146,100.);
#1675=VECTOR('',#9147,100.);
#1676=VECTOR('',#9150,100.);
#1677=VECTOR('',#9151,100.);
#1678=VECTOR('',#9152,100.);
#1679=VECTOR('',#9153,100.);
#1680=VECTOR('',#9156,100.);
#1681=VECTOR('',#9157,100.);
#1682=VECTOR('',#9158,100.);
#1683=VECTOR('',#9159,100.);
#1684=VECTOR('',#9160,100.);
#1685=VECTOR('',#9163,100.);
#1686=VECTOR('',#9164,100.);
#1687=VECTOR('',#9165,100.);
#1688=VECTOR('',#9166,100.);
#1689=VECTOR('',#9167,100.);
#1690=VECTOR('',#9170,100.);
#1691=VECTOR('',#9171,100.);
#1692=VECTOR('',#9176,100.);
#1693=VECTOR('',#9177,100.);
#1694=VECTOR('',#9178,100.);
#1695=VECTOR('',#9179,100.);
#1696=VECTOR('',#9182,100.);
#1697=VECTOR('',#9183,100.);
#1698=VECTOR('',#9186,100.);
#1699=VECTOR('',#9187,100.);
#1700=VECTOR('',#9190,100.);
#1701=VECTOR('',#9191,100.);
#1702=VECTOR('',#9194,100.);
#1703=VECTOR('',#9195,100.);
#1704=VECTOR('',#9198,100.);
#1705=VECTOR('',#9199,100.);
#1706=VECTOR('',#9202,100.);
#1707=VECTOR('',#9203,100.);
#1708=VECTOR('',#9206,100.);
#1709=VECTOR('',#9207,100.);
#1710=VECTOR('',#9210,100.);
#1711=VECTOR('',#9211,100.);
#1712=VECTOR('',#9214,100.);
#1713=VECTOR('',#9215,100.);
#1714=VECTOR('',#9218,100.);
#1715=VECTOR('',#9219,100.);
#1716=VECTOR('',#9220,100.);
#1717=VECTOR('',#9223,100.);
#1718=VECTOR('',#9224,100.);
#1719=VECTOR('',#9229,100.);
#1720=VECTOR('',#9230,100.);
#1721=VECTOR('',#9231,100.);
#1722=VECTOR('',#9232,100.);
#1723=VECTOR('',#9235,100.);
#1724=VECTOR('',#9236,100.);
#1725=VECTOR('',#9237,100.);
#1726=VECTOR('',#9240,100.);
#1727=VECTOR('',#9241,100.);
#1728=VECTOR('',#9242,100.);
#1729=VECTOR('',#9243,100.);
#1730=VECTOR('',#9244,100.);
#1731=VECTOR('',#9245,100.);
#1732=VECTOR('',#9246,100.);
#1733=VECTOR('',#9247,100.);
#1734=VECTOR('',#9250,100.);
#1735=VECTOR('',#9251,100.);
#1736=VECTOR('',#9252,100.);
#1737=VECTOR('',#9253,100.);
#1738=VECTOR('',#9256,100.);
#1739=VECTOR('',#9257,100.);
#1740=VECTOR('',#9260,100.);
#1741=VECTOR('',#9261,100.);
#1742=VECTOR('',#9264,100.);
#1743=VECTOR('',#9265,100.);
#1744=VECTOR('',#9266,100.);
#1745=VECTOR('',#9267,100.);
#1746=VECTOR('',#9268,100.);
#1747=VECTOR('',#9269,100.);
#1748=VECTOR('',#9270,100.);
#1749=VECTOR('',#9271,100.);
#1750=VECTOR('',#9274,100.);
#1751=VECTOR('',#9275,100.);
#1752=VECTOR('',#9280,100.);
#1753=VECTOR('',#9281,100.);
#1754=VECTOR('',#9282,100.);
#1755=VECTOR('',#9283,100.);
#1756=VECTOR('',#9286,100.);
#1757=VECTOR('',#9287,100.);
#1758=VECTOR('',#9290,100.);
#1759=VECTOR('',#9291,100.);
#1760=VECTOR('',#9294,100.);
#1761=VECTOR('',#9295,100.);
#1762=VECTOR('',#9298,100.);
#1763=VECTOR('',#9299,100.);
#1764=VECTOR('',#9302,100.);
#1765=VECTOR('',#9303,100.);
#1766=VECTOR('',#9306,100.);
#1767=VECTOR('',#9307,100.);
#1768=VECTOR('',#9310,100.);
#1769=VECTOR('',#9311,100.);
#1770=VECTOR('',#9314,100.);
#1771=VECTOR('',#9315,100.);
#1772=VECTOR('',#9318,100.);
#1773=VECTOR('',#9319,100.);
#1774=VECTOR('',#9322,100.);
#1775=VECTOR('',#9323,100.);
#1776=VECTOR('',#9324,100.);
#1777=VECTOR('',#9327,100.);
#1778=VECTOR('',#9328,100.);
#1779=VECTOR('',#9331,100.);
#1780=VECTOR('',#9332,100.);
#1781=VECTOR('',#9333,100.);
#1782=VECTOR('',#9334,100.);
#1783=VECTOR('',#9335,100.);
#1784=VECTOR('',#9338,100.);
#1785=VECTOR('',#9339,100.);
#1786=VECTOR('',#9340,100.);
#1787=VECTOR('',#9343,100.);
#1788=VECTOR('',#9344,100.);
#1789=VECTOR('',#9345,100.);
#1790=VECTOR('',#9348,100.);
#1791=VECTOR('',#9349,100.);
#1792=VECTOR('',#9350,100.);
#1793=VECTOR('',#9353,100.);
#1794=VECTOR('',#9356,100.);
#1795=VECTOR('',#9357,100.);
#1796=VECTOR('',#9358,100.);
#1797=VECTOR('',#9359,100.);
#1798=VECTOR('',#9362,100.);
#1799=VECTOR('',#9367,100.);
#1800=VECTOR('',#9368,100.);
#1801=VECTOR('',#9369,100.);
#1802=VECTOR('',#9372,100.);
#1803=VECTOR('',#9373,100.);
#1804=VECTOR('',#9374,100.);
#1805=VECTOR('',#9377,100.);
#1806=VECTOR('',#9378,100.);
#1807=VECTOR('',#9379,100.);
#1808=VECTOR('',#9380,100.);
#1809=VECTOR('',#9385,100.);
#1810=VECTOR('',#9386,100.);
#1811=VECTOR('',#9387,100.);
#1812=VECTOR('',#9388,100.);
#1813=VECTOR('',#9391,100.);
#1814=VECTOR('',#9392,100.);
#1815=VECTOR('',#9395,100.);
#1816=VECTOR('',#9396,100.);
#1817=VECTOR('',#9399,100.);
#1818=VECTOR('',#9400,100.);
#1819=VECTOR('',#9403,100.);
#1820=VECTOR('',#9404,100.);
#1821=VECTOR('',#9407,100.);
#1822=VECTOR('',#9408,100.);
#1823=VECTOR('',#9409,100.);
#1824=VECTOR('',#9412,100.);
#1825=VECTOR('',#9413,100.);
#1826=VECTOR('',#9414,100.);
#1827=VECTOR('',#9417,100.);
#1828=VECTOR('',#9418,100.);
#1829=VECTOR('',#9419,100.);
#1830=VECTOR('',#9422,100.);
#1831=VECTOR('',#9423,100.);
#1832=VECTOR('',#9424,100.);
#1833=VECTOR('',#9427,100.);
#1834=VECTOR('',#9428,100.);
#1835=VECTOR('',#9433,100.);
#1836=VECTOR('',#9434,100.);
#1837=VECTOR('',#9435,100.);
#1838=VECTOR('',#9436,100.);
#1839=VECTOR('',#9439,100.);
#1840=VECTOR('',#9440,100.);
#1841=VECTOR('',#9443,100.);
#1842=VECTOR('',#9444,100.);
#1843=VECTOR('',#9447,100.);
#1844=VECTOR('',#9448,100.);
#1845=VECTOR('',#9451,100.);
#1846=VECTOR('',#9452,100.);
#1847=VECTOR('',#9455,100.);
#1848=VECTOR('',#9456,100.);
#1849=VECTOR('',#9459,100.);
#1850=VECTOR('',#9460,100.);
#1851=VECTOR('',#9463,100.);
#1852=VECTOR('',#9464,100.);
#1853=VECTOR('',#9467,100.);
#1854=VECTOR('',#9468,100.);
#1855=VECTOR('',#9471,100.);
#1856=VECTOR('',#9472,100.);
#1857=VECTOR('',#9475,100.);
#1858=VECTOR('',#9476,100.);
#1859=VECTOR('',#9477,100.);
#1860=VECTOR('',#9480,100.);
#1861=VECTOR('',#9481,100.);
#1862=VECTOR('',#9486,100.);
#1863=VECTOR('',#9487,100.);
#1864=VECTOR('',#9488,100.);
#1865=VECTOR('',#9489,100.);
#1866=VECTOR('',#9492,100.);
#1867=VECTOR('',#9493,100.);
#1868=VECTOR('',#9496,100.);
#1869=VECTOR('',#9497,100.);
#1870=VECTOR('',#9500,100.);
#1871=VECTOR('',#9501,100.);
#1872=VECTOR('',#9504,100.);
#1873=VECTOR('',#9505,100.);
#1874=VECTOR('',#9508,100.);
#1875=VECTOR('',#9509,100.);
#1876=VECTOR('',#9512,100.);
#1877=VECTOR('',#9513,100.);
#1878=VECTOR('',#9516,100.);
#1879=VECTOR('',#9517,100.);
#1880=VECTOR('',#9520,100.);
#1881=VECTOR('',#9521,100.);
#1882=VECTOR('',#9522,100.);
#1883=VECTOR('',#9525,100.);
#1884=VECTOR('',#9526,100.);
#1885=VECTOR('',#9527,100.);
#1886=VECTOR('',#9530,100.);
#1887=VECTOR('',#9531,100.);
#1888=VECTOR('',#9532,100.);
#1889=VECTOR('',#9535,100.);
#1890=VECTOR('',#9536,100.);
#1891=VECTOR('',#9537,100.);
#1892=VECTOR('',#9540,100.);
#1893=VECTOR('',#9541,100.);
#1894=VECTOR('',#9546,100.);
#1895=VECTOR('',#9547,100.);
#1896=VECTOR('',#9548,100.);
#1897=VECTOR('',#9549,100.);
#1898=VECTOR('',#9552,100.);
#1899=VECTOR('',#9553,100.);
#1900=VECTOR('',#9556,100.);
#1901=VECTOR('',#9557,100.);
#1902=VECTOR('',#9560,100.);
#1903=VECTOR('',#9561,100.);
#1904=VECTOR('',#9564,100.);
#1905=VECTOR('',#9565,100.);
#1906=VECTOR('',#9566,100.);
#1907=VECTOR('',#9569,100.);
#1908=VECTOR('',#9570,100.);
#1909=VECTOR('',#9575,100.);
#1910=VECTOR('',#9576,100.);
#1911=VECTOR('',#9577,100.);
#1912=VECTOR('',#9578,100.);
#1913=VECTOR('',#9581,100.);
#1914=VECTOR('',#9582,100.);
#1915=VECTOR('',#9583,100.);
#1916=VECTOR('',#9586,100.);
#1917=VECTOR('',#9587,100.);
#1918=VECTOR('',#9588,100.);
#1919=VECTOR('',#9589,100.);
#1920=VECTOR('',#9592,100.);
#1921=VECTOR('',#9593,100.);
#1922=VECTOR('',#9596,100.);
#1923=VECTOR('',#9597,100.);
#1924=VECTOR('',#9600,100.);
#1925=VECTOR('',#9601,100.);
#1926=VECTOR('',#9604,100.);
#1927=VECTOR('',#9605,100.);
#1928=VECTOR('',#9608,100.);
#1929=VECTOR('',#9609,100.);
#1930=VECTOR('',#9612,100.);
#1931=VECTOR('',#9613,100.);
#1932=VECTOR('',#9614,100.);
#1933=VECTOR('',#9617,100.);
#1934=VECTOR('',#9618,100.);
#1935=VECTOR('',#9621,100.);
#1936=VECTOR('',#9622,100.);
#1937=VECTOR('',#9627,100.);
#1938=VECTOR('',#9628,100.);
#1939=VECTOR('',#9629,100.);
#1940=VECTOR('',#9630,100.);
#1941=VECTOR('',#9633,100.);
#1942=VECTOR('',#9634,100.);
#1943=VECTOR('',#9637,100.);
#1944=VECTOR('',#9638,100.);
#1945=VECTOR('',#9641,100.);
#1946=VECTOR('',#9642,100.);
#1947=VECTOR('',#9645,100.);
#1948=VECTOR('',#9646,100.);
#1949=VECTOR('',#9649,100.);
#1950=VECTOR('',#9650,100.);
#1951=VECTOR('',#9653,100.);
#1952=VECTOR('',#9654,100.);
#1953=VECTOR('',#9657,100.);
#1954=VECTOR('',#9658,100.);
#1955=VECTOR('',#9661,100.);
#1956=VECTOR('',#9662,100.);
#1957=VECTOR('',#9665,100.);
#1958=VECTOR('',#9666,100.);
#1959=VECTOR('',#9669,100.);
#1960=VECTOR('',#9670,100.);
#1961=VECTOR('',#9671,100.);
#1962=VECTOR('',#9674,100.);
#1963=VECTOR('',#9675,100.);
#1964=VECTOR('',#9680,100.);
#1965=VECTOR('',#9681,100.);
#1966=VECTOR('',#9682,100.);
#1967=VECTOR('',#9683,100.);
#1968=VECTOR('',#9686,100.);
#1969=VECTOR('',#9687,100.);
#1970=VECTOR('',#9688,100.);
#1971=VECTOR('',#9691,100.);
#1972=VECTOR('',#9692,100.);
#1973=VECTOR('',#9693,100.);
#1974=VECTOR('',#9694,100.);
#1975=VECTOR('',#9695,100.);
#1976=VECTOR('',#9696,100.);
#1977=VECTOR('',#9697,100.);
#1978=VECTOR('',#9700,100.);
#1979=VECTOR('',#9701,100.);
#1980=VECTOR('',#9702,100.);
#1981=VECTOR('',#9703,100.);
#1982=VECTOR('',#9706,100.);
#1983=VECTOR('',#9707,100.);
#1984=VECTOR('',#9710,100.);
#1985=VECTOR('',#9711,100.);
#1986=VECTOR('',#9714,100.);
#1987=VECTOR('',#9715,100.);
#1988=VECTOR('',#9718,100.);
#1989=VECTOR('',#9719,100.);
#1990=VECTOR('',#9722,100.);
#1991=VECTOR('',#9723,100.);
#1992=VECTOR('',#9726,100.);
#1993=VECTOR('',#9727,100.);
#1994=VECTOR('',#9728,100.);
#1995=VECTOR('',#9729,100.);
#1996=VECTOR('',#9730,100.);
#1997=VECTOR('',#9731,100.);
#1998=VECTOR('',#9732,100.);
#1999=VECTOR('',#9733,100.);
#2000=VECTOR('',#9736,100.);
#2001=VECTOR('',#9737,100.);
#2002=VECTOR('',#9752,100.);
#2003=VECTOR('',#9753,100.);
#2004=VECTOR('',#9756,100.);
#2005=VECTOR('',#9759,100.);
#2006=ORIENTED_EDGE('',*,*,#4260,.T.);
#2007=ORIENTED_EDGE('',*,*,#4261,.F.);
#2008=ORIENTED_EDGE('',*,*,#4262,.T.);
#2009=ORIENTED_EDGE('',*,*,#4263,.T.);
#2010=ORIENTED_EDGE('',*,*,#4264,.T.);
#2011=ORIENTED_EDGE('',*,*,#4265,.F.);
#2012=ORIENTED_EDGE('',*,*,#4266,.T.);
#2013=ORIENTED_EDGE('',*,*,#4267,.F.);
#2014=ORIENTED_EDGE('',*,*,#4268,.F.);
#2015=ORIENTED_EDGE('',*,*,#4269,.T.);
#2016=ORIENTED_EDGE('',*,*,#4270,.T.);
#2017=ORIENTED_EDGE('',*,*,#4271,.F.);
#2018=ORIENTED_EDGE('',*,*,#4272,.F.);
#2019=ORIENTED_EDGE('',*,*,#4273,.F.);
#2020=ORIENTED_EDGE('',*,*,#4274,.T.);
#2021=ORIENTED_EDGE('',*,*,#4275,.T.);
#2022=ORIENTED_EDGE('',*,*,#4276,.F.);
#2023=ORIENTED_EDGE('',*,*,#4277,.F.);
#2024=ORIENTED_EDGE('',*,*,#4278,.F.);
#2025=ORIENTED_EDGE('',*,*,#4279,.T.);
#2026=ORIENTED_EDGE('',*,*,#4280,.T.);
#2027=ORIENTED_EDGE('',*,*,#4281,.F.);
#2028=ORIENTED_EDGE('',*,*,#4275,.F.);
#2029=ORIENTED_EDGE('',*,*,#4282,.F.);
#2030=ORIENTED_EDGE('',*,*,#4283,.F.);
#2031=ORIENTED_EDGE('',*,*,#4284,.F.);
#2032=ORIENTED_EDGE('',*,*,#4285,.T.);
#2033=ORIENTED_EDGE('',*,*,#4286,.T.);
#2034=ORIENTED_EDGE('',*,*,#4287,.T.);
#2035=ORIENTED_EDGE('',*,*,#4288,.F.);
#2036=ORIENTED_EDGE('',*,*,#4287,.F.);
#2037=ORIENTED_EDGE('',*,*,#4289,.T.);
#2038=ORIENTED_EDGE('',*,*,#4290,.T.);
#2039=ORIENTED_EDGE('',*,*,#4291,.F.);
#2040=ORIENTED_EDGE('',*,*,#4292,.F.);
#2041=ORIENTED_EDGE('',*,*,#4293,.F.);
#2042=ORIENTED_EDGE('',*,*,#4290,.F.);
#2043=ORIENTED_EDGE('',*,*,#4294,.T.);
#2044=ORIENTED_EDGE('',*,*,#4268,.T.);
#2045=ORIENTED_EDGE('',*,*,#4295,.F.);
#2046=ORIENTED_EDGE('',*,*,#4296,.F.);
#2047=ORIENTED_EDGE('',*,*,#4297,.F.);
#2048=ORIENTED_EDGE('',*,*,#4298,.F.);
#2049=ORIENTED_EDGE('',*,*,#4270,.F.);
#2050=ORIENTED_EDGE('',*,*,#4299,.T.);
#2051=ORIENTED_EDGE('',*,*,#4273,.T.);
#2052=ORIENTED_EDGE('',*,*,#4263,.F.);
#2053=ORIENTED_EDGE('',*,*,#4300,.T.);
#2054=ORIENTED_EDGE('',*,*,#4279,.F.);
#2055=ORIENTED_EDGE('',*,*,#4274,.F.);
#2056=ORIENTED_EDGE('',*,*,#4299,.F.);
#2057=ORIENTED_EDGE('',*,*,#4269,.F.);
#2058=ORIENTED_EDGE('',*,*,#4294,.F.);
#2059=ORIENTED_EDGE('',*,*,#4289,.F.);
#2060=ORIENTED_EDGE('',*,*,#4286,.F.);
#2061=ORIENTED_EDGE('',*,*,#4301,.T.);
#2062=ORIENTED_EDGE('',*,*,#4281,.T.);
#2063=ORIENTED_EDGE('',*,*,#4302,.T.);
#2064=ORIENTED_EDGE('',*,*,#4261,.T.);
#2065=ORIENTED_EDGE('',*,*,#4303,.T.);
#2066=ORIENTED_EDGE('',*,*,#4284,.T.);
#2067=ORIENTED_EDGE('',*,*,#4288,.T.);
#2068=ORIENTED_EDGE('',*,*,#4293,.T.);
#2069=ORIENTED_EDGE('',*,*,#4267,.T.);
#2070=ORIENTED_EDGE('',*,*,#4298,.T.);
#2071=ORIENTED_EDGE('',*,*,#4272,.T.);
#2072=ORIENTED_EDGE('',*,*,#4260,.F.);
#2073=ORIENTED_EDGE('',*,*,#4266,.F.);
#2074=ORIENTED_EDGE('',*,*,#4265,.T.);
#2075=ORIENTED_EDGE('',*,*,#4271,.T.);
#2076=ORIENTED_EDGE('',*,*,#4278,.T.);
#2077=ORIENTED_EDGE('',*,*,#4297,.T.);
#2078=ORIENTED_EDGE('',*,*,#4283,.T.);
#2079=ORIENTED_EDGE('',*,*,#4292,.T.);
#2080=ORIENTED_EDGE('',*,*,#4277,.T.);
#2081=ORIENTED_EDGE('',*,*,#4296,.T.);
#2082=ORIENTED_EDGE('',*,*,#4276,.T.);
#2083=ORIENTED_EDGE('',*,*,#4295,.T.);
#2084=ORIENTED_EDGE('',*,*,#4282,.T.);
#2085=ORIENTED_EDGE('',*,*,#4291,.T.);
#2086=ORIENTED_EDGE('',*,*,#4300,.F.);
#2087=ORIENTED_EDGE('',*,*,#4262,.F.);
#2088=ORIENTED_EDGE('',*,*,#4302,.F.);
#2089=ORIENTED_EDGE('',*,*,#4280,.F.);
#2090=ORIENTED_EDGE('',*,*,#4301,.F.);
#2091=ORIENTED_EDGE('',*,*,#4285,.F.);
#2092=ORIENTED_EDGE('',*,*,#4303,.F.);
#2093=ORIENTED_EDGE('',*,*,#4264,.F.);
#2094=ORIENTED_EDGE('',*,*,#4304,.T.);
#2095=ORIENTED_EDGE('',*,*,#4305,.T.);
#2096=ORIENTED_EDGE('',*,*,#4306,.F.);
#2097=ORIENTED_EDGE('',*,*,#4307,.T.);
#2098=ORIENTED_EDGE('',*,*,#4308,.F.);
#2099=ORIENTED_EDGE('',*,*,#4309,.T.);
#2100=ORIENTED_EDGE('',*,*,#4310,.F.);
#2101=ORIENTED_EDGE('',*,*,#4311,.F.);
#2102=ORIENTED_EDGE('',*,*,#4312,.T.);
#2103=ORIENTED_EDGE('',*,*,#4313,.T.);
#2104=ORIENTED_EDGE('',*,*,#4314,.F.);
#2105=ORIENTED_EDGE('',*,*,#4315,.T.);
#2106=ORIENTED_EDGE('',*,*,#4316,.F.);
#2107=ORIENTED_EDGE('',*,*,#4317,.F.);
#2108=ORIENTED_EDGE('',*,*,#4318,.F.);
#2109=ORIENTED_EDGE('',*,*,#4319,.T.);
#2110=ORIENTED_EDGE('',*,*,#4320,.T.);
#2111=ORIENTED_EDGE('',*,*,#4321,.T.);
#2112=ORIENTED_EDGE('',*,*,#4322,.F.);
#2113=ORIENTED_EDGE('',*,*,#4321,.F.);
#2114=ORIENTED_EDGE('',*,*,#4323,.T.);
#2115=ORIENTED_EDGE('',*,*,#4324,.T.);
#2116=ORIENTED_EDGE('',*,*,#4325,.F.);
#2117=ORIENTED_EDGE('',*,*,#4326,.F.);
#2118=ORIENTED_EDGE('',*,*,#4327,.F.);
#2119=ORIENTED_EDGE('',*,*,#4324,.F.);
#2120=ORIENTED_EDGE('',*,*,#4328,.T.);
#2121=ORIENTED_EDGE('',*,*,#4311,.T.);
#2122=ORIENTED_EDGE('',*,*,#4329,.F.);
#2123=ORIENTED_EDGE('',*,*,#4330,.F.);
#2124=ORIENTED_EDGE('',*,*,#4331,.F.);
#2125=ORIENTED_EDGE('',*,*,#4332,.F.);
#2126=ORIENTED_EDGE('',*,*,#4313,.F.);
#2127=ORIENTED_EDGE('',*,*,#4333,.T.);
#2128=ORIENTED_EDGE('',*,*,#4334,.T.);
#2129=ORIENTED_EDGE('',*,*,#4335,.F.);
#2130=ORIENTED_EDGE('',*,*,#4334,.F.);
#2131=ORIENTED_EDGE('',*,*,#4336,.T.);
#2132=ORIENTED_EDGE('',*,*,#4337,.T.);
#2133=ORIENTED_EDGE('',*,*,#4338,.F.);
#2134=ORIENTED_EDGE('',*,*,#4339,.F.);
#2135=ORIENTED_EDGE('',*,*,#4340,.F.);
#2136=ORIENTED_EDGE('',*,*,#4341,.T.);
#2137=ORIENTED_EDGE('',*,*,#4342,.T.);
#2138=ORIENTED_EDGE('',*,*,#4343,.F.);
#2139=ORIENTED_EDGE('',*,*,#4337,.F.);
#2140=ORIENTED_EDGE('',*,*,#4320,.F.);
#2141=ORIENTED_EDGE('',*,*,#4344,.T.);
#2142=ORIENTED_EDGE('',*,*,#4304,.F.);
#2143=ORIENTED_EDGE('',*,*,#4345,.T.);
#2144=ORIENTED_EDGE('',*,*,#4341,.F.);
#2145=ORIENTED_EDGE('',*,*,#4336,.F.);
#2146=ORIENTED_EDGE('',*,*,#4333,.F.);
#2147=ORIENTED_EDGE('',*,*,#4312,.F.);
#2148=ORIENTED_EDGE('',*,*,#4328,.F.);
#2149=ORIENTED_EDGE('',*,*,#4323,.F.);
#2150=ORIENTED_EDGE('',*,*,#4306,.T.);
#2151=ORIENTED_EDGE('',*,*,#4346,.T.);
#2152=ORIENTED_EDGE('',*,*,#4318,.T.);
#2153=ORIENTED_EDGE('',*,*,#4322,.T.);
#2154=ORIENTED_EDGE('',*,*,#4327,.T.);
#2155=ORIENTED_EDGE('',*,*,#4310,.T.);
#2156=ORIENTED_EDGE('',*,*,#4332,.T.);
#2157=ORIENTED_EDGE('',*,*,#4335,.T.);
#2158=ORIENTED_EDGE('',*,*,#4343,.T.);
#2159=ORIENTED_EDGE('',*,*,#4347,.T.);
#2160=ORIENTED_EDGE('',*,*,#4308,.T.);
#2161=ORIENTED_EDGE('',*,*,#4314,.T.);
#2162=ORIENTED_EDGE('',*,*,#4309,.F.);
#2163=ORIENTED_EDGE('',*,*,#4315,.F.);
#2164=ORIENTED_EDGE('',*,*,#4331,.T.);
#2165=ORIENTED_EDGE('',*,*,#4340,.T.);
#2166=ORIENTED_EDGE('',*,*,#4317,.T.);
#2167=ORIENTED_EDGE('',*,*,#4326,.T.);
#2168=ORIENTED_EDGE('',*,*,#4330,.T.);
#2169=ORIENTED_EDGE('',*,*,#4339,.T.);
#2170=ORIENTED_EDGE('',*,*,#4329,.T.);
#2171=ORIENTED_EDGE('',*,*,#4338,.T.);
#2172=ORIENTED_EDGE('',*,*,#4316,.T.);
#2173=ORIENTED_EDGE('',*,*,#4325,.T.);
#2174=ORIENTED_EDGE('',*,*,#4344,.F.);
#2175=ORIENTED_EDGE('',*,*,#4319,.F.);
#2176=ORIENTED_EDGE('',*,*,#4346,.F.);
#2177=ORIENTED_EDGE('',*,*,#4305,.F.);
#2178=ORIENTED_EDGE('',*,*,#4345,.F.);
#2179=ORIENTED_EDGE('',*,*,#4307,.F.);
#2180=ORIENTED_EDGE('',*,*,#4347,.F.);
#2181=ORIENTED_EDGE('',*,*,#4342,.F.);
#2182=ORIENTED_EDGE('',*,*,#4348,.T.);
#2183=ORIENTED_EDGE('',*,*,#4349,.T.);
#2184=ORIENTED_EDGE('',*,*,#4350,.T.);
#2185=ORIENTED_EDGE('',*,*,#4351,.F.);
#2186=ORIENTED_EDGE('',*,*,#4352,.T.);
#2187=ORIENTED_EDGE('',*,*,#4353,.F.);
#2188=ORIENTED_EDGE('',*,*,#4354,.T.);
#2189=ORIENTED_EDGE('',*,*,#4355,.F.);
#2190=ORIENTED_EDGE('',*,*,#4356,.F.);
#2191=ORIENTED_EDGE('',*,*,#4357,.T.);
#2192=ORIENTED_EDGE('',*,*,#4358,.F.);
#2193=ORIENTED_EDGE('',*,*,#4359,.T.);
#2194=ORIENTED_EDGE('',*,*,#4360,.T.);
#2195=ORIENTED_EDGE('',*,*,#4361,.F.);
#2196=ORIENTED_EDGE('',*,*,#4362,.F.);
#2197=ORIENTED_EDGE('',*,*,#4363,.T.);
#2198=ORIENTED_EDGE('',*,*,#4364,.F.);
#2199=ORIENTED_EDGE('',*,*,#4365,.F.);
#2200=ORIENTED_EDGE('',*,*,#4366,.F.);
#2201=ORIENTED_EDGE('',*,*,#4367,.T.);
#2202=ORIENTED_EDGE('',*,*,#4368,.T.);
#2203=ORIENTED_EDGE('',*,*,#4369,.F.);
#2204=ORIENTED_EDGE('',*,*,#4363,.F.);
#2205=ORIENTED_EDGE('',*,*,#4370,.F.);
#2206=ORIENTED_EDGE('',*,*,#4371,.F.);
#2207=ORIENTED_EDGE('',*,*,#4372,.F.);
#2208=ORIENTED_EDGE('',*,*,#4373,.T.);
#2209=ORIENTED_EDGE('',*,*,#4374,.T.);
#2210=ORIENTED_EDGE('',*,*,#4375,.T.);
#2211=ORIENTED_EDGE('',*,*,#4376,.T.);
#2212=ORIENTED_EDGE('',*,*,#4375,.F.);
#2213=ORIENTED_EDGE('',*,*,#4377,.F.);
#2214=ORIENTED_EDGE('',*,*,#4378,.T.);
#2215=ORIENTED_EDGE('',*,*,#4379,.T.);
#2216=ORIENTED_EDGE('',*,*,#4380,.T.);
#2217=ORIENTED_EDGE('',*,*,#4381,.T.);
#2218=ORIENTED_EDGE('',*,*,#4378,.F.);
#2219=ORIENTED_EDGE('',*,*,#4382,.F.);
#2220=ORIENTED_EDGE('',*,*,#4355,.T.);
#2221=ORIENTED_EDGE('',*,*,#4383,.T.);
#2222=ORIENTED_EDGE('',*,*,#4384,.T.);
#2223=ORIENTED_EDGE('',*,*,#4385,.T.);
#2224=ORIENTED_EDGE('',*,*,#4386,.T.);
#2225=ORIENTED_EDGE('',*,*,#4357,.F.);
#2226=ORIENTED_EDGE('',*,*,#4387,.F.);
#2227=ORIENTED_EDGE('',*,*,#4361,.T.);
#2228=ORIENTED_EDGE('',*,*,#4374,.F.);
#2229=ORIENTED_EDGE('',*,*,#4388,.T.);
#2230=ORIENTED_EDGE('',*,*,#4349,.F.);
#2231=ORIENTED_EDGE('',*,*,#4389,.T.);
#2232=ORIENTED_EDGE('',*,*,#4367,.F.);
#2233=ORIENTED_EDGE('',*,*,#4362,.T.);
#2234=ORIENTED_EDGE('',*,*,#4387,.T.);
#2235=ORIENTED_EDGE('',*,*,#4356,.T.);
#2236=ORIENTED_EDGE('',*,*,#4382,.T.);
#2237=ORIENTED_EDGE('',*,*,#4377,.T.);
#2238=ORIENTED_EDGE('',*,*,#4351,.T.);
#2239=ORIENTED_EDGE('',*,*,#4390,.T.);
#2240=ORIENTED_EDGE('',*,*,#4372,.T.);
#2241=ORIENTED_EDGE('',*,*,#4376,.F.);
#2242=ORIENTED_EDGE('',*,*,#4381,.F.);
#2243=ORIENTED_EDGE('',*,*,#4354,.F.);
#2244=ORIENTED_EDGE('',*,*,#4386,.F.);
#2245=ORIENTED_EDGE('',*,*,#4360,.F.);
#2246=ORIENTED_EDGE('',*,*,#4369,.T.);
#2247=ORIENTED_EDGE('',*,*,#4391,.T.);
#2248=ORIENTED_EDGE('',*,*,#4348,.F.);
#2249=ORIENTED_EDGE('',*,*,#4358,.T.);
#2250=ORIENTED_EDGE('',*,*,#4353,.T.);
#2251=ORIENTED_EDGE('',*,*,#4359,.F.);
#2252=ORIENTED_EDGE('',*,*,#4366,.T.);
#2253=ORIENTED_EDGE('',*,*,#4385,.F.);
#2254=ORIENTED_EDGE('',*,*,#4371,.T.);
#2255=ORIENTED_EDGE('',*,*,#4380,.F.);
#2256=ORIENTED_EDGE('',*,*,#4365,.T.);
#2257=ORIENTED_EDGE('',*,*,#4384,.F.);
#2258=ORIENTED_EDGE('',*,*,#4364,.T.);
#2259=ORIENTED_EDGE('',*,*,#4383,.F.);
#2260=ORIENTED_EDGE('',*,*,#4370,.T.);
#2261=ORIENTED_EDGE('',*,*,#4379,.F.);
#2262=ORIENTED_EDGE('',*,*,#4388,.F.);
#2263=ORIENTED_EDGE('',*,*,#4373,.F.);
#2264=ORIENTED_EDGE('',*,*,#4390,.F.);
#2265=ORIENTED_EDGE('',*,*,#4350,.F.);
#2266=ORIENTED_EDGE('',*,*,#4389,.F.);
#2267=ORIENTED_EDGE('',*,*,#4352,.F.);
#2268=ORIENTED_EDGE('',*,*,#4391,.F.);
#2269=ORIENTED_EDGE('',*,*,#4368,.F.);
#2270=ORIENTED_EDGE('',*,*,#4392,.T.);
#2271=ORIENTED_EDGE('',*,*,#4393,.T.);
#2272=ORIENTED_EDGE('',*,*,#4394,.T.);
#2273=ORIENTED_EDGE('',*,*,#4395,.T.);
#2274=ORIENTED_EDGE('',*,*,#4396,.F.);
#2275=ORIENTED_EDGE('',*,*,#4397,.T.);
#2276=ORIENTED_EDGE('',*,*,#4398,.T.);
#2277=ORIENTED_EDGE('',*,*,#4399,.T.);
#2278=ORIENTED_EDGE('',*,*,#4400,.T.);
#2279=ORIENTED_EDGE('',*,*,#4401,.T.);
#2280=ORIENTED_EDGE('',*,*,#4402,.T.);
#2281=ORIENTED_EDGE('',*,*,#4403,.T.);
#2282=ORIENTED_EDGE('',*,*,#4404,.T.);
#2283=ORIENTED_EDGE('',*,*,#4405,.T.);
#2284=ORIENTED_EDGE('',*,*,#4406,.T.);
#2285=ORIENTED_EDGE('',*,*,#4407,.T.);
#2286=ORIENTED_EDGE('',*,*,#4408,.T.);
#2287=ORIENTED_EDGE('',*,*,#4409,.T.);
#2288=ORIENTED_EDGE('',*,*,#4410,.T.);
#2289=ORIENTED_EDGE('',*,*,#4411,.T.);
#2290=ORIENTED_EDGE('',*,*,#4412,.T.);
#2291=ORIENTED_EDGE('',*,*,#4413,.T.);
#2292=ORIENTED_EDGE('',*,*,#4414,.T.);
#2293=ORIENTED_EDGE('',*,*,#4415,.T.);
#2294=ORIENTED_EDGE('',*,*,#4416,.T.);
#2295=ORIENTED_EDGE('',*,*,#4417,.T.);
#2296=ORIENTED_EDGE('',*,*,#4418,.T.);
#2297=ORIENTED_EDGE('',*,*,#4419,.T.);
#2298=ORIENTED_EDGE('',*,*,#4420,.T.);
#2299=ORIENTED_EDGE('',*,*,#4421,.T.);
#2300=ORIENTED_EDGE('',*,*,#4422,.T.);
#2301=ORIENTED_EDGE('',*,*,#4423,.T.);
#2302=ORIENTED_EDGE('',*,*,#4424,.T.);
#2303=ORIENTED_EDGE('',*,*,#4425,.T.);
#2304=ORIENTED_EDGE('',*,*,#4426,.T.);
#2305=ORIENTED_EDGE('',*,*,#4427,.T.);
#2306=ORIENTED_EDGE('',*,*,#4428,.T.);
#2307=ORIENTED_EDGE('',*,*,#4429,.T.);
#2308=ORIENTED_EDGE('',*,*,#4430,.T.);
#2309=ORIENTED_EDGE('',*,*,#4431,.T.);
#2310=ORIENTED_EDGE('',*,*,#4432,.T.);
#2311=ORIENTED_EDGE('',*,*,#4433,.T.);
#2312=ORIENTED_EDGE('',*,*,#4434,.T.);
#2313=ORIENTED_EDGE('',*,*,#4435,.T.);
#2314=ORIENTED_EDGE('',*,*,#4436,.T.);
#2315=ORIENTED_EDGE('',*,*,#4437,.T.);
#2316=ORIENTED_EDGE('',*,*,#4438,.T.);
#2317=ORIENTED_EDGE('',*,*,#4439,.T.);
#2318=ORIENTED_EDGE('',*,*,#4440,.T.);
#2319=ORIENTED_EDGE('',*,*,#4441,.T.);
#2320=ORIENTED_EDGE('',*,*,#4442,.T.);
#2321=ORIENTED_EDGE('',*,*,#4443,.T.);
#2322=ORIENTED_EDGE('',*,*,#4444,.T.);
#2323=ORIENTED_EDGE('',*,*,#4445,.T.);
#2324=ORIENTED_EDGE('',*,*,#4446,.T.);
#2325=ORIENTED_EDGE('',*,*,#4447,.T.);
#2326=ORIENTED_EDGE('',*,*,#4448,.T.);
#2327=ORIENTED_EDGE('',*,*,#4449,.T.);
#2328=ORIENTED_EDGE('',*,*,#4450,.T.);
#2329=ORIENTED_EDGE('',*,*,#4451,.T.);
#2330=ORIENTED_EDGE('',*,*,#4452,.T.);
#2331=ORIENTED_EDGE('',*,*,#4453,.T.);
#2332=ORIENTED_EDGE('',*,*,#4454,.T.);
#2333=ORIENTED_EDGE('',*,*,#4455,.T.);
#2334=ORIENTED_EDGE('',*,*,#4456,.T.);
#2335=ORIENTED_EDGE('',*,*,#4457,.T.);
#2336=ORIENTED_EDGE('',*,*,#4458,.T.);
#2337=ORIENTED_EDGE('',*,*,#4459,.T.);
#2338=ORIENTED_EDGE('',*,*,#4460,.T.);
#2339=ORIENTED_EDGE('',*,*,#4461,.T.);
#2340=ORIENTED_EDGE('',*,*,#4462,.T.);
#2341=ORIENTED_EDGE('',*,*,#4463,.T.);
#2342=ORIENTED_EDGE('',*,*,#4464,.T.);
#2343=ORIENTED_EDGE('',*,*,#4465,.T.);
#2344=ORIENTED_EDGE('',*,*,#4466,.T.);
#2345=ORIENTED_EDGE('',*,*,#4467,.T.);
#2346=ORIENTED_EDGE('',*,*,#4468,.T.);
#2347=ORIENTED_EDGE('',*,*,#4469,.T.);
#2348=ORIENTED_EDGE('',*,*,#4470,.T.);
#2349=ORIENTED_EDGE('',*,*,#4471,.T.);
#2350=ORIENTED_EDGE('',*,*,#4472,.T.);
#2351=ORIENTED_EDGE('',*,*,#4473,.T.);
#2352=ORIENTED_EDGE('',*,*,#4474,.T.);
#2353=ORIENTED_EDGE('',*,*,#4475,.T.);
#2354=ORIENTED_EDGE('',*,*,#4476,.T.);
#2355=ORIENTED_EDGE('',*,*,#4477,.T.);
#2356=ORIENTED_EDGE('',*,*,#4478,.T.);
#2357=ORIENTED_EDGE('',*,*,#4479,.T.);
#2358=ORIENTED_EDGE('',*,*,#4480,.T.);
#2359=ORIENTED_EDGE('',*,*,#4481,.T.);
#2360=ORIENTED_EDGE('',*,*,#4482,.T.);
#2361=ORIENTED_EDGE('',*,*,#4483,.T.);
#2362=ORIENTED_EDGE('',*,*,#4484,.T.);
#2363=ORIENTED_EDGE('',*,*,#4485,.T.);
#2364=ORIENTED_EDGE('',*,*,#4486,.T.);
#2365=ORIENTED_EDGE('',*,*,#4487,.T.);
#2366=ORIENTED_EDGE('',*,*,#4488,.T.);
#2367=ORIENTED_EDGE('',*,*,#4489,.T.);
#2368=ORIENTED_EDGE('',*,*,#4490,.T.);
#2369=ORIENTED_EDGE('',*,*,#4491,.T.);
#2370=ORIENTED_EDGE('',*,*,#4492,.T.);
#2371=ORIENTED_EDGE('',*,*,#4493,.T.);
#2372=ORIENTED_EDGE('',*,*,#4494,.T.);
#2373=ORIENTED_EDGE('',*,*,#4495,.T.);
#2374=ORIENTED_EDGE('',*,*,#4496,.T.);
#2375=ORIENTED_EDGE('',*,*,#4497,.T.);
#2376=ORIENTED_EDGE('',*,*,#4498,.T.);
#2377=ORIENTED_EDGE('',*,*,#4499,.T.);
#2378=ORIENTED_EDGE('',*,*,#4500,.T.);
#2379=ORIENTED_EDGE('',*,*,#4501,.T.);
#2380=ORIENTED_EDGE('',*,*,#4502,.T.);
#2381=ORIENTED_EDGE('',*,*,#4503,.T.);
#2382=ORIENTED_EDGE('',*,*,#4504,.T.);
#2383=ORIENTED_EDGE('',*,*,#4505,.T.);
#2384=ORIENTED_EDGE('',*,*,#4506,.T.);
#2385=ORIENTED_EDGE('',*,*,#4507,.T.);
#2386=ORIENTED_EDGE('',*,*,#4508,.T.);
#2387=ORIENTED_EDGE('',*,*,#4509,.T.);
#2388=ORIENTED_EDGE('',*,*,#4510,.T.);
#2389=ORIENTED_EDGE('',*,*,#4511,.T.);
#2390=ORIENTED_EDGE('',*,*,#4512,.T.);
#2391=ORIENTED_EDGE('',*,*,#4513,.T.);
#2392=ORIENTED_EDGE('',*,*,#4514,.T.);
#2393=ORIENTED_EDGE('',*,*,#4515,.T.);
#2394=ORIENTED_EDGE('',*,*,#4516,.T.);
#2395=ORIENTED_EDGE('',*,*,#4517,.T.);
#2396=ORIENTED_EDGE('',*,*,#4518,.T.);
#2397=ORIENTED_EDGE('',*,*,#4519,.T.);
#2398=ORIENTED_EDGE('',*,*,#4520,.T.);
#2399=ORIENTED_EDGE('',*,*,#4521,.T.);
#2400=ORIENTED_EDGE('',*,*,#4522,.T.);
#2401=ORIENTED_EDGE('',*,*,#4523,.T.);
#2402=ORIENTED_EDGE('',*,*,#4524,.T.);
#2403=ORIENTED_EDGE('',*,*,#4525,.T.);
#2404=ORIENTED_EDGE('',*,*,#4526,.T.);
#2405=ORIENTED_EDGE('',*,*,#4527,.T.);
#2406=ORIENTED_EDGE('',*,*,#4528,.T.);
#2407=ORIENTED_EDGE('',*,*,#4529,.T.);
#2408=ORIENTED_EDGE('',*,*,#4530,.T.);
#2409=ORIENTED_EDGE('',*,*,#4531,.T.);
#2410=ORIENTED_EDGE('',*,*,#4532,.T.);
#2411=ORIENTED_EDGE('',*,*,#4533,.T.);
#2412=ORIENTED_EDGE('',*,*,#4534,.T.);
#2413=ORIENTED_EDGE('',*,*,#4535,.T.);
#2414=ORIENTED_EDGE('',*,*,#4536,.T.);
#2415=ORIENTED_EDGE('',*,*,#4537,.T.);
#2416=ORIENTED_EDGE('',*,*,#4538,.T.);
#2417=ORIENTED_EDGE('',*,*,#4539,.T.);
#2418=ORIENTED_EDGE('',*,*,#4540,.T.);
#2419=ORIENTED_EDGE('',*,*,#4541,.T.);
#2420=ORIENTED_EDGE('',*,*,#4542,.T.);
#2421=ORIENTED_EDGE('',*,*,#4543,.T.);
#2422=ORIENTED_EDGE('',*,*,#4544,.T.);
#2423=ORIENTED_EDGE('',*,*,#4545,.T.);
#2424=ORIENTED_EDGE('',*,*,#4546,.T.);
#2425=ORIENTED_EDGE('',*,*,#4547,.T.);
#2426=ORIENTED_EDGE('',*,*,#4548,.T.);
#2427=ORIENTED_EDGE('',*,*,#4549,.T.);
#2428=ORIENTED_EDGE('',*,*,#4550,.T.);
#2429=ORIENTED_EDGE('',*,*,#4551,.T.);
#2430=ORIENTED_EDGE('',*,*,#4552,.T.);
#2431=ORIENTED_EDGE('',*,*,#4553,.T.);
#2432=ORIENTED_EDGE('',*,*,#4554,.T.);
#2433=ORIENTED_EDGE('',*,*,#4555,.T.);
#2434=ORIENTED_EDGE('',*,*,#4556,.T.);
#2435=ORIENTED_EDGE('',*,*,#4557,.T.);
#2436=ORIENTED_EDGE('',*,*,#4558,.T.);
#2437=ORIENTED_EDGE('',*,*,#4559,.T.);
#2438=ORIENTED_EDGE('',*,*,#4560,.T.);
#2439=ORIENTED_EDGE('',*,*,#4561,.T.);
#2440=ORIENTED_EDGE('',*,*,#4562,.T.);
#2441=ORIENTED_EDGE('',*,*,#4563,.T.);
#2442=ORIENTED_EDGE('',*,*,#4564,.T.);
#2443=ORIENTED_EDGE('',*,*,#4565,.T.);
#2444=ORIENTED_EDGE('',*,*,#4566,.T.);
#2445=ORIENTED_EDGE('',*,*,#4567,.T.);
#2446=ORIENTED_EDGE('',*,*,#4568,.T.);
#2447=ORIENTED_EDGE('',*,*,#4569,.T.);
#2448=ORIENTED_EDGE('',*,*,#4570,.T.);
#2449=ORIENTED_EDGE('',*,*,#4571,.T.);
#2450=ORIENTED_EDGE('',*,*,#4572,.T.);
#2451=ORIENTED_EDGE('',*,*,#4573,.T.);
#2452=ORIENTED_EDGE('',*,*,#4574,.T.);
#2453=ORIENTED_EDGE('',*,*,#4575,.T.);
#2454=ORIENTED_EDGE('',*,*,#4576,.T.);
#2455=ORIENTED_EDGE('',*,*,#4577,.T.);
#2456=ORIENTED_EDGE('',*,*,#4578,.T.);
#2457=ORIENTED_EDGE('',*,*,#4579,.T.);
#2458=ORIENTED_EDGE('',*,*,#4580,.T.);
#2459=ORIENTED_EDGE('',*,*,#4581,.T.);
#2460=ORIENTED_EDGE('',*,*,#4582,.T.);
#2461=ORIENTED_EDGE('',*,*,#4583,.T.);
#2462=ORIENTED_EDGE('',*,*,#4584,.T.);
#2463=ORIENTED_EDGE('',*,*,#4585,.T.);
#2464=ORIENTED_EDGE('',*,*,#4586,.T.);
#2465=ORIENTED_EDGE('',*,*,#4587,.T.);
#2466=ORIENTED_EDGE('',*,*,#4588,.T.);
#2467=ORIENTED_EDGE('',*,*,#4589,.T.);
#2468=ORIENTED_EDGE('',*,*,#4590,.T.);
#2469=ORIENTED_EDGE('',*,*,#4591,.T.);
#2470=ORIENTED_EDGE('',*,*,#4592,.T.);
#2471=ORIENTED_EDGE('',*,*,#4593,.T.);
#2472=ORIENTED_EDGE('',*,*,#4594,.T.);
#2473=ORIENTED_EDGE('',*,*,#4595,.T.);
#2474=ORIENTED_EDGE('',*,*,#4596,.T.);
#2475=ORIENTED_EDGE('',*,*,#4597,.T.);
#2476=ORIENTED_EDGE('',*,*,#4598,.T.);
#2477=ORIENTED_EDGE('',*,*,#4599,.T.);
#2478=ORIENTED_EDGE('',*,*,#4600,.T.);
#2479=ORIENTED_EDGE('',*,*,#4601,.T.);
#2480=ORIENTED_EDGE('',*,*,#4602,.T.);
#2481=ORIENTED_EDGE('',*,*,#4603,.T.);
#2482=ORIENTED_EDGE('',*,*,#4604,.T.);
#2483=ORIENTED_EDGE('',*,*,#4605,.T.);
#2484=ORIENTED_EDGE('',*,*,#4606,.T.);
#2485=ORIENTED_EDGE('',*,*,#4607,.T.);
#2486=ORIENTED_EDGE('',*,*,#4608,.T.);
#2487=ORIENTED_EDGE('',*,*,#4609,.T.);
#2488=ORIENTED_EDGE('',*,*,#4610,.T.);
#2489=ORIENTED_EDGE('',*,*,#4611,.T.);
#2490=ORIENTED_EDGE('',*,*,#4612,.T.);
#2491=ORIENTED_EDGE('',*,*,#4613,.T.);
#2492=ORIENTED_EDGE('',*,*,#4614,.T.);
#2493=ORIENTED_EDGE('',*,*,#4615,.T.);
#2494=ORIENTED_EDGE('',*,*,#4616,.T.);
#2495=ORIENTED_EDGE('',*,*,#4617,.T.);
#2496=ORIENTED_EDGE('',*,*,#4618,.T.);
#2497=ORIENTED_EDGE('',*,*,#4619,.T.);
#2498=ORIENTED_EDGE('',*,*,#4620,.T.);
#2499=ORIENTED_EDGE('',*,*,#4621,.T.);
#2500=ORIENTED_EDGE('',*,*,#4622,.T.);
#2501=ORIENTED_EDGE('',*,*,#4623,.T.);
#2502=ORIENTED_EDGE('',*,*,#4624,.T.);
#2503=ORIENTED_EDGE('',*,*,#4625,.T.);
#2504=ORIENTED_EDGE('',*,*,#4626,.T.);
#2505=ORIENTED_EDGE('',*,*,#4627,.T.);
#2506=ORIENTED_EDGE('',*,*,#4628,.T.);
#2507=ORIENTED_EDGE('',*,*,#4629,.T.);
#2508=ORIENTED_EDGE('',*,*,#4630,.T.);
#2509=ORIENTED_EDGE('',*,*,#4631,.T.);
#2510=ORIENTED_EDGE('',*,*,#4632,.T.);
#2511=ORIENTED_EDGE('',*,*,#4633,.T.);
#2512=ORIENTED_EDGE('',*,*,#4634,.T.);
#2513=ORIENTED_EDGE('',*,*,#4635,.T.);
#2514=ORIENTED_EDGE('',*,*,#4636,.T.);
#2515=ORIENTED_EDGE('',*,*,#4637,.T.);
#2516=ORIENTED_EDGE('',*,*,#4638,.T.);
#2517=ORIENTED_EDGE('',*,*,#4639,.T.);
#2518=ORIENTED_EDGE('',*,*,#4640,.T.);
#2519=ORIENTED_EDGE('',*,*,#4641,.T.);
#2520=ORIENTED_EDGE('',*,*,#4642,.T.);
#2521=ORIENTED_EDGE('',*,*,#4643,.T.);
#2522=ORIENTED_EDGE('',*,*,#4644,.T.);
#2523=ORIENTED_EDGE('',*,*,#4645,.T.);
#2524=ORIENTED_EDGE('',*,*,#4646,.T.);
#2525=ORIENTED_EDGE('',*,*,#4647,.T.);
#2526=ORIENTED_EDGE('',*,*,#4648,.T.);
#2527=ORIENTED_EDGE('',*,*,#4649,.T.);
#2528=ORIENTED_EDGE('',*,*,#4650,.T.);
#2529=ORIENTED_EDGE('',*,*,#4651,.T.);
#2530=ORIENTED_EDGE('',*,*,#4652,.T.);
#2531=ORIENTED_EDGE('',*,*,#4653,.T.);
#2532=ORIENTED_EDGE('',*,*,#4654,.T.);
#2533=ORIENTED_EDGE('',*,*,#4655,.T.);
#2534=ORIENTED_EDGE('',*,*,#4656,.T.);
#2535=ORIENTED_EDGE('',*,*,#4657,.T.);
#2536=ORIENTED_EDGE('',*,*,#4658,.T.);
#2537=ORIENTED_EDGE('',*,*,#4659,.F.);
#2538=ORIENTED_EDGE('',*,*,#4660,.F.);
#2539=ORIENTED_EDGE('',*,*,#4661,.F.);
#2540=ORIENTED_EDGE('',*,*,#4662,.F.);
#2541=ORIENTED_EDGE('',*,*,#4663,.F.);
#2542=ORIENTED_EDGE('',*,*,#4664,.T.);
#2543=ORIENTED_EDGE('',*,*,#4665,.T.);
#2544=ORIENTED_EDGE('',*,*,#4666,.T.);
#2545=ORIENTED_EDGE('',*,*,#4667,.T.);
#2546=ORIENTED_EDGE('',*,*,#4668,.F.);
#2547=ORIENTED_EDGE('',*,*,#4669,.F.);
#2548=ORIENTED_EDGE('',*,*,#4670,.T.);
#2549=ORIENTED_EDGE('',*,*,#4671,.F.);
#2550=ORIENTED_EDGE('',*,*,#4672,.T.);
#2551=ORIENTED_EDGE('',*,*,#4673,.T.);
#2552=ORIENTED_EDGE('',*,*,#4674,.T.);
#2553=ORIENTED_EDGE('',*,*,#4675,.T.);
#2554=ORIENTED_EDGE('',*,*,#4657,.F.);
#2555=ORIENTED_EDGE('',*,*,#4676,.F.);
#2556=ORIENTED_EDGE('',*,*,#4677,.F.);
#2557=ORIENTED_EDGE('',*,*,#4678,.F.);
#2558=ORIENTED_EDGE('',*,*,#4679,.T.);
#2559=ORIENTED_EDGE('',*,*,#4659,.T.);
#2560=ORIENTED_EDGE('',*,*,#4680,.F.);
#2561=ORIENTED_EDGE('',*,*,#4681,.T.);
#2562=ORIENTED_EDGE('',*,*,#4682,.T.);
#2563=ORIENTED_EDGE('',*,*,#4683,.F.);
#2564=ORIENTED_EDGE('',*,*,#4637,.F.);
#2565=ORIENTED_EDGE('',*,*,#4684,.T.);
#2566=ORIENTED_EDGE('',*,*,#4680,.T.);
#2567=ORIENTED_EDGE('',*,*,#4685,.T.);
#2568=ORIENTED_EDGE('',*,*,#4682,.F.);
#2569=ORIENTED_EDGE('',*,*,#4686,.T.);
#2570=ORIENTED_EDGE('',*,*,#4396,.T.);
#2571=ORIENTED_EDGE('',*,*,#4687,.F.);
#2572=ORIENTED_EDGE('',*,*,#4683,.T.);
#2573=ORIENTED_EDGE('',*,*,#4687,.T.);
#2574=ORIENTED_EDGE('',*,*,#4638,.F.);
#2575=ORIENTED_EDGE('',*,*,#4685,.F.);
#2576=ORIENTED_EDGE('',*,*,#4674,.F.);
#2577=ORIENTED_EDGE('',*,*,#4688,.T.);
#2578=ORIENTED_EDGE('',*,*,#4678,.T.);
#2579=ORIENTED_EDGE('',*,*,#4689,.F.);
#2580=ORIENTED_EDGE('',*,*,#4660,.T.);
#2581=ORIENTED_EDGE('',*,*,#4679,.F.);
#2582=ORIENTED_EDGE('',*,*,#4688,.F.);
#2583=ORIENTED_EDGE('',*,*,#4676,.T.);
#2584=ORIENTED_EDGE('',*,*,#4658,.F.);
#2585=ORIENTED_EDGE('',*,*,#4675,.F.);
#2586=ORIENTED_EDGE('',*,*,#4689,.T.);
#2587=ORIENTED_EDGE('',*,*,#4677,.T.);
#2588=ORIENTED_EDGE('',*,*,#4671,.T.);
#2589=ORIENTED_EDGE('',*,*,#4656,.F.);
#2590=ORIENTED_EDGE('',*,*,#4672,.F.);
#2591=ORIENTED_EDGE('',*,*,#4661,.T.);
#2592=ORIENTED_EDGE('',*,*,#4670,.F.);
#2593=ORIENTED_EDGE('',*,*,#4662,.T.);
#2594=ORIENTED_EDGE('',*,*,#4673,.F.);
#2595=ORIENTED_EDGE('',*,*,#4663,.T.);
#2596=ORIENTED_EDGE('',*,*,#4669,.T.);
#2597=ORIENTED_EDGE('',*,*,#4655,.F.);
#2598=ORIENTED_EDGE('',*,*,#4668,.T.);
#2599=ORIENTED_EDGE('',*,*,#4654,.F.);
#2600=ORIENTED_EDGE('',*,*,#4415,.F.);
#2601=ORIENTED_EDGE('',*,*,#4690,.F.);
#2602=ORIENTED_EDGE('',*,*,#4691,.T.);
#2603=ORIENTED_EDGE('',*,*,#4692,.T.);
#2604=ORIENTED_EDGE('',*,*,#4414,.F.);
#2605=ORIENTED_EDGE('',*,*,#4693,.F.);
#2606=ORIENTED_EDGE('',*,*,#4694,.T.);
#2607=ORIENTED_EDGE('',*,*,#4690,.T.);
#2608=ORIENTED_EDGE('',*,*,#4413,.F.);
#2609=ORIENTED_EDGE('',*,*,#4695,.F.);
#2610=ORIENTED_EDGE('',*,*,#4696,.T.);
#2611=ORIENTED_EDGE('',*,*,#4693,.T.);
#2612=ORIENTED_EDGE('',*,*,#4412,.F.);
#2613=ORIENTED_EDGE('',*,*,#4697,.F.);
#2614=ORIENTED_EDGE('',*,*,#4698,.T.);
#2615=ORIENTED_EDGE('',*,*,#4695,.T.);
#2616=ORIENTED_EDGE('',*,*,#4411,.F.);
#2617=ORIENTED_EDGE('',*,*,#4699,.F.);
#2618=ORIENTED_EDGE('',*,*,#4700,.T.);
#2619=ORIENTED_EDGE('',*,*,#4697,.T.);
#2620=ORIENTED_EDGE('',*,*,#4410,.F.);
#2621=ORIENTED_EDGE('',*,*,#4701,.F.);
#2622=ORIENTED_EDGE('',*,*,#4702,.T.);
#2623=ORIENTED_EDGE('',*,*,#4699,.T.);
#2624=ORIENTED_EDGE('',*,*,#4409,.F.);
#2625=ORIENTED_EDGE('',*,*,#4703,.F.);
#2626=ORIENTED_EDGE('',*,*,#4704,.T.);
#2627=ORIENTED_EDGE('',*,*,#4701,.T.);
#2628=ORIENTED_EDGE('',*,*,#4408,.F.);
#2629=ORIENTED_EDGE('',*,*,#4705,.F.);
#2630=ORIENTED_EDGE('',*,*,#4706,.T.);
#2631=ORIENTED_EDGE('',*,*,#4703,.T.);
#2632=ORIENTED_EDGE('',*,*,#4407,.F.);
#2633=ORIENTED_EDGE('',*,*,#4707,.F.);
#2634=ORIENTED_EDGE('',*,*,#4708,.T.);
#2635=ORIENTED_EDGE('',*,*,#4705,.T.);
#2636=ORIENTED_EDGE('',*,*,#4406,.F.);
#2637=ORIENTED_EDGE('',*,*,#4709,.F.);
#2638=ORIENTED_EDGE('',*,*,#4710,.T.);
#2639=ORIENTED_EDGE('',*,*,#4707,.T.);
#2640=ORIENTED_EDGE('',*,*,#4405,.F.);
#2641=ORIENTED_EDGE('',*,*,#4711,.F.);
#2642=ORIENTED_EDGE('',*,*,#4712,.T.);
#2643=ORIENTED_EDGE('',*,*,#4709,.T.);
#2644=ORIENTED_EDGE('',*,*,#4404,.F.);
#2645=ORIENTED_EDGE('',*,*,#4713,.F.);
#2646=ORIENTED_EDGE('',*,*,#4714,.T.);
#2647=ORIENTED_EDGE('',*,*,#4711,.T.);
#2648=ORIENTED_EDGE('',*,*,#4403,.F.);
#2649=ORIENTED_EDGE('',*,*,#4715,.F.);
#2650=ORIENTED_EDGE('',*,*,#4716,.T.);
#2651=ORIENTED_EDGE('',*,*,#4713,.T.);
#2652=ORIENTED_EDGE('',*,*,#4402,.F.);
#2653=ORIENTED_EDGE('',*,*,#4717,.F.);
#2654=ORIENTED_EDGE('',*,*,#4718,.T.);
#2655=ORIENTED_EDGE('',*,*,#4715,.T.);
#2656=ORIENTED_EDGE('',*,*,#4401,.F.);
#2657=ORIENTED_EDGE('',*,*,#4719,.F.);
#2658=ORIENTED_EDGE('',*,*,#4720,.T.);
#2659=ORIENTED_EDGE('',*,*,#4717,.T.);
#2660=ORIENTED_EDGE('',*,*,#4400,.F.);
#2661=ORIENTED_EDGE('',*,*,#4721,.F.);
#2662=ORIENTED_EDGE('',*,*,#4722,.T.);
#2663=ORIENTED_EDGE('',*,*,#4719,.T.);
#2664=ORIENTED_EDGE('',*,*,#4399,.F.);
#2665=ORIENTED_EDGE('',*,*,#4723,.F.);
#2666=ORIENTED_EDGE('',*,*,#4724,.T.);
#2667=ORIENTED_EDGE('',*,*,#4721,.T.);
#2668=ORIENTED_EDGE('',*,*,#4398,.F.);
#2669=ORIENTED_EDGE('',*,*,#4725,.T.);
#2670=ORIENTED_EDGE('',*,*,#4726,.F.);
#2671=ORIENTED_EDGE('',*,*,#4727,.T.);
#2672=ORIENTED_EDGE('',*,*,#4723,.T.);
#2673=ORIENTED_EDGE('',*,*,#4726,.T.);
#2674=ORIENTED_EDGE('',*,*,#4728,.T.);
#2675=ORIENTED_EDGE('',*,*,#4729,.F.);
#2676=ORIENTED_EDGE('',*,*,#4730,.T.);
#2677=ORIENTED_EDGE('',*,*,#4729,.T.);
#2678=ORIENTED_EDGE('',*,*,#4731,.T.);
#2679=ORIENTED_EDGE('',*,*,#4732,.F.);
#2680=ORIENTED_EDGE('',*,*,#4733,.T.);
#2681=ORIENTED_EDGE('',*,*,#4429,.F.);
#2682=ORIENTED_EDGE('',*,*,#4734,.F.);
#2683=ORIENTED_EDGE('',*,*,#4735,.T.);
#2684=ORIENTED_EDGE('',*,*,#4732,.T.);
#2685=ORIENTED_EDGE('',*,*,#4736,.T.);
#2686=ORIENTED_EDGE('',*,*,#4428,.F.);
#2687=ORIENTED_EDGE('',*,*,#4737,.F.);
#2688=ORIENTED_EDGE('',*,*,#4738,.T.);
#2689=ORIENTED_EDGE('',*,*,#4734,.T.);
#2690=ORIENTED_EDGE('',*,*,#4427,.F.);
#2691=ORIENTED_EDGE('',*,*,#4739,.F.);
#2692=ORIENTED_EDGE('',*,*,#4740,.T.);
#2693=ORIENTED_EDGE('',*,*,#4737,.T.);
#2694=ORIENTED_EDGE('',*,*,#4426,.F.);
#2695=ORIENTED_EDGE('',*,*,#4741,.F.);
#2696=ORIENTED_EDGE('',*,*,#4742,.T.);
#2697=ORIENTED_EDGE('',*,*,#4739,.T.);
#2698=ORIENTED_EDGE('',*,*,#4425,.F.);
#2699=ORIENTED_EDGE('',*,*,#4743,.F.);
#2700=ORIENTED_EDGE('',*,*,#4744,.T.);
#2701=ORIENTED_EDGE('',*,*,#4741,.T.);
#2702=ORIENTED_EDGE('',*,*,#4424,.F.);
#2703=ORIENTED_EDGE('',*,*,#4745,.F.);
#2704=ORIENTED_EDGE('',*,*,#4746,.T.);
#2705=ORIENTED_EDGE('',*,*,#4743,.T.);
#2706=ORIENTED_EDGE('',*,*,#4423,.F.);
#2707=ORIENTED_EDGE('',*,*,#4747,.F.);
#2708=ORIENTED_EDGE('',*,*,#4748,.T.);
#2709=ORIENTED_EDGE('',*,*,#4745,.T.);
#2710=ORIENTED_EDGE('',*,*,#4422,.F.);
#2711=ORIENTED_EDGE('',*,*,#4749,.F.);
#2712=ORIENTED_EDGE('',*,*,#4750,.T.);
#2713=ORIENTED_EDGE('',*,*,#4747,.T.);
#2714=ORIENTED_EDGE('',*,*,#4421,.F.);
#2715=ORIENTED_EDGE('',*,*,#4751,.F.);
#2716=ORIENTED_EDGE('',*,*,#4752,.T.);
#2717=ORIENTED_EDGE('',*,*,#4749,.T.);
#2718=ORIENTED_EDGE('',*,*,#4420,.F.);
#2719=ORIENTED_EDGE('',*,*,#4753,.F.);
#2720=ORIENTED_EDGE('',*,*,#4754,.T.);
#2721=ORIENTED_EDGE('',*,*,#4751,.T.);
#2722=ORIENTED_EDGE('',*,*,#4419,.F.);
#2723=ORIENTED_EDGE('',*,*,#4755,.F.);
#2724=ORIENTED_EDGE('',*,*,#4756,.T.);
#2725=ORIENTED_EDGE('',*,*,#4753,.T.);
#2726=ORIENTED_EDGE('',*,*,#4418,.F.);
#2727=ORIENTED_EDGE('',*,*,#4757,.F.);
#2728=ORIENTED_EDGE('',*,*,#4758,.T.);
#2729=ORIENTED_EDGE('',*,*,#4755,.T.);
#2730=ORIENTED_EDGE('',*,*,#4417,.F.);
#2731=ORIENTED_EDGE('',*,*,#4759,.F.);
#2732=ORIENTED_EDGE('',*,*,#4760,.T.);
#2733=ORIENTED_EDGE('',*,*,#4757,.T.);
#2734=ORIENTED_EDGE('',*,*,#4416,.F.);
#2735=ORIENTED_EDGE('',*,*,#4692,.F.);
#2736=ORIENTED_EDGE('',*,*,#4761,.T.);
#2737=ORIENTED_EDGE('',*,*,#4759,.T.);
#2738=ORIENTED_EDGE('',*,*,#4691,.F.);
#2739=ORIENTED_EDGE('',*,*,#4694,.F.);
#2740=ORIENTED_EDGE('',*,*,#4696,.F.);
#2741=ORIENTED_EDGE('',*,*,#4698,.F.);
#2742=ORIENTED_EDGE('',*,*,#4700,.F.);
#2743=ORIENTED_EDGE('',*,*,#4702,.F.);
#2744=ORIENTED_EDGE('',*,*,#4704,.F.);
#2745=ORIENTED_EDGE('',*,*,#4706,.F.);
#2746=ORIENTED_EDGE('',*,*,#4708,.F.);
#2747=ORIENTED_EDGE('',*,*,#4710,.F.);
#2748=ORIENTED_EDGE('',*,*,#4712,.F.);
#2749=ORIENTED_EDGE('',*,*,#4714,.F.);
#2750=ORIENTED_EDGE('',*,*,#4716,.F.);
#2751=ORIENTED_EDGE('',*,*,#4718,.F.);
#2752=ORIENTED_EDGE('',*,*,#4720,.F.);
#2753=ORIENTED_EDGE('',*,*,#4722,.F.);
#2754=ORIENTED_EDGE('',*,*,#4724,.F.);
#2755=ORIENTED_EDGE('',*,*,#4727,.F.);
#2756=ORIENTED_EDGE('',*,*,#4730,.F.);
#2757=ORIENTED_EDGE('',*,*,#4733,.F.);
#2758=ORIENTED_EDGE('',*,*,#4735,.F.);
#2759=ORIENTED_EDGE('',*,*,#4738,.F.);
#2760=ORIENTED_EDGE('',*,*,#4740,.F.);
#2761=ORIENTED_EDGE('',*,*,#4742,.F.);
#2762=ORIENTED_EDGE('',*,*,#4744,.F.);
#2763=ORIENTED_EDGE('',*,*,#4746,.F.);
#2764=ORIENTED_EDGE('',*,*,#4748,.F.);
#2765=ORIENTED_EDGE('',*,*,#4750,.F.);
#2766=ORIENTED_EDGE('',*,*,#4752,.F.);
#2767=ORIENTED_EDGE('',*,*,#4754,.F.);
#2768=ORIENTED_EDGE('',*,*,#4756,.F.);
#2769=ORIENTED_EDGE('',*,*,#4758,.F.);
#2770=ORIENTED_EDGE('',*,*,#4760,.F.);
#2771=ORIENTED_EDGE('',*,*,#4761,.F.);
#2772=ORIENTED_EDGE('',*,*,#4486,.F.);
#2773=ORIENTED_EDGE('',*,*,#4762,.F.);
#2774=ORIENTED_EDGE('',*,*,#4763,.T.);
#2775=ORIENTED_EDGE('',*,*,#4764,.T.);
#2776=ORIENTED_EDGE('',*,*,#4485,.F.);
#2777=ORIENTED_EDGE('',*,*,#4765,.F.);
#2778=ORIENTED_EDGE('',*,*,#4766,.T.);
#2779=ORIENTED_EDGE('',*,*,#4762,.T.);
#2780=ORIENTED_EDGE('',*,*,#4484,.F.);
#2781=ORIENTED_EDGE('',*,*,#4767,.F.);
#2782=ORIENTED_EDGE('',*,*,#4768,.T.);
#2783=ORIENTED_EDGE('',*,*,#4765,.T.);
#2784=ORIENTED_EDGE('',*,*,#4483,.F.);
#2785=ORIENTED_EDGE('',*,*,#4769,.F.);
#2786=ORIENTED_EDGE('',*,*,#4770,.T.);
#2787=ORIENTED_EDGE('',*,*,#4767,.T.);
#2788=ORIENTED_EDGE('',*,*,#4482,.F.);
#2789=ORIENTED_EDGE('',*,*,#4771,.F.);
#2790=ORIENTED_EDGE('',*,*,#4772,.T.);
#2791=ORIENTED_EDGE('',*,*,#4769,.T.);
#2792=ORIENTED_EDGE('',*,*,#4481,.F.);
#2793=ORIENTED_EDGE('',*,*,#4773,.F.);
#2794=ORIENTED_EDGE('',*,*,#4774,.T.);
#2795=ORIENTED_EDGE('',*,*,#4771,.T.);
#2796=ORIENTED_EDGE('',*,*,#4480,.F.);
#2797=ORIENTED_EDGE('',*,*,#4775,.F.);
#2798=ORIENTED_EDGE('',*,*,#4776,.T.);
#2799=ORIENTED_EDGE('',*,*,#4773,.T.);
#2800=ORIENTED_EDGE('',*,*,#4479,.F.);
#2801=ORIENTED_EDGE('',*,*,#4777,.F.);
#2802=ORIENTED_EDGE('',*,*,#4778,.T.);
#2803=ORIENTED_EDGE('',*,*,#4775,.T.);
#2804=ORIENTED_EDGE('',*,*,#4478,.F.);
#2805=ORIENTED_EDGE('',*,*,#4779,.F.);
#2806=ORIENTED_EDGE('',*,*,#4780,.T.);
#2807=ORIENTED_EDGE('',*,*,#4777,.T.);
#2808=ORIENTED_EDGE('',*,*,#4477,.F.);
#2809=ORIENTED_EDGE('',*,*,#4781,.F.);
#2810=ORIENTED_EDGE('',*,*,#4782,.T.);
#2811=ORIENTED_EDGE('',*,*,#4779,.T.);
#2812=ORIENTED_EDGE('',*,*,#4476,.F.);
#2813=ORIENTED_EDGE('',*,*,#4783,.T.);
#2814=ORIENTED_EDGE('',*,*,#4784,.F.);
#2815=ORIENTED_EDGE('',*,*,#4785,.T.);
#2816=ORIENTED_EDGE('',*,*,#4781,.T.);
#2817=ORIENTED_EDGE('',*,*,#4784,.T.);
#2818=ORIENTED_EDGE('',*,*,#4786,.T.);
#2819=ORIENTED_EDGE('',*,*,#4787,.F.);
#2820=ORIENTED_EDGE('',*,*,#4788,.T.);
#2821=ORIENTED_EDGE('',*,*,#4787,.T.);
#2822=ORIENTED_EDGE('',*,*,#4789,.T.);
#2823=ORIENTED_EDGE('',*,*,#4790,.F.);
#2824=ORIENTED_EDGE('',*,*,#4791,.T.);
#2825=ORIENTED_EDGE('',*,*,#4513,.F.);
#2826=ORIENTED_EDGE('',*,*,#4792,.F.);
#2827=ORIENTED_EDGE('',*,*,#4793,.T.);
#2828=ORIENTED_EDGE('',*,*,#4790,.T.);
#2829=ORIENTED_EDGE('',*,*,#4794,.T.);
#2830=ORIENTED_EDGE('',*,*,#4512,.F.);
#2831=ORIENTED_EDGE('',*,*,#4795,.F.);
#2832=ORIENTED_EDGE('',*,*,#4796,.T.);
#2833=ORIENTED_EDGE('',*,*,#4792,.T.);
#2834=ORIENTED_EDGE('',*,*,#4511,.F.);
#2835=ORIENTED_EDGE('',*,*,#4797,.F.);
#2836=ORIENTED_EDGE('',*,*,#4798,.T.);
#2837=ORIENTED_EDGE('',*,*,#4795,.T.);
#2838=ORIENTED_EDGE('',*,*,#4510,.F.);
#2839=ORIENTED_EDGE('',*,*,#4799,.F.);
#2840=ORIENTED_EDGE('',*,*,#4800,.T.);
#2841=ORIENTED_EDGE('',*,*,#4797,.T.);
#2842=ORIENTED_EDGE('',*,*,#4509,.F.);
#2843=ORIENTED_EDGE('',*,*,#4801,.F.);
#2844=ORIENTED_EDGE('',*,*,#4802,.T.);
#2845=ORIENTED_EDGE('',*,*,#4799,.T.);
#2846=ORIENTED_EDGE('',*,*,#4508,.F.);
#2847=ORIENTED_EDGE('',*,*,#4803,.F.);
#2848=ORIENTED_EDGE('',*,*,#4804,.T.);
#2849=ORIENTED_EDGE('',*,*,#4801,.T.);
#2850=ORIENTED_EDGE('',*,*,#4507,.F.);
#2851=ORIENTED_EDGE('',*,*,#4805,.F.);
#2852=ORIENTED_EDGE('',*,*,#4806,.T.);
#2853=ORIENTED_EDGE('',*,*,#4803,.T.);
#2854=ORIENTED_EDGE('',*,*,#4506,.F.);
#2855=ORIENTED_EDGE('',*,*,#4807,.F.);
#2856=ORIENTED_EDGE('',*,*,#4808,.T.);
#2857=ORIENTED_EDGE('',*,*,#4805,.T.);
#2858=ORIENTED_EDGE('',*,*,#4505,.F.);
#2859=ORIENTED_EDGE('',*,*,#4809,.F.);
#2860=ORIENTED_EDGE('',*,*,#4810,.T.);
#2861=ORIENTED_EDGE('',*,*,#4807,.T.);
#2862=ORIENTED_EDGE('',*,*,#4504,.F.);
#2863=ORIENTED_EDGE('',*,*,#4811,.F.);
#2864=ORIENTED_EDGE('',*,*,#4812,.T.);
#2865=ORIENTED_EDGE('',*,*,#4809,.T.);
#2866=ORIENTED_EDGE('',*,*,#4503,.F.);
#2867=ORIENTED_EDGE('',*,*,#4813,.F.);
#2868=ORIENTED_EDGE('',*,*,#4814,.T.);
#2869=ORIENTED_EDGE('',*,*,#4811,.T.);
#2870=ORIENTED_EDGE('',*,*,#4502,.F.);
#2871=ORIENTED_EDGE('',*,*,#4815,.F.);
#2872=ORIENTED_EDGE('',*,*,#4816,.T.);
#2873=ORIENTED_EDGE('',*,*,#4813,.T.);
#2874=ORIENTED_EDGE('',*,*,#4501,.F.);
#2875=ORIENTED_EDGE('',*,*,#4817,.F.);
#2876=ORIENTED_EDGE('',*,*,#4818,.T.);
#2877=ORIENTED_EDGE('',*,*,#4815,.T.);
#2878=ORIENTED_EDGE('',*,*,#4500,.F.);
#2879=ORIENTED_EDGE('',*,*,#4819,.F.);
#2880=ORIENTED_EDGE('',*,*,#4820,.T.);
#2881=ORIENTED_EDGE('',*,*,#4817,.T.);
#2882=ORIENTED_EDGE('',*,*,#4499,.F.);
#2883=ORIENTED_EDGE('',*,*,#4821,.F.);
#2884=ORIENTED_EDGE('',*,*,#4822,.T.);
#2885=ORIENTED_EDGE('',*,*,#4819,.T.);
#2886=ORIENTED_EDGE('',*,*,#4498,.F.);
#2887=ORIENTED_EDGE('',*,*,#4823,.F.);
#2888=ORIENTED_EDGE('',*,*,#4824,.T.);
#2889=ORIENTED_EDGE('',*,*,#4821,.T.);
#2890=ORIENTED_EDGE('',*,*,#4497,.F.);
#2891=ORIENTED_EDGE('',*,*,#4825,.F.);
#2892=ORIENTED_EDGE('',*,*,#4826,.T.);
#2893=ORIENTED_EDGE('',*,*,#4823,.T.);
#2894=ORIENTED_EDGE('',*,*,#4496,.F.);
#2895=ORIENTED_EDGE('',*,*,#4827,.F.);
#2896=ORIENTED_EDGE('',*,*,#4828,.T.);
#2897=ORIENTED_EDGE('',*,*,#4825,.T.);
#2898=ORIENTED_EDGE('',*,*,#4495,.F.);
#2899=ORIENTED_EDGE('',*,*,#4829,.F.);
#2900=ORIENTED_EDGE('',*,*,#4830,.T.);
#2901=ORIENTED_EDGE('',*,*,#4827,.T.);
#2902=ORIENTED_EDGE('',*,*,#4494,.F.);
#2903=ORIENTED_EDGE('',*,*,#4831,.F.);
#2904=ORIENTED_EDGE('',*,*,#4832,.T.);
#2905=ORIENTED_EDGE('',*,*,#4829,.T.);
#2906=ORIENTED_EDGE('',*,*,#4493,.F.);
#2907=ORIENTED_EDGE('',*,*,#4833,.F.);
#2908=ORIENTED_EDGE('',*,*,#4834,.T.);
#2909=ORIENTED_EDGE('',*,*,#4831,.T.);
#2910=ORIENTED_EDGE('',*,*,#4492,.F.);
#2911=ORIENTED_EDGE('',*,*,#4835,.F.);
#2912=ORIENTED_EDGE('',*,*,#4836,.T.);
#2913=ORIENTED_EDGE('',*,*,#4833,.T.);
#2914=ORIENTED_EDGE('',*,*,#4491,.F.);
#2915=ORIENTED_EDGE('',*,*,#4837,.F.);
#2916=ORIENTED_EDGE('',*,*,#4838,.T.);
#2917=ORIENTED_EDGE('',*,*,#4835,.T.);
#2918=ORIENTED_EDGE('',*,*,#4490,.F.);
#2919=ORIENTED_EDGE('',*,*,#4839,.F.);
#2920=ORIENTED_EDGE('',*,*,#4840,.T.);
#2921=ORIENTED_EDGE('',*,*,#4837,.T.);
#2922=ORIENTED_EDGE('',*,*,#4489,.F.);
#2923=ORIENTED_EDGE('',*,*,#4841,.F.);
#2924=ORIENTED_EDGE('',*,*,#4842,.T.);
#2925=ORIENTED_EDGE('',*,*,#4839,.T.);
#2926=ORIENTED_EDGE('',*,*,#4488,.F.);
#2927=ORIENTED_EDGE('',*,*,#4843,.F.);
#2928=ORIENTED_EDGE('',*,*,#4844,.T.);
#2929=ORIENTED_EDGE('',*,*,#4841,.T.);
#2930=ORIENTED_EDGE('',*,*,#4487,.F.);
#2931=ORIENTED_EDGE('',*,*,#4764,.F.);
#2932=ORIENTED_EDGE('',*,*,#4845,.T.);
#2933=ORIENTED_EDGE('',*,*,#4843,.T.);
#2934=ORIENTED_EDGE('',*,*,#4763,.F.);
#2935=ORIENTED_EDGE('',*,*,#4766,.F.);
#2936=ORIENTED_EDGE('',*,*,#4768,.F.);
#2937=ORIENTED_EDGE('',*,*,#4770,.F.);
#2938=ORIENTED_EDGE('',*,*,#4772,.F.);
#2939=ORIENTED_EDGE('',*,*,#4774,.F.);
#2940=ORIENTED_EDGE('',*,*,#4776,.F.);
#2941=ORIENTED_EDGE('',*,*,#4778,.F.);
#2942=ORIENTED_EDGE('',*,*,#4780,.F.);
#2943=ORIENTED_EDGE('',*,*,#4782,.F.);
#2944=ORIENTED_EDGE('',*,*,#4785,.F.);
#2945=ORIENTED_EDGE('',*,*,#4788,.F.);
#2946=ORIENTED_EDGE('',*,*,#4791,.F.);
#2947=ORIENTED_EDGE('',*,*,#4793,.F.);
#2948=ORIENTED_EDGE('',*,*,#4796,.F.);
#2949=ORIENTED_EDGE('',*,*,#4798,.F.);
#2950=ORIENTED_EDGE('',*,*,#4800,.F.);
#2951=ORIENTED_EDGE('',*,*,#4802,.F.);
#2952=ORIENTED_EDGE('',*,*,#4804,.F.);
#2953=ORIENTED_EDGE('',*,*,#4806,.F.);
#2954=ORIENTED_EDGE('',*,*,#4808,.F.);
#2955=ORIENTED_EDGE('',*,*,#4810,.F.);
#2956=ORIENTED_EDGE('',*,*,#4812,.F.);
#2957=ORIENTED_EDGE('',*,*,#4814,.F.);
#2958=ORIENTED_EDGE('',*,*,#4816,.F.);
#2959=ORIENTED_EDGE('',*,*,#4818,.F.);
#2960=ORIENTED_EDGE('',*,*,#4820,.F.);
#2961=ORIENTED_EDGE('',*,*,#4822,.F.);
#2962=ORIENTED_EDGE('',*,*,#4824,.F.);
#2963=ORIENTED_EDGE('',*,*,#4826,.F.);
#2964=ORIENTED_EDGE('',*,*,#4828,.F.);
#2965=ORIENTED_EDGE('',*,*,#4830,.F.);
#2966=ORIENTED_EDGE('',*,*,#4832,.F.);
#2967=ORIENTED_EDGE('',*,*,#4834,.F.);
#2968=ORIENTED_EDGE('',*,*,#4836,.F.);
#2969=ORIENTED_EDGE('',*,*,#4838,.F.);
#2970=ORIENTED_EDGE('',*,*,#4840,.F.);
#2971=ORIENTED_EDGE('',*,*,#4842,.F.);
#2972=ORIENTED_EDGE('',*,*,#4844,.F.);
#2973=ORIENTED_EDGE('',*,*,#4845,.F.);
#2974=ORIENTED_EDGE('',*,*,#4544,.F.);
#2975=ORIENTED_EDGE('',*,*,#4846,.F.);
#2976=ORIENTED_EDGE('',*,*,#4847,.T.);
#2977=ORIENTED_EDGE('',*,*,#4848,.T.);
#2978=ORIENTED_EDGE('',*,*,#4543,.F.);
#2979=ORIENTED_EDGE('',*,*,#4849,.F.);
#2980=ORIENTED_EDGE('',*,*,#4850,.T.);
#2981=ORIENTED_EDGE('',*,*,#4846,.T.);
#2982=ORIENTED_EDGE('',*,*,#4542,.F.);
#2983=ORIENTED_EDGE('',*,*,#4851,.F.);
#2984=ORIENTED_EDGE('',*,*,#4852,.T.);
#2985=ORIENTED_EDGE('',*,*,#4849,.T.);
#2986=ORIENTED_EDGE('',*,*,#4541,.F.);
#2987=ORIENTED_EDGE('',*,*,#4853,.F.);
#2988=ORIENTED_EDGE('',*,*,#4854,.T.);
#2989=ORIENTED_EDGE('',*,*,#4851,.T.);
#2990=ORIENTED_EDGE('',*,*,#4540,.F.);
#2991=ORIENTED_EDGE('',*,*,#4855,.F.);
#2992=ORIENTED_EDGE('',*,*,#4856,.T.);
#2993=ORIENTED_EDGE('',*,*,#4853,.T.);
#2994=ORIENTED_EDGE('',*,*,#4539,.F.);
#2995=ORIENTED_EDGE('',*,*,#4857,.F.);
#2996=ORIENTED_EDGE('',*,*,#4858,.T.);
#2997=ORIENTED_EDGE('',*,*,#4855,.T.);
#2998=ORIENTED_EDGE('',*,*,#4538,.F.);
#2999=ORIENTED_EDGE('',*,*,#4859,.F.);
#3000=ORIENTED_EDGE('',*,*,#4860,.T.);
#3001=ORIENTED_EDGE('',*,*,#4857,.T.);
#3002=ORIENTED_EDGE('',*,*,#4537,.F.);
#3003=ORIENTED_EDGE('',*,*,#4861,.F.);
#3004=ORIENTED_EDGE('',*,*,#4862,.T.);
#3005=ORIENTED_EDGE('',*,*,#4859,.T.);
#3006=ORIENTED_EDGE('',*,*,#4536,.F.);
#3007=ORIENTED_EDGE('',*,*,#4863,.F.);
#3008=ORIENTED_EDGE('',*,*,#4864,.T.);
#3009=ORIENTED_EDGE('',*,*,#4861,.T.);
#3010=ORIENTED_EDGE('',*,*,#4535,.F.);
#3011=ORIENTED_EDGE('',*,*,#4865,.F.);
#3012=ORIENTED_EDGE('',*,*,#4866,.T.);
#3013=ORIENTED_EDGE('',*,*,#4863,.T.);
#3014=ORIENTED_EDGE('',*,*,#4534,.F.);
#3015=ORIENTED_EDGE('',*,*,#4867,.F.);
#3016=ORIENTED_EDGE('',*,*,#4868,.T.);
#3017=ORIENTED_EDGE('',*,*,#4865,.T.);
#3018=ORIENTED_EDGE('',*,*,#4533,.F.);
#3019=ORIENTED_EDGE('',*,*,#4869,.F.);
#3020=ORIENTED_EDGE('',*,*,#4870,.T.);
#3021=ORIENTED_EDGE('',*,*,#4867,.T.);
#3022=ORIENTED_EDGE('',*,*,#4532,.F.);
#3023=ORIENTED_EDGE('',*,*,#4871,.F.);
#3024=ORIENTED_EDGE('',*,*,#4872,.T.);
#3025=ORIENTED_EDGE('',*,*,#4869,.T.);
#3026=ORIENTED_EDGE('',*,*,#4531,.F.);
#3027=ORIENTED_EDGE('',*,*,#4873,.F.);
#3028=ORIENTED_EDGE('',*,*,#4874,.T.);
#3029=ORIENTED_EDGE('',*,*,#4871,.T.);
#3030=ORIENTED_EDGE('',*,*,#4530,.F.);
#3031=ORIENTED_EDGE('',*,*,#4875,.F.);
#3032=ORIENTED_EDGE('',*,*,#4876,.T.);
#3033=ORIENTED_EDGE('',*,*,#4873,.T.);
#3034=ORIENTED_EDGE('',*,*,#4529,.F.);
#3035=ORIENTED_EDGE('',*,*,#4877,.F.);
#3036=ORIENTED_EDGE('',*,*,#4878,.T.);
#3037=ORIENTED_EDGE('',*,*,#4875,.T.);
#3038=ORIENTED_EDGE('',*,*,#4528,.F.);
#3039=ORIENTED_EDGE('',*,*,#4879,.F.);
#3040=ORIENTED_EDGE('',*,*,#4880,.T.);
#3041=ORIENTED_EDGE('',*,*,#4877,.T.);
#3042=ORIENTED_EDGE('',*,*,#4527,.F.);
#3043=ORIENTED_EDGE('',*,*,#4881,.T.);
#3044=ORIENTED_EDGE('',*,*,#4882,.F.);
#3045=ORIENTED_EDGE('',*,*,#4883,.T.);
#3046=ORIENTED_EDGE('',*,*,#4879,.T.);
#3047=ORIENTED_EDGE('',*,*,#4882,.T.);
#3048=ORIENTED_EDGE('',*,*,#4884,.T.);
#3049=ORIENTED_EDGE('',*,*,#4885,.F.);
#3050=ORIENTED_EDGE('',*,*,#4886,.T.);
#3051=ORIENTED_EDGE('',*,*,#4885,.T.);
#3052=ORIENTED_EDGE('',*,*,#4887,.T.);
#3053=ORIENTED_EDGE('',*,*,#4888,.F.);
#3054=ORIENTED_EDGE('',*,*,#4889,.T.);
#3055=ORIENTED_EDGE('',*,*,#4558,.F.);
#3056=ORIENTED_EDGE('',*,*,#4890,.F.);
#3057=ORIENTED_EDGE('',*,*,#4891,.T.);
#3058=ORIENTED_EDGE('',*,*,#4888,.T.);
#3059=ORIENTED_EDGE('',*,*,#4892,.T.);
#3060=ORIENTED_EDGE('',*,*,#4557,.F.);
#3061=ORIENTED_EDGE('',*,*,#4893,.F.);
#3062=ORIENTED_EDGE('',*,*,#4894,.T.);
#3063=ORIENTED_EDGE('',*,*,#4890,.T.);
#3064=ORIENTED_EDGE('',*,*,#4556,.F.);
#3065=ORIENTED_EDGE('',*,*,#4895,.F.);
#3066=ORIENTED_EDGE('',*,*,#4896,.T.);
#3067=ORIENTED_EDGE('',*,*,#4893,.T.);
#3068=ORIENTED_EDGE('',*,*,#4555,.F.);
#3069=ORIENTED_EDGE('',*,*,#4897,.F.);
#3070=ORIENTED_EDGE('',*,*,#4898,.T.);
#3071=ORIENTED_EDGE('',*,*,#4895,.T.);
#3072=ORIENTED_EDGE('',*,*,#4554,.F.);
#3073=ORIENTED_EDGE('',*,*,#4899,.F.);
#3074=ORIENTED_EDGE('',*,*,#4900,.T.);
#3075=ORIENTED_EDGE('',*,*,#4897,.T.);
#3076=ORIENTED_EDGE('',*,*,#4553,.F.);
#3077=ORIENTED_EDGE('',*,*,#4901,.F.);
#3078=ORIENTED_EDGE('',*,*,#4902,.T.);
#3079=ORIENTED_EDGE('',*,*,#4899,.T.);
#3080=ORIENTED_EDGE('',*,*,#4552,.F.);
#3081=ORIENTED_EDGE('',*,*,#4903,.F.);
#3082=ORIENTED_EDGE('',*,*,#4904,.T.);
#3083=ORIENTED_EDGE('',*,*,#4901,.T.);
#3084=ORIENTED_EDGE('',*,*,#4551,.F.);
#3085=ORIENTED_EDGE('',*,*,#4905,.F.);
#3086=ORIENTED_EDGE('',*,*,#4906,.T.);
#3087=ORIENTED_EDGE('',*,*,#4903,.T.);
#3088=ORIENTED_EDGE('',*,*,#4550,.F.);
#3089=ORIENTED_EDGE('',*,*,#4907,.F.);
#3090=ORIENTED_EDGE('',*,*,#4908,.T.);
#3091=ORIENTED_EDGE('',*,*,#4905,.T.);
#3092=ORIENTED_EDGE('',*,*,#4549,.F.);
#3093=ORIENTED_EDGE('',*,*,#4909,.F.);
#3094=ORIENTED_EDGE('',*,*,#4910,.T.);
#3095=ORIENTED_EDGE('',*,*,#4907,.T.);
#3096=ORIENTED_EDGE('',*,*,#4548,.F.);
#3097=ORIENTED_EDGE('',*,*,#4911,.F.);
#3098=ORIENTED_EDGE('',*,*,#4912,.T.);
#3099=ORIENTED_EDGE('',*,*,#4909,.T.);
#3100=ORIENTED_EDGE('',*,*,#4547,.F.);
#3101=ORIENTED_EDGE('',*,*,#4913,.F.);
#3102=ORIENTED_EDGE('',*,*,#4914,.T.);
#3103=ORIENTED_EDGE('',*,*,#4911,.T.);
#3104=ORIENTED_EDGE('',*,*,#4546,.F.);
#3105=ORIENTED_EDGE('',*,*,#4915,.F.);
#3106=ORIENTED_EDGE('',*,*,#4916,.T.);
#3107=ORIENTED_EDGE('',*,*,#4913,.T.);
#3108=ORIENTED_EDGE('',*,*,#4545,.F.);
#3109=ORIENTED_EDGE('',*,*,#4848,.F.);
#3110=ORIENTED_EDGE('',*,*,#4917,.T.);
#3111=ORIENTED_EDGE('',*,*,#4915,.T.);
#3112=ORIENTED_EDGE('',*,*,#4847,.F.);
#3113=ORIENTED_EDGE('',*,*,#4850,.F.);
#3114=ORIENTED_EDGE('',*,*,#4852,.F.);
#3115=ORIENTED_EDGE('',*,*,#4854,.F.);
#3116=ORIENTED_EDGE('',*,*,#4856,.F.);
#3117=ORIENTED_EDGE('',*,*,#4858,.F.);
#3118=ORIENTED_EDGE('',*,*,#4860,.F.);
#3119=ORIENTED_EDGE('',*,*,#4862,.F.);
#3120=ORIENTED_EDGE('',*,*,#4864,.F.);
#3121=ORIENTED_EDGE('',*,*,#4866,.F.);
#3122=ORIENTED_EDGE('',*,*,#4868,.F.);
#3123=ORIENTED_EDGE('',*,*,#4870,.F.);
#3124=ORIENTED_EDGE('',*,*,#4872,.F.);
#3125=ORIENTED_EDGE('',*,*,#4874,.F.);
#3126=ORIENTED_EDGE('',*,*,#4876,.F.);
#3127=ORIENTED_EDGE('',*,*,#4878,.F.);
#3128=ORIENTED_EDGE('',*,*,#4880,.F.);
#3129=ORIENTED_EDGE('',*,*,#4883,.F.);
#3130=ORIENTED_EDGE('',*,*,#4886,.F.);
#3131=ORIENTED_EDGE('',*,*,#4889,.F.);
#3132=ORIENTED_EDGE('',*,*,#4891,.F.);
#3133=ORIENTED_EDGE('',*,*,#4894,.F.);
#3134=ORIENTED_EDGE('',*,*,#4896,.F.);
#3135=ORIENTED_EDGE('',*,*,#4898,.F.);
#3136=ORIENTED_EDGE('',*,*,#4900,.F.);
#3137=ORIENTED_EDGE('',*,*,#4902,.F.);
#3138=ORIENTED_EDGE('',*,*,#4904,.F.);
#3139=ORIENTED_EDGE('',*,*,#4906,.F.);
#3140=ORIENTED_EDGE('',*,*,#4908,.F.);
#3141=ORIENTED_EDGE('',*,*,#4910,.F.);
#3142=ORIENTED_EDGE('',*,*,#4912,.F.);
#3143=ORIENTED_EDGE('',*,*,#4914,.F.);
#3144=ORIENTED_EDGE('',*,*,#4916,.F.);
#3145=ORIENTED_EDGE('',*,*,#4917,.F.);
#3146=ORIENTED_EDGE('',*,*,#4393,.F.);
#3147=ORIENTED_EDGE('',*,*,#4918,.F.);
#3148=ORIENTED_EDGE('',*,*,#4919,.T.);
#3149=ORIENTED_EDGE('',*,*,#4920,.T.);
#3150=ORIENTED_EDGE('',*,*,#4392,.F.);
#3151=ORIENTED_EDGE('',*,*,#4921,.F.);
#3152=ORIENTED_EDGE('',*,*,#4922,.T.);
#3153=ORIENTED_EDGE('',*,*,#4918,.T.);
#3154=ORIENTED_EDGE('',*,*,#4395,.F.);
#3155=ORIENTED_EDGE('',*,*,#4923,.F.);
#3156=ORIENTED_EDGE('',*,*,#4924,.T.);
#3157=ORIENTED_EDGE('',*,*,#4921,.T.);
#3158=ORIENTED_EDGE('',*,*,#4394,.F.);
#3159=ORIENTED_EDGE('',*,*,#4920,.F.);
#3160=ORIENTED_EDGE('',*,*,#4925,.T.);
#3161=ORIENTED_EDGE('',*,*,#4923,.T.);
#3162=ORIENTED_EDGE('',*,*,#4919,.F.);
#3163=ORIENTED_EDGE('',*,*,#4922,.F.);
#3164=ORIENTED_EDGE('',*,*,#4924,.F.);
#3165=ORIENTED_EDGE('',*,*,#4925,.F.);
#3166=ORIENTED_EDGE('',*,*,#4435,.F.);
#3167=ORIENTED_EDGE('',*,*,#4926,.F.);
#3168=ORIENTED_EDGE('',*,*,#4927,.T.);
#3169=ORIENTED_EDGE('',*,*,#4928,.T.);
#3170=ORIENTED_EDGE('',*,*,#4929,.T.);
#3171=ORIENTED_EDGE('',*,*,#4434,.F.);
#3172=ORIENTED_EDGE('',*,*,#4930,.F.);
#3173=ORIENTED_EDGE('',*,*,#4931,.T.);
#3174=ORIENTED_EDGE('',*,*,#4926,.T.);
#3175=ORIENTED_EDGE('',*,*,#4433,.F.);
#3176=ORIENTED_EDGE('',*,*,#4932,.F.);
#3177=ORIENTED_EDGE('',*,*,#4933,.T.);
#3178=ORIENTED_EDGE('',*,*,#4930,.T.);
#3179=ORIENTED_EDGE('',*,*,#4432,.F.);
#3180=ORIENTED_EDGE('',*,*,#4934,.F.);
#3181=ORIENTED_EDGE('',*,*,#4935,.T.);
#3182=ORIENTED_EDGE('',*,*,#4932,.T.);
#3183=ORIENTED_EDGE('',*,*,#4431,.F.);
#3184=ORIENTED_EDGE('',*,*,#4936,.T.);
#3185=ORIENTED_EDGE('',*,*,#4937,.F.);
#3186=ORIENTED_EDGE('',*,*,#4938,.T.);
#3187=ORIENTED_EDGE('',*,*,#4934,.T.);
#3188=ORIENTED_EDGE('',*,*,#4937,.T.);
#3189=ORIENTED_EDGE('',*,*,#4939,.T.);
#3190=ORIENTED_EDGE('',*,*,#4928,.F.);
#3191=ORIENTED_EDGE('',*,*,#4940,.T.);
#3192=ORIENTED_EDGE('',*,*,#4927,.F.);
#3193=ORIENTED_EDGE('',*,*,#4931,.F.);
#3194=ORIENTED_EDGE('',*,*,#4933,.F.);
#3195=ORIENTED_EDGE('',*,*,#4935,.F.);
#3196=ORIENTED_EDGE('',*,*,#4938,.F.);
#3197=ORIENTED_EDGE('',*,*,#4940,.F.);
#3198=ORIENTED_EDGE('',*,*,#4941,.F.);
#3199=ORIENTED_EDGE('',*,*,#4942,.F.);
#3200=ORIENTED_EDGE('',*,*,#4943,.T.);
#3201=ORIENTED_EDGE('',*,*,#4944,.T.);
#3202=ORIENTED_EDGE('',*,*,#4945,.F.);
#3203=ORIENTED_EDGE('',*,*,#4946,.F.);
#3204=ORIENTED_EDGE('',*,*,#4947,.T.);
#3205=ORIENTED_EDGE('',*,*,#4942,.T.);
#3206=ORIENTED_EDGE('',*,*,#4443,.F.);
#3207=ORIENTED_EDGE('',*,*,#4948,.F.);
#3208=ORIENTED_EDGE('',*,*,#4949,.T.);
#3209=ORIENTED_EDGE('',*,*,#4950,.T.);
#3210=ORIENTED_EDGE('',*,*,#4951,.T.);
#3211=ORIENTED_EDGE('',*,*,#4442,.F.);
#3212=ORIENTED_EDGE('',*,*,#4952,.F.);
#3213=ORIENTED_EDGE('',*,*,#4953,.T.);
#3214=ORIENTED_EDGE('',*,*,#4948,.T.);
#3215=ORIENTED_EDGE('',*,*,#4441,.F.);
#3216=ORIENTED_EDGE('',*,*,#4954,.F.);
#3217=ORIENTED_EDGE('',*,*,#4955,.T.);
#3218=ORIENTED_EDGE('',*,*,#4952,.T.);
#3219=ORIENTED_EDGE('',*,*,#4440,.F.);
#3220=ORIENTED_EDGE('',*,*,#4956,.F.);
#3221=ORIENTED_EDGE('',*,*,#4957,.T.);
#3222=ORIENTED_EDGE('',*,*,#4954,.T.);
#3223=ORIENTED_EDGE('',*,*,#4439,.F.);
#3224=ORIENTED_EDGE('',*,*,#4958,.F.);
#3225=ORIENTED_EDGE('',*,*,#4959,.T.);
#3226=ORIENTED_EDGE('',*,*,#4956,.T.);
#3227=ORIENTED_EDGE('',*,*,#4438,.F.);
#3228=ORIENTED_EDGE('',*,*,#4960,.F.);
#3229=ORIENTED_EDGE('',*,*,#4961,.T.);
#3230=ORIENTED_EDGE('',*,*,#4958,.T.);
#3231=ORIENTED_EDGE('',*,*,#4437,.F.);
#3232=ORIENTED_EDGE('',*,*,#4962,.T.);
#3233=ORIENTED_EDGE('',*,*,#4963,.F.);
#3234=ORIENTED_EDGE('',*,*,#4964,.T.);
#3235=ORIENTED_EDGE('',*,*,#4960,.T.);
#3236=ORIENTED_EDGE('',*,*,#4963,.T.);
#3237=ORIENTED_EDGE('',*,*,#4965,.T.);
#3238=ORIENTED_EDGE('',*,*,#4950,.F.);
#3239=ORIENTED_EDGE('',*,*,#4966,.T.);
#3240=ORIENTED_EDGE('',*,*,#4967,.F.);
#3241=ORIENTED_EDGE('',*,*,#4944,.F.);
#3242=ORIENTED_EDGE('',*,*,#4968,.T.);
#3243=ORIENTED_EDGE('',*,*,#4946,.T.);
#3244=ORIENTED_EDGE('',*,*,#4949,.F.);
#3245=ORIENTED_EDGE('',*,*,#4953,.F.);
#3246=ORIENTED_EDGE('',*,*,#4955,.F.);
#3247=ORIENTED_EDGE('',*,*,#4957,.F.);
#3248=ORIENTED_EDGE('',*,*,#4959,.F.);
#3249=ORIENTED_EDGE('',*,*,#4961,.F.);
#3250=ORIENTED_EDGE('',*,*,#4964,.F.);
#3251=ORIENTED_EDGE('',*,*,#4966,.F.);
#3252=ORIENTED_EDGE('',*,*,#4943,.F.);
#3253=ORIENTED_EDGE('',*,*,#4947,.F.);
#3254=ORIENTED_EDGE('',*,*,#4968,.F.);
#3255=ORIENTED_EDGE('',*,*,#4969,.F.);
#3256=ORIENTED_EDGE('',*,*,#4970,.F.);
#3257=ORIENTED_EDGE('',*,*,#4971,.T.);
#3258=ORIENTED_EDGE('',*,*,#4972,.T.);
#3259=ORIENTED_EDGE('',*,*,#4973,.F.);
#3260=ORIENTED_EDGE('',*,*,#4974,.F.);
#3261=ORIENTED_EDGE('',*,*,#4975,.T.);
#3262=ORIENTED_EDGE('',*,*,#4970,.T.);
#3263=ORIENTED_EDGE('',*,*,#4976,.F.);
#3264=ORIENTED_EDGE('',*,*,#4977,.F.);
#3265=ORIENTED_EDGE('',*,*,#4978,.T.);
#3266=ORIENTED_EDGE('',*,*,#4974,.T.);
#3267=ORIENTED_EDGE('',*,*,#4979,.F.);
#3268=ORIENTED_EDGE('',*,*,#4980,.F.);
#3269=ORIENTED_EDGE('',*,*,#4981,.T.);
#3270=ORIENTED_EDGE('',*,*,#4977,.T.);
#3271=ORIENTED_EDGE('',*,*,#4982,.F.);
#3272=ORIENTED_EDGE('',*,*,#4983,.F.);
#3273=ORIENTED_EDGE('',*,*,#4984,.T.);
#3274=ORIENTED_EDGE('',*,*,#4980,.T.);
#3275=ORIENTED_EDGE('',*,*,#4985,.F.);
#3276=ORIENTED_EDGE('',*,*,#4986,.F.);
#3277=ORIENTED_EDGE('',*,*,#4987,.T.);
#3278=ORIENTED_EDGE('',*,*,#4983,.T.);
#3279=ORIENTED_EDGE('',*,*,#4988,.F.);
#3280=ORIENTED_EDGE('',*,*,#4989,.F.);
#3281=ORIENTED_EDGE('',*,*,#4990,.T.);
#3282=ORIENTED_EDGE('',*,*,#4986,.T.);
#3283=ORIENTED_EDGE('',*,*,#4991,.F.);
#3284=ORIENTED_EDGE('',*,*,#4992,.F.);
#3285=ORIENTED_EDGE('',*,*,#4993,.T.);
#3286=ORIENTED_EDGE('',*,*,#4989,.T.);
#3287=ORIENTED_EDGE('',*,*,#4994,.F.);
#3288=ORIENTED_EDGE('',*,*,#4995,.F.);
#3289=ORIENTED_EDGE('',*,*,#4996,.T.);
#3290=ORIENTED_EDGE('',*,*,#4992,.T.);
#3291=ORIENTED_EDGE('',*,*,#4452,.F.);
#3292=ORIENTED_EDGE('',*,*,#4997,.F.);
#3293=ORIENTED_EDGE('',*,*,#4998,.T.);
#3294=ORIENTED_EDGE('',*,*,#4999,.T.);
#3295=ORIENTED_EDGE('',*,*,#5000,.T.);
#3296=ORIENTED_EDGE('',*,*,#4451,.F.);
#3297=ORIENTED_EDGE('',*,*,#5001,.F.);
#3298=ORIENTED_EDGE('',*,*,#5002,.T.);
#3299=ORIENTED_EDGE('',*,*,#4997,.T.);
#3300=ORIENTED_EDGE('',*,*,#4450,.F.);
#3301=ORIENTED_EDGE('',*,*,#5003,.F.);
#3302=ORIENTED_EDGE('',*,*,#5004,.T.);
#3303=ORIENTED_EDGE('',*,*,#5001,.T.);
#3304=ORIENTED_EDGE('',*,*,#4449,.F.);
#3305=ORIENTED_EDGE('',*,*,#5005,.F.);
#3306=ORIENTED_EDGE('',*,*,#5006,.T.);
#3307=ORIENTED_EDGE('',*,*,#5003,.T.);
#3308=ORIENTED_EDGE('',*,*,#4448,.F.);
#3309=ORIENTED_EDGE('',*,*,#5007,.F.);
#3310=ORIENTED_EDGE('',*,*,#5008,.T.);
#3311=ORIENTED_EDGE('',*,*,#5005,.T.);
#3312=ORIENTED_EDGE('',*,*,#4447,.F.);
#3313=ORIENTED_EDGE('',*,*,#5009,.F.);
#3314=ORIENTED_EDGE('',*,*,#5010,.T.);
#3315=ORIENTED_EDGE('',*,*,#5007,.T.);
#3316=ORIENTED_EDGE('',*,*,#4446,.F.);
#3317=ORIENTED_EDGE('',*,*,#5011,.F.);
#3318=ORIENTED_EDGE('',*,*,#5012,.T.);
#3319=ORIENTED_EDGE('',*,*,#5009,.T.);
#3320=ORIENTED_EDGE('',*,*,#4445,.F.);
#3321=ORIENTED_EDGE('',*,*,#5013,.T.);
#3322=ORIENTED_EDGE('',*,*,#5014,.F.);
#3323=ORIENTED_EDGE('',*,*,#5015,.T.);
#3324=ORIENTED_EDGE('',*,*,#5011,.T.);
#3325=ORIENTED_EDGE('',*,*,#5014,.T.);
#3326=ORIENTED_EDGE('',*,*,#5016,.T.);
#3327=ORIENTED_EDGE('',*,*,#5017,.F.);
#3328=ORIENTED_EDGE('',*,*,#5018,.T.);
#3329=ORIENTED_EDGE('',*,*,#5017,.T.);
#3330=ORIENTED_EDGE('',*,*,#5019,.T.);
#3331=ORIENTED_EDGE('',*,*,#4999,.F.);
#3332=ORIENTED_EDGE('',*,*,#5020,.T.);
#3333=ORIENTED_EDGE('',*,*,#5021,.F.);
#3334=ORIENTED_EDGE('',*,*,#4972,.F.);
#3335=ORIENTED_EDGE('',*,*,#5022,.T.);
#3336=ORIENTED_EDGE('',*,*,#4995,.T.);
#3337=ORIENTED_EDGE('',*,*,#4998,.F.);
#3338=ORIENTED_EDGE('',*,*,#5002,.F.);
#3339=ORIENTED_EDGE('',*,*,#5004,.F.);
#3340=ORIENTED_EDGE('',*,*,#5006,.F.);
#3341=ORIENTED_EDGE('',*,*,#5008,.F.);
#3342=ORIENTED_EDGE('',*,*,#5010,.F.);
#3343=ORIENTED_EDGE('',*,*,#5012,.F.);
#3344=ORIENTED_EDGE('',*,*,#5015,.F.);
#3345=ORIENTED_EDGE('',*,*,#5018,.F.);
#3346=ORIENTED_EDGE('',*,*,#5020,.F.);
#3347=ORIENTED_EDGE('',*,*,#4971,.F.);
#3348=ORIENTED_EDGE('',*,*,#4975,.F.);
#3349=ORIENTED_EDGE('',*,*,#4978,.F.);
#3350=ORIENTED_EDGE('',*,*,#4981,.F.);
#3351=ORIENTED_EDGE('',*,*,#4984,.F.);
#3352=ORIENTED_EDGE('',*,*,#4987,.F.);
#3353=ORIENTED_EDGE('',*,*,#4990,.F.);
#3354=ORIENTED_EDGE('',*,*,#4993,.F.);
#3355=ORIENTED_EDGE('',*,*,#4996,.F.);
#3356=ORIENTED_EDGE('',*,*,#5022,.F.);
#3357=ORIENTED_EDGE('',*,*,#4464,.F.);
#3358=ORIENTED_EDGE('',*,*,#5023,.F.);
#3359=ORIENTED_EDGE('',*,*,#5024,.T.);
#3360=ORIENTED_EDGE('',*,*,#5025,.T.);
#3361=ORIENTED_EDGE('',*,*,#5026,.T.);
#3362=ORIENTED_EDGE('',*,*,#4463,.F.);
#3363=ORIENTED_EDGE('',*,*,#5027,.F.);
#3364=ORIENTED_EDGE('',*,*,#5028,.T.);
#3365=ORIENTED_EDGE('',*,*,#5023,.T.);
#3366=ORIENTED_EDGE('',*,*,#4462,.F.);
#3367=ORIENTED_EDGE('',*,*,#5029,.F.);
#3368=ORIENTED_EDGE('',*,*,#5030,.T.);
#3369=ORIENTED_EDGE('',*,*,#5027,.T.);
#3370=ORIENTED_EDGE('',*,*,#4461,.F.);
#3371=ORIENTED_EDGE('',*,*,#5031,.F.);
#3372=ORIENTED_EDGE('',*,*,#5032,.T.);
#3373=ORIENTED_EDGE('',*,*,#5029,.T.);
#3374=ORIENTED_EDGE('',*,*,#4460,.F.);
#3375=ORIENTED_EDGE('',*,*,#5033,.F.);
#3376=ORIENTED_EDGE('',*,*,#5034,.T.);
#3377=ORIENTED_EDGE('',*,*,#5031,.T.);
#3378=ORIENTED_EDGE('',*,*,#4459,.F.);
#3379=ORIENTED_EDGE('',*,*,#5035,.F.);
#3380=ORIENTED_EDGE('',*,*,#5036,.T.);
#3381=ORIENTED_EDGE('',*,*,#5033,.T.);
#3382=ORIENTED_EDGE('',*,*,#4458,.F.);
#3383=ORIENTED_EDGE('',*,*,#5037,.F.);
#3384=ORIENTED_EDGE('',*,*,#5038,.T.);
#3385=ORIENTED_EDGE('',*,*,#5035,.T.);
#3386=ORIENTED_EDGE('',*,*,#4457,.F.);
#3387=ORIENTED_EDGE('',*,*,#5039,.F.);
#3388=ORIENTED_EDGE('',*,*,#5040,.T.);
#3389=ORIENTED_EDGE('',*,*,#5037,.T.);
#3390=ORIENTED_EDGE('',*,*,#4456,.F.);
#3391=ORIENTED_EDGE('',*,*,#5041,.F.);
#3392=ORIENTED_EDGE('',*,*,#5042,.T.);
#3393=ORIENTED_EDGE('',*,*,#5039,.T.);
#3394=ORIENTED_EDGE('',*,*,#4455,.F.);
#3395=ORIENTED_EDGE('',*,*,#5043,.F.);
#3396=ORIENTED_EDGE('',*,*,#5044,.T.);
#3397=ORIENTED_EDGE('',*,*,#5041,.T.);
#3398=ORIENTED_EDGE('',*,*,#4454,.F.);
#3399=ORIENTED_EDGE('',*,*,#5045,.T.);
#3400=ORIENTED_EDGE('',*,*,#5046,.F.);
#3401=ORIENTED_EDGE('',*,*,#5047,.T.);
#3402=ORIENTED_EDGE('',*,*,#5043,.T.);
#3403=ORIENTED_EDGE('',*,*,#5046,.T.);
#3404=ORIENTED_EDGE('',*,*,#5048,.T.);
#3405=ORIENTED_EDGE('',*,*,#5025,.F.);
#3406=ORIENTED_EDGE('',*,*,#5049,.T.);
#3407=ORIENTED_EDGE('',*,*,#5024,.F.);
#3408=ORIENTED_EDGE('',*,*,#5028,.F.);
#3409=ORIENTED_EDGE('',*,*,#5030,.F.);
#3410=ORIENTED_EDGE('',*,*,#5032,.F.);
#3411=ORIENTED_EDGE('',*,*,#5034,.F.);
#3412=ORIENTED_EDGE('',*,*,#5036,.F.);
#3413=ORIENTED_EDGE('',*,*,#5038,.F.);
#3414=ORIENTED_EDGE('',*,*,#5040,.F.);
#3415=ORIENTED_EDGE('',*,*,#5042,.F.);
#3416=ORIENTED_EDGE('',*,*,#5044,.F.);
#3417=ORIENTED_EDGE('',*,*,#5047,.F.);
#3418=ORIENTED_EDGE('',*,*,#5049,.F.);
#3419=ORIENTED_EDGE('',*,*,#5050,.F.);
#3420=ORIENTED_EDGE('',*,*,#5051,.F.);
#3421=ORIENTED_EDGE('',*,*,#5052,.T.);
#3422=ORIENTED_EDGE('',*,*,#5053,.T.);
#3423=ORIENTED_EDGE('',*,*,#5054,.F.);
#3424=ORIENTED_EDGE('',*,*,#5055,.F.);
#3425=ORIENTED_EDGE('',*,*,#5056,.T.);
#3426=ORIENTED_EDGE('',*,*,#5051,.T.);
#3427=ORIENTED_EDGE('',*,*,#5057,.F.);
#3428=ORIENTED_EDGE('',*,*,#5058,.F.);
#3429=ORIENTED_EDGE('',*,*,#5059,.T.);
#3430=ORIENTED_EDGE('',*,*,#5055,.T.);
#3431=ORIENTED_EDGE('',*,*,#5060,.F.);
#3432=ORIENTED_EDGE('',*,*,#5061,.F.);
#3433=ORIENTED_EDGE('',*,*,#5062,.T.);
#3434=ORIENTED_EDGE('',*,*,#5058,.T.);
#3435=ORIENTED_EDGE('',*,*,#5063,.F.);
#3436=ORIENTED_EDGE('',*,*,#5064,.F.);
#3437=ORIENTED_EDGE('',*,*,#5065,.T.);
#3438=ORIENTED_EDGE('',*,*,#5061,.T.);
#3439=ORIENTED_EDGE('',*,*,#5066,.F.);
#3440=ORIENTED_EDGE('',*,*,#5067,.F.);
#3441=ORIENTED_EDGE('',*,*,#5068,.T.);
#3442=ORIENTED_EDGE('',*,*,#5064,.T.);
#3443=ORIENTED_EDGE('',*,*,#5069,.F.);
#3444=ORIENTED_EDGE('',*,*,#5070,.F.);
#3445=ORIENTED_EDGE('',*,*,#5071,.T.);
#3446=ORIENTED_EDGE('',*,*,#5067,.T.);
#3447=ORIENTED_EDGE('',*,*,#5072,.F.);
#3448=ORIENTED_EDGE('',*,*,#5073,.F.);
#3449=ORIENTED_EDGE('',*,*,#5074,.T.);
#3450=ORIENTED_EDGE('',*,*,#5070,.T.);
#3451=ORIENTED_EDGE('',*,*,#4474,.F.);
#3452=ORIENTED_EDGE('',*,*,#5075,.F.);
#3453=ORIENTED_EDGE('',*,*,#5076,.T.);
#3454=ORIENTED_EDGE('',*,*,#5077,.T.);
#3455=ORIENTED_EDGE('',*,*,#5078,.T.);
#3456=ORIENTED_EDGE('',*,*,#4473,.F.);
#3457=ORIENTED_EDGE('',*,*,#5079,.F.);
#3458=ORIENTED_EDGE('',*,*,#5080,.T.);
#3459=ORIENTED_EDGE('',*,*,#5075,.T.);
#3460=ORIENTED_EDGE('',*,*,#4472,.F.);
#3461=ORIENTED_EDGE('',*,*,#5081,.F.);
#3462=ORIENTED_EDGE('',*,*,#5082,.T.);
#3463=ORIENTED_EDGE('',*,*,#5079,.T.);
#3464=ORIENTED_EDGE('',*,*,#4471,.F.);
#3465=ORIENTED_EDGE('',*,*,#5083,.F.);
#3466=ORIENTED_EDGE('',*,*,#5084,.T.);
#3467=ORIENTED_EDGE('',*,*,#5081,.T.);
#3468=ORIENTED_EDGE('',*,*,#4470,.F.);
#3469=ORIENTED_EDGE('',*,*,#5085,.F.);
#3470=ORIENTED_EDGE('',*,*,#5086,.T.);
#3471=ORIENTED_EDGE('',*,*,#5083,.T.);
#3472=ORIENTED_EDGE('',*,*,#4469,.F.);
#3473=ORIENTED_EDGE('',*,*,#5087,.F.);
#3474=ORIENTED_EDGE('',*,*,#5088,.T.);
#3475=ORIENTED_EDGE('',*,*,#5085,.T.);
#3476=ORIENTED_EDGE('',*,*,#4468,.F.);
#3477=ORIENTED_EDGE('',*,*,#5089,.F.);
#3478=ORIENTED_EDGE('',*,*,#5090,.T.);
#3479=ORIENTED_EDGE('',*,*,#5087,.T.);
#3480=ORIENTED_EDGE('',*,*,#4467,.F.);
#3481=ORIENTED_EDGE('',*,*,#5091,.F.);
#3482=ORIENTED_EDGE('',*,*,#5092,.T.);
#3483=ORIENTED_EDGE('',*,*,#5089,.T.);
#3484=ORIENTED_EDGE('',*,*,#4466,.F.);
#3485=ORIENTED_EDGE('',*,*,#5093,.T.);
#3486=ORIENTED_EDGE('',*,*,#5094,.F.);
#3487=ORIENTED_EDGE('',*,*,#5095,.T.);
#3488=ORIENTED_EDGE('',*,*,#5091,.T.);
#3489=ORIENTED_EDGE('',*,*,#5094,.T.);
#3490=ORIENTED_EDGE('',*,*,#5096,.T.);
#3491=ORIENTED_EDGE('',*,*,#5097,.F.);
#3492=ORIENTED_EDGE('',*,*,#5098,.T.);
#3493=ORIENTED_EDGE('',*,*,#5097,.T.);
#3494=ORIENTED_EDGE('',*,*,#5099,.T.);
#3495=ORIENTED_EDGE('',*,*,#5077,.F.);
#3496=ORIENTED_EDGE('',*,*,#5100,.T.);
#3497=ORIENTED_EDGE('',*,*,#5101,.F.);
#3498=ORIENTED_EDGE('',*,*,#5053,.F.);
#3499=ORIENTED_EDGE('',*,*,#5102,.T.);
#3500=ORIENTED_EDGE('',*,*,#5073,.T.);
#3501=ORIENTED_EDGE('',*,*,#5076,.F.);
#3502=ORIENTED_EDGE('',*,*,#5080,.F.);
#3503=ORIENTED_EDGE('',*,*,#5082,.F.);
#3504=ORIENTED_EDGE('',*,*,#5084,.F.);
#3505=ORIENTED_EDGE('',*,*,#5086,.F.);
#3506=ORIENTED_EDGE('',*,*,#5088,.F.);
#3507=ORIENTED_EDGE('',*,*,#5090,.F.);
#3508=ORIENTED_EDGE('',*,*,#5092,.F.);
#3509=ORIENTED_EDGE('',*,*,#5095,.F.);
#3510=ORIENTED_EDGE('',*,*,#5098,.F.);
#3511=ORIENTED_EDGE('',*,*,#5100,.F.);
#3512=ORIENTED_EDGE('',*,*,#5052,.F.);
#3513=ORIENTED_EDGE('',*,*,#5056,.F.);
#3514=ORIENTED_EDGE('',*,*,#5059,.F.);
#3515=ORIENTED_EDGE('',*,*,#5062,.F.);
#3516=ORIENTED_EDGE('',*,*,#5065,.F.);
#3517=ORIENTED_EDGE('',*,*,#5068,.F.);
#3518=ORIENTED_EDGE('',*,*,#5071,.F.);
#3519=ORIENTED_EDGE('',*,*,#5074,.F.);
#3520=ORIENTED_EDGE('',*,*,#5102,.F.);
#3521=ORIENTED_EDGE('',*,*,#4525,.F.);
#3522=ORIENTED_EDGE('',*,*,#5103,.F.);
#3523=ORIENTED_EDGE('',*,*,#5104,.T.);
#3524=ORIENTED_EDGE('',*,*,#5105,.T.);
#3525=ORIENTED_EDGE('',*,*,#5106,.T.);
#3526=ORIENTED_EDGE('',*,*,#4524,.F.);
#3527=ORIENTED_EDGE('',*,*,#5107,.F.);
#3528=ORIENTED_EDGE('',*,*,#5108,.T.);
#3529=ORIENTED_EDGE('',*,*,#5103,.T.);
#3530=ORIENTED_EDGE('',*,*,#4523,.F.);
#3531=ORIENTED_EDGE('',*,*,#5109,.F.);
#3532=ORIENTED_EDGE('',*,*,#5110,.T.);
#3533=ORIENTED_EDGE('',*,*,#5107,.T.);
#3534=ORIENTED_EDGE('',*,*,#4522,.F.);
#3535=ORIENTED_EDGE('',*,*,#5111,.F.);
#3536=ORIENTED_EDGE('',*,*,#5112,.T.);
#3537=ORIENTED_EDGE('',*,*,#5109,.T.);
#3538=ORIENTED_EDGE('',*,*,#4521,.F.);
#3539=ORIENTED_EDGE('',*,*,#5113,.F.);
#3540=ORIENTED_EDGE('',*,*,#5114,.T.);
#3541=ORIENTED_EDGE('',*,*,#5111,.T.);
#3542=ORIENTED_EDGE('',*,*,#4520,.F.);
#3543=ORIENTED_EDGE('',*,*,#5115,.F.);
#3544=ORIENTED_EDGE('',*,*,#5116,.T.);
#3545=ORIENTED_EDGE('',*,*,#5113,.T.);
#3546=ORIENTED_EDGE('',*,*,#4519,.F.);
#3547=ORIENTED_EDGE('',*,*,#5117,.F.);
#3548=ORIENTED_EDGE('',*,*,#5118,.T.);
#3549=ORIENTED_EDGE('',*,*,#5115,.T.);
#3550=ORIENTED_EDGE('',*,*,#4518,.F.);
#3551=ORIENTED_EDGE('',*,*,#5119,.F.);
#3552=ORIENTED_EDGE('',*,*,#5120,.T.);
#3553=ORIENTED_EDGE('',*,*,#5117,.T.);
#3554=ORIENTED_EDGE('',*,*,#4517,.F.);
#3555=ORIENTED_EDGE('',*,*,#5121,.F.);
#3556=ORIENTED_EDGE('',*,*,#5122,.T.);
#3557=ORIENTED_EDGE('',*,*,#5119,.T.);
#3558=ORIENTED_EDGE('',*,*,#4516,.F.);
#3559=ORIENTED_EDGE('',*,*,#5123,.F.);
#3560=ORIENTED_EDGE('',*,*,#5124,.T.);
#3561=ORIENTED_EDGE('',*,*,#5121,.T.);
#3562=ORIENTED_EDGE('',*,*,#4515,.F.);
#3563=ORIENTED_EDGE('',*,*,#5125,.T.);
#3564=ORIENTED_EDGE('',*,*,#5126,.F.);
#3565=ORIENTED_EDGE('',*,*,#5127,.T.);
#3566=ORIENTED_EDGE('',*,*,#5123,.T.);
#3567=ORIENTED_EDGE('',*,*,#5126,.T.);
#3568=ORIENTED_EDGE('',*,*,#5128,.T.);
#3569=ORIENTED_EDGE('',*,*,#5105,.F.);
#3570=ORIENTED_EDGE('',*,*,#5129,.T.);
#3571=ORIENTED_EDGE('',*,*,#5104,.F.);
#3572=ORIENTED_EDGE('',*,*,#5108,.F.);
#3573=ORIENTED_EDGE('',*,*,#5110,.F.);
#3574=ORIENTED_EDGE('',*,*,#5112,.F.);
#3575=ORIENTED_EDGE('',*,*,#5114,.F.);
#3576=ORIENTED_EDGE('',*,*,#5116,.F.);
#3577=ORIENTED_EDGE('',*,*,#5118,.F.);
#3578=ORIENTED_EDGE('',*,*,#5120,.F.);
#3579=ORIENTED_EDGE('',*,*,#5122,.F.);
#3580=ORIENTED_EDGE('',*,*,#5124,.F.);
#3581=ORIENTED_EDGE('',*,*,#5127,.F.);
#3582=ORIENTED_EDGE('',*,*,#5129,.F.);
#3583=ORIENTED_EDGE('',*,*,#4564,.F.);
#3584=ORIENTED_EDGE('',*,*,#5130,.F.);
#3585=ORIENTED_EDGE('',*,*,#5131,.T.);
#3586=ORIENTED_EDGE('',*,*,#5132,.T.);
#3587=ORIENTED_EDGE('',*,*,#4563,.F.);
#3588=ORIENTED_EDGE('',*,*,#5133,.F.);
#3589=ORIENTED_EDGE('',*,*,#5134,.T.);
#3590=ORIENTED_EDGE('',*,*,#5130,.T.);
#3591=ORIENTED_EDGE('',*,*,#4562,.F.);
#3592=ORIENTED_EDGE('',*,*,#5135,.F.);
#3593=ORIENTED_EDGE('',*,*,#5136,.T.);
#3594=ORIENTED_EDGE('',*,*,#5133,.T.);
#3595=ORIENTED_EDGE('',*,*,#4561,.F.);
#3596=ORIENTED_EDGE('',*,*,#5137,.F.);
#3597=ORIENTED_EDGE('',*,*,#5138,.T.);
#3598=ORIENTED_EDGE('',*,*,#5135,.T.);
#3599=ORIENTED_EDGE('',*,*,#4560,.F.);
#3600=ORIENTED_EDGE('',*,*,#5139,.T.);
#3601=ORIENTED_EDGE('',*,*,#5140,.F.);
#3602=ORIENTED_EDGE('',*,*,#5141,.T.);
#3603=ORIENTED_EDGE('',*,*,#5137,.T.);
#3604=ORIENTED_EDGE('',*,*,#5140,.T.);
#3605=ORIENTED_EDGE('',*,*,#5142,.T.);
#3606=ORIENTED_EDGE('',*,*,#5143,.F.);
#3607=ORIENTED_EDGE('',*,*,#5144,.T.);
#3608=ORIENTED_EDGE('',*,*,#4639,.F.);
#3609=ORIENTED_EDGE('',*,*,#5145,.F.);
#3610=ORIENTED_EDGE('',*,*,#5146,.T.);
#3611=ORIENTED_EDGE('',*,*,#5143,.T.);
#3612=ORIENTED_EDGE('',*,*,#5147,.T.);
#3613=ORIENTED_EDGE('',*,*,#4647,.F.);
#3614=ORIENTED_EDGE('',*,*,#5148,.F.);
#3615=ORIENTED_EDGE('',*,*,#5149,.T.);
#3616=ORIENTED_EDGE('',*,*,#5145,.T.);
#3617=ORIENTED_EDGE('',*,*,#4646,.F.);
#3618=ORIENTED_EDGE('',*,*,#5150,.F.);
#3619=ORIENTED_EDGE('',*,*,#5151,.T.);
#3620=ORIENTED_EDGE('',*,*,#5148,.T.);
#3621=ORIENTED_EDGE('',*,*,#4645,.F.);
#3622=ORIENTED_EDGE('',*,*,#5152,.F.);
#3623=ORIENTED_EDGE('',*,*,#5153,.T.);
#3624=ORIENTED_EDGE('',*,*,#5150,.T.);
#3625=ORIENTED_EDGE('',*,*,#4644,.F.);
#3626=ORIENTED_EDGE('',*,*,#5154,.F.);
#3627=ORIENTED_EDGE('',*,*,#5155,.T.);
#3628=ORIENTED_EDGE('',*,*,#5152,.T.);
#3629=ORIENTED_EDGE('',*,*,#4643,.F.);
#3630=ORIENTED_EDGE('',*,*,#5156,.F.);
#3631=ORIENTED_EDGE('',*,*,#5157,.T.);
#3632=ORIENTED_EDGE('',*,*,#5154,.T.);
#3633=ORIENTED_EDGE('',*,*,#4642,.F.);
#3634=ORIENTED_EDGE('',*,*,#5158,.F.);
#3635=ORIENTED_EDGE('',*,*,#5159,.T.);
#3636=ORIENTED_EDGE('',*,*,#5156,.T.);
#3637=ORIENTED_EDGE('',*,*,#4641,.F.);
#3638=ORIENTED_EDGE('',*,*,#5160,.T.);
#3639=ORIENTED_EDGE('',*,*,#5161,.F.);
#3640=ORIENTED_EDGE('',*,*,#5162,.T.);
#3641=ORIENTED_EDGE('',*,*,#5158,.T.);
#3642=ORIENTED_EDGE('',*,*,#5161,.T.);
#3643=ORIENTED_EDGE('',*,*,#5163,.T.);
#3644=ORIENTED_EDGE('',*,*,#5164,.F.);
#3645=ORIENTED_EDGE('',*,*,#5165,.T.);
#3646=ORIENTED_EDGE('',*,*,#4567,.F.);
#3647=ORIENTED_EDGE('',*,*,#5166,.F.);
#3648=ORIENTED_EDGE('',*,*,#5167,.T.);
#3649=ORIENTED_EDGE('',*,*,#5164,.T.);
#3650=ORIENTED_EDGE('',*,*,#5168,.T.);
#3651=ORIENTED_EDGE('',*,*,#4566,.F.);
#3652=ORIENTED_EDGE('',*,*,#5169,.F.);
#3653=ORIENTED_EDGE('',*,*,#5170,.T.);
#3654=ORIENTED_EDGE('',*,*,#5166,.T.);
#3655=ORIENTED_EDGE('',*,*,#4565,.F.);
#3656=ORIENTED_EDGE('',*,*,#5132,.F.);
#3657=ORIENTED_EDGE('',*,*,#5171,.T.);
#3658=ORIENTED_EDGE('',*,*,#5169,.T.);
#3659=ORIENTED_EDGE('',*,*,#5131,.F.);
#3660=ORIENTED_EDGE('',*,*,#5134,.F.);
#3661=ORIENTED_EDGE('',*,*,#5136,.F.);
#3662=ORIENTED_EDGE('',*,*,#5138,.F.);
#3663=ORIENTED_EDGE('',*,*,#5141,.F.);
#3664=ORIENTED_EDGE('',*,*,#5144,.F.);
#3665=ORIENTED_EDGE('',*,*,#5146,.F.);
#3666=ORIENTED_EDGE('',*,*,#5149,.F.);
#3667=ORIENTED_EDGE('',*,*,#5151,.F.);
#3668=ORIENTED_EDGE('',*,*,#5153,.F.);
#3669=ORIENTED_EDGE('',*,*,#5155,.F.);
#3670=ORIENTED_EDGE('',*,*,#5157,.F.);
#3671=ORIENTED_EDGE('',*,*,#5159,.F.);
#3672=ORIENTED_EDGE('',*,*,#5162,.F.);
#3673=ORIENTED_EDGE('',*,*,#5165,.F.);
#3674=ORIENTED_EDGE('',*,*,#5167,.F.);
#3675=ORIENTED_EDGE('',*,*,#5170,.F.);
#3676=ORIENTED_EDGE('',*,*,#5171,.F.);
#3677=ORIENTED_EDGE('',*,*,#4574,.F.);
#3678=ORIENTED_EDGE('',*,*,#5172,.F.);
#3679=ORIENTED_EDGE('',*,*,#5173,.T.);
#3680=ORIENTED_EDGE('',*,*,#5174,.T.);
#3681=ORIENTED_EDGE('',*,*,#5175,.T.);
#3682=ORIENTED_EDGE('',*,*,#4573,.F.);
#3683=ORIENTED_EDGE('',*,*,#5176,.F.);
#3684=ORIENTED_EDGE('',*,*,#5177,.T.);
#3685=ORIENTED_EDGE('',*,*,#5172,.T.);
#3686=ORIENTED_EDGE('',*,*,#4572,.F.);
#3687=ORIENTED_EDGE('',*,*,#5178,.F.);
#3688=ORIENTED_EDGE('',*,*,#5179,.T.);
#3689=ORIENTED_EDGE('',*,*,#5176,.T.);
#3690=ORIENTED_EDGE('',*,*,#4571,.F.);
#3691=ORIENTED_EDGE('',*,*,#5180,.F.);
#3692=ORIENTED_EDGE('',*,*,#5181,.T.);
#3693=ORIENTED_EDGE('',*,*,#5178,.T.);
#3694=ORIENTED_EDGE('',*,*,#4570,.F.);
#3695=ORIENTED_EDGE('',*,*,#5182,.F.);
#3696=ORIENTED_EDGE('',*,*,#5183,.T.);
#3697=ORIENTED_EDGE('',*,*,#5180,.T.);
#3698=ORIENTED_EDGE('',*,*,#4569,.F.);
#3699=ORIENTED_EDGE('',*,*,#5184,.T.);
#3700=ORIENTED_EDGE('',*,*,#5185,.F.);
#3701=ORIENTED_EDGE('',*,*,#5186,.T.);
#3702=ORIENTED_EDGE('',*,*,#5182,.T.);
#3703=ORIENTED_EDGE('',*,*,#5185,.T.);
#3704=ORIENTED_EDGE('',*,*,#5187,.T.);
#3705=ORIENTED_EDGE('',*,*,#5188,.F.);
#3706=ORIENTED_EDGE('',*,*,#5189,.T.);
#3707=ORIENTED_EDGE('',*,*,#4648,.F.);
#3708=ORIENTED_EDGE('',*,*,#5190,.F.);
#3709=ORIENTED_EDGE('',*,*,#5191,.T.);
#3710=ORIENTED_EDGE('',*,*,#5188,.T.);
#3711=ORIENTED_EDGE('',*,*,#5192,.T.);
#3712=ORIENTED_EDGE('',*,*,#4650,.F.);
#3713=ORIENTED_EDGE('',*,*,#5193,.T.);
#3714=ORIENTED_EDGE('',*,*,#5194,.F.);
#3715=ORIENTED_EDGE('',*,*,#5195,.T.);
#3716=ORIENTED_EDGE('',*,*,#5190,.T.);
#3717=ORIENTED_EDGE('',*,*,#5194,.T.);
#3718=ORIENTED_EDGE('',*,*,#5196,.T.);
#3719=ORIENTED_EDGE('',*,*,#5174,.F.);
#3720=ORIENTED_EDGE('',*,*,#5197,.T.);
#3721=ORIENTED_EDGE('',*,*,#5173,.F.);
#3722=ORIENTED_EDGE('',*,*,#5177,.F.);
#3723=ORIENTED_EDGE('',*,*,#5179,.F.);
#3724=ORIENTED_EDGE('',*,*,#5181,.F.);
#3725=ORIENTED_EDGE('',*,*,#5183,.F.);
#3726=ORIENTED_EDGE('',*,*,#5186,.F.);
#3727=ORIENTED_EDGE('',*,*,#5189,.F.);
#3728=ORIENTED_EDGE('',*,*,#5191,.F.);
#3729=ORIENTED_EDGE('',*,*,#5195,.F.);
#3730=ORIENTED_EDGE('',*,*,#5197,.F.);
#3731=ORIENTED_EDGE('',*,*,#4586,.F.);
#3732=ORIENTED_EDGE('',*,*,#5198,.F.);
#3733=ORIENTED_EDGE('',*,*,#5199,.T.);
#3734=ORIENTED_EDGE('',*,*,#5200,.T.);
#3735=ORIENTED_EDGE('',*,*,#5201,.T.);
#3736=ORIENTED_EDGE('',*,*,#4585,.F.);
#3737=ORIENTED_EDGE('',*,*,#5202,.F.);
#3738=ORIENTED_EDGE('',*,*,#5203,.T.);
#3739=ORIENTED_EDGE('',*,*,#5198,.T.);
#3740=ORIENTED_EDGE('',*,*,#4584,.F.);
#3741=ORIENTED_EDGE('',*,*,#5204,.F.);
#3742=ORIENTED_EDGE('',*,*,#5205,.T.);
#3743=ORIENTED_EDGE('',*,*,#5202,.T.);
#3744=ORIENTED_EDGE('',*,*,#4583,.F.);
#3745=ORIENTED_EDGE('',*,*,#5206,.F.);
#3746=ORIENTED_EDGE('',*,*,#5207,.T.);
#3747=ORIENTED_EDGE('',*,*,#5204,.T.);
#3748=ORIENTED_EDGE('',*,*,#4582,.F.);
#3749=ORIENTED_EDGE('',*,*,#5208,.F.);
#3750=ORIENTED_EDGE('',*,*,#5209,.T.);
#3751=ORIENTED_EDGE('',*,*,#5206,.T.);
#3752=ORIENTED_EDGE('',*,*,#4581,.F.);
#3753=ORIENTED_EDGE('',*,*,#5210,.F.);
#3754=ORIENTED_EDGE('',*,*,#5211,.T.);
#3755=ORIENTED_EDGE('',*,*,#5208,.T.);
#3756=ORIENTED_EDGE('',*,*,#4580,.F.);
#3757=ORIENTED_EDGE('',*,*,#5212,.F.);
#3758=ORIENTED_EDGE('',*,*,#5213,.T.);
#3759=ORIENTED_EDGE('',*,*,#5210,.T.);
#3760=ORIENTED_EDGE('',*,*,#4579,.F.);
#3761=ORIENTED_EDGE('',*,*,#5214,.F.);
#3762=ORIENTED_EDGE('',*,*,#5215,.T.);
#3763=ORIENTED_EDGE('',*,*,#5212,.T.);
#3764=ORIENTED_EDGE('',*,*,#4578,.F.);
#3765=ORIENTED_EDGE('',*,*,#5216,.F.);
#3766=ORIENTED_EDGE('',*,*,#5217,.T.);
#3767=ORIENTED_EDGE('',*,*,#5214,.T.);
#3768=ORIENTED_EDGE('',*,*,#4577,.F.);
#3769=ORIENTED_EDGE('',*,*,#5218,.F.);
#3770=ORIENTED_EDGE('',*,*,#5219,.T.);
#3771=ORIENTED_EDGE('',*,*,#5216,.T.);
#3772=ORIENTED_EDGE('',*,*,#4576,.F.);
#3773=ORIENTED_EDGE('',*,*,#5220,.T.);
#3774=ORIENTED_EDGE('',*,*,#5221,.F.);
#3775=ORIENTED_EDGE('',*,*,#5222,.T.);
#3776=ORIENTED_EDGE('',*,*,#5218,.T.);
#3777=ORIENTED_EDGE('',*,*,#5221,.T.);
#3778=ORIENTED_EDGE('',*,*,#5223,.T.);
#3779=ORIENTED_EDGE('',*,*,#5200,.F.);
#3780=ORIENTED_EDGE('',*,*,#5224,.T.);
#3781=ORIENTED_EDGE('',*,*,#5199,.F.);
#3782=ORIENTED_EDGE('',*,*,#5203,.F.);
#3783=ORIENTED_EDGE('',*,*,#5205,.F.);
#3784=ORIENTED_EDGE('',*,*,#5207,.F.);
#3785=ORIENTED_EDGE('',*,*,#5209,.F.);
#3786=ORIENTED_EDGE('',*,*,#5211,.F.);
#3787=ORIENTED_EDGE('',*,*,#5213,.F.);
#3788=ORIENTED_EDGE('',*,*,#5215,.F.);
#3789=ORIENTED_EDGE('',*,*,#5217,.F.);
#3790=ORIENTED_EDGE('',*,*,#5219,.F.);
#3791=ORIENTED_EDGE('',*,*,#5222,.F.);
#3792=ORIENTED_EDGE('',*,*,#5224,.F.);
#3793=ORIENTED_EDGE('',*,*,#4596,.F.);
#3794=ORIENTED_EDGE('',*,*,#5225,.F.);
#3795=ORIENTED_EDGE('',*,*,#5226,.T.);
#3796=ORIENTED_EDGE('',*,*,#5227,.T.);
#3797=ORIENTED_EDGE('',*,*,#5228,.T.);
#3798=ORIENTED_EDGE('',*,*,#4595,.F.);
#3799=ORIENTED_EDGE('',*,*,#5229,.F.);
#3800=ORIENTED_EDGE('',*,*,#5230,.T.);
#3801=ORIENTED_EDGE('',*,*,#5225,.T.);
#3802=ORIENTED_EDGE('',*,*,#4594,.F.);
#3803=ORIENTED_EDGE('',*,*,#5231,.F.);
#3804=ORIENTED_EDGE('',*,*,#5232,.T.);
#3805=ORIENTED_EDGE('',*,*,#5229,.T.);
#3806=ORIENTED_EDGE('',*,*,#4593,.F.);
#3807=ORIENTED_EDGE('',*,*,#5233,.F.);
#3808=ORIENTED_EDGE('',*,*,#5234,.T.);
#3809=ORIENTED_EDGE('',*,*,#5231,.T.);
#3810=ORIENTED_EDGE('',*,*,#4592,.F.);
#3811=ORIENTED_EDGE('',*,*,#5235,.F.);
#3812=ORIENTED_EDGE('',*,*,#5236,.T.);
#3813=ORIENTED_EDGE('',*,*,#5233,.T.);
#3814=ORIENTED_EDGE('',*,*,#4591,.F.);
#3815=ORIENTED_EDGE('',*,*,#5237,.F.);
#3816=ORIENTED_EDGE('',*,*,#5238,.T.);
#3817=ORIENTED_EDGE('',*,*,#5235,.T.);
#3818=ORIENTED_EDGE('',*,*,#4590,.F.);
#3819=ORIENTED_EDGE('',*,*,#5239,.F.);
#3820=ORIENTED_EDGE('',*,*,#5240,.T.);
#3821=ORIENTED_EDGE('',*,*,#5237,.T.);
#3822=ORIENTED_EDGE('',*,*,#4589,.F.);
#3823=ORIENTED_EDGE('',*,*,#5241,.F.);
#3824=ORIENTED_EDGE('',*,*,#5242,.T.);
#3825=ORIENTED_EDGE('',*,*,#5239,.T.);
#3826=ORIENTED_EDGE('',*,*,#4588,.F.);
#3827=ORIENTED_EDGE('',*,*,#5243,.T.);
#3828=ORIENTED_EDGE('',*,*,#5244,.F.);
#3829=ORIENTED_EDGE('',*,*,#5245,.T.);
#3830=ORIENTED_EDGE('',*,*,#5241,.T.);
#3831=ORIENTED_EDGE('',*,*,#5244,.T.);
#3832=ORIENTED_EDGE('',*,*,#5246,.T.);
#3833=ORIENTED_EDGE('',*,*,#5247,.F.);
#3834=ORIENTED_EDGE('',*,*,#5248,.T.);
#3835=ORIENTED_EDGE('',*,*,#4651,.F.);
#3836=ORIENTED_EDGE('',*,*,#5249,.F.);
#3837=ORIENTED_EDGE('',*,*,#5250,.T.);
#3838=ORIENTED_EDGE('',*,*,#5247,.T.);
#3839=ORIENTED_EDGE('',*,*,#5251,.T.);
#3840=ORIENTED_EDGE('',*,*,#4653,.F.);
#3841=ORIENTED_EDGE('',*,*,#5252,.T.);
#3842=ORIENTED_EDGE('',*,*,#5253,.F.);
#3843=ORIENTED_EDGE('',*,*,#5254,.T.);
#3844=ORIENTED_EDGE('',*,*,#5249,.T.);
#3845=ORIENTED_EDGE('',*,*,#5253,.T.);
#3846=ORIENTED_EDGE('',*,*,#5255,.T.);
#3847=ORIENTED_EDGE('',*,*,#5227,.F.);
#3848=ORIENTED_EDGE('',*,*,#5256,.T.);
#3849=ORIENTED_EDGE('',*,*,#5226,.F.);
#3850=ORIENTED_EDGE('',*,*,#5230,.F.);
#3851=ORIENTED_EDGE('',*,*,#5232,.F.);
#3852=ORIENTED_EDGE('',*,*,#5234,.F.);
#3853=ORIENTED_EDGE('',*,*,#5236,.F.);
#3854=ORIENTED_EDGE('',*,*,#5238,.F.);
#3855=ORIENTED_EDGE('',*,*,#5240,.F.);
#3856=ORIENTED_EDGE('',*,*,#5242,.F.);
#3857=ORIENTED_EDGE('',*,*,#5245,.F.);
#3858=ORIENTED_EDGE('',*,*,#5248,.F.);
#3859=ORIENTED_EDGE('',*,*,#5250,.F.);
#3860=ORIENTED_EDGE('',*,*,#5254,.F.);
#3861=ORIENTED_EDGE('',*,*,#5256,.F.);
#3862=ORIENTED_EDGE('',*,*,#4602,.F.);
#3863=ORIENTED_EDGE('',*,*,#5257,.F.);
#3864=ORIENTED_EDGE('',*,*,#5258,.T.);
#3865=ORIENTED_EDGE('',*,*,#5259,.T.);
#3866=ORIENTED_EDGE('',*,*,#5260,.T.);
#3867=ORIENTED_EDGE('',*,*,#4601,.F.);
#3868=ORIENTED_EDGE('',*,*,#5261,.F.);
#3869=ORIENTED_EDGE('',*,*,#5262,.T.);
#3870=ORIENTED_EDGE('',*,*,#5257,.T.);
#3871=ORIENTED_EDGE('',*,*,#4600,.F.);
#3872=ORIENTED_EDGE('',*,*,#5263,.F.);
#3873=ORIENTED_EDGE('',*,*,#5264,.T.);
#3874=ORIENTED_EDGE('',*,*,#5261,.T.);
#3875=ORIENTED_EDGE('',*,*,#4599,.F.);
#3876=ORIENTED_EDGE('',*,*,#5265,.F.);
#3877=ORIENTED_EDGE('',*,*,#5266,.T.);
#3878=ORIENTED_EDGE('',*,*,#5263,.T.);
#3879=ORIENTED_EDGE('',*,*,#4598,.F.);
#3880=ORIENTED_EDGE('',*,*,#5267,.T.);
#3881=ORIENTED_EDGE('',*,*,#5268,.F.);
#3882=ORIENTED_EDGE('',*,*,#5269,.T.);
#3883=ORIENTED_EDGE('',*,*,#5265,.T.);
#3884=ORIENTED_EDGE('',*,*,#5268,.T.);
#3885=ORIENTED_EDGE('',*,*,#5270,.T.);
#3886=ORIENTED_EDGE('',*,*,#5259,.F.);
#3887=ORIENTED_EDGE('',*,*,#5271,.T.);
#3888=ORIENTED_EDGE('',*,*,#5258,.F.);
#3889=ORIENTED_EDGE('',*,*,#5262,.F.);
#3890=ORIENTED_EDGE('',*,*,#5264,.F.);
#3891=ORIENTED_EDGE('',*,*,#5266,.F.);
#3892=ORIENTED_EDGE('',*,*,#5269,.F.);
#3893=ORIENTED_EDGE('',*,*,#5271,.F.);
#3894=ORIENTED_EDGE('',*,*,#5272,.F.);
#3895=ORIENTED_EDGE('',*,*,#5273,.F.);
#3896=ORIENTED_EDGE('',*,*,#5274,.T.);
#3897=ORIENTED_EDGE('',*,*,#5275,.T.);
#3898=ORIENTED_EDGE('',*,*,#5276,.F.);
#3899=ORIENTED_EDGE('',*,*,#5277,.F.);
#3900=ORIENTED_EDGE('',*,*,#5278,.T.);
#3901=ORIENTED_EDGE('',*,*,#5273,.T.);
#3902=ORIENTED_EDGE('',*,*,#4610,.F.);
#3903=ORIENTED_EDGE('',*,*,#5279,.F.);
#3904=ORIENTED_EDGE('',*,*,#5280,.T.);
#3905=ORIENTED_EDGE('',*,*,#5281,.T.);
#3906=ORIENTED_EDGE('',*,*,#5282,.T.);
#3907=ORIENTED_EDGE('',*,*,#4609,.F.);
#3908=ORIENTED_EDGE('',*,*,#5283,.F.);
#3909=ORIENTED_EDGE('',*,*,#5284,.T.);
#3910=ORIENTED_EDGE('',*,*,#5279,.T.);
#3911=ORIENTED_EDGE('',*,*,#4608,.F.);
#3912=ORIENTED_EDGE('',*,*,#5285,.F.);
#3913=ORIENTED_EDGE('',*,*,#5286,.T.);
#3914=ORIENTED_EDGE('',*,*,#5283,.T.);
#3915=ORIENTED_EDGE('',*,*,#4607,.F.);
#3916=ORIENTED_EDGE('',*,*,#5287,.F.);
#3917=ORIENTED_EDGE('',*,*,#5288,.T.);
#3918=ORIENTED_EDGE('',*,*,#5285,.T.);
#3919=ORIENTED_EDGE('',*,*,#4606,.F.);
#3920=ORIENTED_EDGE('',*,*,#5289,.F.);
#3921=ORIENTED_EDGE('',*,*,#5290,.T.);
#3922=ORIENTED_EDGE('',*,*,#5287,.T.);
#3923=ORIENTED_EDGE('',*,*,#4605,.F.);
#3924=ORIENTED_EDGE('',*,*,#5291,.F.);
#3925=ORIENTED_EDGE('',*,*,#5292,.T.);
#3926=ORIENTED_EDGE('',*,*,#5289,.T.);
#3927=ORIENTED_EDGE('',*,*,#4604,.F.);
#3928=ORIENTED_EDGE('',*,*,#5293,.T.);
#3929=ORIENTED_EDGE('',*,*,#5294,.F.);
#3930=ORIENTED_EDGE('',*,*,#5295,.T.);
#3931=ORIENTED_EDGE('',*,*,#5291,.T.);
#3932=ORIENTED_EDGE('',*,*,#5294,.T.);
#3933=ORIENTED_EDGE('',*,*,#5296,.T.);
#3934=ORIENTED_EDGE('',*,*,#5281,.F.);
#3935=ORIENTED_EDGE('',*,*,#5297,.T.);
#3936=ORIENTED_EDGE('',*,*,#5298,.F.);
#3937=ORIENTED_EDGE('',*,*,#5275,.F.);
#3938=ORIENTED_EDGE('',*,*,#5299,.T.);
#3939=ORIENTED_EDGE('',*,*,#5277,.T.);
#3940=ORIENTED_EDGE('',*,*,#5280,.F.);
#3941=ORIENTED_EDGE('',*,*,#5284,.F.);
#3942=ORIENTED_EDGE('',*,*,#5286,.F.);
#3943=ORIENTED_EDGE('',*,*,#5288,.F.);
#3944=ORIENTED_EDGE('',*,*,#5290,.F.);
#3945=ORIENTED_EDGE('',*,*,#5292,.F.);
#3946=ORIENTED_EDGE('',*,*,#5295,.F.);
#3947=ORIENTED_EDGE('',*,*,#5297,.F.);
#3948=ORIENTED_EDGE('',*,*,#5274,.F.);
#3949=ORIENTED_EDGE('',*,*,#5278,.F.);
#3950=ORIENTED_EDGE('',*,*,#5299,.F.);
#3951=ORIENTED_EDGE('',*,*,#4622,.F.);
#3952=ORIENTED_EDGE('',*,*,#5300,.F.);
#3953=ORIENTED_EDGE('',*,*,#5301,.T.);
#3954=ORIENTED_EDGE('',*,*,#5302,.T.);
#3955=ORIENTED_EDGE('',*,*,#5303,.T.);
#3956=ORIENTED_EDGE('',*,*,#4621,.F.);
#3957=ORIENTED_EDGE('',*,*,#5304,.F.);
#3958=ORIENTED_EDGE('',*,*,#5305,.T.);
#3959=ORIENTED_EDGE('',*,*,#5300,.T.);
#3960=ORIENTED_EDGE('',*,*,#4620,.F.);
#3961=ORIENTED_EDGE('',*,*,#5306,.F.);
#3962=ORIENTED_EDGE('',*,*,#5307,.T.);
#3963=ORIENTED_EDGE('',*,*,#5304,.T.);
#3964=ORIENTED_EDGE('',*,*,#4619,.F.);
#3965=ORIENTED_EDGE('',*,*,#5308,.F.);
#3966=ORIENTED_EDGE('',*,*,#5309,.T.);
#3967=ORIENTED_EDGE('',*,*,#5306,.T.);
#3968=ORIENTED_EDGE('',*,*,#4618,.F.);
#3969=ORIENTED_EDGE('',*,*,#5310,.F.);
#3970=ORIENTED_EDGE('',*,*,#5311,.T.);
#3971=ORIENTED_EDGE('',*,*,#5308,.T.);
#3972=ORIENTED_EDGE('',*,*,#4617,.F.);
#3973=ORIENTED_EDGE('',*,*,#5312,.F.);
#3974=ORIENTED_EDGE('',*,*,#5313,.T.);
#3975=ORIENTED_EDGE('',*,*,#5310,.T.);
#3976=ORIENTED_EDGE('',*,*,#4616,.F.);
#3977=ORIENTED_EDGE('',*,*,#5314,.F.);
#3978=ORIENTED_EDGE('',*,*,#5315,.T.);
#3979=ORIENTED_EDGE('',*,*,#5312,.T.);
#3980=ORIENTED_EDGE('',*,*,#4615,.F.);
#3981=ORIENTED_EDGE('',*,*,#5316,.F.);
#3982=ORIENTED_EDGE('',*,*,#5317,.T.);
#3983=ORIENTED_EDGE('',*,*,#5314,.T.);
#3984=ORIENTED_EDGE('',*,*,#4614,.F.);
#3985=ORIENTED_EDGE('',*,*,#5318,.F.);
#3986=ORIENTED_EDGE('',*,*,#5319,.T.);
#3987=ORIENTED_EDGE('',*,*,#5316,.T.);
#3988=ORIENTED_EDGE('',*,*,#4613,.F.);
#3989=ORIENTED_EDGE('',*,*,#5320,.F.);
#3990=ORIENTED_EDGE('',*,*,#5321,.T.);
#3991=ORIENTED_EDGE('',*,*,#5318,.T.);
#3992=ORIENTED_EDGE('',*,*,#4612,.F.);
#3993=ORIENTED_EDGE('',*,*,#5322,.T.);
#3994=ORIENTED_EDGE('',*,*,#5323,.F.);
#3995=ORIENTED_EDGE('',*,*,#5324,.T.);
#3996=ORIENTED_EDGE('',*,*,#5320,.T.);
#3997=ORIENTED_EDGE('',*,*,#5323,.T.);
#3998=ORIENTED_EDGE('',*,*,#5325,.T.);
#3999=ORIENTED_EDGE('',*,*,#5302,.F.);
#4000=ORIENTED_EDGE('',*,*,#5326,.T.);
#4001=ORIENTED_EDGE('',*,*,#5301,.F.);
#4002=ORIENTED_EDGE('',*,*,#5305,.F.);
#4003=ORIENTED_EDGE('',*,*,#5307,.F.);
#4004=ORIENTED_EDGE('',*,*,#5309,.F.);
#4005=ORIENTED_EDGE('',*,*,#5311,.F.);
#4006=ORIENTED_EDGE('',*,*,#5313,.F.);
#4007=ORIENTED_EDGE('',*,*,#5315,.F.);
#4008=ORIENTED_EDGE('',*,*,#5317,.F.);
#4009=ORIENTED_EDGE('',*,*,#5319,.F.);
#4010=ORIENTED_EDGE('',*,*,#5321,.F.);
#4011=ORIENTED_EDGE('',*,*,#5324,.F.);
#4012=ORIENTED_EDGE('',*,*,#5326,.F.);
#4013=ORIENTED_EDGE('',*,*,#5327,.F.);
#4014=ORIENTED_EDGE('',*,*,#5328,.F.);
#4015=ORIENTED_EDGE('',*,*,#5329,.T.);
#4016=ORIENTED_EDGE('',*,*,#5330,.T.);
#4017=ORIENTED_EDGE('',*,*,#5331,.F.);
#4018=ORIENTED_EDGE('',*,*,#5332,.F.);
#4019=ORIENTED_EDGE('',*,*,#5333,.T.);
#4020=ORIENTED_EDGE('',*,*,#5328,.T.);
#4021=ORIENTED_EDGE('',*,*,#5334,.F.);
#4022=ORIENTED_EDGE('',*,*,#5335,.F.);
#4023=ORIENTED_EDGE('',*,*,#5336,.T.);
#4024=ORIENTED_EDGE('',*,*,#5332,.T.);
#4025=ORIENTED_EDGE('',*,*,#5337,.F.);
#4026=ORIENTED_EDGE('',*,*,#5338,.F.);
#4027=ORIENTED_EDGE('',*,*,#5339,.T.);
#4028=ORIENTED_EDGE('',*,*,#5335,.T.);
#4029=ORIENTED_EDGE('',*,*,#5340,.F.);
#4030=ORIENTED_EDGE('',*,*,#5341,.F.);
#4031=ORIENTED_EDGE('',*,*,#5342,.T.);
#4032=ORIENTED_EDGE('',*,*,#5338,.T.);
#4033=ORIENTED_EDGE('',*,*,#5343,.F.);
#4034=ORIENTED_EDGE('',*,*,#5344,.F.);
#4035=ORIENTED_EDGE('',*,*,#5345,.T.);
#4036=ORIENTED_EDGE('',*,*,#5341,.T.);
#4037=ORIENTED_EDGE('',*,*,#5346,.F.);
#4038=ORIENTED_EDGE('',*,*,#5347,.F.);
#4039=ORIENTED_EDGE('',*,*,#5348,.T.);
#4040=ORIENTED_EDGE('',*,*,#5344,.T.);
#4041=ORIENTED_EDGE('',*,*,#4635,.F.);
#4042=ORIENTED_EDGE('',*,*,#5349,.F.);
#4043=ORIENTED_EDGE('',*,*,#5350,.T.);
#4044=ORIENTED_EDGE('',*,*,#5351,.T.);
#4045=ORIENTED_EDGE('',*,*,#5352,.T.);
#4046=ORIENTED_EDGE('',*,*,#4634,.F.);
#4047=ORIENTED_EDGE('',*,*,#5353,.F.);
#4048=ORIENTED_EDGE('',*,*,#5354,.T.);
#4049=ORIENTED_EDGE('',*,*,#5349,.T.);
#4050=ORIENTED_EDGE('',*,*,#4633,.F.);
#4051=ORIENTED_EDGE('',*,*,#5355,.F.);
#4052=ORIENTED_EDGE('',*,*,#5356,.T.);
#4053=ORIENTED_EDGE('',*,*,#5353,.T.);
#4054=ORIENTED_EDGE('',*,*,#4632,.F.);
#4055=ORIENTED_EDGE('',*,*,#5357,.F.);
#4056=ORIENTED_EDGE('',*,*,#5358,.T.);
#4057=ORIENTED_EDGE('',*,*,#5355,.T.);
#4058=ORIENTED_EDGE('',*,*,#4631,.F.);
#4059=ORIENTED_EDGE('',*,*,#5359,.F.);
#4060=ORIENTED_EDGE('',*,*,#5360,.T.);
#4061=ORIENTED_EDGE('',*,*,#5357,.T.);
#4062=ORIENTED_EDGE('',*,*,#4630,.F.);
#4063=ORIENTED_EDGE('',*,*,#5361,.F.);
#4064=ORIENTED_EDGE('',*,*,#5362,.T.);
#4065=ORIENTED_EDGE('',*,*,#5359,.T.);
#4066=ORIENTED_EDGE('',*,*,#4629,.F.);
#4067=ORIENTED_EDGE('',*,*,#5363,.F.);
#4068=ORIENTED_EDGE('',*,*,#5364,.T.);
#4069=ORIENTED_EDGE('',*,*,#5361,.T.);
#4070=ORIENTED_EDGE('',*,*,#4628,.F.);
#4071=ORIENTED_EDGE('',*,*,#5365,.F.);
#4072=ORIENTED_EDGE('',*,*,#5366,.T.);
#4073=ORIENTED_EDGE('',*,*,#5363,.T.);
#4074=ORIENTED_EDGE('',*,*,#4627,.F.);
#4075=ORIENTED_EDGE('',*,*,#5367,.F.);
#4076=ORIENTED_EDGE('',*,*,#5368,.T.);
#4077=ORIENTED_EDGE('',*,*,#5365,.T.);
#4078=ORIENTED_EDGE('',*,*,#4626,.F.);
#4079=ORIENTED_EDGE('',*,*,#5369,.F.);
#4080=ORIENTED_EDGE('',*,*,#5370,.T.);
#4081=ORIENTED_EDGE('',*,*,#5367,.T.);
#4082=ORIENTED_EDGE('',*,*,#4625,.F.);
#4083=ORIENTED_EDGE('',*,*,#5371,.F.);
#4084=ORIENTED_EDGE('',*,*,#5372,.T.);
#4085=ORIENTED_EDGE('',*,*,#5369,.T.);
#4086=ORIENTED_EDGE('',*,*,#4624,.F.);
#4087=ORIENTED_EDGE('',*,*,#5373,.T.);
#4088=ORIENTED_EDGE('',*,*,#5374,.F.);
#4089=ORIENTED_EDGE('',*,*,#5375,.T.);
#4090=ORIENTED_EDGE('',*,*,#5371,.T.);
#4091=ORIENTED_EDGE('',*,*,#5374,.T.);
#4092=ORIENTED_EDGE('',*,*,#5376,.T.);
#4093=ORIENTED_EDGE('',*,*,#5377,.F.);
#4094=ORIENTED_EDGE('',*,*,#5378,.T.);
#4095=ORIENTED_EDGE('',*,*,#5377,.T.);
#4096=ORIENTED_EDGE('',*,*,#5379,.T.);
#4097=ORIENTED_EDGE('',*,*,#5351,.F.);
#4098=ORIENTED_EDGE('',*,*,#5380,.T.);
#4099=ORIENTED_EDGE('',*,*,#5381,.F.);
#4100=ORIENTED_EDGE('',*,*,#5330,.F.);
#4101=ORIENTED_EDGE('',*,*,#5382,.T.);
#4102=ORIENTED_EDGE('',*,*,#5347,.T.);
#4103=ORIENTED_EDGE('',*,*,#5350,.F.);
#4104=ORIENTED_EDGE('',*,*,#5354,.F.);
#4105=ORIENTED_EDGE('',*,*,#5356,.F.);
#4106=ORIENTED_EDGE('',*,*,#5358,.F.);
#4107=ORIENTED_EDGE('',*,*,#5360,.F.);
#4108=ORIENTED_EDGE('',*,*,#5362,.F.);
#4109=ORIENTED_EDGE('',*,*,#5364,.F.);
#4110=ORIENTED_EDGE('',*,*,#5366,.F.);
#4111=ORIENTED_EDGE('',*,*,#5368,.F.);
#4112=ORIENTED_EDGE('',*,*,#5370,.F.);
#4113=ORIENTED_EDGE('',*,*,#5372,.F.);
#4114=ORIENTED_EDGE('',*,*,#5375,.F.);
#4115=ORIENTED_EDGE('',*,*,#5378,.F.);
#4116=ORIENTED_EDGE('',*,*,#5380,.F.);
#4117=ORIENTED_EDGE('',*,*,#5329,.F.);
#4118=ORIENTED_EDGE('',*,*,#5333,.F.);
#4119=ORIENTED_EDGE('',*,*,#5336,.F.);
#4120=ORIENTED_EDGE('',*,*,#5339,.F.);
#4121=ORIENTED_EDGE('',*,*,#5342,.F.);
#4122=ORIENTED_EDGE('',*,*,#5345,.F.);
#4123=ORIENTED_EDGE('',*,*,#5348,.F.);
#4124=ORIENTED_EDGE('',*,*,#5382,.F.);
#4125=ORIENTED_EDGE('',*,*,#4945,.T.);
#4126=ORIENTED_EDGE('',*,*,#4941,.T.);
#4127=ORIENTED_EDGE('',*,*,#4967,.T.);
#4128=ORIENTED_EDGE('',*,*,#4973,.T.);
#4129=ORIENTED_EDGE('',*,*,#4969,.T.);
#4130=ORIENTED_EDGE('',*,*,#5021,.T.);
#4131=ORIENTED_EDGE('',*,*,#4994,.T.);
#4132=ORIENTED_EDGE('',*,*,#4991,.T.);
#4133=ORIENTED_EDGE('',*,*,#4988,.T.);
#4134=ORIENTED_EDGE('',*,*,#4985,.T.);
#4135=ORIENTED_EDGE('',*,*,#4982,.T.);
#4136=ORIENTED_EDGE('',*,*,#4979,.T.);
#4137=ORIENTED_EDGE('',*,*,#4976,.T.);
#4138=ORIENTED_EDGE('',*,*,#5054,.T.);
#4139=ORIENTED_EDGE('',*,*,#5050,.T.);
#4140=ORIENTED_EDGE('',*,*,#5101,.T.);
#4141=ORIENTED_EDGE('',*,*,#5072,.T.);
#4142=ORIENTED_EDGE('',*,*,#5069,.T.);
#4143=ORIENTED_EDGE('',*,*,#5066,.T.);
#4144=ORIENTED_EDGE('',*,*,#5063,.T.);
#4145=ORIENTED_EDGE('',*,*,#5060,.T.);
#4146=ORIENTED_EDGE('',*,*,#5057,.T.);
#4147=ORIENTED_EDGE('',*,*,#5276,.T.);
#4148=ORIENTED_EDGE('',*,*,#5272,.T.);
#4149=ORIENTED_EDGE('',*,*,#5298,.T.);
#4150=ORIENTED_EDGE('',*,*,#5331,.T.);
#4151=ORIENTED_EDGE('',*,*,#5327,.T.);
#4152=ORIENTED_EDGE('',*,*,#5381,.T.);
#4153=ORIENTED_EDGE('',*,*,#5346,.T.);
#4154=ORIENTED_EDGE('',*,*,#5343,.T.);
#4155=ORIENTED_EDGE('',*,*,#5340,.T.);
#4156=ORIENTED_EDGE('',*,*,#5337,.T.);
#4157=ORIENTED_EDGE('',*,*,#5334,.T.);
#4158=ORIENTED_EDGE('',*,*,#5383,.F.);
#4159=ORIENTED_EDGE('',*,*,#4667,.F.);
#4160=ORIENTED_EDGE('',*,*,#5384,.F.);
#4161=ORIENTED_EDGE('',*,*,#4684,.F.);
#4162=ORIENTED_EDGE('',*,*,#5384,.T.);
#4163=ORIENTED_EDGE('',*,*,#4666,.F.);
#4164=ORIENTED_EDGE('',*,*,#5385,.F.);
#4165=ORIENTED_EDGE('',*,*,#4681,.F.);
#4166=ORIENTED_EDGE('',*,*,#4725,.F.);
#4167=ORIENTED_EDGE('',*,*,#4397,.F.);
#4168=ORIENTED_EDGE('',*,*,#5386,.F.);
#4169=ORIENTED_EDGE('',*,*,#4664,.F.);
#4170=ORIENTED_EDGE('',*,*,#5383,.T.);
#4171=ORIENTED_EDGE('',*,*,#4636,.F.);
#4172=ORIENTED_EDGE('',*,*,#5352,.F.);
#4173=ORIENTED_EDGE('',*,*,#5379,.F.);
#4174=ORIENTED_EDGE('',*,*,#5376,.F.);
#4175=ORIENTED_EDGE('',*,*,#5373,.F.);
#4176=ORIENTED_EDGE('',*,*,#4623,.F.);
#4177=ORIENTED_EDGE('',*,*,#5303,.F.);
#4178=ORIENTED_EDGE('',*,*,#5325,.F.);
#4179=ORIENTED_EDGE('',*,*,#5322,.F.);
#4180=ORIENTED_EDGE('',*,*,#4611,.F.);
#4181=ORIENTED_EDGE('',*,*,#5282,.F.);
#4182=ORIENTED_EDGE('',*,*,#5296,.F.);
#4183=ORIENTED_EDGE('',*,*,#5293,.F.);
#4184=ORIENTED_EDGE('',*,*,#4603,.F.);
#4185=ORIENTED_EDGE('',*,*,#5260,.F.);
#4186=ORIENTED_EDGE('',*,*,#5270,.F.);
#4187=ORIENTED_EDGE('',*,*,#5267,.F.);
#4188=ORIENTED_EDGE('',*,*,#4597,.F.);
#4189=ORIENTED_EDGE('',*,*,#5228,.F.);
#4190=ORIENTED_EDGE('',*,*,#5255,.F.);
#4191=ORIENTED_EDGE('',*,*,#5252,.F.);
#4192=ORIENTED_EDGE('',*,*,#4652,.F.);
#4193=ORIENTED_EDGE('',*,*,#5251,.F.);
#4194=ORIENTED_EDGE('',*,*,#5246,.F.);
#4195=ORIENTED_EDGE('',*,*,#5243,.F.);
#4196=ORIENTED_EDGE('',*,*,#4587,.F.);
#4197=ORIENTED_EDGE('',*,*,#5201,.F.);
#4198=ORIENTED_EDGE('',*,*,#5223,.F.);
#4199=ORIENTED_EDGE('',*,*,#5220,.F.);
#4200=ORIENTED_EDGE('',*,*,#4575,.F.);
#4201=ORIENTED_EDGE('',*,*,#5175,.F.);
#4202=ORIENTED_EDGE('',*,*,#5196,.F.);
#4203=ORIENTED_EDGE('',*,*,#5193,.F.);
#4204=ORIENTED_EDGE('',*,*,#4649,.F.);
#4205=ORIENTED_EDGE('',*,*,#5192,.F.);
#4206=ORIENTED_EDGE('',*,*,#5187,.F.);
#4207=ORIENTED_EDGE('',*,*,#5184,.F.);
#4208=ORIENTED_EDGE('',*,*,#4568,.F.);
#4209=ORIENTED_EDGE('',*,*,#5168,.F.);
#4210=ORIENTED_EDGE('',*,*,#5163,.F.);
#4211=ORIENTED_EDGE('',*,*,#5160,.F.);
#4212=ORIENTED_EDGE('',*,*,#4640,.F.);
#4213=ORIENTED_EDGE('',*,*,#5147,.F.);
#4214=ORIENTED_EDGE('',*,*,#5142,.F.);
#4215=ORIENTED_EDGE('',*,*,#5139,.F.);
#4216=ORIENTED_EDGE('',*,*,#4559,.F.);
#4217=ORIENTED_EDGE('',*,*,#4892,.F.);
#4218=ORIENTED_EDGE('',*,*,#4887,.F.);
#4219=ORIENTED_EDGE('',*,*,#4884,.F.);
#4220=ORIENTED_EDGE('',*,*,#4881,.F.);
#4221=ORIENTED_EDGE('',*,*,#4526,.F.);
#4222=ORIENTED_EDGE('',*,*,#5106,.F.);
#4223=ORIENTED_EDGE('',*,*,#5128,.F.);
#4224=ORIENTED_EDGE('',*,*,#5125,.F.);
#4225=ORIENTED_EDGE('',*,*,#4514,.F.);
#4226=ORIENTED_EDGE('',*,*,#4794,.F.);
#4227=ORIENTED_EDGE('',*,*,#4789,.F.);
#4228=ORIENTED_EDGE('',*,*,#4786,.F.);
#4229=ORIENTED_EDGE('',*,*,#4783,.F.);
#4230=ORIENTED_EDGE('',*,*,#4475,.F.);
#4231=ORIENTED_EDGE('',*,*,#5078,.F.);
#4232=ORIENTED_EDGE('',*,*,#5099,.F.);
#4233=ORIENTED_EDGE('',*,*,#5096,.F.);
#4234=ORIENTED_EDGE('',*,*,#5093,.F.);
#4235=ORIENTED_EDGE('',*,*,#4465,.F.);
#4236=ORIENTED_EDGE('',*,*,#5026,.F.);
#4237=ORIENTED_EDGE('',*,*,#5048,.F.);
#4238=ORIENTED_EDGE('',*,*,#5045,.F.);
#4239=ORIENTED_EDGE('',*,*,#4453,.F.);
#4240=ORIENTED_EDGE('',*,*,#5000,.F.);
#4241=ORIENTED_EDGE('',*,*,#5019,.F.);
#4242=ORIENTED_EDGE('',*,*,#5016,.F.);
#4243=ORIENTED_EDGE('',*,*,#5013,.F.);
#4244=ORIENTED_EDGE('',*,*,#4444,.F.);
#4245=ORIENTED_EDGE('',*,*,#4951,.F.);
#4246=ORIENTED_EDGE('',*,*,#4965,.F.);
#4247=ORIENTED_EDGE('',*,*,#4962,.F.);
#4248=ORIENTED_EDGE('',*,*,#4436,.F.);
#4249=ORIENTED_EDGE('',*,*,#4929,.F.);
#4250=ORIENTED_EDGE('',*,*,#4939,.F.);
#4251=ORIENTED_EDGE('',*,*,#4936,.F.);
#4252=ORIENTED_EDGE('',*,*,#4430,.F.);
#4253=ORIENTED_EDGE('',*,*,#4736,.F.);
#4254=ORIENTED_EDGE('',*,*,#4731,.F.);
#4255=ORIENTED_EDGE('',*,*,#4728,.F.);
#4256=ORIENTED_EDGE('',*,*,#5385,.T.);
#4257=ORIENTED_EDGE('',*,*,#4665,.F.);
#4258=ORIENTED_EDGE('',*,*,#5386,.T.);
#4259=ORIENTED_EDGE('',*,*,#4686,.F.);
#4260=EDGE_CURVE('',#5387,#5387,#6155,.F.);
#4261=EDGE_CURVE('',#5388,#5389,#454,.T.);
#4262=EDGE_CURVE('',#5388,#5390,#455,.F.);
#4263=EDGE_CURVE('',#5390,#5391,#456,.T.);
#4264=EDGE_CURVE('',#5391,#5389,#457,.T.);
#4265=EDGE_CURVE('',#5392,#5392,#6156,.T.);
#4266=EDGE_CURVE('',#5393,#5393,#6157,.F.);
#4267=EDGE_CURVE('',#5394,#5395,#458,.T.);
#4268=EDGE_CURVE('',#5396,#5394,#459,.T.);
#4269=EDGE_CURVE('',#5396,#5397,#460,.T.);
#4270=EDGE_CURVE('',#5397,#5395,#461,.T.);
#4271=EDGE_CURVE('',#5398,#5398,#6158,.T.);
#4272=EDGE_CURVE('',#5399,#5400,#462,.T.);
#4273=EDGE_CURVE('',#5401,#5399,#463,.T.);
#4274=EDGE_CURVE('',#5401,#5402,#464,.T.);
#4275=EDGE_CURVE('',#5402,#5400,#465,.T.);
#4276=EDGE_CURVE('',#5403,#5403,#6159,.T.);
#4277=EDGE_CURVE('',#5404,#5404,#6160,.T.);
#4278=EDGE_CURVE('',#5405,#5405,#6161,.T.);
#4279=EDGE_CURVE('',#5402,#5406,#466,.T.);
#4280=EDGE_CURVE('',#5406,#5407,#467,.T.);
#4281=EDGE_CURVE('',#5400,#5407,#468,.T.);
#4282=EDGE_CURVE('',#5408,#5408,#6162,.T.);
#4283=EDGE_CURVE('',#5409,#5409,#6163,.T.);
#4284=EDGE_CURVE('',#5410,#5411,#469,.T.);
#4285=EDGE_CURVE('',#5410,#5412,#470,.F.);
#4286=EDGE_CURVE('',#5412,#5413,#471,.T.);
#4287=EDGE_CURVE('',#5413,#5411,#472,.T.);
#4288=EDGE_CURVE('',#5411,#5414,#473,.T.);
#4289=EDGE_CURVE('',#5413,#5415,#474,.T.);
#4290=EDGE_CURVE('',#5415,#5414,#475,.T.);
#4291=EDGE_CURVE('',#5416,#5416,#6164,.T.);
#4292=EDGE_CURVE('',#5417,#5417,#6165,.T.);
#4293=EDGE_CURVE('',#5414,#5394,#476,.T.);
#4294=EDGE_CURVE('',#5415,#5396,#477,.T.);
#4295=EDGE_CURVE('',#5418,#5418,#6166,.T.);
#4296=EDGE_CURVE('',#5419,#5419,#6167,.T.);
#4297=EDGE_CURVE('',#5420,#5420,#6168,.T.);
#4298=EDGE_CURVE('',#5395,#5399,#478,.T.);
#4299=EDGE_CURVE('',#5397,#5401,#479,.T.);
#4300=EDGE_CURVE('',#5390,#5406,#6169,.F.);
#4301=EDGE_CURVE('',#5412,#5391,#6170,.F.);
#4302=EDGE_CURVE('',#5407,#5388,#6171,.T.);
#4303=EDGE_CURVE('',#5389,#5410,#6172,.T.);
#4304=EDGE_CURVE('',#5421,#5422,#480,.T.);
#4305=EDGE_CURVE('',#5422,#5423,#481,.T.);
#4306=EDGE_CURVE('',#5424,#5423,#482,.T.);
#4307=EDGE_CURVE('',#5424,#5421,#483,.F.);
#4308=EDGE_CURVE('',#5425,#5425,#6173,.T.);
#4309=EDGE_CURVE('',#5426,#5426,#6174,.F.);
#4310=EDGE_CURVE('',#5427,#5428,#484,.T.);
#4311=EDGE_CURVE('',#5429,#5427,#485,.T.);
#4312=EDGE_CURVE('',#5429,#5430,#486,.T.);
#4313=EDGE_CURVE('',#5430,#5428,#487,.T.);
#4314=EDGE_CURVE('',#5431,#5431,#6175,.T.);
#4315=EDGE_CURVE('',#5432,#5432,#6176,.F.);
#4316=EDGE_CURVE('',#5433,#5433,#6177,.T.);
#4317=EDGE_CURVE('',#5434,#5434,#6178,.T.);
#4318=EDGE_CURVE('',#5435,#5436,#488,.T.);
#4319=EDGE_CURVE('',#5435,#5437,#489,.F.);
#4320=EDGE_CURVE('',#5437,#5438,#490,.T.);
#4321=EDGE_CURVE('',#5438,#5436,#491,.T.);
#4322=EDGE_CURVE('',#5436,#5439,#492,.T.);
#4323=EDGE_CURVE('',#5438,#5440,#493,.T.);
#4324=EDGE_CURVE('',#5440,#5439,#494,.T.);
#4325=EDGE_CURVE('',#5441,#5441,#6179,.T.);
#4326=EDGE_CURVE('',#5442,#5442,#6180,.T.);
#4327=EDGE_CURVE('',#5439,#5427,#495,.T.);
#4328=EDGE_CURVE('',#5440,#5429,#496,.T.);
#4329=EDGE_CURVE('',#5443,#5443,#6181,.T.);
#4330=EDGE_CURVE('',#5444,#5444,#6182,.T.);
#4331=EDGE_CURVE('',#5445,#5445,#6183,.T.);
#4332=EDGE_CURVE('',#5428,#5446,#497,.T.);
#4333=EDGE_CURVE('',#5430,#5447,#498,.T.);
#4334=EDGE_CURVE('',#5447,#5446,#499,.T.);
#4335=EDGE_CURVE('',#5446,#5448,#500,.T.);
#4336=EDGE_CURVE('',#5447,#5449,#501,.T.);
#4337=EDGE_CURVE('',#5449,#5448,#502,.T.);
#4338=EDGE_CURVE('',#5450,#5450,#6184,.T.);
#4339=EDGE_CURVE('',#5451,#5451,#6185,.T.);
#4340=EDGE_CURVE('',#5452,#5452,#6186,.T.);
#4341=EDGE_CURVE('',#5449,#5453,#503,.T.);
#4342=EDGE_CURVE('',#5453,#5454,#504,.T.);
#4343=EDGE_CURVE('',#5448,#5454,#505,.T.);
#4344=EDGE_CURVE('',#5437,#5422,#6187,.F.);
#4345=EDGE_CURVE('',#5421,#5453,#6188,.F.);
#4346=EDGE_CURVE('',#5423,#5435,#6189,.T.);
#4347=EDGE_CURVE('',#5454,#5424,#6190,.T.);
#4348=EDGE_CURVE('',#5455,#5455,#6191,.F.);
#4349=EDGE_CURVE('',#5456,#5457,#506,.T.);
#4350=EDGE_CURVE('',#5457,#5458,#507,.T.);
#4351=EDGE_CURVE('',#5459,#5458,#508,.T.);
#4352=EDGE_CURVE('',#5459,#5456,#509,.F.);
#4353=EDGE_CURVE('',#5460,#5460,#6192,.T.);
#4354=EDGE_CURVE('',#5461,#5462,#510,.T.);
#4355=EDGE_CURVE('',#5463,#5462,#511,.T.);
#4356=EDGE_CURVE('',#5464,#5463,#512,.T.);
#4357=EDGE_CURVE('',#5464,#5461,#513,.T.);
#4358=EDGE_CURVE('',#5465,#5465,#6193,.F.);
#4359=EDGE_CURVE('',#5466,#5466,#6194,.T.);
#4360=EDGE_CURVE('',#5467,#5468,#514,.T.);
#4361=EDGE_CURVE('',#5469,#5468,#515,.T.);
#4362=EDGE_CURVE('',#5470,#5469,#516,.T.);
#4363=EDGE_CURVE('',#5470,#5467,#517,.T.);
#4364=EDGE_CURVE('',#5471,#5471,#6195,.T.);
#4365=EDGE_CURVE('',#5472,#5472,#6196,.T.);
#4366=EDGE_CURVE('',#5473,#5473,#6197,.T.);
#4367=EDGE_CURVE('',#5470,#5474,#518,.T.);
#4368=EDGE_CURVE('',#5474,#5475,#519,.T.);
#4369=EDGE_CURVE('',#5467,#5475,#520,.T.);
#4370=EDGE_CURVE('',#5476,#5476,#6198,.T.);
#4371=EDGE_CURVE('',#5477,#5477,#6199,.T.);
#4372=EDGE_CURVE('',#5478,#5479,#521,.T.);
#4373=EDGE_CURVE('',#5478,#5480,#522,.F.);
#4374=EDGE_CURVE('',#5480,#5481,#523,.T.);
#4375=EDGE_CURVE('',#5481,#5479,#524,.T.);
#4376=EDGE_CURVE('',#5482,#5479,#525,.T.);
#4377=EDGE_CURVE('',#5483,#5481,#526,.T.);
#4378=EDGE_CURVE('',#5483,#5482,#527,.T.);
#4379=EDGE_CURVE('',#5484,#5484,#6200,.T.);
#4380=EDGE_CURVE('',#5485,#5485,#6201,.T.);
#4381=EDGE_CURVE('',#5462,#5482,#528,.T.);
#4382=EDGE_CURVE('',#5463,#5483,#529,.T.);
#4383=EDGE_CURVE('',#5486,#5486,#6202,.T.);
#4384=EDGE_CURVE('',#5487,#5487,#6203,.T.);
#4385=EDGE_CURVE('',#5488,#5488,#6204,.T.);
#4386=EDGE_CURVE('',#5468,#5461,#530,.T.);
#4387=EDGE_CURVE('',#5469,#5464,#531,.T.);
#4388=EDGE_CURVE('',#5480,#5457,#6205,.F.);
#4389=EDGE_CURVE('',#5456,#5474,#6206,.F.);
#4390=EDGE_CURVE('',#5458,#5478,#6207,.T.);
#4391=EDGE_CURVE('',#5475,#5459,#6208,.T.);
#4392=EDGE_CURVE('',#5489,#5490,#532,.T.);
#4393=EDGE_CURVE('',#5490,#5491,#533,.T.);
#4394=EDGE_CURVE('',#5491,#5492,#534,.T.);
#4395=EDGE_CURVE('',#5492,#5489,#535,.T.);
#4396=EDGE_CURVE('',#5493,#5494,#536,.T.);
#4397=EDGE_CURVE('',#5493,#5495,#537,.T.);
#4398=EDGE_CURVE('',#5495,#5496,#138,.T.);
#4399=EDGE_CURVE('',#5496,#5497,#6209,.T.);
#4400=EDGE_CURVE('',#5497,#5498,#6210,.T.);
#4401=EDGE_CURVE('',#5498,#5499,#538,.T.);
#4402=EDGE_CURVE('',#5499,#5500,#139,.T.);
#4403=EDGE_CURVE('',#5500,#5501,#140,.T.);
#4404=EDGE_CURVE('',#5501,#5502,#141,.T.);
#4405=EDGE_CURVE('',#5502,#5503,#142,.T.);
#4406=EDGE_CURVE('',#5503,#5504,#143,.T.);
#4407=EDGE_CURVE('',#5504,#5505,#144,.T.);
#4408=EDGE_CURVE('',#5505,#5506,#145,.T.);
#4409=EDGE_CURVE('',#5506,#5507,#539,.T.);
#4410=EDGE_CURVE('',#5507,#5508,#146,.T.);
#4411=EDGE_CURVE('',#5508,#5509,#147,.T.);
#4412=EDGE_CURVE('',#5509,#5510,#148,.T.);
#4413=EDGE_CURVE('',#5510,#5511,#149,.T.);
#4414=EDGE_CURVE('',#5511,#5512,#150,.T.);
#4415=EDGE_CURVE('',#5512,#5513,#151,.T.);
#4416=EDGE_CURVE('',#5513,#5514,#152,.T.);
#4417=EDGE_CURVE('',#5514,#5515,#153,.T.);
#4418=EDGE_CURVE('',#5515,#5516,#540,.T.);
#4419=EDGE_CURVE('',#5516,#5517,#154,.T.);
#4420=EDGE_CURVE('',#5517,#5518,#155,.T.);
#4421=EDGE_CURVE('',#5518,#5519,#156,.T.);
#4422=EDGE_CURVE('',#5519,#5520,#157,.T.);
#4423=EDGE_CURVE('',#5520,#5521,#6211,.F.);
#4424=EDGE_CURVE('',#5521,#5522,#158,.T.);
#4425=EDGE_CURVE('',#5522,#5523,#159,.T.);
#4426=EDGE_CURVE('',#5523,#5524,#541,.T.);
#4427=EDGE_CURVE('',#5524,#5525,#6212,.T.);
#4428=EDGE_CURVE('',#5525,#5526,#160,.T.);
#4429=EDGE_CURVE('',#5526,#5527,#161,.T.);
#4430=EDGE_CURVE('',#5527,#5528,#542,.T.);
#4431=EDGE_CURVE('',#5528,#5529,#543,.T.);
#4432=EDGE_CURVE('',#5529,#5530,#544,.T.);
#4433=EDGE_CURVE('',#5530,#5531,#545,.T.);
#4434=EDGE_CURVE('',#5531,#5532,#546,.T.);
#4435=EDGE_CURVE('',#5532,#5533,#547,.T.);
#4436=EDGE_CURVE('',#5533,#5534,#548,.T.);
#4437=EDGE_CURVE('',#5534,#5535,#549,.T.);
#4438=EDGE_CURVE('',#5535,#5536,#550,.T.);
#4439=EDGE_CURVE('',#5536,#5537,#551,.T.);
#4440=EDGE_CURVE('',#5537,#5538,#552,.T.);
#4441=EDGE_CURVE('',#5538,#5539,#553,.T.);
#4442=EDGE_CURVE('',#5539,#5540,#554,.T.);
#4443=EDGE_CURVE('',#5540,#5541,#555,.T.);
#4444=EDGE_CURVE('',#5541,#5542,#556,.T.);
#4445=EDGE_CURVE('',#5542,#5543,#162,.T.);
#4446=EDGE_CURVE('',#5543,#5544,#163,.T.);
#4447=EDGE_CURVE('',#5544,#5545,#557,.T.);
#4448=EDGE_CURVE('',#5545,#5546,#164,.T.);
#4449=EDGE_CURVE('',#5546,#5547,#165,.T.);
#4450=EDGE_CURVE('',#5547,#5548,#166,.T.);
#4451=EDGE_CURVE('',#5548,#5549,#558,.T.);
#4452=EDGE_CURVE('',#5549,#5550,#559,.T.);
#4453=EDGE_CURVE('',#5550,#5551,#560,.T.);
#4454=EDGE_CURVE('',#5551,#5552,#561,.T.);
#4455=EDGE_CURVE('',#5552,#5553,#562,.T.);
#4456=EDGE_CURVE('',#5553,#5554,#563,.T.);
#4457=EDGE_CURVE('',#5554,#5555,#564,.T.);
#4458=EDGE_CURVE('',#5555,#5556,#565,.T.);
#4459=EDGE_CURVE('',#5556,#5557,#566,.T.);
#4460=EDGE_CURVE('',#5557,#5558,#567,.T.);
#4461=EDGE_CURVE('',#5558,#5559,#568,.T.);
#4462=EDGE_CURVE('',#5559,#5560,#569,.T.);
#4463=EDGE_CURVE('',#5560,#5561,#570,.T.);
#4464=EDGE_CURVE('',#5561,#5562,#571,.T.);
#4465=EDGE_CURVE('',#5562,#5563,#572,.T.);
#4466=EDGE_CURVE('',#5563,#5564,#167,.T.);
#4467=EDGE_CURVE('',#5564,#5565,#168,.T.);
#4468=EDGE_CURVE('',#5565,#5566,#169,.T.);
#4469=EDGE_CURVE('',#5566,#5567,#170,.T.);
#4470=EDGE_CURVE('',#5567,#5568,#171,.T.);
#4471=EDGE_CURVE('',#5568,#5569,#573,.T.);
#4472=EDGE_CURVE('',#5569,#5570,#574,.T.);
#4473=EDGE_CURVE('',#5570,#5571,#575,.T.);
#4474=EDGE_CURVE('',#5571,#5572,#576,.T.);
#4475=EDGE_CURVE('',#5572,#5573,#577,.T.);
#4476=EDGE_CURVE('',#5573,#5574,#172,.T.);
#4477=EDGE_CURVE('',#5574,#5575,#173,.T.);
#4478=EDGE_CURVE('',#5575,#5576,#174,.T.);
#4479=EDGE_CURVE('',#5576,#5577,#175,.T.);
#4480=EDGE_CURVE('',#5577,#5578,#176,.T.);
#4481=EDGE_CURVE('',#5578,#5579,#177,.T.);
#4482=EDGE_CURVE('',#5579,#5580,#178,.T.);
#4483=EDGE_CURVE('',#5580,#5581,#179,.T.);
#4484=EDGE_CURVE('',#5581,#5582,#180,.T.);
#4485=EDGE_CURVE('',#5582,#5583,#181,.T.);
#4486=EDGE_CURVE('',#5583,#5584,#182,.T.);
#4487=EDGE_CURVE('',#5584,#5585,#183,.T.);
#4488=EDGE_CURVE('',#5585,#5586,#184,.T.);
#4489=EDGE_CURVE('',#5586,#5587,#578,.T.);
#4490=EDGE_CURVE('',#5587,#5588,#579,.T.);
#4491=EDGE_CURVE('',#5588,#5589,#580,.T.);
#4492=EDGE_CURVE('',#5589,#5590,#185,.T.);
#4493=EDGE_CURVE('',#5590,#5591,#186,.T.);
#4494=EDGE_CURVE('',#5591,#5592,#187,.T.);
#4495=EDGE_CURVE('',#5592,#5593,#188,.T.);
#4496=EDGE_CURVE('',#5593,#5594,#189,.T.);
#4497=EDGE_CURVE('',#5594,#5595,#190,.T.);
#4498=EDGE_CURVE('',#5595,#5596,#191,.T.);
#4499=EDGE_CURVE('',#5596,#5597,#192,.T.);
#4500=EDGE_CURVE('',#5597,#5598,#581,.T.);
#4501=EDGE_CURVE('',#5598,#5599,#582,.T.);
#4502=EDGE_CURVE('',#5599,#5600,#583,.T.);
#4503=EDGE_CURVE('',#5600,#5601,#193,.T.);
#4504=EDGE_CURVE('',#5601,#5602,#194,.T.);
#4505=EDGE_CURVE('',#5602,#5603,#195,.T.);
#4506=EDGE_CURVE('',#5603,#5604,#196,.T.);
#4507=EDGE_CURVE('',#5604,#5605,#197,.T.);
#4508=EDGE_CURVE('',#5605,#5606,#198,.T.);
#4509=EDGE_CURVE('',#5606,#5607,#584,.T.);
#4510=EDGE_CURVE('',#5607,#5608,#585,.T.);
#4511=EDGE_CURVE('',#5608,#5609,#586,.T.);
#4512=EDGE_CURVE('',#5609,#5610,#199,.T.);
#4513=EDGE_CURVE('',#5610,#5611,#200,.T.);
#4514=EDGE_CURVE('',#5611,#5612,#587,.T.);
#4515=EDGE_CURVE('',#5612,#5613,#588,.T.);
#4516=EDGE_CURVE('',#5613,#5614,#589,.T.);
#4517=EDGE_CURVE('',#5614,#5615,#590,.T.);
#4518=EDGE_CURVE('',#5615,#5616,#591,.T.);
#4519=EDGE_CURVE('',#5616,#5617,#592,.T.);
#4520=EDGE_CURVE('',#5617,#5618,#593,.T.);
#4521=EDGE_CURVE('',#5618,#5619,#594,.T.);
#4522=EDGE_CURVE('',#5619,#5620,#595,.T.);
#4523=EDGE_CURVE('',#5620,#5621,#596,.T.);
#4524=EDGE_CURVE('',#5621,#5622,#597,.T.);
#4525=EDGE_CURVE('',#5622,#5623,#598,.T.);
#4526=EDGE_CURVE('',#5623,#5624,#599,.T.);
#4527=EDGE_CURVE('',#5624,#5625,#201,.T.);
#4528=EDGE_CURVE('',#5625,#5626,#6213,.T.);
#4529=EDGE_CURVE('',#5626,#5627,#6214,.T.);
#4530=EDGE_CURVE('',#5627,#5628,#600,.T.);
#4531=EDGE_CURVE('',#5628,#5629,#202,.T.);
#4532=EDGE_CURVE('',#5629,#5630,#203,.T.);
#4533=EDGE_CURVE('',#5630,#5631,#204,.T.);
#4534=EDGE_CURVE('',#5631,#5632,#205,.T.);
#4535=EDGE_CURVE('',#5632,#5633,#206,.T.);
#4536=EDGE_CURVE('',#5633,#5634,#207,.T.);
#4537=EDGE_CURVE('',#5634,#5635,#208,.T.);
#4538=EDGE_CURVE('',#5635,#5636,#601,.T.);
#4539=EDGE_CURVE('',#5636,#5637,#209,.T.);
#4540=EDGE_CURVE('',#5637,#5638,#210,.T.);
#4541=EDGE_CURVE('',#5638,#5639,#211,.T.);
#4542=EDGE_CURVE('',#5639,#5640,#212,.T.);
#4543=EDGE_CURVE('',#5640,#5641,#213,.T.);
#4544=EDGE_CURVE('',#5641,#5642,#214,.T.);
#4545=EDGE_CURVE('',#5642,#5643,#215,.T.);
#4546=EDGE_CURVE('',#5643,#5644,#216,.T.);
#4547=EDGE_CURVE('',#5644,#5645,#602,.T.);
#4548=EDGE_CURVE('',#5645,#5646,#217,.T.);
#4549=EDGE_CURVE('',#5646,#5647,#218,.T.);
#4550=EDGE_CURVE('',#5647,#5648,#219,.T.);
#4551=EDGE_CURVE('',#5648,#5649,#220,.T.);
#4552=EDGE_CURVE('',#5649,#5650,#6215,.F.);
#4553=EDGE_CURVE('',#5650,#5651,#221,.T.);
#4554=EDGE_CURVE('',#5651,#5652,#222,.T.);
#4555=EDGE_CURVE('',#5652,#5653,#603,.T.);
#4556=EDGE_CURVE('',#5653,#5654,#6216,.T.);
#4557=EDGE_CURVE('',#5654,#5655,#223,.T.);
#4558=EDGE_CURVE('',#5655,#5656,#224,.T.);
#4559=EDGE_CURVE('',#5656,#5657,#604,.T.);
#4560=EDGE_CURVE('',#5657,#5658,#605,.T.);
#4561=EDGE_CURVE('',#5658,#5659,#225,.T.);
#4562=EDGE_CURVE('',#5659,#5660,#226,.T.);
#4563=EDGE_CURVE('',#5660,#5661,#227,.T.);
#4564=EDGE_CURVE('',#5661,#5662,#228,.T.);
#4565=EDGE_CURVE('',#5662,#5663,#229,.T.);
#4566=EDGE_CURVE('',#5663,#5664,#230,.T.);
#4567=EDGE_CURVE('',#5664,#5665,#606,.T.);
#4568=EDGE_CURVE('',#5665,#5666,#607,.T.);
#4569=EDGE_CURVE('',#5666,#5667,#608,.T.);
#4570=EDGE_CURVE('',#5667,#5668,#609,.T.);
#4571=EDGE_CURVE('',#5668,#5669,#610,.T.);
#4572=EDGE_CURVE('',#5669,#5670,#611,.T.);
#4573=EDGE_CURVE('',#5670,#5671,#612,.T.);
#4574=EDGE_CURVE('',#5671,#5672,#613,.T.);
#4575=EDGE_CURVE('',#5672,#5673,#614,.T.);
#4576=EDGE_CURVE('',#5673,#5674,#615,.T.);
#4577=EDGE_CURVE('',#5674,#5675,#616,.T.);
#4578=EDGE_CURVE('',#5675,#5676,#617,.T.);
#4579=EDGE_CURVE('',#5676,#5677,#618,.T.);
#4580=EDGE_CURVE('',#5677,#5678,#619,.T.);
#4581=EDGE_CURVE('',#5678,#5679,#620,.T.);
#4582=EDGE_CURVE('',#5679,#5680,#621,.T.);
#4583=EDGE_CURVE('',#5680,#5681,#622,.T.);
#4584=EDGE_CURVE('',#5681,#5682,#623,.T.);
#4585=EDGE_CURVE('',#5682,#5683,#624,.T.);
#4586=EDGE_CURVE('',#5683,#5684,#625,.T.);
#4587=EDGE_CURVE('',#5684,#5685,#626,.T.);
#4588=EDGE_CURVE('',#5685,#5686,#627,.T.);
#4589=EDGE_CURVE('',#5686,#5687,#628,.T.);
#4590=EDGE_CURVE('',#5687,#5688,#629,.T.);
#4591=EDGE_CURVE('',#5688,#5689,#630,.T.);
#4592=EDGE_CURVE('',#5689,#5690,#631,.T.);
#4593=EDGE_CURVE('',#5690,#5691,#632,.T.);
#4594=EDGE_CURVE('',#5691,#5692,#633,.T.);
#4595=EDGE_CURVE('',#5692,#5693,#634,.T.);
#4596=EDGE_CURVE('',#5693,#5694,#635,.T.);
#4597=EDGE_CURVE('',#5694,#5695,#636,.T.);
#4598=EDGE_CURVE('',#5695,#5696,#637,.T.);
#4599=EDGE_CURVE('',#5696,#5697,#638,.T.);
#4600=EDGE_CURVE('',#5697,#5698,#639,.T.);
#4601=EDGE_CURVE('',#5698,#5699,#640,.T.);
#4602=EDGE_CURVE('',#5699,#5700,#641,.T.);
#4603=EDGE_CURVE('',#5700,#5701,#642,.T.);
#4604=EDGE_CURVE('',#5701,#5702,#643,.T.);
#4605=EDGE_CURVE('',#5702,#5703,#644,.T.);
#4606=EDGE_CURVE('',#5703,#5704,#645,.T.);
#4607=EDGE_CURVE('',#5704,#5705,#646,.T.);
#4608=EDGE_CURVE('',#5705,#5706,#647,.T.);
#4609=EDGE_CURVE('',#5706,#5707,#648,.T.);
#4610=EDGE_CURVE('',#5707,#5708,#649,.T.);
#4611=EDGE_CURVE('',#5708,#5709,#650,.T.);
#4612=EDGE_CURVE('',#5709,#5710,#651,.T.);
#4613=EDGE_CURVE('',#5710,#5711,#652,.T.);
#4614=EDGE_CURVE('',#5711,#5712,#653,.T.);
#4615=EDGE_CURVE('',#5712,#5713,#654,.T.);
#4616=EDGE_CURVE('',#5713,#5714,#655,.T.);
#4617=EDGE_CURVE('',#5714,#5715,#656,.T.);
#4618=EDGE_CURVE('',#5715,#5716,#657,.T.);
#4619=EDGE_CURVE('',#5716,#5717,#658,.T.);
#4620=EDGE_CURVE('',#5717,#5718,#659,.T.);
#4621=EDGE_CURVE('',#5718,#5719,#660,.T.);
#4622=EDGE_CURVE('',#5719,#5720,#661,.T.);
#4623=EDGE_CURVE('',#5720,#5721,#662,.T.);
#4624=EDGE_CURVE('',#5721,#5722,#231,.T.);
#4625=EDGE_CURVE('',#5722,#5723,#232,.T.);
#4626=EDGE_CURVE('',#5723,#5724,#233,.T.);
#4627=EDGE_CURVE('',#5724,#5725,#234,.T.);
#4628=EDGE_CURVE('',#5725,#5726,#235,.T.);
#4629=EDGE_CURVE('',#5726,#5727,#663,.T.);
#4630=EDGE_CURVE('',#5727,#5728,#664,.T.);
#4631=EDGE_CURVE('',#5728,#5729,#665,.T.);
#4632=EDGE_CURVE('',#5729,#5730,#666,.T.);
#4633=EDGE_CURVE('',#5730,#5731,#667,.T.);
#4634=EDGE_CURVE('',#5731,#5732,#668,.T.);
#4635=EDGE_CURVE('',#5732,#5733,#669,.T.);
#4636=EDGE_CURVE('',#5733,#5734,#670,.T.);
#4637=EDGE_CURVE('',#5734,#5735,#671,.T.);
#4638=EDGE_CURVE('',#5735,#5494,#672,.T.);
#4639=EDGE_CURVE('',#5736,#5737,#673,.T.);
#4640=EDGE_CURVE('',#5737,#5738,#674,.T.);
#4641=EDGE_CURVE('',#5738,#5739,#675,.T.);
#4642=EDGE_CURVE('',#5739,#5740,#6217,.F.);
#4643=EDGE_CURVE('',#5740,#5741,#236,.T.);
#4644=EDGE_CURVE('',#5741,#5742,#237,.T.);
#4645=EDGE_CURVE('',#5742,#5743,#238,.T.);
#4646=EDGE_CURVE('',#5743,#5744,#239,.T.);
#4647=EDGE_CURVE('',#5744,#5736,#6218,.F.);
#4648=EDGE_CURVE('',#5745,#5746,#676,.T.);
#4649=EDGE_CURVE('',#5746,#5747,#677,.T.);
#4650=EDGE_CURVE('',#5747,#5745,#678,.T.);
#4651=EDGE_CURVE('',#5748,#5749,#679,.T.);
#4652=EDGE_CURVE('',#5749,#5750,#680,.T.);
#4653=EDGE_CURVE('',#5750,#5748,#681,.T.);
#4654=EDGE_CURVE('',#5751,#5751,#6219,.T.);
#4655=EDGE_CURVE('',#5752,#5752,#6220,.T.);
#4656=EDGE_CURVE('',#5753,#5753,#6221,.T.);
#4657=EDGE_CURVE('',#5754,#5755,#682,.T.);
#4658=EDGE_CURVE('',#5755,#5756,#683,.T.);
#4659=EDGE_CURVE('',#5757,#5756,#684,.T.);
#4660=EDGE_CURVE('',#5754,#5757,#685,.T.);
#4661=EDGE_CURVE('',#5758,#5758,#6222,.F.);
#4662=EDGE_CURVE('',#5759,#5759,#6223,.F.);
#4663=EDGE_CURVE('',#5760,#5760,#6224,.F.);
#4664=EDGE_CURVE('',#5761,#5762,#686,.T.);
#4665=EDGE_CURVE('',#5762,#5763,#687,.T.);
#4666=EDGE_CURVE('',#5763,#5764,#688,.T.);
#4667=EDGE_CURVE('',#5764,#5761,#689,.T.);
#4668=EDGE_CURVE('',#5765,#5765,#6225,.T.);
#4669=EDGE_CURVE('',#5766,#5766,#6226,.T.);
#4670=EDGE_CURVE('',#5767,#5767,#6227,.F.);
#4671=EDGE_CURVE('',#5768,#5768,#6228,.T.);
#4672=EDGE_CURVE('',#5769,#5769,#6229,.F.);
#4673=EDGE_CURVE('',#5770,#5770,#6230,.F.);
#4674=EDGE_CURVE('',#5771,#5772,#690,.T.);
#4675=EDGE_CURVE('',#5772,#5755,#691,.T.);
#4676=EDGE_CURVE('',#5771,#5754,#692,.T.);
#4677=EDGE_CURVE('',#5773,#5756,#693,.T.);
#4678=EDGE_CURVE('',#5774,#5773,#694,.T.);
#4679=EDGE_CURVE('',#5774,#5757,#695,.T.);
#4680=EDGE_CURVE('',#5775,#5776,#696,.T.);
#4681=EDGE_CURVE('',#5775,#5777,#697,.T.);
#4682=EDGE_CURVE('',#5777,#5778,#698,.T.);
#4683=EDGE_CURVE('',#5776,#5778,#699,.T.);
#4684=EDGE_CURVE('',#5734,#5775,#700,.T.);
#4685=EDGE_CURVE('',#5776,#5735,#701,.T.);
#4686=EDGE_CURVE('',#5777,#5493,#702,.T.);
#4687=EDGE_CURVE('',#5778,#5494,#703,.T.);
#4688=EDGE_CURVE('',#5771,#5774,#704,.T.);
#4689=EDGE_CURVE('',#5772,#5773,#705,.T.);
#4690=EDGE_CURVE('',#5779,#5512,#706,.T.);
#4691=EDGE_CURVE('',#5779,#5780,#240,.T.);
#4692=EDGE_CURVE('',#5780,#5513,#707,.T.);
#4693=EDGE_CURVE('',#5781,#5511,#708,.T.);
#4694=EDGE_CURVE('',#5781,#5779,#241,.T.);
#4695=EDGE_CURVE('',#5782,#5510,#709,.T.);
#4696=EDGE_CURVE('',#5782,#5781,#242,.T.);
#4697=EDGE_CURVE('',#5783,#5509,#710,.T.);
#4698=EDGE_CURVE('',#5783,#5782,#243,.T.);
#4699=EDGE_CURVE('',#5784,#5508,#711,.T.);
#4700=EDGE_CURVE('',#5784,#5783,#244,.T.);
#4701=EDGE_CURVE('',#5785,#5507,#712,.T.);
#4702=EDGE_CURVE('',#5785,#5784,#245,.T.);
#4703=EDGE_CURVE('',#5786,#5506,#713,.T.);
#4704=EDGE_CURVE('',#5786,#5785,#714,.T.);
#4705=EDGE_CURVE('',#5787,#5505,#715,.T.);
#4706=EDGE_CURVE('',#5787,#5786,#246,.T.);
#4707=EDGE_CURVE('',#5788,#5504,#716,.T.);
#4708=EDGE_CURVE('',#5788,#5787,#247,.T.);
#4709=EDGE_CURVE('',#5789,#5503,#717,.T.);
#4710=EDGE_CURVE('',#5789,#5788,#248,.T.);
#4711=EDGE_CURVE('',#5790,#5502,#718,.T.);
#4712=EDGE_CURVE('',#5790,#5789,#249,.T.);
#4713=EDGE_CURVE('',#5791,#5501,#719,.T.);
#4714=EDGE_CURVE('',#5791,#5790,#250,.T.);
#4715=EDGE_CURVE('',#5792,#5500,#720,.T.);
#4716=EDGE_CURVE('',#5792,#5791,#251,.T.);
#4717=EDGE_CURVE('',#5793,#5499,#721,.T.);
#4718=EDGE_CURVE('',#5793,#5792,#252,.T.);
#4719=EDGE_CURVE('',#5794,#5498,#722,.T.);
#4720=EDGE_CURVE('',#5794,#5793,#723,.T.);
#4721=EDGE_CURVE('',#5795,#5497,#724,.T.);
#4722=EDGE_CURVE('',#5795,#5794,#6231,.T.);
#4723=EDGE_CURVE('',#5796,#5496,#725,.T.);
#4724=EDGE_CURVE('',#5796,#5795,#6232,.T.);
#4725=EDGE_CURVE('',#5495,#5797,#253,.T.);
#4726=EDGE_CURVE('',#5798,#5797,#726,.T.);
#4727=EDGE_CURVE('',#5798,#5796,#254,.T.);
#4728=EDGE_CURVE('',#5797,#5799,#255,.T.);
#4729=EDGE_CURVE('',#5800,#5799,#727,.T.);
#4730=EDGE_CURVE('',#5800,#5798,#256,.T.);
#4731=EDGE_CURVE('',#5799,#5801,#257,.T.);
#4732=EDGE_CURVE('',#5802,#5801,#728,.T.);
#4733=EDGE_CURVE('',#5802,#5800,#258,.T.);
#4734=EDGE_CURVE('',#5803,#5526,#729,.T.);
#4735=EDGE_CURVE('',#5803,#5802,#259,.T.);
#4736=EDGE_CURVE('',#5801,#5527,#260,.T.);
#4737=EDGE_CURVE('',#5804,#5525,#730,.T.);
#4738=EDGE_CURVE('',#5804,#5803,#261,.T.);
#4739=EDGE_CURVE('',#5805,#5524,#731,.T.);
#4740=EDGE_CURVE('',#5805,#5804,#6233,.T.);
#4741=EDGE_CURVE('',#5806,#5523,#732,.T.);
#4742=EDGE_CURVE('',#5806,#5805,#733,.T.);
#4743=EDGE_CURVE('',#5807,#5522,#734,.T.);
#4744=EDGE_CURVE('',#5807,#5806,#262,.T.);
#4745=EDGE_CURVE('',#5808,#5521,#735,.T.);
#4746=EDGE_CURVE('',#5808,#5807,#263,.T.);
#4747=EDGE_CURVE('',#5809,#5520,#736,.T.);
#4748=EDGE_CURVE('',#5809,#5808,#6234,.F.);
#4749=EDGE_CURVE('',#5810,#5519,#737,.T.);
#4750=EDGE_CURVE('',#5810,#5809,#264,.T.);
#4751=EDGE_CURVE('',#5811,#5518,#738,.T.);
#4752=EDGE_CURVE('',#5811,#5810,#265,.T.);
#4753=EDGE_CURVE('',#5812,#5517,#739,.T.);
#4754=EDGE_CURVE('',#5812,#5811,#266,.T.);
#4755=EDGE_CURVE('',#5813,#5516,#740,.T.);
#4756=EDGE_CURVE('',#5813,#5812,#267,.T.);
#4757=EDGE_CURVE('',#5814,#5515,#741,.T.);
#4758=EDGE_CURVE('',#5814,#5813,#742,.T.);
#4759=EDGE_CURVE('',#5815,#5514,#743,.T.);
#4760=EDGE_CURVE('',#5815,#5814,#268,.T.);
#4761=EDGE_CURVE('',#5780,#5815,#269,.T.);
#4762=EDGE_CURVE('',#5816,#5583,#744,.T.);
#4763=EDGE_CURVE('',#5816,#5817,#270,.T.);
#4764=EDGE_CURVE('',#5817,#5584,#745,.T.);
#4765=EDGE_CURVE('',#5818,#5582,#746,.T.);
#4766=EDGE_CURVE('',#5818,#5816,#271,.T.);
#4767=EDGE_CURVE('',#5819,#5581,#747,.T.);
#4768=EDGE_CURVE('',#5819,#5818,#272,.T.);
#4769=EDGE_CURVE('',#5820,#5580,#748,.T.);
#4770=EDGE_CURVE('',#5820,#5819,#273,.T.);
#4771=EDGE_CURVE('',#5821,#5579,#749,.T.);
#4772=EDGE_CURVE('',#5821,#5820,#274,.T.);
#4773=EDGE_CURVE('',#5822,#5578,#750,.T.);
#4774=EDGE_CURVE('',#5822,#5821,#275,.T.);
#4775=EDGE_CURVE('',#5823,#5577,#751,.T.);
#4776=EDGE_CURVE('',#5823,#5822,#276,.T.);
#4777=EDGE_CURVE('',#5824,#5576,#752,.T.);
#4778=EDGE_CURVE('',#5824,#5823,#277,.T.);
#4779=EDGE_CURVE('',#5825,#5575,#753,.T.);
#4780=EDGE_CURVE('',#5825,#5824,#278,.T.);
#4781=EDGE_CURVE('',#5826,#5574,#754,.T.);
#4782=EDGE_CURVE('',#5826,#5825,#279,.T.);
#4783=EDGE_CURVE('',#5573,#5827,#280,.T.);
#4784=EDGE_CURVE('',#5828,#5827,#755,.T.);
#4785=EDGE_CURVE('',#5828,#5826,#281,.T.);
#4786=EDGE_CURVE('',#5827,#5829,#282,.T.);
#4787=EDGE_CURVE('',#5830,#5829,#756,.T.);
#4788=EDGE_CURVE('',#5830,#5828,#283,.T.);
#4789=EDGE_CURVE('',#5829,#5831,#284,.T.);
#4790=EDGE_CURVE('',#5832,#5831,#757,.T.);
#4791=EDGE_CURVE('',#5832,#5830,#285,.T.);
#4792=EDGE_CURVE('',#5833,#5610,#758,.T.);
#4793=EDGE_CURVE('',#5833,#5832,#286,.T.);
#4794=EDGE_CURVE('',#5831,#5611,#287,.T.);
#4795=EDGE_CURVE('',#5834,#5609,#759,.T.);
#4796=EDGE_CURVE('',#5834,#5833,#288,.T.);
#4797=EDGE_CURVE('',#5835,#5608,#760,.T.);
#4798=EDGE_CURVE('',#5835,#5834,#761,.T.);
#4799=EDGE_CURVE('',#5836,#5607,#762,.T.);
#4800=EDGE_CURVE('',#5836,#5835,#763,.T.);
#4801=EDGE_CURVE('',#5837,#5606,#764,.T.);
#4802=EDGE_CURVE('',#5837,#5836,#765,.T.);
#4803=EDGE_CURVE('',#5838,#5605,#766,.T.);
#4804=EDGE_CURVE('',#5838,#5837,#289,.T.);
#4805=EDGE_CURVE('',#5839,#5604,#767,.T.);
#4806=EDGE_CURVE('',#5839,#5838,#290,.T.);
#4807=EDGE_CURVE('',#5840,#5603,#768,.T.);
#4808=EDGE_CURVE('',#5840,#5839,#291,.T.);
#4809=EDGE_CURVE('',#5841,#5602,#769,.T.);
#4810=EDGE_CURVE('',#5841,#5840,#292,.T.);
#4811=EDGE_CURVE('',#5842,#5601,#770,.T.);
#4812=EDGE_CURVE('',#5842,#5841,#293,.T.);
#4813=EDGE_CURVE('',#5843,#5600,#771,.T.);
#4814=EDGE_CURVE('',#5843,#5842,#294,.T.);
#4815=EDGE_CURVE('',#5844,#5599,#772,.T.);
#4816=EDGE_CURVE('',#5844,#5843,#773,.T.);
#4817=EDGE_CURVE('',#5845,#5598,#774,.T.);
#4818=EDGE_CURVE('',#5845,#5844,#775,.T.);
#4819=EDGE_CURVE('',#5846,#5597,#776,.T.);
#4820=EDGE_CURVE('',#5846,#5845,#777,.T.);
#4821=EDGE_CURVE('',#5847,#5596,#778,.T.);
#4822=EDGE_CURVE('',#5847,#5846,#295,.T.);
#4823=EDGE_CURVE('',#5848,#5595,#779,.T.);
#4824=EDGE_CURVE('',#5848,#5847,#296,.T.);
#4825=EDGE_CURVE('',#5849,#5594,#780,.T.);
#4826=EDGE_CURVE('',#5849,#5848,#297,.T.);
#4827=EDGE_CURVE('',#5850,#5593,#781,.T.);
#4828=EDGE_CURVE('',#5850,#5849,#298,.T.);
#4829=EDGE_CURVE('',#5851,#5592,#782,.T.);
#4830=EDGE_CURVE('',#5851,#5850,#299,.T.);
#4831=EDGE_CURVE('',#5852,#5591,#783,.T.);
#4832=EDGE_CURVE('',#5852,#5851,#300,.T.);
#4833=EDGE_CURVE('',#5853,#5590,#784,.T.);
#4834=EDGE_CURVE('',#5853,#5852,#301,.T.);
#4835=EDGE_CURVE('',#5854,#5589,#785,.T.);
#4836=EDGE_CURVE('',#5854,#5853,#302,.T.);
#4837=EDGE_CURVE('',#5855,#5588,#786,.T.);
#4838=EDGE_CURVE('',#5855,#5854,#787,.T.);
#4839=EDGE_CURVE('',#5856,#5587,#788,.T.);
#4840=EDGE_CURVE('',#5856,#5855,#789,.T.);
#4841=EDGE_CURVE('',#5857,#5586,#790,.T.);
#4842=EDGE_CURVE('',#5857,#5856,#791,.T.);
#4843=EDGE_CURVE('',#5858,#5585,#792,.T.);
#4844=EDGE_CURVE('',#5858,#5857,#303,.T.);
#4845=EDGE_CURVE('',#5817,#5858,#304,.T.);
#4846=EDGE_CURVE('',#5859,#5641,#793,.T.);
#4847=EDGE_CURVE('',#5859,#5860,#305,.T.);
#4848=EDGE_CURVE('',#5860,#5642,#794,.T.);
#4849=EDGE_CURVE('',#5861,#5640,#795,.T.);
#4850=EDGE_CURVE('',#5861,#5859,#306,.T.);
#4851=EDGE_CURVE('',#5862,#5639,#796,.T.);
#4852=EDGE_CURVE('',#5862,#5861,#307,.T.);
#4853=EDGE_CURVE('',#5863,#5638,#797,.T.);
#4854=EDGE_CURVE('',#5863,#5862,#308,.T.);
#4855=EDGE_CURVE('',#5864,#5637,#798,.T.);
#4856=EDGE_CURVE('',#5864,#5863,#309,.T.);
#4857=EDGE_CURVE('',#5865,#5636,#799,.T.);
#4858=EDGE_CURVE('',#5865,#5864,#310,.T.);
#4859=EDGE_CURVE('',#5866,#5635,#800,.T.);
#4860=EDGE_CURVE('',#5866,#5865,#801,.T.);
#4861=EDGE_CURVE('',#5867,#5634,#802,.T.);
#4862=EDGE_CURVE('',#5867,#5866,#311,.T.);
#4863=EDGE_CURVE('',#5868,#5633,#803,.T.);
#4864=EDGE_CURVE('',#5868,#5867,#312,.T.);
#4865=EDGE_CURVE('',#5869,#5632,#804,.T.);
#4866=EDGE_CURVE('',#5869,#5868,#313,.T.);
#4867=EDGE_CURVE('',#5870,#5631,#805,.T.);
#4868=EDGE_CURVE('',#5870,#5869,#314,.T.);
#4869=EDGE_CURVE('',#5871,#5630,#806,.T.);
#4870=EDGE_CURVE('',#5871,#5870,#315,.T.);
#4871=EDGE_CURVE('',#5872,#5629,#807,.T.);
#4872=EDGE_CURVE('',#5872,#5871,#316,.T.);
#4873=EDGE_CURVE('',#5873,#5628,#808,.T.);
#4874=EDGE_CURVE('',#5873,#5872,#317,.T.);
#4875=EDGE_CURVE('',#5874,#5627,#809,.T.);
#4876=EDGE_CURVE('',#5874,#5873,#810,.T.);
#4877=EDGE_CURVE('',#5875,#5626,#811,.T.);
#4878=EDGE_CURVE('',#5875,#5874,#6235,.T.);
#4879=EDGE_CURVE('',#5876,#5625,#812,.T.);
#4880=EDGE_CURVE('',#5876,#5875,#6236,.T.);
#4881=EDGE_CURVE('',#5624,#5877,#318,.T.);
#4882=EDGE_CURVE('',#5878,#5877,#813,.T.);
#4883=EDGE_CURVE('',#5878,#5876,#319,.T.);
#4884=EDGE_CURVE('',#5877,#5879,#320,.T.);
#4885=EDGE_CURVE('',#5880,#5879,#814,.T.);
#4886=EDGE_CURVE('',#5880,#5878,#321,.T.);
#4887=EDGE_CURVE('',#5879,#5881,#322,.T.);
#4888=EDGE_CURVE('',#5882,#5881,#815,.T.);
#4889=EDGE_CURVE('',#5882,#5880,#323,.T.);
#4890=EDGE_CURVE('',#5883,#5655,#816,.T.);
#4891=EDGE_CURVE('',#5883,#5882,#324,.T.);
#4892=EDGE_CURVE('',#5881,#5656,#325,.T.);
#4893=EDGE_CURVE('',#5884,#5654,#817,.T.);
#4894=EDGE_CURVE('',#5884,#5883,#326,.T.);
#4895=EDGE_CURVE('',#5885,#5653,#818,.T.);
#4896=EDGE_CURVE('',#5885,#5884,#6237,.T.);
#4897=EDGE_CURVE('',#5886,#5652,#819,.T.);
#4898=EDGE_CURVE('',#5886,#5885,#820,.T.);
#4899=EDGE_CURVE('',#5887,#5651,#821,.T.);
#4900=EDGE_CURVE('',#5887,#5886,#327,.T.);
#4901=EDGE_CURVE('',#5888,#5650,#822,.T.);
#4902=EDGE_CURVE('',#5888,#5887,#328,.T.);
#4903=EDGE_CURVE('',#5889,#5649,#823,.T.);
#4904=EDGE_CURVE('',#5889,#5888,#6238,.F.);
#4905=EDGE_CURVE('',#5890,#5648,#824,.T.);
#4906=EDGE_CURVE('',#5890,#5889,#329,.T.);
#4907=EDGE_CURVE('',#5891,#5647,#825,.T.);
#4908=EDGE_CURVE('',#5891,#5890,#330,.T.);
#4909=EDGE_CURVE('',#5892,#5646,#826,.T.);
#4910=EDGE_CURVE('',#5892,#5891,#331,.T.);
#4911=EDGE_CURVE('',#5893,#5645,#827,.T.);
#4912=EDGE_CURVE('',#5893,#5892,#332,.T.);
#4913=EDGE_CURVE('',#5894,#5644,#828,.T.);
#4914=EDGE_CURVE('',#5894,#5893,#829,.T.);
#4915=EDGE_CURVE('',#5895,#5643,#830,.T.);
#4916=EDGE_CURVE('',#5895,#5894,#333,.T.);
#4917=EDGE_CURVE('',#5860,#5895,#334,.T.);
#4918=EDGE_CURVE('',#5896,#5490,#831,.T.);
#4919=EDGE_CURVE('',#5896,#5897,#832,.T.);
#4920=EDGE_CURVE('',#5897,#5491,#833,.T.);
#4921=EDGE_CURVE('',#5898,#5489,#834,.T.);
#4922=EDGE_CURVE('',#5898,#5896,#835,.T.);
#4923=EDGE_CURVE('',#5899,#5492,#836,.T.);
#4924=EDGE_CURVE('',#5899,#5898,#837,.T.);
#4925=EDGE_CURVE('',#5897,#5899,#838,.T.);
#4926=EDGE_CURVE('',#5900,#5532,#839,.T.);
#4927=EDGE_CURVE('',#5900,#5901,#840,.T.);
#4928=EDGE_CURVE('',#5901,#5902,#841,.T.);
#4929=EDGE_CURVE('',#5902,#5533,#842,.T.);
#4930=EDGE_CURVE('',#5903,#5531,#843,.T.);
#4931=EDGE_CURVE('',#5903,#5900,#844,.T.);
#4932=EDGE_CURVE('',#5904,#5530,#845,.T.);
#4933=EDGE_CURVE('',#5904,#5903,#846,.T.);
#4934=EDGE_CURVE('',#5905,#5529,#847,.T.);
#4935=EDGE_CURVE('',#5905,#5904,#848,.T.);
#4936=EDGE_CURVE('',#5528,#5906,#849,.T.);
#4937=EDGE_CURVE('',#5907,#5906,#850,.T.);
#4938=EDGE_CURVE('',#5907,#5905,#851,.T.);
#4939=EDGE_CURVE('',#5906,#5902,#852,.T.);
#4940=EDGE_CURVE('',#5901,#5907,#853,.T.);
#4941=EDGE_CURVE('',#5908,#5909,#854,.T.);
#4942=EDGE_CURVE('',#5910,#5908,#855,.T.);
#4943=EDGE_CURVE('',#5910,#5911,#856,.T.);
#4944=EDGE_CURVE('',#5911,#5909,#857,.T.);
#4945=EDGE_CURVE('',#5912,#5908,#858,.T.);
#4946=EDGE_CURVE('',#5913,#5912,#859,.T.);
#4947=EDGE_CURVE('',#5913,#5910,#860,.T.);
#4948=EDGE_CURVE('',#5914,#5540,#861,.T.);
#4949=EDGE_CURVE('',#5914,#5915,#862,.T.);
#4950=EDGE_CURVE('',#5915,#5916,#863,.T.);
#4951=EDGE_CURVE('',#5916,#5541,#864,.T.);
#4952=EDGE_CURVE('',#5917,#5539,#865,.T.);
#4953=EDGE_CURVE('',#5917,#5914,#866,.T.);
#4954=EDGE_CURVE('',#5918,#5538,#867,.T.);
#4955=EDGE_CURVE('',#5918,#5917,#868,.T.);
#4956=EDGE_CURVE('',#5919,#5537,#869,.T.);
#4957=EDGE_CURVE('',#5919,#5918,#870,.T.);
#4958=EDGE_CURVE('',#5920,#5536,#871,.T.);
#4959=EDGE_CURVE('',#5920,#5919,#872,.T.);
#4960=EDGE_CURVE('',#5921,#5535,#873,.T.);
#4961=EDGE_CURVE('',#5921,#5920,#874,.T.);
#4962=EDGE_CURVE('',#5534,#5922,#875,.T.);
#4963=EDGE_CURVE('',#5923,#5922,#876,.T.);
#4964=EDGE_CURVE('',#5923,#5921,#877,.T.);
#4965=EDGE_CURVE('',#5922,#5916,#878,.T.);
#4966=EDGE_CURVE('',#5915,#5923,#879,.T.);
#4967=EDGE_CURVE('',#5909,#5912,#880,.T.);
#4968=EDGE_CURVE('',#5911,#5913,#881,.T.);
#4969=EDGE_CURVE('',#5924,#5925,#882,.T.);
#4970=EDGE_CURVE('',#5926,#5924,#883,.T.);
#4971=EDGE_CURVE('',#5926,#5927,#884,.T.);
#4972=EDGE_CURVE('',#5927,#5925,#885,.T.);
#4973=EDGE_CURVE('',#5928,#5924,#886,.T.);
#4974=EDGE_CURVE('',#5929,#5928,#887,.T.);
#4975=EDGE_CURVE('',#5929,#5926,#888,.T.);
#4976=EDGE_CURVE('',#5930,#5928,#889,.T.);
#4977=EDGE_CURVE('',#5931,#5930,#890,.T.);
#4978=EDGE_CURVE('',#5931,#5929,#891,.T.);
#4979=EDGE_CURVE('',#5932,#5930,#335,.T.);
#4980=EDGE_CURVE('',#5933,#5932,#892,.T.);
#4981=EDGE_CURVE('',#5933,#5931,#336,.T.);
#4982=EDGE_CURVE('',#5934,#5932,#337,.T.);
#4983=EDGE_CURVE('',#5935,#5934,#893,.T.);
#4984=EDGE_CURVE('',#5935,#5933,#338,.T.);
#4985=EDGE_CURVE('',#5936,#5934,#339,.T.);
#4986=EDGE_CURVE('',#5937,#5936,#894,.T.);
#4987=EDGE_CURVE('',#5937,#5935,#340,.T.);
#4988=EDGE_CURVE('',#5938,#5936,#895,.T.);
#4989=EDGE_CURVE('',#5939,#5938,#896,.T.);
#4990=EDGE_CURVE('',#5939,#5937,#897,.T.);
#4991=EDGE_CURVE('',#5940,#5938,#341,.T.);
#4992=EDGE_CURVE('',#5941,#5940,#898,.T.);
#4993=EDGE_CURVE('',#5941,#5939,#342,.T.);
#4994=EDGE_CURVE('',#5942,#5940,#343,.T.);
#4995=EDGE_CURVE('',#5943,#5942,#899,.T.);
#4996=EDGE_CURVE('',#5943,#5941,#344,.T.);
#4997=EDGE_CURVE('',#5944,#5549,#900,.T.);
#4998=EDGE_CURVE('',#5944,#5945,#901,.T.);
#4999=EDGE_CURVE('',#5945,#5946,#902,.T.);
#5000=EDGE_CURVE('',#5946,#5550,#903,.T.);
#5001=EDGE_CURVE('',#5947,#5548,#904,.T.);
#5002=EDGE_CURVE('',#5947,#5944,#905,.T.);
#5003=EDGE_CURVE('',#5948,#5547,#906,.T.);
#5004=EDGE_CURVE('',#5948,#5947,#345,.T.);
#5005=EDGE_CURVE('',#5949,#5546,#907,.T.);
#5006=EDGE_CURVE('',#5949,#5948,#346,.T.);
#5007=EDGE_CURVE('',#5950,#5545,#908,.T.);
#5008=EDGE_CURVE('',#5950,#5949,#347,.T.);
#5009=EDGE_CURVE('',#5951,#5544,#909,.T.);
#5010=EDGE_CURVE('',#5951,#5950,#910,.T.);
#5011=EDGE_CURVE('',#5952,#5543,#911,.T.);
#5012=EDGE_CURVE('',#5952,#5951,#348,.T.);
#5013=EDGE_CURVE('',#5542,#5953,#349,.T.);
#5014=EDGE_CURVE('',#5954,#5953,#912,.T.);
#5015=EDGE_CURVE('',#5954,#5952,#350,.T.);
#5016=EDGE_CURVE('',#5953,#5955,#351,.T.);
#5017=EDGE_CURVE('',#5956,#5955,#913,.T.);
#5018=EDGE_CURVE('',#5956,#5954,#352,.T.);
#5019=EDGE_CURVE('',#5955,#5946,#914,.T.);
#5020=EDGE_CURVE('',#5945,#5956,#915,.T.);
#5021=EDGE_CURVE('',#5925,#5942,#353,.T.);
#5022=EDGE_CURVE('',#5927,#5943,#354,.T.);
#5023=EDGE_CURVE('',#5957,#5561,#916,.T.);
#5024=EDGE_CURVE('',#5957,#5958,#917,.T.);
#5025=EDGE_CURVE('',#5958,#5959,#918,.T.);
#5026=EDGE_CURVE('',#5959,#5562,#919,.T.);
#5027=EDGE_CURVE('',#5960,#5560,#920,.T.);
#5028=EDGE_CURVE('',#5960,#5957,#921,.T.);
#5029=EDGE_CURVE('',#5961,#5559,#922,.T.);
#5030=EDGE_CURVE('',#5961,#5960,#923,.T.);
#5031=EDGE_CURVE('',#5962,#5558,#924,.T.);
#5032=EDGE_CURVE('',#5962,#5961,#925,.T.);
#5033=EDGE_CURVE('',#5963,#5557,#926,.T.);
#5034=EDGE_CURVE('',#5963,#5962,#927,.T.);
#5035=EDGE_CURVE('',#5964,#5556,#928,.T.);
#5036=EDGE_CURVE('',#5964,#5963,#929,.T.);
#5037=EDGE_CURVE('',#5965,#5555,#930,.T.);
#5038=EDGE_CURVE('',#5965,#5964,#931,.T.);
#5039=EDGE_CURVE('',#5966,#5554,#932,.T.);
#5040=EDGE_CURVE('',#5966,#5965,#933,.T.);
#5041=EDGE_CURVE('',#5967,#5553,#934,.T.);
#5042=EDGE_CURVE('',#5967,#5966,#935,.T.);
#5043=EDGE_CURVE('',#5968,#5552,#936,.T.);
#5044=EDGE_CURVE('',#5968,#5967,#937,.T.);
#5045=EDGE_CURVE('',#5551,#5969,#938,.T.);
#5046=EDGE_CURVE('',#5970,#5969,#939,.T.);
#5047=EDGE_CURVE('',#5970,#5968,#940,.T.);
#5048=EDGE_CURVE('',#5969,#5959,#941,.T.);
#5049=EDGE_CURVE('',#5958,#5970,#942,.T.);
#5050=EDGE_CURVE('',#5971,#5972,#943,.T.);
#5051=EDGE_CURVE('',#5973,#5971,#944,.T.);
#5052=EDGE_CURVE('',#5973,#5974,#945,.T.);
#5053=EDGE_CURVE('',#5974,#5972,#946,.T.);
#5054=EDGE_CURVE('',#5975,#5971,#947,.T.);
#5055=EDGE_CURVE('',#5976,#5975,#948,.T.);
#5056=EDGE_CURVE('',#5976,#5973,#949,.T.);
#5057=EDGE_CURVE('',#5977,#5975,#950,.T.);
#5058=EDGE_CURVE('',#5978,#5977,#951,.T.);
#5059=EDGE_CURVE('',#5978,#5976,#952,.T.);
#5060=EDGE_CURVE('',#5979,#5977,#355,.T.);
#5061=EDGE_CURVE('',#5980,#5979,#953,.T.);
#5062=EDGE_CURVE('',#5980,#5978,#356,.T.);
#5063=EDGE_CURVE('',#5981,#5979,#357,.T.);
#5064=EDGE_CURVE('',#5982,#5981,#954,.T.);
#5065=EDGE_CURVE('',#5982,#5980,#358,.T.);
#5066=EDGE_CURVE('',#5983,#5981,#359,.T.);
#5067=EDGE_CURVE('',#5984,#5983,#955,.T.);
#5068=EDGE_CURVE('',#5984,#5982,#360,.T.);
#5069=EDGE_CURVE('',#5985,#5983,#361,.T.);
#5070=EDGE_CURVE('',#5986,#5985,#956,.T.);
#5071=EDGE_CURVE('',#5986,#5984,#362,.T.);
#5072=EDGE_CURVE('',#5987,#5985,#363,.T.);
#5073=EDGE_CURVE('',#5988,#5987,#957,.T.);
#5074=EDGE_CURVE('',#5988,#5986,#364,.T.);
#5075=EDGE_CURVE('',#5989,#5571,#958,.T.);
#5076=EDGE_CURVE('',#5989,#5990,#959,.T.);
#5077=EDGE_CURVE('',#5990,#5991,#960,.T.);
#5078=EDGE_CURVE('',#5991,#5572,#961,.T.);
#5079=EDGE_CURVE('',#5992,#5570,#962,.T.);
#5080=EDGE_CURVE('',#5992,#5989,#963,.T.);
#5081=EDGE_CURVE('',#5993,#5569,#964,.T.);
#5082=EDGE_CURVE('',#5993,#5992,#965,.T.);
#5083=EDGE_CURVE('',#5994,#5568,#966,.T.);
#5084=EDGE_CURVE('',#5994,#5993,#967,.T.);
#5085=EDGE_CURVE('',#5995,#5567,#968,.T.);
#5086=EDGE_CURVE('',#5995,#5994,#365,.T.);
#5087=EDGE_CURVE('',#5996,#5566,#969,.T.);
#5088=EDGE_CURVE('',#5996,#5995,#366,.T.);
#5089=EDGE_CURVE('',#5997,#5565,#970,.T.);
#5090=EDGE_CURVE('',#5997,#5996,#367,.T.);
#5091=EDGE_CURVE('',#5998,#5564,#971,.T.);
#5092=EDGE_CURVE('',#5998,#5997,#368,.T.);
#5093=EDGE_CURVE('',#5563,#5999,#369,.T.);
#5094=EDGE_CURVE('',#6000,#5999,#972,.T.);
#5095=EDGE_CURVE('',#6000,#5998,#370,.T.);
#5096=EDGE_CURVE('',#5999,#6001,#371,.T.);
#5097=EDGE_CURVE('',#6002,#6001,#973,.T.);
#5098=EDGE_CURVE('',#6002,#6000,#372,.T.);
#5099=EDGE_CURVE('',#6001,#5991,#974,.T.);
#5100=EDGE_CURVE('',#5990,#6002,#975,.T.);
#5101=EDGE_CURVE('',#5972,#5987,#373,.T.);
#5102=EDGE_CURVE('',#5974,#5988,#374,.T.);
#5103=EDGE_CURVE('',#6003,#5622,#976,.T.);
#5104=EDGE_CURVE('',#6003,#6004,#977,.T.);
#5105=EDGE_CURVE('',#6004,#6005,#978,.T.);
#5106=EDGE_CURVE('',#6005,#5623,#979,.T.);
#5107=EDGE_CURVE('',#6006,#5621,#980,.T.);
#5108=EDGE_CURVE('',#6006,#6003,#981,.T.);
#5109=EDGE_CURVE('',#6007,#5620,#982,.T.);
#5110=EDGE_CURVE('',#6007,#6006,#983,.T.);
#5111=EDGE_CURVE('',#6008,#5619,#984,.T.);
#5112=EDGE_CURVE('',#6008,#6007,#985,.T.);
#5113=EDGE_CURVE('',#6009,#5618,#986,.T.);
#5114=EDGE_CURVE('',#6009,#6008,#987,.T.);
#5115=EDGE_CURVE('',#6010,#5617,#988,.T.);
#5116=EDGE_CURVE('',#6010,#6009,#989,.T.);
#5117=EDGE_CURVE('',#6011,#5616,#990,.T.);
#5118=EDGE_CURVE('',#6011,#6010,#991,.T.);
#5119=EDGE_CURVE('',#6012,#5615,#992,.T.);
#5120=EDGE_CURVE('',#6012,#6011,#993,.T.);
#5121=EDGE_CURVE('',#6013,#5614,#994,.T.);
#5122=EDGE_CURVE('',#6013,#6012,#995,.T.);
#5123=EDGE_CURVE('',#6014,#5613,#996,.T.);
#5124=EDGE_CURVE('',#6014,#6013,#997,.T.);
#5125=EDGE_CURVE('',#5612,#6015,#998,.T.);
#5126=EDGE_CURVE('',#6016,#6015,#999,.T.);
#5127=EDGE_CURVE('',#6016,#6014,#1000,.T.);
#5128=EDGE_CURVE('',#6015,#6005,#1001,.T.);
#5129=EDGE_CURVE('',#6004,#6016,#1002,.T.);
#5130=EDGE_CURVE('',#6017,#5661,#1003,.T.);
#5131=EDGE_CURVE('',#6017,#6018,#375,.T.);
#5132=EDGE_CURVE('',#6018,#5662,#1004,.T.);
#5133=EDGE_CURVE('',#6019,#5660,#1005,.T.);
#5134=EDGE_CURVE('',#6019,#6017,#376,.T.);
#5135=EDGE_CURVE('',#6020,#5659,#1006,.T.);
#5136=EDGE_CURVE('',#6020,#6019,#377,.T.);
#5137=EDGE_CURVE('',#6021,#5658,#1007,.T.);
#5138=EDGE_CURVE('',#6021,#6020,#378,.T.);
#5139=EDGE_CURVE('',#5657,#6022,#1008,.T.);
#5140=EDGE_CURVE('',#6023,#6022,#1009,.T.);
#5141=EDGE_CURVE('',#6023,#6021,#1010,.T.);
#5142=EDGE_CURVE('',#6022,#6024,#1011,.T.);
#5143=EDGE_CURVE('',#6025,#6024,#1012,.T.);
#5144=EDGE_CURVE('',#6025,#6023,#1013,.T.);
#5145=EDGE_CURVE('',#6026,#5736,#1014,.T.);
#5146=EDGE_CURVE('',#6026,#6025,#1015,.T.);
#5147=EDGE_CURVE('',#6024,#5737,#1016,.T.);
#5148=EDGE_CURVE('',#6027,#5744,#1017,.T.);
#5149=EDGE_CURVE('',#6027,#6026,#6239,.F.);
#5150=EDGE_CURVE('',#6028,#5743,#1018,.T.);
#5151=EDGE_CURVE('',#6028,#6027,#379,.T.);
#5152=EDGE_CURVE('',#6029,#5742,#1019,.T.);
#5153=EDGE_CURVE('',#6029,#6028,#380,.T.);
#5154=EDGE_CURVE('',#6030,#5741,#1020,.T.);
#5155=EDGE_CURVE('',#6030,#6029,#381,.T.);
#5156=EDGE_CURVE('',#6031,#5740,#1021,.T.);
#5157=EDGE_CURVE('',#6031,#6030,#382,.T.);
#5158=EDGE_CURVE('',#6032,#5739,#1022,.T.);
#5159=EDGE_CURVE('',#6032,#6031,#6240,.F.);
#5160=EDGE_CURVE('',#5738,#6033,#1023,.T.);
#5161=EDGE_CURVE('',#6034,#6033,#1024,.T.);
#5162=EDGE_CURVE('',#6034,#6032,#1025,.T.);
#5163=EDGE_CURVE('',#6033,#6035,#1026,.T.);
#5164=EDGE_CURVE('',#6036,#6035,#1027,.T.);
#5165=EDGE_CURVE('',#6036,#6034,#1028,.T.);
#5166=EDGE_CURVE('',#6037,#5664,#1029,.T.);
#5167=EDGE_CURVE('',#6037,#6036,#1030,.T.);
#5168=EDGE_CURVE('',#6035,#5665,#1031,.T.);
#5169=EDGE_CURVE('',#6038,#5663,#1032,.T.);
#5170=EDGE_CURVE('',#6038,#6037,#383,.T.);
#5171=EDGE_CURVE('',#6018,#6038,#384,.T.);
#5172=EDGE_CURVE('',#6039,#5671,#1033,.T.);
#5173=EDGE_CURVE('',#6039,#6040,#1034,.T.);
#5174=EDGE_CURVE('',#6040,#6041,#1035,.T.);
#5175=EDGE_CURVE('',#6041,#5672,#1036,.T.);
#5176=EDGE_CURVE('',#6042,#5670,#1037,.T.);
#5177=EDGE_CURVE('',#6042,#6039,#1038,.T.);
#5178=EDGE_CURVE('',#6043,#5669,#1039,.T.);
#5179=EDGE_CURVE('',#6043,#6042,#1040,.T.);
#5180=EDGE_CURVE('',#6044,#5668,#1041,.T.);
#5181=EDGE_CURVE('',#6044,#6043,#1042,.T.);
#5182=EDGE_CURVE('',#6045,#5667,#1043,.T.);
#5183=EDGE_CURVE('',#6045,#6044,#1044,.T.);
#5184=EDGE_CURVE('',#5666,#6046,#1045,.T.);
#5185=EDGE_CURVE('',#6047,#6046,#1046,.T.);
#5186=EDGE_CURVE('',#6047,#6045,#1047,.T.);
#5187=EDGE_CURVE('',#6046,#6048,#1048,.T.);
#5188=EDGE_CURVE('',#6049,#6048,#1049,.T.);
#5189=EDGE_CURVE('',#6049,#6047,#1050,.T.);
#5190=EDGE_CURVE('',#6050,#5745,#1051,.T.);
#5191=EDGE_CURVE('',#6050,#6049,#1052,.T.);
#5192=EDGE_CURVE('',#6048,#5746,#1053,.T.);
#5193=EDGE_CURVE('',#5747,#6051,#1054,.T.);
#5194=EDGE_CURVE('',#6052,#6051,#1055,.T.);
#5195=EDGE_CURVE('',#6052,#6050,#1056,.T.);
#5196=EDGE_CURVE('',#6051,#6041,#1057,.T.);
#5197=EDGE_CURVE('',#6040,#6052,#1058,.T.);
#5198=EDGE_CURVE('',#6053,#5683,#1059,.T.);
#5199=EDGE_CURVE('',#6053,#6054,#1060,.T.);
#5200=EDGE_CURVE('',#6054,#6055,#1061,.T.);
#5201=EDGE_CURVE('',#6055,#5684,#1062,.T.);
#5202=EDGE_CURVE('',#6056,#5682,#1063,.T.);
#5203=EDGE_CURVE('',#6056,#6053,#1064,.T.);
#5204=EDGE_CURVE('',#6057,#5681,#1065,.T.);
#5205=EDGE_CURVE('',#6057,#6056,#1066,.T.);
#5206=EDGE_CURVE('',#6058,#5680,#1067,.T.);
#5207=EDGE_CURVE('',#6058,#6057,#1068,.T.);
#5208=EDGE_CURVE('',#6059,#5679,#1069,.T.);
#5209=EDGE_CURVE('',#6059,#6058,#1070,.T.);
#5210=EDGE_CURVE('',#6060,#5678,#1071,.T.);
#5211=EDGE_CURVE('',#6060,#6059,#1072,.T.);
#5212=EDGE_CURVE('',#6061,#5677,#1073,.T.);
#5213=EDGE_CURVE('',#6061,#6060,#1074,.T.);
#5214=EDGE_CURVE('',#6062,#5676,#1075,.T.);
#5215=EDGE_CURVE('',#6062,#6061,#1076,.T.);
#5216=EDGE_CURVE('',#6063,#5675,#1077,.T.);
#5217=EDGE_CURVE('',#6063,#6062,#1078,.T.);
#5218=EDGE_CURVE('',#6064,#5674,#1079,.T.);
#5219=EDGE_CURVE('',#6064,#6063,#1080,.T.);
#5220=EDGE_CURVE('',#5673,#6065,#1081,.T.);
#5221=EDGE_CURVE('',#6066,#6065,#1082,.T.);
#5222=EDGE_CURVE('',#6066,#6064,#1083,.T.);
#5223=EDGE_CURVE('',#6065,#6055,#1084,.T.);
#5224=EDGE_CURVE('',#6054,#6066,#1085,.T.);
#5225=EDGE_CURVE('',#6067,#5693,#1086,.T.);
#5226=EDGE_CURVE('',#6067,#6068,#1087,.T.);
#5227=EDGE_CURVE('',#6068,#6069,#1088,.T.);
#5228=EDGE_CURVE('',#6069,#5694,#1089,.T.);
#5229=EDGE_CURVE('',#6070,#5692,#1090,.T.);
#5230=EDGE_CURVE('',#6070,#6067,#1091,.T.);
#5231=EDGE_CURVE('',#6071,#5691,#1092,.T.);
#5232=EDGE_CURVE('',#6071,#6070,#1093,.T.);
#5233=EDGE_CURVE('',#6072,#5690,#1094,.T.);
#5234=EDGE_CURVE('',#6072,#6071,#1095,.T.);
#5235=EDGE_CURVE('',#6073,#5689,#1096,.T.);
#5236=EDGE_CURVE('',#6073,#6072,#1097,.T.);
#5237=EDGE_CURVE('',#6074,#5688,#1098,.T.);
#5238=EDGE_CURVE('',#6074,#6073,#1099,.T.);
#5239=EDGE_CURVE('',#6075,#5687,#1100,.T.);
#5240=EDGE_CURVE('',#6075,#6074,#1101,.T.);
#5241=EDGE_CURVE('',#6076,#5686,#1102,.T.);
#5242=EDGE_CURVE('',#6076,#6075,#1103,.T.);
#5243=EDGE_CURVE('',#5685,#6077,#1104,.T.);
#5244=EDGE_CURVE('',#6078,#6077,#1105,.T.);
#5245=EDGE_CURVE('',#6078,#6076,#1106,.T.);
#5246=EDGE_CURVE('',#6077,#6079,#1107,.T.);
#5247=EDGE_CURVE('',#6080,#6079,#1108,.T.);
#5248=EDGE_CURVE('',#6080,#6078,#1109,.T.);
#5249=EDGE_CURVE('',#6081,#5748,#1110,.T.);
#5250=EDGE_CURVE('',#6081,#6080,#1111,.T.);
#5251=EDGE_CURVE('',#6079,#5749,#1112,.T.);
#5252=EDGE_CURVE('',#5750,#6082,#1113,.T.);
#5253=EDGE_CURVE('',#6083,#6082,#1114,.T.);
#5254=EDGE_CURVE('',#6083,#6081,#1115,.T.);
#5255=EDGE_CURVE('',#6082,#6069,#1116,.T.);
#5256=EDGE_CURVE('',#6068,#6083,#1117,.T.);
#5257=EDGE_CURVE('',#6084,#5699,#1118,.T.);
#5258=EDGE_CURVE('',#6084,#6085,#1119,.T.);
#5259=EDGE_CURVE('',#6085,#6086,#1120,.T.);
#5260=EDGE_CURVE('',#6086,#5700,#1121,.T.);
#5261=EDGE_CURVE('',#6087,#5698,#1122,.T.);
#5262=EDGE_CURVE('',#6087,#6084,#1123,.T.);
#5263=EDGE_CURVE('',#6088,#5697,#1124,.T.);
#5264=EDGE_CURVE('',#6088,#6087,#1125,.T.);
#5265=EDGE_CURVE('',#6089,#5696,#1126,.T.);
#5266=EDGE_CURVE('',#6089,#6088,#1127,.T.);
#5267=EDGE_CURVE('',#5695,#6090,#1128,.T.);
#5268=EDGE_CURVE('',#6091,#6090,#1129,.T.);
#5269=EDGE_CURVE('',#6091,#6089,#1130,.T.);
#5270=EDGE_CURVE('',#6090,#6086,#1131,.T.);
#5271=EDGE_CURVE('',#6085,#6091,#1132,.T.);
#5272=EDGE_CURVE('',#6092,#6093,#1133,.T.);
#5273=EDGE_CURVE('',#6094,#6092,#1134,.T.);
#5274=EDGE_CURVE('',#6094,#6095,#1135,.T.);
#5275=EDGE_CURVE('',#6095,#6093,#1136,.T.);
#5276=EDGE_CURVE('',#6096,#6092,#1137,.T.);
#5277=EDGE_CURVE('',#6097,#6096,#1138,.T.);
#5278=EDGE_CURVE('',#6097,#6094,#1139,.T.);
#5279=EDGE_CURVE('',#6098,#5707,#1140,.T.);
#5280=EDGE_CURVE('',#6098,#6099,#1141,.T.);
#5281=EDGE_CURVE('',#6099,#6100,#1142,.T.);
#5282=EDGE_CURVE('',#6100,#5708,#1143,.T.);
#5283=EDGE_CURVE('',#6101,#5706,#1144,.T.);
#5284=EDGE_CURVE('',#6101,#6098,#1145,.T.);
#5285=EDGE_CURVE('',#6102,#5705,#1146,.T.);
#5286=EDGE_CURVE('',#6102,#6101,#1147,.T.);
#5287=EDGE_CURVE('',#6103,#5704,#1148,.T.);
#5288=EDGE_CURVE('',#6103,#6102,#1149,.T.);
#5289=EDGE_CURVE('',#6104,#5703,#1150,.T.);
#5290=EDGE_CURVE('',#6104,#6103,#1151,.T.);
#5291=EDGE_CURVE('',#6105,#5702,#1152,.T.);
#5292=EDGE_CURVE('',#6105,#6104,#1153,.T.);
#5293=EDGE_CURVE('',#5701,#6106,#1154,.T.);
#5294=EDGE_CURVE('',#6107,#6106,#1155,.T.);
#5295=EDGE_CURVE('',#6107,#6105,#1156,.T.);
#5296=EDGE_CURVE('',#6106,#6100,#1157,.T.);
#5297=EDGE_CURVE('',#6099,#6107,#1158,.T.);
#5298=EDGE_CURVE('',#6093,#6096,#1159,.T.);
#5299=EDGE_CURVE('',#6095,#6097,#1160,.T.);
#5300=EDGE_CURVE('',#6108,#5719,#1161,.T.);
#5301=EDGE_CURVE('',#6108,#6109,#1162,.T.);
#5302=EDGE_CURVE('',#6109,#6110,#1163,.T.);
#5303=EDGE_CURVE('',#6110,#5720,#1164,.T.);
#5304=EDGE_CURVE('',#6111,#5718,#1165,.T.);
#5305=EDGE_CURVE('',#6111,#6108,#1166,.T.);
#5306=EDGE_CURVE('',#6112,#5717,#1167,.T.);
#5307=EDGE_CURVE('',#6112,#6111,#1168,.T.);
#5308=EDGE_CURVE('',#6113,#5716,#1169,.T.);
#5309=EDGE_CURVE('',#6113,#6112,#1170,.T.);
#5310=EDGE_CURVE('',#6114,#5715,#1171,.T.);
#5311=EDGE_CURVE('',#6114,#6113,#1172,.T.);
#5312=EDGE_CURVE('',#6115,#5714,#1173,.T.);
#5313=EDGE_CURVE('',#6115,#6114,#1174,.T.);
#5314=EDGE_CURVE('',#6116,#5713,#1175,.T.);
#5315=EDGE_CURVE('',#6116,#6115,#1176,.T.);
#5316=EDGE_CURVE('',#6117,#5712,#1177,.T.);
#5317=EDGE_CURVE('',#6117,#6116,#1178,.T.);
#5318=EDGE_CURVE('',#6118,#5711,#1179,.T.);
#5319=EDGE_CURVE('',#6118,#6117,#1180,.T.);
#5320=EDGE_CURVE('',#6119,#5710,#1181,.T.);
#5321=EDGE_CURVE('',#6119,#6118,#1182,.T.);
#5322=EDGE_CURVE('',#5709,#6120,#1183,.T.);
#5323=EDGE_CURVE('',#6121,#6120,#1184,.T.);
#5324=EDGE_CURVE('',#6121,#6119,#1185,.T.);
#5325=EDGE_CURVE('',#6120,#6110,#1186,.T.);
#5326=EDGE_CURVE('',#6109,#6121,#1187,.T.);
#5327=EDGE_CURVE('',#6122,#6123,#1188,.T.);
#5328=EDGE_CURVE('',#6124,#6122,#1189,.T.);
#5329=EDGE_CURVE('',#6124,#6125,#1190,.T.);
#5330=EDGE_CURVE('',#6125,#6123,#1191,.T.);
#5331=EDGE_CURVE('',#6126,#6122,#1192,.T.);
#5332=EDGE_CURVE('',#6127,#6126,#1193,.T.);
#5333=EDGE_CURVE('',#6127,#6124,#1194,.T.);
#5334=EDGE_CURVE('',#6128,#6126,#1195,.T.);
#5335=EDGE_CURVE('',#6129,#6128,#1196,.T.);
#5336=EDGE_CURVE('',#6129,#6127,#1197,.T.);
#5337=EDGE_CURVE('',#6130,#6128,#385,.T.);
#5338=EDGE_CURVE('',#6131,#6130,#1198,.T.);
#5339=EDGE_CURVE('',#6131,#6129,#386,.T.);
#5340=EDGE_CURVE('',#6132,#6130,#387,.T.);
#5341=EDGE_CURVE('',#6133,#6132,#1199,.T.);
#5342=EDGE_CURVE('',#6133,#6131,#388,.T.);
#5343=EDGE_CURVE('',#6134,#6132,#389,.T.);
#5344=EDGE_CURVE('',#6135,#6134,#1200,.T.);
#5345=EDGE_CURVE('',#6135,#6133,#390,.T.);
#5346=EDGE_CURVE('',#6136,#6134,#391,.T.);
#5347=EDGE_CURVE('',#6137,#6136,#1201,.T.);
#5348=EDGE_CURVE('',#6137,#6135,#392,.T.);
#5349=EDGE_CURVE('',#6138,#5732,#1202,.T.);
#5350=EDGE_CURVE('',#6138,#6139,#1203,.T.);
#5351=EDGE_CURVE('',#6139,#6140,#1204,.T.);
#5352=EDGE_CURVE('',#6140,#5733,#1205,.T.);
#5353=EDGE_CURVE('',#6141,#5731,#1206,.T.);
#5354=EDGE_CURVE('',#6141,#6138,#1207,.T.);
#5355=EDGE_CURVE('',#6142,#5730,#1208,.T.);
#5356=EDGE_CURVE('',#6142,#6141,#1209,.T.);
#5357=EDGE_CURVE('',#6143,#5729,#1210,.T.);
#5358=EDGE_CURVE('',#6143,#6142,#1211,.T.);
#5359=EDGE_CURVE('',#6144,#5728,#1212,.T.);
#5360=EDGE_CURVE('',#6144,#6143,#1213,.T.);
#5361=EDGE_CURVE('',#6145,#5727,#1214,.T.);
#5362=EDGE_CURVE('',#6145,#6144,#1215,.T.);
#5363=EDGE_CURVE('',#6146,#5726,#1216,.T.);
#5364=EDGE_CURVE('',#6146,#6145,#1217,.T.);
#5365=EDGE_CURVE('',#6147,#5725,#1218,.T.);
#5366=EDGE_CURVE('',#6147,#6146,#393,.T.);
#5367=EDGE_CURVE('',#6148,#5724,#1219,.T.);
#5368=EDGE_CURVE('',#6148,#6147,#394,.T.);
#5369=EDGE_CURVE('',#6149,#5723,#1220,.T.);
#5370=EDGE_CURVE('',#6149,#6148,#395,.T.);
#5371=EDGE_CURVE('',#6150,#5722,#1221,.T.);
#5372=EDGE_CURVE('',#6150,#6149,#396,.T.);
#5373=EDGE_CURVE('',#5721,#6151,#397,.T.);
#5374=EDGE_CURVE('',#6152,#6151,#1222,.T.);
#5375=EDGE_CURVE('',#6152,#6150,#398,.T.);
#5376=EDGE_CURVE('',#6151,#6153,#399,.T.);
#5377=EDGE_CURVE('',#6154,#6153,#1223,.T.);
#5378=EDGE_CURVE('',#6154,#6152,#400,.T.);
#5379=EDGE_CURVE('',#6153,#6140,#1224,.T.);
#5380=EDGE_CURVE('',#6139,#6154,#1225,.T.);
#5381=EDGE_CURVE('',#6123,#6136,#401,.T.);
#5382=EDGE_CURVE('',#6125,#6137,#402,.T.);
#5383=EDGE_CURVE('',#5761,#5734,#1226,.T.);
#5384=EDGE_CURVE('',#5775,#5764,#1227,.T.);
#5385=EDGE_CURVE('',#5777,#5763,#1228,.F.);
#5386=EDGE_CURVE('',#5762,#5493,#1229,.T.);
#5387=VERTEX_POINT('',#9765);
#5388=VERTEX_POINT('',#9767);
#5389=VERTEX_POINT('',#9768);
#5390=VERTEX_POINT('',#9770);
#5391=VERTEX_POINT('',#9772);
#5392=VERTEX_POINT('',#9775);
#5393=VERTEX_POINT('',#9778);
#5394=VERTEX_POINT('',#9780);
#5395=VERTEX_POINT('',#9781);
#5396=VERTEX_POINT('',#9783);
#5397=VERTEX_POINT('',#9785);
#5398=VERTEX_POINT('',#9788);
#5399=VERTEX_POINT('',#9791);
#5400=VERTEX_POINT('',#9792);
#5401=VERTEX_POINT('',#9794);
#5402=VERTEX_POINT('',#9796);
#5403=VERTEX_POINT('',#9800);
#5404=VERTEX_POINT('',#9802);
#5405=VERTEX_POINT('',#9804);
#5406=VERTEX_POINT('',#9806);
#5407=VERTEX_POINT('',#9808);
#5408=VERTEX_POINT('',#9812);
#5409=VERTEX_POINT('',#9814);
#5410=VERTEX_POINT('',#9816);
#5411=VERTEX_POINT('',#9817);
#5412=VERTEX_POINT('',#9819);
#5413=VERTEX_POINT('',#9821);
#5414=VERTEX_POINT('',#9825);
#5415=VERTEX_POINT('',#9827);
#5416=VERTEX_POINT('',#9831);
#5417=VERTEX_POINT('',#9833);
#5418=VERTEX_POINT('',#9838);
#5419=VERTEX_POINT('',#9840);
#5420=VERTEX_POINT('',#9842);
#5421=VERTEX_POINT('',#9863);
#5422=VERTEX_POINT('',#9864);
#5423=VERTEX_POINT('',#9866);
#5424=VERTEX_POINT('',#9868);
#5425=VERTEX_POINT('',#9871);
#5426=VERTEX_POINT('',#9873);
#5427=VERTEX_POINT('',#9876);
#5428=VERTEX_POINT('',#9877);
#5429=VERTEX_POINT('',#9879);
#5430=VERTEX_POINT('',#9881);
#5431=VERTEX_POINT('',#9884);
#5432=VERTEX_POINT('',#9886);
#5433=VERTEX_POINT('',#9889);
#5434=VERTEX_POINT('',#9891);
#5435=VERTEX_POINT('',#9893);
#5436=VERTEX_POINT('',#9894);
#5437=VERTEX_POINT('',#9896);
#5438=VERTEX_POINT('',#9898);
#5439=VERTEX_POINT('',#9902);
#5440=VERTEX_POINT('',#9904);
#5441=VERTEX_POINT('',#9908);
#5442=VERTEX_POINT('',#9910);
#5443=VERTEX_POINT('',#9915);
#5444=VERTEX_POINT('',#9917);
#5445=VERTEX_POINT('',#9919);
#5446=VERTEX_POINT('',#9921);
#5447=VERTEX_POINT('',#9923);
#5448=VERTEX_POINT('',#9927);
#5449=VERTEX_POINT('',#9929);
#5450=VERTEX_POINT('',#9933);
#5451=VERTEX_POINT('',#9935);
#5452=VERTEX_POINT('',#9937);
#5453=VERTEX_POINT('',#9939);
#5454=VERTEX_POINT('',#9941);
#5455=VERTEX_POINT('',#9961);
#5456=VERTEX_POINT('',#9963);
#5457=VERTEX_POINT('',#9964);
#5458=VERTEX_POINT('',#9966);
#5459=VERTEX_POINT('',#9968);
#5460=VERTEX_POINT('',#9971);
#5461=VERTEX_POINT('',#9974);
#5462=VERTEX_POINT('',#9975);
#5463=VERTEX_POINT('',#9977);
#5464=VERTEX_POINT('',#9979);
#5465=VERTEX_POINT('',#9982);
#5466=VERTEX_POINT('',#9984);
#5467=VERTEX_POINT('',#9987);
#5468=VERTEX_POINT('',#9988);
#5469=VERTEX_POINT('',#9990);
#5470=VERTEX_POINT('',#9992);
#5471=VERTEX_POINT('',#9996);
#5472=VERTEX_POINT('',#9998);
#5473=VERTEX_POINT('',#10000);
#5474=VERTEX_POINT('',#10002);
#5475=VERTEX_POINT('',#10004);
#5476=VERTEX_POINT('',#10008);
#5477=VERTEX_POINT('',#10010);
#5478=VERTEX_POINT('',#10012);
#5479=VERTEX_POINT('',#10013);
#5480=VERTEX_POINT('',#10015);
#5481=VERTEX_POINT('',#10017);
#5482=VERTEX_POINT('',#10021);
#5483=VERTEX_POINT('',#10023);
#5484=VERTEX_POINT('',#10027);
#5485=VERTEX_POINT('',#10029);
#5486=VERTEX_POINT('',#10034);
#5487=VERTEX_POINT('',#10036);
#5488=VERTEX_POINT('',#10038);
#5489=VERTEX_POINT('',#10059);
#5490=VERTEX_POINT('',#10060);
#5491=VERTEX_POINT('',#10062);
#5492=VERTEX_POINT('',#10064);
#5493=VERTEX_POINT('',#10067);
#5494=VERTEX_POINT('',#10068);
#5495=VERTEX_POINT('',#10070);
#5496=VERTEX_POINT('',#10074);
#5497=VERTEX_POINT('',#10076);
#5498=VERTEX_POINT('',#10078);
#5499=VERTEX_POINT('',#10080);
#5500=VERTEX_POINT('',#10084);
#5501=VERTEX_POINT('',#10088);
#5502=VERTEX_POINT('',#10092);
#5503=VERTEX_POINT('',#10096);
#5504=VERTEX_POINT('',#10100);
#5505=VERTEX_POINT('',#10104);
#5506=VERTEX_POINT('',#10108);
#5507=VERTEX_POINT('',#10110);
#5508=VERTEX_POINT('',#10114);
#5509=VERTEX_POINT('',#10118);
#5510=VERTEX_POINT('',#10122);
#5511=VERTEX_POINT('',#10126);
#5512=VERTEX_POINT('',#10130);
#5513=VERTEX_POINT('',#10134);
#5514=VERTEX_POINT('',#10138);
#5515=VERTEX_POINT('',#10142);
#5516=VERTEX_POINT('',#10144);
#5517=VERTEX_POINT('',#10148);
#5518=VERTEX_POINT('',#10152);
#5519=VERTEX_POINT('',#10156);
#5520=VERTEX_POINT('',#10160);
#5521=VERTEX_POINT('',#10162);
#5522=VERTEX_POINT('',#10166);
#5523=VERTEX_POINT('',#10170);
#5524=VERTEX_POINT('',#10172);
#5525=VERTEX_POINT('',#10174);
#5526=VERTEX_POINT('',#10178);
#5527=VERTEX_POINT('',#10182);
#5528=VERTEX_POINT('',#10184);
#5529=VERTEX_POINT('',#10186);
#5530=VERTEX_POINT('',#10188);
#5531=VERTEX_POINT('',#10190);
#5532=VERTEX_POINT('',#10192);
#5533=VERTEX_POINT('',#10194);
#5534=VERTEX_POINT('',#10196);
#5535=VERTEX_POINT('',#10198);
#5536=VERTEX_POINT('',#10200);
#5537=VERTEX_POINT('',#10202);
#5538=VERTEX_POINT('',#10204);
#5539=VERTEX_POINT('',#10206);
#5540=VERTEX_POINT('',#10208);
#5541=VERTEX_POINT('',#10210);
#5542=VERTEX_POINT('',#10212);
#5543=VERTEX_POINT('',#10216);
#5544=VERTEX_POINT('',#10220);
#5545=VERTEX_POINT('',#10222);
#5546=VERTEX_POINT('',#10226);
#5547=VERTEX_POINT('',#10230);
#5548=VERTEX_POINT('',#10234);
#5549=VERTEX_POINT('',#10236);
#5550=VERTEX_POINT('',#10238);
#5551=VERTEX_POINT('',#10240);
#5552=VERTEX_POINT('',#10242);
#5553=VERTEX_POINT('',#10244);
#5554=VERTEX_POINT('',#10246);
#5555=VERTEX_POINT('',#10248);
#5556=VERTEX_POINT('',#10250);
#5557=VERTEX_POINT('',#10252);
#5558=VERTEX_POINT('',#10254);
#5559=VERTEX_POINT('',#10256);
#5560=VERTEX_POINT('',#10258);
#5561=VERTEX_POINT('',#10260);
#5562=VERTEX_POINT('',#10262);
#5563=VERTEX_POINT('',#10264);
#5564=VERTEX_POINT('',#10268);
#5565=VERTEX_POINT('',#10272);
#5566=VERTEX_POINT('',#10276);
#5567=VERTEX_POINT('',#10280);
#5568=VERTEX_POINT('',#10284);
#5569=VERTEX_POINT('',#10286);
#5570=VERTEX_POINT('',#10288);
#5571=VERTEX_POINT('',#10290);
#5572=VERTEX_POINT('',#10292);
#5573=VERTEX_POINT('',#10294);
#5574=VERTEX_POINT('',#10298);
#5575=VERTEX_POINT('',#10302);
#5576=VERTEX_POINT('',#10306);
#5577=VERTEX_POINT('',#10310);
#5578=VERTEX_POINT('',#10314);
#5579=VERTEX_POINT('',#10318);
#5580=VERTEX_POINT('',#10322);
#5581=VERTEX_POINT('',#10326);
#5582=VERTEX_POINT('',#10330);
#5583=VERTEX_POINT('',#10334);
#5584=VERTEX_POINT('',#10338);
#5585=VERTEX_POINT('',#10342);
#5586=VERTEX_POINT('',#10346);
#5587=VERTEX_POINT('',#10348);
#5588=VERTEX_POINT('',#10350);
#5589=VERTEX_POINT('',#10352);
#5590=VERTEX_POINT('',#10356);
#5591=VERTEX_POINT('',#10360);
#5592=VERTEX_POINT('',#10364);
#5593=VERTEX_POINT('',#10368);
#5594=VERTEX_POINT('',#10372);
#5595=VERTEX_POINT('',#10376);
#5596=VERTEX_POINT('',#10380);
#5597=VERTEX_POINT('',#10384);
#5598=VERTEX_POINT('',#10386);
#5599=VERTEX_POINT('',#10388);
#5600=VERTEX_POINT('',#10390);
#5601=VERTEX_POINT('',#10394);
#5602=VERTEX_POINT('',#10398);
#5603=VERTEX_POINT('',#10402);
#5604=VERTEX_POINT('',#10406);
#5605=VERTEX_POINT('',#10410);
#5606=VERTEX_POINT('',#10414);
#5607=VERTEX_POINT('',#10416);
#5608=VERTEX_POINT('',#10418);
#5609=VERTEX_POINT('',#10420);
#5610=VERTEX_POINT('',#10424);
#5611=VERTEX_POINT('',#10428);
#5612=VERTEX_POINT('',#10430);
#5613=VERTEX_POINT('',#10432);
#5614=VERTEX_POINT('',#10434);
#5615=VERTEX_POINT('',#10436);
#5616=VERTEX_POINT('',#10438);
#5617=VERTEX_POINT('',#10440);
#5618=VERTEX_POINT('',#10442);
#5619=VERTEX_POINT('',#10444);
#5620=VERTEX_POINT('',#10446);
#5621=VERTEX_POINT('',#10448);
#5622=VERTEX_POINT('',#10450);
#5623=VERTEX_POINT('',#10452);
#5624=VERTEX_POINT('',#10454);
#5625=VERTEX_POINT('',#10458);
#5626=VERTEX_POINT('',#10460);
#5627=VERTEX_POINT('',#10462);
#5628=VERTEX_POINT('',#10464);
#5629=VERTEX_POINT('',#10468);
#5630=VERTEX_POINT('',#10472);
#5631=VERTEX_POINT('',#10476);
#5632=VERTEX_POINT('',#10480);
#5633=VERTEX_POINT('',#10484);
#5634=VERTEX_POINT('',#10488);
#5635=VERTEX_POINT('',#10492);
#5636=VERTEX_POINT('',#10494);
#5637=VERTEX_POINT('',#10498);
#5638=VERTEX_POINT('',#10502);
#5639=VERTEX_POINT('',#10506);
#5640=VERTEX_POINT('',#10510);
#5641=VERTEX_POINT('',#10514);
#5642=VERTEX_POINT('',#10518);
#5643=VERTEX_POINT('',#10522);
#5644=VERTEX_POINT('',#10526);
#5645=VERTEX_POINT('',#10528);
#5646=VERTEX_POINT('',#10532);
#5647=VERTEX_POINT('',#10536);
#5648=VERTEX_POINT('',#10540);
#5649=VERTEX_POINT('',#10544);
#5650=VERTEX_POINT('',#10546);
#5651=VERTEX_POINT('',#10550);
#5652=VERTEX_POINT('',#10554);
#5653=VERTEX_POINT('',#10556);
#5654=VERTEX_POINT('',#10558);
#5655=VERTEX_POINT('',#10562);
#5656=VERTEX_POINT('',#10566);
#5657=VERTEX_POINT('',#10568);
#5658=VERTEX_POINT('',#10570);
#5659=VERTEX_POINT('',#10574);
#5660=VERTEX_POINT('',#10578);
#5661=VERTEX_POINT('',#10582);
#5662=VERTEX_POINT('',#10586);
#5663=VERTEX_POINT('',#10590);
#5664=VERTEX_POINT('',#10594);
#5665=VERTEX_POINT('',#10596);
#5666=VERTEX_POINT('',#10598);
#5667=VERTEX_POINT('',#10600);
#5668=VERTEX_POINT('',#10602);
#5669=VERTEX_POINT('',#10604);
#5670=VERTEX_POINT('',#10606);
#5671=VERTEX_POINT('',#10608);
#5672=VERTEX_POINT('',#10610);
#5673=VERTEX_POINT('',#10612);
#5674=VERTEX_POINT('',#10614);
#5675=VERTEX_POINT('',#10616);
#5676=VERTEX_POINT('',#10618);
#5677=VERTEX_POINT('',#10620);
#5678=VERTEX_POINT('',#10622);
#5679=VERTEX_POINT('',#10624);
#5680=VERTEX_POINT('',#10626);
#5681=VERTEX_POINT('',#10628);
#5682=VERTEX_POINT('',#10630);
#5683=VERTEX_POINT('',#10632);
#5684=VERTEX_POINT('',#10634);
#5685=VERTEX_POINT('',#10636);
#5686=VERTEX_POINT('',#10638);
#5687=VERTEX_POINT('',#10640);
#5688=VERTEX_POINT('',#10642);
#5689=VERTEX_POINT('',#10644);
#5690=VERTEX_POINT('',#10646);
#5691=VERTEX_POINT('',#10648);
#5692=VERTEX_POINT('',#10650);
#5693=VERTEX_POINT('',#10652);
#5694=VERTEX_POINT('',#10654);
#5695=VERTEX_POINT('',#10656);
#5696=VERTEX_POINT('',#10658);
#5697=VERTEX_POINT('',#10660);
#5698=VERTEX_POINT('',#10662);
#5699=VERTEX_POINT('',#10664);
#5700=VERTEX_POINT('',#10666);
#5701=VERTEX_POINT('',#10668);
#5702=VERTEX_POINT('',#10670);
#5703=VERTEX_POINT('',#10672);
#5704=VERTEX_POINT('',#10674);
#5705=VERTEX_POINT('',#10676);
#5706=VERTEX_POINT('',#10678);
#5707=VERTEX_POINT('',#10680);
#5708=VERTEX_POINT('',#10682);
#5709=VERTEX_POINT('',#10684);
#5710=VERTEX_POINT('',#10686);
#5711=VERTEX_POINT('',#10688);
#5712=VERTEX_POINT('',#10690);
#5713=VERTEX_POINT('',#10692);
#5714=VERTEX_POINT('',#10694);
#5715=VERTEX_POINT('',#10696);
#5716=VERTEX_POINT('',#10698);
#5717=VERTEX_POINT('',#10700);
#5718=VERTEX_POINT('',#10702);
#5719=VERTEX_POINT('',#10704);
#5720=VERTEX_POINT('',#10706);
#5721=VERTEX_POINT('',#10708);
#5722=VERTEX_POINT('',#10712);
#5723=VERTEX_POINT('',#10716);
#5724=VERTEX_POINT('',#10720);
#5725=VERTEX_POINT('',#10724);
#5726=VERTEX_POINT('',#10728);
#5727=VERTEX_POINT('',#10730);
#5728=VERTEX_POINT('',#10732);
#5729=VERTEX_POINT('',#10734);
#5730=VERTEX_POINT('',#10736);
#5731=VERTEX_POINT('',#10738);
#5732=VERTEX_POINT('',#10740);
#5733=VERTEX_POINT('',#10742);
#5734=VERTEX_POINT('',#10744);
#5735=VERTEX_POINT('',#10746);
#5736=VERTEX_POINT('',#10750);
#5737=VERTEX_POINT('',#10751);
#5738=VERTEX_POINT('',#10753);
#5739=VERTEX_POINT('',#10755);
#5740=VERTEX_POINT('',#10757);
#5741=VERTEX_POINT('',#10761);
#5742=VERTEX_POINT('',#10765);
#5743=VERTEX_POINT('',#10769);
#5744=VERTEX_POINT('',#10773);
#5745=VERTEX_POINT('',#10777);
#5746=VERTEX_POINT('',#10778);
#5747=VERTEX_POINT('',#10780);
#5748=VERTEX_POINT('',#10784);
#5749=VERTEX_POINT('',#10785);
#5750=VERTEX_POINT('',#10787);
#5751=VERTEX_POINT('',#10791);
#5752=VERTEX_POINT('',#10793);
#5753=VERTEX_POINT('',#10795);
#5754=VERTEX_POINT('',#10797);
#5755=VERTEX_POINT('',#10798);
#5756=VERTEX_POINT('',#10800);
#5757=VERTEX_POINT('',#10802);
#5758=VERTEX_POINT('',#10805);
#5759=VERTEX_POINT('',#10807);
#5760=VERTEX_POINT('',#10809);
#5761=VERTEX_POINT('',#10812);
#5762=VERTEX_POINT('',#10813);
#5763=VERTEX_POINT('',#10815);
#5764=VERTEX_POINT('',#10817);
#5765=VERTEX_POINT('',#10820);
#5766=VERTEX_POINT('',#10822);
#5767=VERTEX_POINT('',#10824);
#5768=VERTEX_POINT('',#10826);
#5769=VERTEX_POINT('',#10828);
#5770=VERTEX_POINT('',#10830);
#5771=VERTEX_POINT('',#10833);
#5772=VERTEX_POINT('',#10834);
#5773=VERTEX_POINT('',#10839);
#5774=VERTEX_POINT('',#10841);
#5775=VERTEX_POINT('',#10845);
#5776=VERTEX_POINT('',#10846);
#5777=VERTEX_POINT('',#10848);
#5778=VERTEX_POINT('',#10850);
#5779=VERTEX_POINT('',#10878);
#5780=VERTEX_POINT('',#10882);
#5781=VERTEX_POINT('',#10893);
#5782=VERTEX_POINT('',#10906);
#5783=VERTEX_POINT('',#10919);
#5784=VERTEX_POINT('',#10932);
#5785=VERTEX_POINT('',#10945);
#5786=VERTEX_POINT('',#10951);
#5787=VERTEX_POINT('',#10962);
#5788=VERTEX_POINT('',#10975);
#5789=VERTEX_POINT('',#10988);
#5790=VERTEX_POINT('',#11001);
#5791=VERTEX_POINT('',#11014);
#5792=VERTEX_POINT('',#11027);
#5793=VERTEX_POINT('',#11040);
#5794=VERTEX_POINT('',#11046);
#5795=VERTEX_POINT('',#11050);
#5796=VERTEX_POINT('',#11054);
#5797=VERTEX_POINT('',#11068);
#5798=VERTEX_POINT('',#11070);
#5799=VERTEX_POINT('',#11086);
#5800=VERTEX_POINT('',#11088);
#5801=VERTEX_POINT('',#11106);
#5802=VERTEX_POINT('',#11108);
#5803=VERTEX_POINT('',#11121);
#5804=VERTEX_POINT('',#11138);
#5805=VERTEX_POINT('',#11144);
#5806=VERTEX_POINT('',#11148);
#5807=VERTEX_POINT('',#11159);
#5808=VERTEX_POINT('',#11172);
#5809=VERTEX_POINT('',#11178);
#5810=VERTEX_POINT('',#11189);
#5811=VERTEX_POINT('',#11202);
#5812=VERTEX_POINT('',#11215);
#5813=VERTEX_POINT('',#11228);
#5814=VERTEX_POINT('',#11234);
#5815=VERTEX_POINT('',#11245);
#5816=VERTEX_POINT('',#11270);
#5817=VERTEX_POINT('',#11274);
#5818=VERTEX_POINT('',#11285);
#5819=VERTEX_POINT('',#11298);
#5820=VERTEX_POINT('',#11311);
#5821=VERTEX_POINT('',#11324);
#5822=VERTEX_POINT('',#11337);
#5823=VERTEX_POINT('',#11350);
#5824=VERTEX_POINT('',#11363);
#5825=VERTEX_POINT('',#11376);
#5826=VERTEX_POINT('',#11389);
#5827=VERTEX_POINT('',#11405);
#5828=VERTEX_POINT('',#11407);
#5829=VERTEX_POINT('',#11424);
#5830=VERTEX_POINT('',#11426);
#5831=VERTEX_POINT('',#11442);
#5832=VERTEX_POINT('',#11444);
#5833=VERTEX_POINT('',#11457);
#5834=VERTEX_POINT('',#11474);
#5835=VERTEX_POINT('',#11480);
#5836=VERTEX_POINT('',#11484);
#5837=VERTEX_POINT('',#11488);
#5838=VERTEX_POINT('',#11499);
#5839=VERTEX_POINT('',#11512);
#5840=VERTEX_POINT('',#11525);
#5841=VERTEX_POINT('',#11538);
#5842=VERTEX_POINT('',#11551);
#5843=VERTEX_POINT('',#11564);
#5844=VERTEX_POINT('',#11570);
#5845=VERTEX_POINT('',#11574);
#5846=VERTEX_POINT('',#11578);
#5847=VERTEX_POINT('',#11589);
#5848=VERTEX_POINT('',#11602);
#5849=VERTEX_POINT('',#11615);
#5850=VERTEX_POINT('',#11628);
#5851=VERTEX_POINT('',#11641);
#5852=VERTEX_POINT('',#11654);
#5853=VERTEX_POINT('',#11667);
#5854=VERTEX_POINT('',#11680);
#5855=VERTEX_POINT('',#11686);
#5856=VERTEX_POINT('',#11690);
#5857=VERTEX_POINT('',#11694);
#5858=VERTEX_POINT('',#11705);
#5859=VERTEX_POINT('',#11730);
#5860=VERTEX_POINT('',#11734);
#5861=VERTEX_POINT('',#11745);
#5862=VERTEX_POINT('',#11758);
#5863=VERTEX_POINT('',#11771);
#5864=VERTEX_POINT('',#11784);
#5865=VERTEX_POINT('',#11797);
#5866=VERTEX_POINT('',#11803);
#5867=VERTEX_POINT('',#11814);
#5868=VERTEX_POINT('',#11827);
#5869=VERTEX_POINT('',#11840);
#5870=VERTEX_POINT('',#11853);
#5871=VERTEX_POINT('',#11866);
#5872=VERTEX_POINT('',#11879);
#5873=VERTEX_POINT('',#11892);
#5874=VERTEX_POINT('',#11898);
#5875=VERTEX_POINT('',#11902);
#5876=VERTEX_POINT('',#11906);
#5877=VERTEX_POINT('',#11920);
#5878=VERTEX_POINT('',#11922);
#5879=VERTEX_POINT('',#11938);
#5880=VERTEX_POINT('',#11940);
#5881=VERTEX_POINT('',#11958);
#5882=VERTEX_POINT('',#11960);
#5883=VERTEX_POINT('',#11973);
#5884=VERTEX_POINT('',#11990);
#5885=VERTEX_POINT('',#11996);
#5886=VERTEX_POINT('',#12000);
#5887=VERTEX_POINT('',#12011);
#5888=VERTEX_POINT('',#12024);
#5889=VERTEX_POINT('',#12030);
#5890=VERTEX_POINT('',#12041);
#5891=VERTEX_POINT('',#12054);
#5892=VERTEX_POINT('',#12067);
#5893=VERTEX_POINT('',#12080);
#5894=VERTEX_POINT('',#12086);
#5895=VERTEX_POINT('',#12097);
#5896=VERTEX_POINT('',#12115);
#5897=VERTEX_POINT('',#12117);
#5898=VERTEX_POINT('',#12121);
#5899=VERTEX_POINT('',#12125);
#5900=VERTEX_POINT('',#12132);
#5901=VERTEX_POINT('',#12134);
#5902=VERTEX_POINT('',#12136);
#5903=VERTEX_POINT('',#12140);
#5904=VERTEX_POINT('',#12144);
#5905=VERTEX_POINT('',#12148);
#5906=VERTEX_POINT('',#12152);
#5907=VERTEX_POINT('',#12154);
#5908=VERTEX_POINT('',#12162);
#5909=VERTEX_POINT('',#12163);
#5910=VERTEX_POINT('',#12165);
#5911=VERTEX_POINT('',#12167);
#5912=VERTEX_POINT('',#12171);
#5913=VERTEX_POINT('',#12173);
#5914=VERTEX_POINT('',#12177);
#5915=VERTEX_POINT('',#12179);
#5916=VERTEX_POINT('',#12181);
#5917=VERTEX_POINT('',#12185);
#5918=VERTEX_POINT('',#12189);
#5919=VERTEX_POINT('',#12193);
#5920=VERTEX_POINT('',#12197);
#5921=VERTEX_POINT('',#12201);
#5922=VERTEX_POINT('',#12205);
#5923=VERTEX_POINT('',#12207);
#5924=VERTEX_POINT('',#12218);
#5925=VERTEX_POINT('',#12219);
#5926=VERTEX_POINT('',#12221);
#5927=VERTEX_POINT('',#12223);
#5928=VERTEX_POINT('',#12227);
#5929=VERTEX_POINT('',#12229);
#5930=VERTEX_POINT('',#12233);
#5931=VERTEX_POINT('',#12235);
#5932=VERTEX_POINT('',#12248);
#5933=VERTEX_POINT('',#12250);
#5934=VERTEX_POINT('',#12265);
#5935=VERTEX_POINT('',#12267);
#5936=VERTEX_POINT('',#12282);
#5937=VERTEX_POINT('',#12284);
#5938=VERTEX_POINT('',#12290);
#5939=VERTEX_POINT('',#12292);
#5940=VERTEX_POINT('',#12305);
#5941=VERTEX_POINT('',#12307);
#5942=VERTEX_POINT('',#12322);
#5943=VERTEX_POINT('',#12324);
#5944=VERTEX_POINT('',#12330);
#5945=VERTEX_POINT('',#12332);
#5946=VERTEX_POINT('',#12334);
#5947=VERTEX_POINT('',#12338);
#5948=VERTEX_POINT('',#12349);
#5949=VERTEX_POINT('',#12362);
#5950=VERTEX_POINT('',#12375);
#5951=VERTEX_POINT('',#12381);
#5952=VERTEX_POINT('',#12392);
#5953=VERTEX_POINT('',#12408);
#5954=VERTEX_POINT('',#12410);
#5955=VERTEX_POINT('',#12427);
#5956=VERTEX_POINT('',#12429);
#5957=VERTEX_POINT('',#12453);
#5958=VERTEX_POINT('',#12455);
#5959=VERTEX_POINT('',#12457);
#5960=VERTEX_POINT('',#12461);
#5961=VERTEX_POINT('',#12465);
#5962=VERTEX_POINT('',#12469);
#5963=VERTEX_POINT('',#12473);
#5964=VERTEX_POINT('',#12477);
#5965=VERTEX_POINT('',#12481);
#5966=VERTEX_POINT('',#12485);
#5967=VERTEX_POINT('',#12489);
#5968=VERTEX_POINT('',#12493);
#5969=VERTEX_POINT('',#12497);
#5970=VERTEX_POINT('',#12499);
#5971=VERTEX_POINT('',#12507);
#5972=VERTEX_POINT('',#12508);
#5973=VERTEX_POINT('',#12510);
#5974=VERTEX_POINT('',#12512);
#5975=VERTEX_POINT('',#12516);
#5976=VERTEX_POINT('',#12518);
#5977=VERTEX_POINT('',#12522);
#5978=VERTEX_POINT('',#12524);
#5979=VERTEX_POINT('',#12537);
#5980=VERTEX_POINT('',#12539);
#5981=VERTEX_POINT('',#12554);
#5982=VERTEX_POINT('',#12556);
#5983=VERTEX_POINT('',#12571);
#5984=VERTEX_POINT('',#12573);
#5985=VERTEX_POINT('',#12588);
#5986=VERTEX_POINT('',#12590);
#5987=VERTEX_POINT('',#12605);
#5988=VERTEX_POINT('',#12607);
#5989=VERTEX_POINT('',#12613);
#5990=VERTEX_POINT('',#12615);
#5991=VERTEX_POINT('',#12617);
#5992=VERTEX_POINT('',#12621);
#5993=VERTEX_POINT('',#12625);
#5994=VERTEX_POINT('',#12629);
#5995=VERTEX_POINT('',#12640);
#5996=VERTEX_POINT('',#12653);
#5997=VERTEX_POINT('',#12666);
#5998=VERTEX_POINT('',#12679);
#5999=VERTEX_POINT('',#12695);
#6000=VERTEX_POINT('',#12697);
#6001=VERTEX_POINT('',#12714);
#6002=VERTEX_POINT('',#12716);
#6003=VERTEX_POINT('',#12740);
#6004=VERTEX_POINT('',#12742);
#6005=VERTEX_POINT('',#12744);
#6006=VERTEX_POINT('',#12748);
#6007=VERTEX_POINT('',#12752);
#6008=VERTEX_POINT('',#12756);
#6009=VERTEX_POINT('',#12760);
#6010=VERTEX_POINT('',#12764);
#6011=VERTEX_POINT('',#12768);
#6012=VERTEX_POINT('',#12772);
#6013=VERTEX_POINT('',#12776);
#6014=VERTEX_POINT('',#12780);
#6015=VERTEX_POINT('',#12784);
#6016=VERTEX_POINT('',#12786);
#6017=VERTEX_POINT('',#12801);
#6018=VERTEX_POINT('',#12805);
#6019=VERTEX_POINT('',#12816);
#6020=VERTEX_POINT('',#12829);
#6021=VERTEX_POINT('',#12842);
#6022=VERTEX_POINT('',#12848);
#6023=VERTEX_POINT('',#12850);
#6024=VERTEX_POINT('',#12854);
#6025=VERTEX_POINT('',#12856);
#6026=VERTEX_POINT('',#12860);
#6027=VERTEX_POINT('',#12865);
#6028=VERTEX_POINT('',#12876);
#6029=VERTEX_POINT('',#12889);
#6030=VERTEX_POINT('',#12902);
#6031=VERTEX_POINT('',#12915);
#6032=VERTEX_POINT('',#12921);
#6033=VERTEX_POINT('',#12925);
#6034=VERTEX_POINT('',#12927);
#6035=VERTEX_POINT('',#12931);
#6036=VERTEX_POINT('',#12933);
#6037=VERTEX_POINT('',#12937);
#6038=VERTEX_POINT('',#12949);
#6039=VERTEX_POINT('',#12967);
#6040=VERTEX_POINT('',#12969);
#6041=VERTEX_POINT('',#12971);
#6042=VERTEX_POINT('',#12975);
#6043=VERTEX_POINT('',#12979);
#6044=VERTEX_POINT('',#12983);
#6045=VERTEX_POINT('',#12987);
#6046=VERTEX_POINT('',#12991);
#6047=VERTEX_POINT('',#12993);
#6048=VERTEX_POINT('',#12997);
#6049=VERTEX_POINT('',#12999);
#6050=VERTEX_POINT('',#13003);
#6051=VERTEX_POINT('',#13008);
#6052=VERTEX_POINT('',#13010);
#6053=VERTEX_POINT('',#13018);
#6054=VERTEX_POINT('',#13020);
#6055=VERTEX_POINT('',#13022);
#6056=VERTEX_POINT('',#13026);
#6057=VERTEX_POINT('',#13030);
#6058=VERTEX_POINT('',#13034);
#6059=VERTEX_POINT('',#13038);
#6060=VERTEX_POINT('',#13042);
#6061=VERTEX_POINT('',#13046);
#6062=VERTEX_POINT('',#13050);
#6063=VERTEX_POINT('',#13054);
#6064=VERTEX_POINT('',#13058);
#6065=VERTEX_POINT('',#13062);
#6066=VERTEX_POINT('',#13064);
#6067=VERTEX_POINT('',#13072);
#6068=VERTEX_POINT('',#13074);
#6069=VERTEX_POINT('',#13076);
#6070=VERTEX_POINT('',#13080);
#6071=VERTEX_POINT('',#13084);
#6072=VERTEX_POINT('',#13088);
#6073=VERTEX_POINT('',#13092);
#6074=VERTEX_POINT('',#13096);
#6075=VERTEX_POINT('',#13100);
#6076=VERTEX_POINT('',#13104);
#6077=VERTEX_POINT('',#13108);
#6078=VERTEX_POINT('',#13110);
#6079=VERTEX_POINT('',#13114);
#6080=VERTEX_POINT('',#13116);
#6081=VERTEX_POINT('',#13120);
#6082=VERTEX_POINT('',#13125);
#6083=VERTEX_POINT('',#13127);
#6084=VERTEX_POINT('',#13135);
#6085=VERTEX_POINT('',#13137);
#6086=VERTEX_POINT('',#13139);
#6087=VERTEX_POINT('',#13143);
#6088=VERTEX_POINT('',#13147);
#6089=VERTEX_POINT('',#13151);
#6090=VERTEX_POINT('',#13155);
#6091=VERTEX_POINT('',#13157);
#6092=VERTEX_POINT('',#13165);
#6093=VERTEX_POINT('',#13166);
#6094=VERTEX_POINT('',#13168);
#6095=VERTEX_POINT('',#13170);
#6096=VERTEX_POINT('',#13174);
#6097=VERTEX_POINT('',#13176);
#6098=VERTEX_POINT('',#13180);
#6099=VERTEX_POINT('',#13182);
#6100=VERTEX_POINT('',#13184);
#6101=VERTEX_POINT('',#13188);
#6102=VERTEX_POINT('',#13192);
#6103=VERTEX_POINT('',#13196);
#6104=VERTEX_POINT('',#13200);
#6105=VERTEX_POINT('',#13204);
#6106=VERTEX_POINT('',#13208);
#6107=VERTEX_POINT('',#13210);
#6108=VERTEX_POINT('',#13221);
#6109=VERTEX_POINT('',#13223);
#6110=VERTEX_POINT('',#13225);
#6111=VERTEX_POINT('',#13229);
#6112=VERTEX_POINT('',#13233);
#6113=VERTEX_POINT('',#13237);
#6114=VERTEX_POINT('',#13241);
#6115=VERTEX_POINT('',#13245);
#6116=VERTEX_POINT('',#13249);
#6117=VERTEX_POINT('',#13253);
#6118=VERTEX_POINT('',#13257);
#6119=VERTEX_POINT('',#13261);
#6120=VERTEX_POINT('',#13265);
#6121=VERTEX_POINT('',#13267);
#6122=VERTEX_POINT('',#13275);
#6123=VERTEX_POINT('',#13276);
#6124=VERTEX_POINT('',#13278);
#6125=VERTEX_POINT('',#13280);
#6126=VERTEX_POINT('',#13284);
#6127=VERTEX_POINT('',#13286);
#6128=VERTEX_POINT('',#13290);
#6129=VERTEX_POINT('',#13292);
#6130=VERTEX_POINT('',#13305);
#6131=VERTEX_POINT('',#13307);
#6132=VERTEX_POINT('',#13322);
#6133=VERTEX_POINT('',#13324);
#6134=VERTEX_POINT('',#13339);
#6135=VERTEX_POINT('',#13341);
#6136=VERTEX_POINT('',#13356);
#6137=VERTEX_POINT('',#13358);
#6138=VERTEX_POINT('',#13364);
#6139=VERTEX_POINT('',#13366);
#6140=VERTEX_POINT('',#13368);
#6141=VERTEX_POINT('',#13372);
#6142=VERTEX_POINT('',#13376);
#6143=VERTEX_POINT('',#13380);
#6144=VERTEX_POINT('',#13384);
#6145=VERTEX_POINT('',#13388);
#6146=VERTEX_POINT('',#13392);
#6147=VERTEX_POINT('',#13403);
#6148=VERTEX_POINT('',#13416);
#6149=VERTEX_POINT('',#13429);
#6150=VERTEX_POINT('',#13442);
#6151=VERTEX_POINT('',#13458);
#6152=VERTEX_POINT('',#13460);
#6153=VERTEX_POINT('',#13476);
#6154=VERTEX_POINT('',#13478);
#6155=CIRCLE('',#7899,0.4);
#6156=CIRCLE('',#7900,0.4);
#6157=CIRCLE('',#7902,0.4);
#6158=CIRCLE('',#7903,0.4);
#6159=CIRCLE('',#7906,0.4);
#6160=CIRCLE('',#7907,0.520666195217531);
#6161=CIRCLE('',#7908,0.4);
#6162=CIRCLE('',#7910,0.4);
#6163=CIRCLE('',#7911,0.4);
#6164=CIRCLE('',#7914,0.4);
#6165=CIRCLE('',#7915,0.4);
#6166=CIRCLE('',#7917,0.4);
#6167=CIRCLE('',#7918,0.520666195217531);
#6168=CIRCLE('',#7919,0.4);
#6169=CIRCLE('',#7921,0.4);
#6170=CIRCLE('',#7922,0.4);
#6171=CIRCLE('',#7924,0.4);
#6172=CIRCLE('',#7925,0.4);
#6173=CIRCLE('',#7937,0.4);
#6174=CIRCLE('',#7938,0.4);
#6175=CIRCLE('',#7940,0.4);
#6176=CIRCLE('',#7941,0.4);
#6177=CIRCLE('',#7943,0.4);
#6178=CIRCLE('',#7944,0.4);
#6179=CIRCLE('',#7947,0.4);
#6180=CIRCLE('',#7948,0.4);
#6181=CIRCLE('',#7950,0.4);
#6182=CIRCLE('',#7951,0.520666195217531);
#6183=CIRCLE('',#7952,0.4);
#6184=CIRCLE('',#7955,0.4);
#6185=CIRCLE('',#7956,0.520666195217531);
#6186=CIRCLE('',#7957,0.4);
#6187=CIRCLE('',#7959,0.4);
#6188=CIRCLE('',#7960,0.4);
#6189=CIRCLE('',#7962,0.4);
#6190=CIRCLE('',#7963,0.4);
#6191=CIRCLE('',#7975,0.4);
#6192=CIRCLE('',#7976,0.4);
#6193=CIRCLE('',#7978,0.4);
#6194=CIRCLE('',#7979,0.4);
#6195=CIRCLE('',#7982,0.4);
#6196=CIRCLE('',#7983,0.520666195217531);
#6197=CIRCLE('',#7984,0.4);
#6198=CIRCLE('',#7986,0.4);
#6199=CIRCLE('',#7987,0.4);
#6200=CIRCLE('',#7990,0.4);
#6201=CIRCLE('',#7991,0.4);
#6202=CIRCLE('',#7993,0.4);
#6203=CIRCLE('',#7994,0.520666195217531);
#6204=CIRCLE('',#7995,0.4);
#6205=CIRCLE('',#7997,0.4);
#6206=CIRCLE('',#7998,0.4);
#6207=CIRCLE('',#8000,0.4);
#6208=CIRCLE('',#8001,0.4);
#6209=CIRCLE('',#8013,0.817513209333537);
#6210=CIRCLE('',#8014,1.61314270963003);
#6211=CIRCLE('',#8015,0.332865493868594);
#6212=CIRCLE('',#8016,1.33781626841388);
#6213=CIRCLE('',#8017,0.817513209333973);
#6214=CIRCLE('',#8018,1.61314270963086);
#6215=CIRCLE('',#8019,0.332865493868475);
#6216=CIRCLE('',#8020,1.3378162684135);
#6217=CIRCLE('',#8022,1.06628532498103);
#6218=CIRCLE('',#8023,1.25609135738745);
#6219=CIRCLE('',#8027,0.4);
#6220=CIRCLE('',#8028,0.4);
#6221=CIRCLE('',#8029,0.4);
#6222=CIRCLE('',#8030,0.4);
#6223=CIRCLE('',#8031,0.4);
#6224=CIRCLE('',#8032,0.4);
#6225=CIRCLE('',#8034,0.4);
#6226=CIRCLE('',#8035,0.4);
#6227=CIRCLE('',#8036,0.4);
#6228=CIRCLE('',#8037,0.4);
#6229=CIRCLE('',#8038,0.4);
#6230=CIRCLE('',#8039,0.4);
#6231=CIRCLE('',#8057,1.61314270963003);
#6232=CIRCLE('',#8059,0.817513209333537);
#6233=CIRCLE('',#8061,1.33781626841388);
#6234=CIRCLE('',#8064,0.332865493868594);
#6235=CIRCLE('',#8080,1.61314270963086);
#6236=CIRCLE('',#8082,0.817513209333973);
#6237=CIRCLE('',#8084,1.3378162684135);
#6238=CIRCLE('',#8087,0.332865493868475);
#6239=CIRCLE('',#8162,1.25609135738745);
#6240=CIRCLE('',#8164,1.06628532498103);
#6241=EDGE_LOOP('',(#2006));
#6242=EDGE_LOOP('',(#2007,#2008,#2009,#2010));
#6243=EDGE_LOOP('',(#2011));
#6244=EDGE_LOOP('',(#2012));
#6245=EDGE_LOOP('',(#2013,#2014,#2015,#2016));
#6246=EDGE_LOOP('',(#2017));
#6247=EDGE_LOOP('',(#2018,#2019,#2020,#2021));
#6248=EDGE_LOOP('',(#2022));
#6249=EDGE_LOOP('',(#2023));
#6250=EDGE_LOOP('',(#2024));
#6251=EDGE_LOOP('',(#2025,#2026,#2027,#2028));
#6252=EDGE_LOOP('',(#2029));
#6253=EDGE_LOOP('',(#2030));
#6254=EDGE_LOOP('',(#2031,#2032,#2033,#2034));
#6255=EDGE_LOOP('',(#2035,#2036,#2037,#2038));
#6256=EDGE_LOOP('',(#2039));
#6257=EDGE_LOOP('',(#2040));
#6258=EDGE_LOOP('',(#2041,#2042,#2043,#2044));
#6259=EDGE_LOOP('',(#2045));
#6260=EDGE_LOOP('',(#2046));
#6261=EDGE_LOOP('',(#2047));
#6262=EDGE_LOOP('',(#2048,#2049,#2050,#2051));
#6263=EDGE_LOOP('',(#2052,#2053,#2054,#2055,#2056,#2057,#2058,#2059,#2060,
#2061));
#6264=EDGE_LOOP('',(#2062,#2063,#2064,#2065,#2066,#2067,#2068,#2069,#2070,
#2071));
#6265=EDGE_LOOP('',(#2072));
#6266=EDGE_LOOP('',(#2073));
#6267=EDGE_LOOP('',(#2074));
#6268=EDGE_LOOP('',(#2075));
#6269=EDGE_LOOP('',(#2076));
#6270=EDGE_LOOP('',(#2077));
#6271=EDGE_LOOP('',(#2078));
#6272=EDGE_LOOP('',(#2079));
#6273=EDGE_LOOP('',(#2080));
#6274=EDGE_LOOP('',(#2081));
#6275=EDGE_LOOP('',(#2082));
#6276=EDGE_LOOP('',(#2083));
#6277=EDGE_LOOP('',(#2084));
#6278=EDGE_LOOP('',(#2085));
#6279=EDGE_LOOP('',(#2086,#2087,#2088,#2089));
#6280=EDGE_LOOP('',(#2090,#2091,#2092,#2093));
#6281=EDGE_LOOP('',(#2094,#2095,#2096,#2097));
#6282=EDGE_LOOP('',(#2098));
#6283=EDGE_LOOP('',(#2099));
#6284=EDGE_LOOP('',(#2100,#2101,#2102,#2103));
#6285=EDGE_LOOP('',(#2104));
#6286=EDGE_LOOP('',(#2105));
#6287=EDGE_LOOP('',(#2106));
#6288=EDGE_LOOP('',(#2107));
#6289=EDGE_LOOP('',(#2108,#2109,#2110,#2111));
#6290=EDGE_LOOP('',(#2112,#2113,#2114,#2115));
#6291=EDGE_LOOP('',(#2116));
#6292=EDGE_LOOP('',(#2117));
#6293=EDGE_LOOP('',(#2118,#2119,#2120,#2121));
#6294=EDGE_LOOP('',(#2122));
#6295=EDGE_LOOP('',(#2123));
#6296=EDGE_LOOP('',(#2124));
#6297=EDGE_LOOP('',(#2125,#2126,#2127,#2128));
#6298=EDGE_LOOP('',(#2129,#2130,#2131,#2132));
#6299=EDGE_LOOP('',(#2133));
#6300=EDGE_LOOP('',(#2134));
#6301=EDGE_LOOP('',(#2135));
#6302=EDGE_LOOP('',(#2136,#2137,#2138,#2139));
#6303=EDGE_LOOP('',(#2140,#2141,#2142,#2143,#2144,#2145,#2146,#2147,#2148,
#2149));
#6304=EDGE_LOOP('',(#2150,#2151,#2152,#2153,#2154,#2155,#2156,#2157,#2158,
#2159));
#6305=EDGE_LOOP('',(#2160));
#6306=EDGE_LOOP('',(#2161));
#6307=EDGE_LOOP('',(#2162));
#6308=EDGE_LOOP('',(#2163));
#6309=EDGE_LOOP('',(#2164));
#6310=EDGE_LOOP('',(#2165));
#6311=EDGE_LOOP('',(#2166));
#6312=EDGE_LOOP('',(#2167));
#6313=EDGE_LOOP('',(#2168));
#6314=EDGE_LOOP('',(#2169));
#6315=EDGE_LOOP('',(#2170));
#6316=EDGE_LOOP('',(#2171));
#6317=EDGE_LOOP('',(#2172));
#6318=EDGE_LOOP('',(#2173));
#6319=EDGE_LOOP('',(#2174,#2175,#2176,#2177));
#6320=EDGE_LOOP('',(#2178,#2179,#2180,#2181));
#6321=EDGE_LOOP('',(#2182));
#6322=EDGE_LOOP('',(#2183,#2184,#2185,#2186));
#6323=EDGE_LOOP('',(#2187));
#6324=EDGE_LOOP('',(#2188,#2189,#2190,#2191));
#6325=EDGE_LOOP('',(#2192));
#6326=EDGE_LOOP('',(#2193));
#6327=EDGE_LOOP('',(#2194,#2195,#2196,#2197));
#6328=EDGE_LOOP('',(#2198));
#6329=EDGE_LOOP('',(#2199));
#6330=EDGE_LOOP('',(#2200));
#6331=EDGE_LOOP('',(#2201,#2202,#2203,#2204));
#6332=EDGE_LOOP('',(#2205));
#6333=EDGE_LOOP('',(#2206));
#6334=EDGE_LOOP('',(#2207,#2208,#2209,#2210));
#6335=EDGE_LOOP('',(#2211,#2212,#2213,#2214));
#6336=EDGE_LOOP('',(#2215));
#6337=EDGE_LOOP('',(#2216));
#6338=EDGE_LOOP('',(#2217,#2218,#2219,#2220));
#6339=EDGE_LOOP('',(#2221));
#6340=EDGE_LOOP('',(#2222));
#6341=EDGE_LOOP('',(#2223));
#6342=EDGE_LOOP('',(#2224,#2225,#2226,#2227));
#6343=EDGE_LOOP('',(#2228,#2229,#2230,#2231,#2232,#2233,#2234,#2235,#2236,
#2237));
#6344=EDGE_LOOP('',(#2238,#2239,#2240,#2241,#2242,#2243,#2244,#2245,#2246,
#2247));
#6345=EDGE_LOOP('',(#2248));
#6346=EDGE_LOOP('',(#2249));
#6347=EDGE_LOOP('',(#2250));
#6348=EDGE_LOOP('',(#2251));
#6349=EDGE_LOOP('',(#2252));
#6350=EDGE_LOOP('',(#2253));
#6351=EDGE_LOOP('',(#2254));
#6352=EDGE_LOOP('',(#2255));
#6353=EDGE_LOOP('',(#2256));
#6354=EDGE_LOOP('',(#2257));
#6355=EDGE_LOOP('',(#2258));
#6356=EDGE_LOOP('',(#2259));
#6357=EDGE_LOOP('',(#2260));
#6358=EDGE_LOOP('',(#2261));
#6359=EDGE_LOOP('',(#2262,#2263,#2264,#2265));
#6360=EDGE_LOOP('',(#2266,#2267,#2268,#2269));
#6361=EDGE_LOOP('',(#2270,#2271,#2272,#2273));
#6362=EDGE_LOOP('',(#2274,#2275,#2276,#2277,#2278,#2279,#2280,#2281,#2282,
#2283,#2284,#2285,#2286,#2287,#2288,#2289,#2290,#2291,#2292,#2293,#2294,
#2295,#2296,#2297,#2298,#2299,#2300,#2301,#2302,#2303,#2304,#2305,#2306,
#2307,#2308,#2309,#2310,#2311,#2312,#2313,#2314,#2315,#2316,#2317,#2318,
#2319,#2320,#2321,#2322,#2323,#2324,#2325,#2326,#2327,#2328,#2329,#2330,
#2331,#2332,#2333,#2334,#2335,#2336,#2337,#2338,#2339,#2340,#2341,#2342,
#2343,#2344,#2345,#2346,#2347,#2348,#2349,#2350,#2351,#2352,#2353,#2354,
#2355,#2356,#2357,#2358,#2359,#2360,#2361,#2362,#2363,#2364,#2365,#2366,
#2367,#2368,#2369,#2370,#2371,#2372,#2373,#2374,#2375,#2376,#2377,#2378,
#2379,#2380,#2381,#2382,#2383,#2384,#2385,#2386,#2387,#2388,#2389,#2390,
#2391,#2392,#2393,#2394,#2395,#2396,#2397,#2398,#2399,#2400,#2401,#2402,
#2403,#2404,#2405,#2406,#2407,#2408,#2409,#2410,#2411,#2412,#2413,#2414,
#2415,#2416,#2417,#2418,#2419,#2420,#2421,#2422,#2423,#2424,#2425,#2426,
#2427,#2428,#2429,#2430,#2431,#2432,#2433,#2434,#2435,#2436,#2437,#2438,
#2439,#2440,#2441,#2442,#2443,#2444,#2445,#2446,#2447,#2448,#2449,#2450,
#2451,#2452,#2453,#2454,#2455,#2456,#2457,#2458,#2459,#2460,#2461,#2462,
#2463,#2464,#2465,#2466,#2467,#2468,#2469,#2470,#2471,#2472,#2473,#2474,
#2475,#2476,#2477,#2478,#2479,#2480,#2481,#2482,#2483,#2484,#2485,#2486,
#2487,#2488,#2489,#2490,#2491,#2492,#2493,#2494,#2495,#2496,#2497,#2498,
#2499,#2500,#2501,#2502,#2503,#2504,#2505,#2506,#2507,#2508,#2509,#2510,
#2511,#2512,#2513,#2514,#2515,#2516));
#6363=EDGE_LOOP('',(#2517,#2518,#2519,#2520,#2521,#2522,#2523,#2524,#2525));
#6364=EDGE_LOOP('',(#2526,#2527,#2528));
#6365=EDGE_LOOP('',(#2529,#2530,#2531));
#6366=EDGE_LOOP('',(#2532));
#6367=EDGE_LOOP('',(#2533));
#6368=EDGE_LOOP('',(#2534));
#6369=EDGE_LOOP('',(#2535,#2536,#2537,#2538));
#6370=EDGE_LOOP('',(#2539));
#6371=EDGE_LOOP('',(#2540));
#6372=EDGE_LOOP('',(#2541));
#6373=EDGE_LOOP('',(#2542,#2543,#2544,#2545));
#6374=EDGE_LOOP('',(#2546));
#6375=EDGE_LOOP('',(#2547));
#6376=EDGE_LOOP('',(#2548));
#6377=EDGE_LOOP('',(#2549));
#6378=EDGE_LOOP('',(#2550));
#6379=EDGE_LOOP('',(#2551));
#6380=EDGE_LOOP('',(#2552,#2553,#2554,#2555));
#6381=EDGE_LOOP('',(#2556,#2557,#2558,#2559));
#6382=EDGE_LOOP('',(#2560,#2561,#2562,#2563));
#6383=EDGE_LOOP('',(#2564,#2565,#2566,#2567));
#6384=EDGE_LOOP('',(#2568,#2569,#2570,#2571));
#6385=EDGE_LOOP('',(#2572,#2573,#2574,#2575));
#6386=EDGE_LOOP('',(#2576,#2577,#2578,#2579));
#6387=EDGE_LOOP('',(#2580,#2581,#2582,#2583));
#6388=EDGE_LOOP('',(#2584,#2585,#2586,#2587));
#6389=EDGE_LOOP('',(#2588));
#6390=EDGE_LOOP('',(#2589));
#6391=EDGE_LOOP('',(#2590));
#6392=EDGE_LOOP('',(#2591));
#6393=EDGE_LOOP('',(#2592));
#6394=EDGE_LOOP('',(#2593));
#6395=EDGE_LOOP('',(#2594));
#6396=EDGE_LOOP('',(#2595));
#6397=EDGE_LOOP('',(#2596));
#6398=EDGE_LOOP('',(#2597));
#6399=EDGE_LOOP('',(#2598));
#6400=EDGE_LOOP('',(#2599));
#6401=EDGE_LOOP('',(#2600,#2601,#2602,#2603));
#6402=EDGE_LOOP('',(#2604,#2605,#2606,#2607));
#6403=EDGE_LOOP('',(#2608,#2609,#2610,#2611));
#6404=EDGE_LOOP('',(#2612,#2613,#2614,#2615));
#6405=EDGE_LOOP('',(#2616,#2617,#2618,#2619));
#6406=EDGE_LOOP('',(#2620,#2621,#2622,#2623));
#6407=EDGE_LOOP('',(#2624,#2625,#2626,#2627));
#6408=EDGE_LOOP('',(#2628,#2629,#2630,#2631));
#6409=EDGE_LOOP('',(#2632,#2633,#2634,#2635));
#6410=EDGE_LOOP('',(#2636,#2637,#2638,#2639));
#6411=EDGE_LOOP('',(#2640,#2641,#2642,#2643));
#6412=EDGE_LOOP('',(#2644,#2645,#2646,#2647));
#6413=EDGE_LOOP('',(#2648,#2649,#2650,#2651));
#6414=EDGE_LOOP('',(#2652,#2653,#2654,#2655));
#6415=EDGE_LOOP('',(#2656,#2657,#2658,#2659));
#6416=EDGE_LOOP('',(#2660,#2661,#2662,#2663));
#6417=EDGE_LOOP('',(#2664,#2665,#2666,#2667));
#6418=EDGE_LOOP('',(#2668,#2669,#2670,#2671,#2672));
#6419=EDGE_LOOP('',(#2673,#2674,#2675,#2676));
#6420=EDGE_LOOP('',(#2677,#2678,#2679,#2680));
#6421=EDGE_LOOP('',(#2681,#2682,#2683,#2684,#2685));
#6422=EDGE_LOOP('',(#2686,#2687,#2688,#2689));
#6423=EDGE_LOOP('',(#2690,#2691,#2692,#2693));
#6424=EDGE_LOOP('',(#2694,#2695,#2696,#2697));
#6425=EDGE_LOOP('',(#2698,#2699,#2700,#2701));
#6426=EDGE_LOOP('',(#2702,#2703,#2704,#2705));
#6427=EDGE_LOOP('',(#2706,#2707,#2708,#2709));
#6428=EDGE_LOOP('',(#2710,#2711,#2712,#2713));
#6429=EDGE_LOOP('',(#2714,#2715,#2716,#2717));
#6430=EDGE_LOOP('',(#2718,#2719,#2720,#2721));
#6431=EDGE_LOOP('',(#2722,#2723,#2724,#2725));
#6432=EDGE_LOOP('',(#2726,#2727,#2728,#2729));
#6433=EDGE_LOOP('',(#2730,#2731,#2732,#2733));
#6434=EDGE_LOOP('',(#2734,#2735,#2736,#2737));
#6435=EDGE_LOOP('',(#2738,#2739,#2740,#2741,#2742,#2743,#2744,#2745,#2746,
#2747,#2748,#2749,#2750,#2751,#2752,#2753,#2754,#2755,#2756,#2757,#2758,
#2759,#2760,#2761,#2762,#2763,#2764,#2765,#2766,#2767,#2768,#2769,#2770,
#2771));
#6436=EDGE_LOOP('',(#2772,#2773,#2774,#2775));
#6437=EDGE_LOOP('',(#2776,#2777,#2778,#2779));
#6438=EDGE_LOOP('',(#2780,#2781,#2782,#2783));
#6439=EDGE_LOOP('',(#2784,#2785,#2786,#2787));
#6440=EDGE_LOOP('',(#2788,#2789,#2790,#2791));
#6441=EDGE_LOOP('',(#2792,#2793,#2794,#2795));
#6442=EDGE_LOOP('',(#2796,#2797,#2798,#2799));
#6443=EDGE_LOOP('',(#2800,#2801,#2802,#2803));
#6444=EDGE_LOOP('',(#2804,#2805,#2806,#2807));
#6445=EDGE_LOOP('',(#2808,#2809,#2810,#2811));
#6446=EDGE_LOOP('',(#2812,#2813,#2814,#2815,#2816));
#6447=EDGE_LOOP('',(#2817,#2818,#2819,#2820));
#6448=EDGE_LOOP('',(#2821,#2822,#2823,#2824));
#6449=EDGE_LOOP('',(#2825,#2826,#2827,#2828,#2829));
#6450=EDGE_LOOP('',(#2830,#2831,#2832,#2833));
#6451=EDGE_LOOP('',(#2834,#2835,#2836,#2837));
#6452=EDGE_LOOP('',(#2838,#2839,#2840,#2841));
#6453=EDGE_LOOP('',(#2842,#2843,#2844,#2845));
#6454=EDGE_LOOP('',(#2846,#2847,#2848,#2849));
#6455=EDGE_LOOP('',(#2850,#2851,#2852,#2853));
#6456=EDGE_LOOP('',(#2854,#2855,#2856,#2857));
#6457=EDGE_LOOP('',(#2858,#2859,#2860,#2861));
#6458=EDGE_LOOP('',(#2862,#2863,#2864,#2865));
#6459=EDGE_LOOP('',(#2866,#2867,#2868,#2869));
#6460=EDGE_LOOP('',(#2870,#2871,#2872,#2873));
#6461=EDGE_LOOP('',(#2874,#2875,#2876,#2877));
#6462=EDGE_LOOP('',(#2878,#2879,#2880,#2881));
#6463=EDGE_LOOP('',(#2882,#2883,#2884,#2885));
#6464=EDGE_LOOP('',(#2886,#2887,#2888,#2889));
#6465=EDGE_LOOP('',(#2890,#2891,#2892,#2893));
#6466=EDGE_LOOP('',(#2894,#2895,#2896,#2897));
#6467=EDGE_LOOP('',(#2898,#2899,#2900,#2901));
#6468=EDGE_LOOP('',(#2902,#2903,#2904,#2905));
#6469=EDGE_LOOP('',(#2906,#2907,#2908,#2909));
#6470=EDGE_LOOP('',(#2910,#2911,#2912,#2913));
#6471=EDGE_LOOP('',(#2914,#2915,#2916,#2917));
#6472=EDGE_LOOP('',(#2918,#2919,#2920,#2921));
#6473=EDGE_LOOP('',(#2922,#2923,#2924,#2925));
#6474=EDGE_LOOP('',(#2926,#2927,#2928,#2929));
#6475=EDGE_LOOP('',(#2930,#2931,#2932,#2933));
#6476=EDGE_LOOP('',(#2934,#2935,#2936,#2937,#2938,#2939,#2940,#2941,#2942,
#2943,#2944,#2945,#2946,#2947,#2948,#2949,#2950,#2951,#2952,#2953,#2954,
#2955,#2956,#2957,#2958,#2959,#2960,#2961,#2962,#2963,#2964,#2965,#2966,
#2967,#2968,#2969,#2970,#2971,#2972,#2973));
#6477=EDGE_LOOP('',(#2974,#2975,#2976,#2977));
#6478=EDGE_LOOP('',(#2978,#2979,#2980,#2981));
#6479=EDGE_LOOP('',(#2982,#2983,#2984,#2985));
#6480=EDGE_LOOP('',(#2986,#2987,#2988,#2989));
#6481=EDGE_LOOP('',(#2990,#2991,#2992,#2993));
#6482=EDGE_LOOP('',(#2994,#2995,#2996,#2997));
#6483=EDGE_LOOP('',(#2998,#2999,#3000,#3001));
#6484=EDGE_LOOP('',(#3002,#3003,#3004,#3005));
#6485=EDGE_LOOP('',(#3006,#3007,#3008,#3009));
#6486=EDGE_LOOP('',(#3010,#3011,#3012,#3013));
#6487=EDGE_LOOP('',(#3014,#3015,#3016,#3017));
#6488=EDGE_LOOP('',(#3018,#3019,#3020,#3021));
#6489=EDGE_LOOP('',(#3022,#3023,#3024,#3025));
#6490=EDGE_LOOP('',(#3026,#3027,#3028,#3029));
#6491=EDGE_LOOP('',(#3030,#3031,#3032,#3033));
#6492=EDGE_LOOP('',(#3034,#3035,#3036,#3037));
#6493=EDGE_LOOP('',(#3038,#3039,#3040,#3041));
#6494=EDGE_LOOP('',(#3042,#3043,#3044,#3045,#3046));
#6495=EDGE_LOOP('',(#3047,#3048,#3049,#3050));
#6496=EDGE_LOOP('',(#3051,#3052,#3053,#3054));
#6497=EDGE_LOOP('',(#3055,#3056,#3057,#3058,#3059));
#6498=EDGE_LOOP('',(#3060,#3061,#3062,#3063));
#6499=EDGE_LOOP('',(#3064,#3065,#3066,#3067));
#6500=EDGE_LOOP('',(#3068,#3069,#3070,#3071));
#6501=EDGE_LOOP('',(#3072,#3073,#3074,#3075));
#6502=EDGE_LOOP('',(#3076,#3077,#3078,#3079));
#6503=EDGE_LOOP('',(#3080,#3081,#3082,#3083));
#6504=EDGE_LOOP('',(#3084,#3085,#3086,#3087));
#6505=EDGE_LOOP('',(#3088,#3089,#3090,#3091));
#6506=EDGE_LOOP('',(#3092,#3093,#3094,#3095));
#6507=EDGE_LOOP('',(#3096,#3097,#3098,#3099));
#6508=EDGE_LOOP('',(#3100,#3101,#3102,#3103));
#6509=EDGE_LOOP('',(#3104,#3105,#3106,#3107));
#6510=EDGE_LOOP('',(#3108,#3109,#3110,#3111));
#6511=EDGE_LOOP('',(#3112,#3113,#3114,#3115,#3116,#3117,#3118,#3119,#3120,
#3121,#3122,#3123,#3124,#3125,#3126,#3127,#3128,#3129,#3130,#3131,#3132,
#3133,#3134,#3135,#3136,#3137,#3138,#3139,#3140,#3141,#3142,#3143,#3144,
#3145));
#6512=EDGE_LOOP('',(#3146,#3147,#3148,#3149));
#6513=EDGE_LOOP('',(#3150,#3151,#3152,#3153));
#6514=EDGE_LOOP('',(#3154,#3155,#3156,#3157));
#6515=EDGE_LOOP('',(#3158,#3159,#3160,#3161));
#6516=EDGE_LOOP('',(#3162,#3163,#3164,#3165));
#6517=EDGE_LOOP('',(#3166,#3167,#3168,#3169,#3170));
#6518=EDGE_LOOP('',(#3171,#3172,#3173,#3174));
#6519=EDGE_LOOP('',(#3175,#3176,#3177,#3178));
#6520=EDGE_LOOP('',(#3179,#3180,#3181,#3182));
#6521=EDGE_LOOP('',(#3183,#3184,#3185,#3186,#3187));
#6522=EDGE_LOOP('',(#3188,#3189,#3190,#3191));
#6523=EDGE_LOOP('',(#3192,#3193,#3194,#3195,#3196,#3197));
#6524=EDGE_LOOP('',(#3198,#3199,#3200,#3201));
#6525=EDGE_LOOP('',(#3202,#3203,#3204,#3205));
#6526=EDGE_LOOP('',(#3206,#3207,#3208,#3209,#3210));
#6527=EDGE_LOOP('',(#3211,#3212,#3213,#3214));
#6528=EDGE_LOOP('',(#3215,#3216,#3217,#3218));
#6529=EDGE_LOOP('',(#3219,#3220,#3221,#3222));
#6530=EDGE_LOOP('',(#3223,#3224,#3225,#3226));
#6531=EDGE_LOOP('',(#3227,#3228,#3229,#3230));
#6532=EDGE_LOOP('',(#3231,#3232,#3233,#3234,#3235));
#6533=EDGE_LOOP('',(#3236,#3237,#3238,#3239));
#6534=EDGE_LOOP('',(#3240,#3241,#3242,#3243));
#6535=EDGE_LOOP('',(#3244,#3245,#3246,#3247,#3248,#3249,#3250,#3251));
#6536=EDGE_LOOP('',(#3252,#3253,#3254));
#6537=EDGE_LOOP('',(#3255,#3256,#3257,#3258));
#6538=EDGE_LOOP('',(#3259,#3260,#3261,#3262));
#6539=EDGE_LOOP('',(#3263,#3264,#3265,#3266));
#6540=EDGE_LOOP('',(#3267,#3268,#3269,#3270));
#6541=EDGE_LOOP('',(#3271,#3272,#3273,#3274));
#6542=EDGE_LOOP('',(#3275,#3276,#3277,#3278));
#6543=EDGE_LOOP('',(#3279,#3280,#3281,#3282));
#6544=EDGE_LOOP('',(#3283,#3284,#3285,#3286));
#6545=EDGE_LOOP('',(#3287,#3288,#3289,#3290));
#6546=EDGE_LOOP('',(#3291,#3292,#3293,#3294,#3295));
#6547=EDGE_LOOP('',(#3296,#3297,#3298,#3299));
#6548=EDGE_LOOP('',(#3300,#3301,#3302,#3303));
#6549=EDGE_LOOP('',(#3304,#3305,#3306,#3307));
#6550=EDGE_LOOP('',(#3308,#3309,#3310,#3311));
#6551=EDGE_LOOP('',(#3312,#3313,#3314,#3315));
#6552=EDGE_LOOP('',(#3316,#3317,#3318,#3319));
#6553=EDGE_LOOP('',(#3320,#3321,#3322,#3323,#3324));
#6554=EDGE_LOOP('',(#3325,#3326,#3327,#3328));
#6555=EDGE_LOOP('',(#3329,#3330,#3331,#3332));
#6556=EDGE_LOOP('',(#3333,#3334,#3335,#3336));
#6557=EDGE_LOOP('',(#3337,#3338,#3339,#3340,#3341,#3342,#3343,#3344,#3345,
#3346));
#6558=EDGE_LOOP('',(#3347,#3348,#3349,#3350,#3351,#3352,#3353,#3354,#3355,
#3356));
#6559=EDGE_LOOP('',(#3357,#3358,#3359,#3360,#3361));
#6560=EDGE_LOOP('',(#3362,#3363,#3364,#3365));
#6561=EDGE_LOOP('',(#3366,#3367,#3368,#3369));
#6562=EDGE_LOOP('',(#3370,#3371,#3372,#3373));
#6563=EDGE_LOOP('',(#3374,#3375,#3376,#3377));
#6564=EDGE_LOOP('',(#3378,#3379,#3380,#3381));
#6565=EDGE_LOOP('',(#3382,#3383,#3384,#3385));
#6566=EDGE_LOOP('',(#3386,#3387,#3388,#3389));
#6567=EDGE_LOOP('',(#3390,#3391,#3392,#3393));
#6568=EDGE_LOOP('',(#3394,#3395,#3396,#3397));
#6569=EDGE_LOOP('',(#3398,#3399,#3400,#3401,#3402));
#6570=EDGE_LOOP('',(#3403,#3404,#3405,#3406));
#6571=EDGE_LOOP('',(#3407,#3408,#3409,#3410,#3411,#3412,#3413,#3414,#3415,
#3416,#3417,#3418));
#6572=EDGE_LOOP('',(#3419,#3420,#3421,#3422));
#6573=EDGE_LOOP('',(#3423,#3424,#3425,#3426));
#6574=EDGE_LOOP('',(#3427,#3428,#3429,#3430));
#6575=EDGE_LOOP('',(#3431,#3432,#3433,#3434));
#6576=EDGE_LOOP('',(#3435,#3436,#3437,#3438));
#6577=EDGE_LOOP('',(#3439,#3440,#3441,#3442));
#6578=EDGE_LOOP('',(#3443,#3444,#3445,#3446));
#6579=EDGE_LOOP('',(#3447,#3448,#3449,#3450));
#6580=EDGE_LOOP('',(#3451,#3452,#3453,#3454,#3455));
#6581=EDGE_LOOP('',(#3456,#3457,#3458,#3459));
#6582=EDGE_LOOP('',(#3460,#3461,#3462,#3463));
#6583=EDGE_LOOP('',(#3464,#3465,#3466,#3467));
#6584=EDGE_LOOP('',(#3468,#3469,#3470,#3471));
#6585=EDGE_LOOP('',(#3472,#3473,#3474,#3475));
#6586=EDGE_LOOP('',(#3476,#3477,#3478,#3479));
#6587=EDGE_LOOP('',(#3480,#3481,#3482,#3483));
#6588=EDGE_LOOP('',(#3484,#3485,#3486,#3487,#3488));
#6589=EDGE_LOOP('',(#3489,#3490,#3491,#3492));
#6590=EDGE_LOOP('',(#3493,#3494,#3495,#3496));
#6591=EDGE_LOOP('',(#3497,#3498,#3499,#3500));
#6592=EDGE_LOOP('',(#3501,#3502,#3503,#3504,#3505,#3506,#3507,#3508,#3509,
#3510,#3511));
#6593=EDGE_LOOP('',(#3512,#3513,#3514,#3515,#3516,#3517,#3518,#3519,#3520));
#6594=EDGE_LOOP('',(#3521,#3522,#3523,#3524,#3525));
#6595=EDGE_LOOP('',(#3526,#3527,#3528,#3529));
#6596=EDGE_LOOP('',(#3530,#3531,#3532,#3533));
#6597=EDGE_LOOP('',(#3534,#3535,#3536,#3537));
#6598=EDGE_LOOP('',(#3538,#3539,#3540,#3541));
#6599=EDGE_LOOP('',(#3542,#3543,#3544,#3545));
#6600=EDGE_LOOP('',(#3546,#3547,#3548,#3549));
#6601=EDGE_LOOP('',(#3550,#3551,#3552,#3553));
#6602=EDGE_LOOP('',(#3554,#3555,#3556,#3557));
#6603=EDGE_LOOP('',(#3558,#3559,#3560,#3561));
#6604=EDGE_LOOP('',(#3562,#3563,#3564,#3565,#3566));
#6605=EDGE_LOOP('',(#3567,#3568,#3569,#3570));
#6606=EDGE_LOOP('',(#3571,#3572,#3573,#3574,#3575,#3576,#3577,#3578,#3579,
#3580,#3581,#3582));
#6607=EDGE_LOOP('',(#3583,#3584,#3585,#3586));
#6608=EDGE_LOOP('',(#3587,#3588,#3589,#3590));
#6609=EDGE_LOOP('',(#3591,#3592,#3593,#3594));
#6610=EDGE_LOOP('',(#3595,#3596,#3597,#3598));
#6611=EDGE_LOOP('',(#3599,#3600,#3601,#3602,#3603));
#6612=EDGE_LOOP('',(#3604,#3605,#3606,#3607));
#6613=EDGE_LOOP('',(#3608,#3609,#3610,#3611,#3612));
#6614=EDGE_LOOP('',(#3613,#3614,#3615,#3616));
#6615=EDGE_LOOP('',(#3617,#3618,#3619,#3620));
#6616=EDGE_LOOP('',(#3621,#3622,#3623,#3624));
#6617=EDGE_LOOP('',(#3625,#3626,#3627,#3628));
#6618=EDGE_LOOP('',(#3629,#3630,#3631,#3632));
#6619=EDGE_LOOP('',(#3633,#3634,#3635,#3636));
#6620=EDGE_LOOP('',(#3637,#3638,#3639,#3640,#3641));
#6621=EDGE_LOOP('',(#3642,#3643,#3644,#3645));
#6622=EDGE_LOOP('',(#3646,#3647,#3648,#3649,#3650));
#6623=EDGE_LOOP('',(#3651,#3652,#3653,#3654));
#6624=EDGE_LOOP('',(#3655,#3656,#3657,#3658));
#6625=EDGE_LOOP('',(#3659,#3660,#3661,#3662,#3663,#3664,#3665,#3666,#3667,
#3668,#3669,#3670,#3671,#3672,#3673,#3674,#3675,#3676));
#6626=EDGE_LOOP('',(#3677,#3678,#3679,#3680,#3681));
#6627=EDGE_LOOP('',(#3682,#3683,#3684,#3685));
#6628=EDGE_LOOP('',(#3686,#3687,#3688,#3689));
#6629=EDGE_LOOP('',(#3690,#3691,#3692,#3693));
#6630=EDGE_LOOP('',(#3694,#3695,#3696,#3697));
#6631=EDGE_LOOP('',(#3698,#3699,#3700,#3701,#3702));
#6632=EDGE_LOOP('',(#3703,#3704,#3705,#3706));
#6633=EDGE_LOOP('',(#3707,#3708,#3709,#3710,#3711));
#6634=EDGE_LOOP('',(#3712,#3713,#3714,#3715,#3716));
#6635=EDGE_LOOP('',(#3717,#3718,#3719,#3720));
#6636=EDGE_LOOP('',(#3721,#3722,#3723,#3724,#3725,#3726,#3727,#3728,#3729,
#3730));
#6637=EDGE_LOOP('',(#3731,#3732,#3733,#3734,#3735));
#6638=EDGE_LOOP('',(#3736,#3737,#3738,#3739));
#6639=EDGE_LOOP('',(#3740,#3741,#3742,#3743));
#6640=EDGE_LOOP('',(#3744,#3745,#3746,#3747));
#6641=EDGE_LOOP('',(#3748,#3749,#3750,#3751));
#6642=EDGE_LOOP('',(#3752,#3753,#3754,#3755));
#6643=EDGE_LOOP('',(#3756,#3757,#3758,#3759));
#6644=EDGE_LOOP('',(#3760,#3761,#3762,#3763));
#6645=EDGE_LOOP('',(#3764,#3765,#3766,#3767));
#6646=EDGE_LOOP('',(#3768,#3769,#3770,#3771));
#6647=EDGE_LOOP('',(#3772,#3773,#3774,#3775,#3776));
#6648=EDGE_LOOP('',(#3777,#3778,#3779,#3780));
#6649=EDGE_LOOP('',(#3781,#3782,#3783,#3784,#3785,#3786,#3787,#3788,#3789,
#3790,#3791,#3792));
#6650=EDGE_LOOP('',(#3793,#3794,#3795,#3796,#3797));
#6651=EDGE_LOOP('',(#3798,#3799,#3800,#3801));
#6652=EDGE_LOOP('',(#3802,#3803,#3804,#3805));
#6653=EDGE_LOOP('',(#3806,#3807,#3808,#3809));
#6654=EDGE_LOOP('',(#3810,#3811,#3812,#3813));
#6655=EDGE_LOOP('',(#3814,#3815,#3816,#3817));
#6656=EDGE_LOOP('',(#3818,#3819,#3820,#3821));
#6657=EDGE_LOOP('',(#3822,#3823,#3824,#3825));
#6658=EDGE_LOOP('',(#3826,#3827,#3828,#3829,#3830));
#6659=EDGE_LOOP('',(#3831,#3832,#3833,#3834));
#6660=EDGE_LOOP('',(#3835,#3836,#3837,#3838,#3839));
#6661=EDGE_LOOP('',(#3840,#3841,#3842,#3843,#3844));
#6662=EDGE_LOOP('',(#3845,#3846,#3847,#3848));
#6663=EDGE_LOOP('',(#3849,#3850,#3851,#3852,#3853,#3854,#3855,#3856,#3857,
#3858,#3859,#3860,#3861));
#6664=EDGE_LOOP('',(#3862,#3863,#3864,#3865,#3866));
#6665=EDGE_LOOP('',(#3867,#3868,#3869,#3870));
#6666=EDGE_LOOP('',(#3871,#3872,#3873,#3874));
#6667=EDGE_LOOP('',(#3875,#3876,#3877,#3878));
#6668=EDGE_LOOP('',(#3879,#3880,#3881,#3882,#3883));
#6669=EDGE_LOOP('',(#3884,#3885,#3886,#3887));
#6670=EDGE_LOOP('',(#3888,#3889,#3890,#3891,#3892,#3893));
#6671=EDGE_LOOP('',(#3894,#3895,#3896,#3897));
#6672=EDGE_LOOP('',(#3898,#3899,#3900,#3901));
#6673=EDGE_LOOP('',(#3902,#3903,#3904,#3905,#3906));
#6674=EDGE_LOOP('',(#3907,#3908,#3909,#3910));
#6675=EDGE_LOOP('',(#3911,#3912,#3913,#3914));
#6676=EDGE_LOOP('',(#3915,#3916,#3917,#3918));
#6677=EDGE_LOOP('',(#3919,#3920,#3921,#3922));
#6678=EDGE_LOOP('',(#3923,#3924,#3925,#3926));
#6679=EDGE_LOOP('',(#3927,#3928,#3929,#3930,#3931));
#6680=EDGE_LOOP('',(#3932,#3933,#3934,#3935));
#6681=EDGE_LOOP('',(#3936,#3937,#3938,#3939));
#6682=EDGE_LOOP('',(#3940,#3941,#3942,#3943,#3944,#3945,#3946,#3947));
#6683=EDGE_LOOP('',(#3948,#3949,#3950));
#6684=EDGE_LOOP('',(#3951,#3952,#3953,#3954,#3955));
#6685=EDGE_LOOP('',(#3956,#3957,#3958,#3959));
#6686=EDGE_LOOP('',(#3960,#3961,#3962,#3963));
#6687=EDGE_LOOP('',(#3964,#3965,#3966,#3967));
#6688=EDGE_LOOP('',(#3968,#3969,#3970,#3971));
#6689=EDGE_LOOP('',(#3972,#3973,#3974,#3975));
#6690=EDGE_LOOP('',(#3976,#3977,#3978,#3979));
#6691=EDGE_LOOP('',(#3980,#3981,#3982,#3983));
#6692=EDGE_LOOP('',(#3984,#3985,#3986,#3987));
#6693=EDGE_LOOP('',(#3988,#3989,#3990,#3991));
#6694=EDGE_LOOP('',(#3992,#3993,#3994,#3995,#3996));
#6695=EDGE_LOOP('',(#3997,#3998,#3999,#4000));
#6696=EDGE_LOOP('',(#4001,#4002,#4003,#4004,#4005,#4006,#4007,#4008,#4009,
#4010,#4011,#4012));
#6697=EDGE_LOOP('',(#4013,#4014,#4015,#4016));
#6698=EDGE_LOOP('',(#4017,#4018,#4019,#4020));
#6699=EDGE_LOOP('',(#4021,#4022,#4023,#4024));
#6700=EDGE_LOOP('',(#4025,#4026,#4027,#4028));
#6701=EDGE_LOOP('',(#4029,#4030,#4031,#4032));
#6702=EDGE_LOOP('',(#4033,#4034,#4035,#4036));
#6703=EDGE_LOOP('',(#4037,#4038,#4039,#4040));
#6704=EDGE_LOOP('',(#4041,#4042,#4043,#4044,#4045));
#6705=EDGE_LOOP('',(#4046,#4047,#4048,#4049));
#6706=EDGE_LOOP('',(#4050,#4051,#4052,#4053));
#6707=EDGE_LOOP('',(#4054,#4055,#4056,#4057));
#6708=EDGE_LOOP('',(#4058,#4059,#4060,#4061));
#6709=EDGE_LOOP('',(#4062,#4063,#4064,#4065));
#6710=EDGE_LOOP('',(#4066,#4067,#4068,#4069));
#6711=EDGE_LOOP('',(#4070,#4071,#4072,#4073));
#6712=EDGE_LOOP('',(#4074,#4075,#4076,#4077));
#6713=EDGE_LOOP('',(#4078,#4079,#4080,#4081));
#6714=EDGE_LOOP('',(#4082,#4083,#4084,#4085));
#6715=EDGE_LOOP('',(#4086,#4087,#4088,#4089,#4090));
#6716=EDGE_LOOP('',(#4091,#4092,#4093,#4094));
#6717=EDGE_LOOP('',(#4095,#4096,#4097,#4098));
#6718=EDGE_LOOP('',(#4099,#4100,#4101,#4102));
#6719=EDGE_LOOP('',(#4103,#4104,#4105,#4106,#4107,#4108,#4109,#4110,#4111,
#4112,#4113,#4114,#4115,#4116));
#6720=EDGE_LOOP('',(#4117,#4118,#4119,#4120,#4121,#4122,#4123,#4124));
#6721=EDGE_LOOP('',(#4125,#4126,#4127));
#6722=EDGE_LOOP('',(#4128,#4129,#4130,#4131,#4132,#4133,#4134,#4135,#4136,
#4137));
#6723=EDGE_LOOP('',(#4138,#4139,#4140,#4141,#4142,#4143,#4144,#4145,#4146));
#6724=EDGE_LOOP('',(#4147,#4148,#4149));
#6725=EDGE_LOOP('',(#4150,#4151,#4152,#4153,#4154,#4155,#4156,#4157));
#6726=EDGE_LOOP('',(#4158,#4159,#4160,#4161));
#6727=EDGE_LOOP('',(#4162,#4163,#4164,#4165));
#6728=EDGE_LOOP('',(#4166,#4167,#4168,#4169,#4170,#4171,#4172,#4173,#4174,
#4175,#4176,#4177,#4178,#4179,#4180,#4181,#4182,#4183,#4184,#4185,#4186,
#4187,#4188,#4189,#4190,#4191,#4192,#4193,#4194,#4195,#4196,#4197,#4198,
#4199,#4200,#4201,#4202,#4203,#4204,#4205,#4206,#4207,#4208,#4209,#4210,
#4211,#4212,#4213,#4214,#4215,#4216,#4217,#4218,#4219,#4220,#4221,#4222,
#4223,#4224,#4225,#4226,#4227,#4228,#4229,#4230,#4231,#4232,#4233,#4234,
#4235,#4236,#4237,#4238,#4239,#4240,#4241,#4242,#4243,#4244,#4245,#4246,
#4247,#4248,#4249,#4250,#4251,#4252,#4253,#4254,#4255));
#6729=EDGE_LOOP('',(#4256,#4257,#4258,#4259));
#6730=FACE_BOUND('',#6241,.T.);
#6731=FACE_BOUND('',#6242,.T.);
#6732=FACE_BOUND('',#6243,.T.);
#6733=FACE_BOUND('',#6244,.T.);
#6734=FACE_BOUND('',#6245,.T.);
#6735=FACE_BOUND('',#6246,.T.);
#6736=FACE_BOUND('',#6247,.T.);
#6737=FACE_BOUND('',#6248,.T.);
#6738=FACE_BOUND('',#6249,.T.);
#6739=FACE_BOUND('',#6250,.T.);
#6740=FACE_BOUND('',#6251,.T.);
#6741=FACE_BOUND('',#6252,.T.);
#6742=FACE_BOUND('',#6253,.T.);
#6743=FACE_BOUND('',#6254,.T.);
#6744=FACE_BOUND('',#6255,.T.);
#6745=FACE_BOUND('',#6256,.T.);
#6746=FACE_BOUND('',#6257,.T.);
#6747=FACE_BOUND('',#6258,.T.);
#6748=FACE_BOUND('',#6259,.T.);
#6749=FACE_BOUND('',#6260,.T.);
#6750=FACE_BOUND('',#6261,.T.);
#6751=FACE_BOUND('',#6262,.T.);
#6752=FACE_BOUND('',#6263,.T.);
#6753=FACE_BOUND('',#6264,.T.);
#6754=FACE_BOUND('',#6265,.T.);
#6755=FACE_BOUND('',#6266,.T.);
#6756=FACE_BOUND('',#6267,.T.);
#6757=FACE_BOUND('',#6268,.T.);
#6758=FACE_BOUND('',#6269,.T.);
#6759=FACE_BOUND('',#6270,.T.);
#6760=FACE_BOUND('',#6271,.T.);
#6761=FACE_BOUND('',#6272,.T.);
#6762=FACE_BOUND('',#6273,.T.);
#6763=FACE_BOUND('',#6274,.T.);
#6764=FACE_BOUND('',#6275,.T.);
#6765=FACE_BOUND('',#6276,.T.);
#6766=FACE_BOUND('',#6277,.T.);
#6767=FACE_BOUND('',#6278,.T.);
#6768=FACE_BOUND('',#6279,.T.);
#6769=FACE_BOUND('',#6280,.T.);
#6770=FACE_BOUND('',#6281,.T.);
#6771=FACE_BOUND('',#6282,.T.);
#6772=FACE_BOUND('',#6283,.T.);
#6773=FACE_BOUND('',#6284,.T.);
#6774=FACE_BOUND('',#6285,.T.);
#6775=FACE_BOUND('',#6286,.T.);
#6776=FACE_BOUND('',#6287,.T.);
#6777=FACE_BOUND('',#6288,.T.);
#6778=FACE_BOUND('',#6289,.T.);
#6779=FACE_BOUND('',#6290,.T.);
#6780=FACE_BOUND('',#6291,.T.);
#6781=FACE_BOUND('',#6292,.T.);
#6782=FACE_BOUND('',#6293,.T.);
#6783=FACE_BOUND('',#6294,.T.);
#6784=FACE_BOUND('',#6295,.T.);
#6785=FACE_BOUND('',#6296,.T.);
#6786=FACE_BOUND('',#6297,.T.);
#6787=FACE_BOUND('',#6298,.T.);
#6788=FACE_BOUND('',#6299,.T.);
#6789=FACE_BOUND('',#6300,.T.);
#6790=FACE_BOUND('',#6301,.T.);
#6791=FACE_BOUND('',#6302,.T.);
#6792=FACE_BOUND('',#6303,.T.);
#6793=FACE_BOUND('',#6304,.T.);
#6794=FACE_BOUND('',#6305,.T.);
#6795=FACE_BOUND('',#6306,.T.);
#6796=FACE_BOUND('',#6307,.T.);
#6797=FACE_BOUND('',#6308,.T.);
#6798=FACE_BOUND('',#6309,.T.);
#6799=FACE_BOUND('',#6310,.T.);
#6800=FACE_BOUND('',#6311,.T.);
#6801=FACE_BOUND('',#6312,.T.);
#6802=FACE_BOUND('',#6313,.T.);
#6803=FACE_BOUND('',#6314,.T.);
#6804=FACE_BOUND('',#6315,.T.);
#6805=FACE_BOUND('',#6316,.T.);
#6806=FACE_BOUND('',#6317,.T.);
#6807=FACE_BOUND('',#6318,.T.);
#6808=FACE_BOUND('',#6319,.T.);
#6809=FACE_BOUND('',#6320,.T.);
#6810=FACE_BOUND('',#6321,.T.);
#6811=FACE_BOUND('',#6322,.T.);
#6812=FACE_BOUND('',#6323,.T.);
#6813=FACE_BOUND('',#6324,.T.);
#6814=FACE_BOUND('',#6325,.T.);
#6815=FACE_BOUND('',#6326,.T.);
#6816=FACE_BOUND('',#6327,.T.);
#6817=FACE_BOUND('',#6328,.T.);
#6818=FACE_BOUND('',#6329,.T.);
#6819=FACE_BOUND('',#6330,.T.);
#6820=FACE_BOUND('',#6331,.T.);
#6821=FACE_BOUND('',#6332,.T.);
#6822=FACE_BOUND('',#6333,.T.);
#6823=FACE_BOUND('',#6334,.T.);
#6824=FACE_BOUND('',#6335,.T.);
#6825=FACE_BOUND('',#6336,.T.);
#6826=FACE_BOUND('',#6337,.T.);
#6827=FACE_BOUND('',#6338,.T.);
#6828=FACE_BOUND('',#6339,.T.);
#6829=FACE_BOUND('',#6340,.T.);
#6830=FACE_BOUND('',#6341,.T.);
#6831=FACE_BOUND('',#6342,.T.);
#6832=FACE_BOUND('',#6343,.T.);
#6833=FACE_BOUND('',#6344,.T.);
#6834=FACE_BOUND('',#6345,.T.);
#6835=FACE_BOUND('',#6346,.T.);
#6836=FACE_BOUND('',#6347,.T.);
#6837=FACE_BOUND('',#6348,.T.);
#6838=FACE_BOUND('',#6349,.T.);
#6839=FACE_BOUND('',#6350,.T.);
#6840=FACE_BOUND('',#6351,.T.);
#6841=FACE_BOUND('',#6352,.T.);
#6842=FACE_BOUND('',#6353,.T.);
#6843=FACE_BOUND('',#6354,.T.);
#6844=FACE_BOUND('',#6355,.T.);
#6845=FACE_BOUND('',#6356,.T.);
#6846=FACE_BOUND('',#6357,.T.);
#6847=FACE_BOUND('',#6358,.T.);
#6848=FACE_BOUND('',#6359,.T.);
#6849=FACE_BOUND('',#6360,.T.);
#6850=FACE_BOUND('',#6361,.T.);
#6851=FACE_BOUND('',#6362,.T.);
#6852=FACE_BOUND('',#6363,.T.);
#6853=FACE_BOUND('',#6364,.T.);
#6854=FACE_BOUND('',#6365,.T.);
#6855=FACE_BOUND('',#6366,.T.);
#6856=FACE_BOUND('',#6367,.T.);
#6857=FACE_BOUND('',#6368,.T.);
#6858=FACE_BOUND('',#6369,.T.);
#6859=FACE_BOUND('',#6370,.T.);
#6860=FACE_BOUND('',#6371,.T.);
#6861=FACE_BOUND('',#6372,.T.);
#6862=FACE_BOUND('',#6373,.T.);
#6863=FACE_BOUND('',#6374,.T.);
#6864=FACE_BOUND('',#6375,.T.);
#6865=FACE_BOUND('',#6376,.T.);
#6866=FACE_BOUND('',#6377,.T.);
#6867=FACE_BOUND('',#6378,.T.);
#6868=FACE_BOUND('',#6379,.T.);
#6869=FACE_BOUND('',#6380,.T.);
#6870=FACE_BOUND('',#6381,.T.);
#6871=FACE_BOUND('',#6382,.T.);
#6872=FACE_BOUND('',#6383,.T.);
#6873=FACE_BOUND('',#6384,.T.);
#6874=FACE_BOUND('',#6385,.T.);
#6875=FACE_BOUND('',#6386,.T.);
#6876=FACE_BOUND('',#6387,.T.);
#6877=FACE_BOUND('',#6388,.T.);
#6878=FACE_BOUND('',#6389,.T.);
#6879=FACE_BOUND('',#6390,.T.);
#6880=FACE_BOUND('',#6391,.T.);
#6881=FACE_BOUND('',#6392,.T.);
#6882=FACE_BOUND('',#6393,.T.);
#6883=FACE_BOUND('',#6394,.T.);
#6884=FACE_BOUND('',#6395,.T.);
#6885=FACE_BOUND('',#6396,.T.);
#6886=FACE_BOUND('',#6397,.T.);
#6887=FACE_BOUND('',#6398,.T.);
#6888=FACE_BOUND('',#6399,.T.);
#6889=FACE_BOUND('',#6400,.T.);
#6890=FACE_BOUND('',#6401,.T.);
#6891=FACE_BOUND('',#6402,.T.);
#6892=FACE_BOUND('',#6403,.T.);
#6893=FACE_BOUND('',#6404,.T.);
#6894=FACE_BOUND('',#6405,.T.);
#6895=FACE_BOUND('',#6406,.T.);
#6896=FACE_BOUND('',#6407,.T.);
#6897=FACE_BOUND('',#6408,.T.);
#6898=FACE_BOUND('',#6409,.T.);
#6899=FACE_BOUND('',#6410,.T.);
#6900=FACE_BOUND('',#6411,.T.);
#6901=FACE_BOUND('',#6412,.T.);
#6902=FACE_BOUND('',#6413,.T.);
#6903=FACE_BOUND('',#6414,.T.);
#6904=FACE_BOUND('',#6415,.T.);
#6905=FACE_BOUND('',#6416,.T.);
#6906=FACE_BOUND('',#6417,.T.);
#6907=FACE_BOUND('',#6418,.T.);
#6908=FACE_BOUND('',#6419,.T.);
#6909=FACE_BOUND('',#6420,.T.);
#6910=FACE_BOUND('',#6421,.T.);
#6911=FACE_BOUND('',#6422,.T.);
#6912=FACE_BOUND('',#6423,.T.);
#6913=FACE_BOUND('',#6424,.T.);
#6914=FACE_BOUND('',#6425,.T.);
#6915=FACE_BOUND('',#6426,.T.);
#6916=FACE_BOUND('',#6427,.T.);
#6917=FACE_BOUND('',#6428,.T.);
#6918=FACE_BOUND('',#6429,.T.);
#6919=FACE_BOUND('',#6430,.T.);
#6920=FACE_BOUND('',#6431,.T.);
#6921=FACE_BOUND('',#6432,.T.);
#6922=FACE_BOUND('',#6433,.T.);
#6923=FACE_BOUND('',#6434,.T.);
#6924=FACE_BOUND('',#6435,.T.);
#6925=FACE_BOUND('',#6436,.T.);
#6926=FACE_BOUND('',#6437,.T.);
#6927=FACE_BOUND('',#6438,.T.);
#6928=FACE_BOUND('',#6439,.T.);
#6929=FACE_BOUND('',#6440,.T.);
#6930=FACE_BOUND('',#6441,.T.);
#6931=FACE_BOUND('',#6442,.T.);
#6932=FACE_BOUND('',#6443,.T.);
#6933=FACE_BOUND('',#6444,.T.);
#6934=FACE_BOUND('',#6445,.T.);
#6935=FACE_BOUND('',#6446,.T.);
#6936=FACE_BOUND('',#6447,.T.);
#6937=FACE_BOUND('',#6448,.T.);
#6938=FACE_BOUND('',#6449,.T.);
#6939=FACE_BOUND('',#6450,.T.);
#6940=FACE_BOUND('',#6451,.T.);
#6941=FACE_BOUND('',#6452,.T.);
#6942=FACE_BOUND('',#6453,.T.);
#6943=FACE_BOUND('',#6454,.T.);
#6944=FACE_BOUND('',#6455,.T.);
#6945=FACE_BOUND('',#6456,.T.);
#6946=FACE_BOUND('',#6457,.T.);
#6947=FACE_BOUND('',#6458,.T.);
#6948=FACE_BOUND('',#6459,.T.);
#6949=FACE_BOUND('',#6460,.T.);
#6950=FACE_BOUND('',#6461,.T.);
#6951=FACE_BOUND('',#6462,.T.);
#6952=FACE_BOUND('',#6463,.T.);
#6953=FACE_BOUND('',#6464,.T.);
#6954=FACE_BOUND('',#6465,.T.);
#6955=FACE_BOUND('',#6466,.T.);
#6956=FACE_BOUND('',#6467,.T.);
#6957=FACE_BOUND('',#6468,.T.);
#6958=FACE_BOUND('',#6469,.T.);
#6959=FACE_BOUND('',#6470,.T.);
#6960=FACE_BOUND('',#6471,.T.);
#6961=FACE_BOUND('',#6472,.T.);
#6962=FACE_BOUND('',#6473,.T.);
#6963=FACE_BOUND('',#6474,.T.);
#6964=FACE_BOUND('',#6475,.T.);
#6965=FACE_BOUND('',#6476,.T.);
#6966=FACE_BOUND('',#6477,.T.);
#6967=FACE_BOUND('',#6478,.T.);
#6968=FACE_BOUND('',#6479,.T.);
#6969=FACE_BOUND('',#6480,.T.);
#6970=FACE_BOUND('',#6481,.T.);
#6971=FACE_BOUND('',#6482,.T.);
#6972=FACE_BOUND('',#6483,.T.);
#6973=FACE_BOUND('',#6484,.T.);
#6974=FACE_BOUND('',#6485,.T.);
#6975=FACE_BOUND('',#6486,.T.);
#6976=FACE_BOUND('',#6487,.T.);
#6977=FACE_BOUND('',#6488,.T.);
#6978=FACE_BOUND('',#6489,.T.);
#6979=FACE_BOUND('',#6490,.T.);
#6980=FACE_BOUND('',#6491,.T.);
#6981=FACE_BOUND('',#6492,.T.);
#6982=FACE_BOUND('',#6493,.T.);
#6983=FACE_BOUND('',#6494,.T.);
#6984=FACE_BOUND('',#6495,.T.);
#6985=FACE_BOUND('',#6496,.T.);
#6986=FACE_BOUND('',#6497,.T.);
#6987=FACE_BOUND('',#6498,.T.);
#6988=FACE_BOUND('',#6499,.T.);
#6989=FACE_BOUND('',#6500,.T.);
#6990=FACE_BOUND('',#6501,.T.);
#6991=FACE_BOUND('',#6502,.T.);
#6992=FACE_BOUND('',#6503,.T.);
#6993=FACE_BOUND('',#6504,.T.);
#6994=FACE_BOUND('',#6505,.T.);
#6995=FACE_BOUND('',#6506,.T.);
#6996=FACE_BOUND('',#6507,.T.);
#6997=FACE_BOUND('',#6508,.T.);
#6998=FACE_BOUND('',#6509,.T.);
#6999=FACE_BOUND('',#6510,.T.);
#7000=FACE_BOUND('',#6511,.T.);
#7001=FACE_BOUND('',#6512,.T.);
#7002=FACE_BOUND('',#6513,.T.);
#7003=FACE_BOUND('',#6514,.T.);
#7004=FACE_BOUND('',#6515,.T.);
#7005=FACE_BOUND('',#6516,.T.);
#7006=FACE_BOUND('',#6517,.T.);
#7007=FACE_BOUND('',#6518,.T.);
#7008=FACE_BOUND('',#6519,.T.);
#7009=FACE_BOUND('',#6520,.T.);
#7010=FACE_BOUND('',#6521,.T.);
#7011=FACE_BOUND('',#6522,.T.);
#7012=FACE_BOUND('',#6523,.T.);
#7013=FACE_BOUND('',#6524,.T.);
#7014=FACE_BOUND('',#6525,.T.);
#7015=FACE_BOUND('',#6526,.T.);
#7016=FACE_BOUND('',#6527,.T.);
#7017=FACE_BOUND('',#6528,.T.);
#7018=FACE_BOUND('',#6529,.T.);
#7019=FACE_BOUND('',#6530,.T.);
#7020=FACE_BOUND('',#6531,.T.);
#7021=FACE_BOUND('',#6532,.T.);
#7022=FACE_BOUND('',#6533,.T.);
#7023=FACE_BOUND('',#6534,.T.);
#7024=FACE_BOUND('',#6535,.T.);
#7025=FACE_BOUND('',#6536,.T.);
#7026=FACE_BOUND('',#6537,.T.);
#7027=FACE_BOUND('',#6538,.T.);
#7028=FACE_BOUND('',#6539,.T.);
#7029=FACE_BOUND('',#6540,.T.);
#7030=FACE_BOUND('',#6541,.T.);
#7031=FACE_BOUND('',#6542,.T.);
#7032=FACE_BOUND('',#6543,.T.);
#7033=FACE_BOUND('',#6544,.T.);
#7034=FACE_BOUND('',#6545,.T.);
#7035=FACE_BOUND('',#6546,.T.);
#7036=FACE_BOUND('',#6547,.T.);
#7037=FACE_BOUND('',#6548,.T.);
#7038=FACE_BOUND('',#6549,.T.);
#7039=FACE_BOUND('',#6550,.T.);
#7040=FACE_BOUND('',#6551,.T.);
#7041=FACE_BOUND('',#6552,.T.);
#7042=FACE_BOUND('',#6553,.T.);
#7043=FACE_BOUND('',#6554,.T.);
#7044=FACE_BOUND('',#6555,.T.);
#7045=FACE_BOUND('',#6556,.T.);
#7046=FACE_BOUND('',#6557,.T.);
#7047=FACE_BOUND('',#6558,.T.);
#7048=FACE_BOUND('',#6559,.T.);
#7049=FACE_BOUND('',#6560,.T.);
#7050=FACE_BOUND('',#6561,.T.);
#7051=FACE_BOUND('',#6562,.T.);
#7052=FACE_BOUND('',#6563,.T.);
#7053=FACE_BOUND('',#6564,.T.);
#7054=FACE_BOUND('',#6565,.T.);
#7055=FACE_BOUND('',#6566,.T.);
#7056=FACE_BOUND('',#6567,.T.);
#7057=FACE_BOUND('',#6568,.T.);
#7058=FACE_BOUND('',#6569,.T.);
#7059=FACE_BOUND('',#6570,.T.);
#7060=FACE_BOUND('',#6571,.T.);
#7061=FACE_BOUND('',#6572,.T.);
#7062=FACE_BOUND('',#6573,.T.);
#7063=FACE_BOUND('',#6574,.T.);
#7064=FACE_BOUND('',#6575,.T.);
#7065=FACE_BOUND('',#6576,.T.);
#7066=FACE_BOUND('',#6577,.T.);
#7067=FACE_BOUND('',#6578,.T.);
#7068=FACE_BOUND('',#6579,.T.);
#7069=FACE_BOUND('',#6580,.T.);
#7070=FACE_BOUND('',#6581,.T.);
#7071=FACE_BOUND('',#6582,.T.);
#7072=FACE_BOUND('',#6583,.T.);
#7073=FACE_BOUND('',#6584,.T.);
#7074=FACE_BOUND('',#6585,.T.);
#7075=FACE_BOUND('',#6586,.T.);
#7076=FACE_BOUND('',#6587,.T.);
#7077=FACE_BOUND('',#6588,.T.);
#7078=FACE_BOUND('',#6589,.T.);
#7079=FACE_BOUND('',#6590,.T.);
#7080=FACE_BOUND('',#6591,.T.);
#7081=FACE_BOUND('',#6592,.T.);
#7082=FACE_BOUND('',#6593,.T.);
#7083=FACE_BOUND('',#6594,.T.);
#7084=FACE_BOUND('',#6595,.T.);
#7085=FACE_BOUND('',#6596,.T.);
#7086=FACE_BOUND('',#6597,.T.);
#7087=FACE_BOUND('',#6598,.T.);
#7088=FACE_BOUND('',#6599,.T.);
#7089=FACE_BOUND('',#6600,.T.);
#7090=FACE_BOUND('',#6601,.T.);
#7091=FACE_BOUND('',#6602,.T.);
#7092=FACE_BOUND('',#6603,.T.);
#7093=FACE_BOUND('',#6604,.T.);
#7094=FACE_BOUND('',#6605,.T.);
#7095=FACE_BOUND('',#6606,.T.);
#7096=FACE_BOUND('',#6607,.T.);
#7097=FACE_BOUND('',#6608,.T.);
#7098=FACE_BOUND('',#6609,.T.);
#7099=FACE_BOUND('',#6610,.T.);
#7100=FACE_BOUND('',#6611,.T.);
#7101=FACE_BOUND('',#6612,.T.);
#7102=FACE_BOUND('',#6613,.T.);
#7103=FACE_BOUND('',#6614,.T.);
#7104=FACE_BOUND('',#6615,.T.);
#7105=FACE_BOUND('',#6616,.T.);
#7106=FACE_BOUND('',#6617,.T.);
#7107=FACE_BOUND('',#6618,.T.);
#7108=FACE_BOUND('',#6619,.T.);
#7109=FACE_BOUND('',#6620,.T.);
#7110=FACE_BOUND('',#6621,.T.);
#7111=FACE_BOUND('',#6622,.T.);
#7112=FACE_BOUND('',#6623,.T.);
#7113=FACE_BOUND('',#6624,.T.);
#7114=FACE_BOUND('',#6625,.T.);
#7115=FACE_BOUND('',#6626,.T.);
#7116=FACE_BOUND('',#6627,.T.);
#7117=FACE_BOUND('',#6628,.T.);
#7118=FACE_BOUND('',#6629,.T.);
#7119=FACE_BOUND('',#6630,.T.);
#7120=FACE_BOUND('',#6631,.T.);
#7121=FACE_BOUND('',#6632,.T.);
#7122=FACE_BOUND('',#6633,.T.);
#7123=FACE_BOUND('',#6634,.T.);
#7124=FACE_BOUND('',#6635,.T.);
#7125=FACE_BOUND('',#6636,.T.);
#7126=FACE_BOUND('',#6637,.T.);
#7127=FACE_BOUND('',#6638,.T.);
#7128=FACE_BOUND('',#6639,.T.);
#7129=FACE_BOUND('',#6640,.T.);
#7130=FACE_BOUND('',#6641,.T.);
#7131=FACE_BOUND('',#6642,.T.);
#7132=FACE_BOUND('',#6643,.T.);
#7133=FACE_BOUND('',#6644,.T.);
#7134=FACE_BOUND('',#6645,.T.);
#7135=FACE_BOUND('',#6646,.T.);
#7136=FACE_BOUND('',#6647,.T.);
#7137=FACE_BOUND('',#6648,.T.);
#7138=FACE_BOUND('',#6649,.T.);
#7139=FACE_BOUND('',#6650,.T.);
#7140=FACE_BOUND('',#6651,.T.);
#7141=FACE_BOUND('',#6652,.T.);
#7142=FACE_BOUND('',#6653,.T.);
#7143=FACE_BOUND('',#6654,.T.);
#7144=FACE_BOUND('',#6655,.T.);
#7145=FACE_BOUND('',#6656,.T.);
#7146=FACE_BOUND('',#6657,.T.);
#7147=FACE_BOUND('',#6658,.T.);
#7148=FACE_BOUND('',#6659,.T.);
#7149=FACE_BOUND('',#6660,.T.);
#7150=FACE_BOUND('',#6661,.T.);
#7151=FACE_BOUND('',#6662,.T.);
#7152=FACE_BOUND('',#6663,.T.);
#7153=FACE_BOUND('',#6664,.T.);
#7154=FACE_BOUND('',#6665,.T.);
#7155=FACE_BOUND('',#6666,.T.);
#7156=FACE_BOUND('',#6667,.T.);
#7157=FACE_BOUND('',#6668,.T.);
#7158=FACE_BOUND('',#6669,.T.);
#7159=FACE_BOUND('',#6670,.T.);
#7160=FACE_BOUND('',#6671,.T.);
#7161=FACE_BOUND('',#6672,.T.);
#7162=FACE_BOUND('',#6673,.T.);
#7163=FACE_BOUND('',#6674,.T.);
#7164=FACE_BOUND('',#6675,.T.);
#7165=FACE_BOUND('',#6676,.T.);
#7166=FACE_BOUND('',#6677,.T.);
#7167=FACE_BOUND('',#6678,.T.);
#7168=FACE_BOUND('',#6679,.T.);
#7169=FACE_BOUND('',#6680,.T.);
#7170=FACE_BOUND('',#6681,.T.);
#7171=FACE_BOUND('',#6682,.T.);
#7172=FACE_BOUND('',#6683,.T.);
#7173=FACE_BOUND('',#6684,.T.);
#7174=FACE_BOUND('',#6685,.T.);
#7175=FACE_BOUND('',#6686,.T.);
#7176=FACE_BOUND('',#6687,.T.);
#7177=FACE_BOUND('',#6688,.T.);
#7178=FACE_BOUND('',#6689,.T.);
#7179=FACE_BOUND('',#6690,.T.);
#7180=FACE_BOUND('',#6691,.T.);
#7181=FACE_BOUND('',#6692,.T.);
#7182=FACE_BOUND('',#6693,.T.);
#7183=FACE_BOUND('',#6694,.T.);
#7184=FACE_BOUND('',#6695,.T.);
#7185=FACE_BOUND('',#6696,.T.);
#7186=FACE_BOUND('',#6697,.T.);
#7187=FACE_BOUND('',#6698,.T.);
#7188=FACE_BOUND('',#6699,.T.);
#7189=FACE_BOUND('',#6700,.T.);
#7190=FACE_BOUND('',#6701,.T.);
#7191=FACE_BOUND('',#6702,.T.);
#7192=FACE_BOUND('',#6703,.T.);
#7193=FACE_BOUND('',#6704,.T.);
#7194=FACE_BOUND('',#6705,.T.);
#7195=FACE_BOUND('',#6706,.T.);
#7196=FACE_BOUND('',#6707,.T.);
#7197=FACE_BOUND('',#6708,.T.);
#7198=FACE_BOUND('',#6709,.T.);
#7199=FACE_BOUND('',#6710,.T.);
#7200=FACE_BOUND('',#6711,.T.);
#7201=FACE_BOUND('',#6712,.T.);
#7202=FACE_BOUND('',#6713,.T.);
#7203=FACE_BOUND('',#6714,.T.);
#7204=FACE_BOUND('',#6715,.T.);
#7205=FACE_BOUND('',#6716,.T.);
#7206=FACE_BOUND('',#6717,.T.);
#7207=FACE_BOUND('',#6718,.T.);
#7208=FACE_BOUND('',#6719,.T.);
#7209=FACE_BOUND('',#6720,.T.);
#7210=FACE_BOUND('',#6721,.T.);
#7211=FACE_BOUND('',#6722,.T.);
#7212=FACE_BOUND('',#6723,.T.);
#7213=FACE_BOUND('',#6724,.T.);
#7214=FACE_BOUND('',#6725,.T.);
#7215=FACE_BOUND('',#6726,.T.);
#7216=FACE_BOUND('',#6727,.T.);
#7217=FACE_BOUND('',#6728,.T.);
#7218=FACE_BOUND('',#6729,.T.);
#7219=PLANE('',#7898);
#7220=PLANE('',#7901);
#7221=PLANE('',#7904);
#7222=PLANE('',#7905);
#7223=PLANE('',#7909);
#7224=PLANE('',#7912);
#7225=PLANE('',#7913);
#7226=PLANE('',#7916);
#7227=PLANE('',#7920);
#7228=PLANE('',#7923);
#7229=PLANE('',#7936);
#7230=PLANE('',#7939);
#7231=PLANE('',#7942);
#7232=PLANE('',#7945);
#7233=PLANE('',#7946);
#7234=PLANE('',#7949);
#7235=PLANE('',#7953);
#7236=PLANE('',#7954);
#7237=PLANE('',#7958);
#7238=PLANE('',#7961);
#7239=PLANE('',#7974);
#7240=PLANE('',#7977);
#7241=PLANE('',#7980);
#7242=PLANE('',#7981);
#7243=PLANE('',#7985);
#7244=PLANE('',#7988);
#7245=PLANE('',#7989);
#7246=PLANE('',#7992);
#7247=PLANE('',#7996);
#7248=PLANE('',#7999);
#7249=PLANE('',#8012);
#7250=PLANE('',#8021);
#7251=PLANE('',#8024);
#7252=PLANE('',#8025);
#7253=PLANE('',#8026);
#7254=PLANE('',#8033);
#7255=PLANE('',#8040);
#7256=PLANE('',#8041);
#7257=PLANE('',#8042);
#7258=PLANE('',#8043);
#7259=PLANE('',#8044);
#7260=PLANE('',#8045);
#7261=PLANE('',#8046);
#7262=PLANE('',#8047);
#7263=PLANE('',#8054);
#7264=PLANE('',#8055);
#7265=PLANE('',#8062);
#7266=PLANE('',#8065);
#7267=PLANE('',#8066);
#7268=PLANE('',#8067);
#7269=PLANE('',#8068);
#7270=PLANE('',#8069);
#7271=PLANE('',#8070);
#7272=PLANE('',#8071);
#7273=PLANE('',#8072);
#7274=PLANE('',#8073);
#7275=PLANE('',#8074);
#7276=PLANE('',#8075);
#7277=PLANE('',#8076);
#7278=PLANE('',#8077);
#7279=PLANE('',#8078);
#7280=PLANE('',#8085);
#7281=PLANE('',#8088);
#7282=PLANE('',#8089);
#7283=PLANE('',#8090);
#7284=PLANE('',#8091);
#7285=PLANE('',#8092);
#7286=PLANE('',#8093);
#7287=PLANE('',#8094);
#7288=PLANE('',#8095);
#7289=PLANE('',#8096);
#7290=PLANE('',#8097);
#7291=PLANE('',#8098);
#7292=PLANE('',#8099);
#7293=PLANE('',#8100);
#7294=PLANE('',#8101);
#7295=PLANE('',#8102);
#7296=PLANE('',#8103);
#7297=PLANE('',#8104);
#7298=PLANE('',#8105);
#7299=PLANE('',#8106);
#7300=PLANE('',#8107);
#7301=PLANE('',#8108);
#7302=PLANE('',#8109);
#7303=PLANE('',#8110);
#7304=PLANE('',#8111);
#7305=PLANE('',#8112);
#7306=PLANE('',#8113);
#7307=PLANE('',#8114);
#7308=PLANE('',#8115);
#7309=PLANE('',#8116);
#7310=PLANE('',#8117);
#7311=PLANE('',#8118);
#7312=PLANE('',#8119);
#7313=PLANE('',#8120);
#7314=PLANE('',#8121);
#7315=PLANE('',#8122);
#7316=PLANE('',#8123);
#7317=PLANE('',#8124);
#7318=PLANE('',#8125);
#7319=PLANE('',#8126);
#7320=PLANE('',#8127);
#7321=PLANE('',#8128);
#7322=PLANE('',#8129);
#7323=PLANE('',#8130);
#7324=PLANE('',#8131);
#7325=PLANE('',#8132);
#7326=PLANE('',#8133);
#7327=PLANE('',#8134);
#7328=PLANE('',#8135);
#7329=PLANE('',#8136);
#7330=PLANE('',#8137);
#7331=PLANE('',#8138);
#7332=PLANE('',#8139);
#7333=PLANE('',#8140);
#7334=PLANE('',#8141);
#7335=PLANE('',#8142);
#7336=PLANE('',#8143);
#7337=PLANE('',#8144);
#7338=PLANE('',#8145);
#7339=PLANE('',#8146);
#7340=PLANE('',#8147);
#7341=PLANE('',#8148);
#7342=PLANE('',#8149);
#7343=PLANE('',#8150);
#7344=PLANE('',#8151);
#7345=PLANE('',#8152);
#7346=PLANE('',#8153);
#7347=PLANE('',#8154);
#7348=PLANE('',#8155);
#7349=PLANE('',#8156);
#7350=PLANE('',#8157);
#7351=PLANE('',#8158);
#7352=PLANE('',#8159);
#7353=PLANE('',#8160);
#7354=PLANE('',#8165);
#7355=PLANE('',#8166);
#7356=PLANE('',#8167);
#7357=PLANE('',#8168);
#7358=PLANE('',#8169);
#7359=PLANE('',#8170);
#7360=PLANE('',#8171);
#7361=PLANE('',#8172);
#7362=PLANE('',#8173);
#7363=PLANE('',#8174);
#7364=PLANE('',#8175);
#7365=PLANE('',#8176);
#7366=PLANE('',#8177);
#7367=PLANE('',#8178);
#7368=PLANE('',#8179);
#7369=PLANE('',#8180);
#7370=PLANE('',#8181);
#7371=PLANE('',#8182);
#7372=PLANE('',#8183);
#7373=PLANE('',#8184);
#7374=PLANE('',#8185);
#7375=PLANE('',#8186);
#7376=PLANE('',#8187);
#7377=PLANE('',#8188);
#7378=PLANE('',#8189);
#7379=PLANE('',#8190);
#7380=PLANE('',#8191);
#7381=PLANE('',#8192);
#7382=PLANE('',#8193);
#7383=PLANE('',#8194);
#7384=PLANE('',#8195);
#7385=PLANE('',#8196);
#7386=PLANE('',#8197);
#7387=PLANE('',#8198);
#7388=PLANE('',#8199);
#7389=PLANE('',#8200);
#7390=PLANE('',#8201);
#7391=PLANE('',#8202);
#7392=PLANE('',#8203);
#7393=PLANE('',#8204);
#7394=PLANE('',#8205);
#7395=PLANE('',#8206);
#7396=PLANE('',#8207);
#7397=PLANE('',#8208);
#7398=PLANE('',#8209);
#7399=PLANE('',#8210);
#7400=PLANE('',#8211);
#7401=PLANE('',#8212);
#7402=PLANE('',#8213);
#7403=PLANE('',#8214);
#7404=PLANE('',#8215);
#7405=PLANE('',#8216);
#7406=PLANE('',#8217);
#7407=PLANE('',#8218);
#7408=PLANE('',#8219);
#7409=PLANE('',#8220);
#7410=PLANE('',#8221);
#7411=PLANE('',#8222);
#7412=PLANE('',#8223);
#7413=PLANE('',#8224);
#7414=PLANE('',#8225);
#7415=PLANE('',#8226);
#7416=PLANE('',#8227);
#7417=PLANE('',#8228);
#7418=PLANE('',#8229);
#7419=PLANE('',#8230);
#7420=PLANE('',#8231);
#7421=PLANE('',#8232);
#7422=PLANE('',#8233);
#7423=PLANE('',#8234);
#7424=PLANE('',#8235);
#7425=PLANE('',#8236);
#7426=PLANE('',#8237);
#7427=PLANE('',#8238);
#7428=PLANE('',#8239);
#7429=PLANE('',#8240);
#7430=PLANE('',#8241);
#7431=PLANE('',#8242);
#7432=PLANE('',#8243);
#7433=PLANE('',#8244);
#7434=PLANE('',#8245);
#7435=PLANE('',#8246);
#7436=PLANE('',#8247);
#7437=PLANE('',#8248);
#7438=PLANE('',#8249);
#7439=PLANE('',#8250);
#7440=PLANE('',#8251);
#7441=PLANE('',#8252);
#7442=PLANE('',#8253);
#7443=PLANE('',#8254);
#7444=PLANE('',#8255);
#7445=PLANE('',#8256);
#7446=PLANE('',#8257);
#7447=PLANE('',#8258);
#7448=PLANE('',#8259);
#7449=ADVANCED_FACE('',(#6730,#6731,#6732),#7219,.T.);
#7450=ADVANCED_FACE('',(#6733,#6734,#6735),#7220,.T.);
#7451=ADVANCED_FACE('',(#6736),#7221,.T.);
#7452=ADVANCED_FACE('',(#6737,#6738,#6739,#6740),#7222,.T.);
#7453=ADVANCED_FACE('',(#6741,#6742,#6743),#7223,.T.);
#7454=ADVANCED_FACE('',(#6744),#7224,.T.);
#7455=ADVANCED_FACE('',(#6745,#6746,#6747),#7225,.T.);
#7456=ADVANCED_FACE('',(#6748,#6749,#6750,#6751),#7226,.T.);
#7457=ADVANCED_FACE('',(#6752),#7227,.F.);
#7458=ADVANCED_FACE('',(#6753),#7228,.T.);
#7459=ADVANCED_FACE('',(#6754,#6755),#411,.F.);
#7460=ADVANCED_FACE('',(#6756,#6757),#412,.F.);
#7461=ADVANCED_FACE('',(#6758,#6759),#413,.F.);
#7462=ADVANCED_FACE('',(#6760,#6761),#414,.F.);
#7463=ADVANCED_FACE('',(#6762,#6763),#415,.F.);
#7464=ADVANCED_FACE('',(#6764,#6765),#416,.F.);
#7465=ADVANCED_FACE('',(#6766,#6767),#417,.F.);
#7466=ADVANCED_FACE('',(#6768),#418,.T.);
#7467=ADVANCED_FACE('',(#6769),#419,.T.);
#7468=ADVANCED_FACE('',(#6770,#6771,#6772),#7229,.T.);
#7469=ADVANCED_FACE('',(#6773,#6774,#6775),#7230,.T.);
#7470=ADVANCED_FACE('',(#6776,#6777,#6778),#7231,.T.);
#7471=ADVANCED_FACE('',(#6779),#7232,.T.);
#7472=ADVANCED_FACE('',(#6780,#6781,#6782),#7233,.T.);
#7473=ADVANCED_FACE('',(#6783,#6784,#6785,#6786),#7234,.T.);
#7474=ADVANCED_FACE('',(#6787),#7235,.T.);
#7475=ADVANCED_FACE('',(#6788,#6789,#6790,#6791),#7236,.T.);
#7476=ADVANCED_FACE('',(#6792),#7237,.F.);
#7477=ADVANCED_FACE('',(#6793),#7238,.T.);
#7478=ADVANCED_FACE('',(#6794,#6795),#420,.F.);
#7479=ADVANCED_FACE('',(#6796,#6797),#421,.F.);
#7480=ADVANCED_FACE('',(#6798,#6799),#422,.F.);
#7481=ADVANCED_FACE('',(#6800,#6801),#423,.F.);
#7482=ADVANCED_FACE('',(#6802,#6803),#424,.F.);
#7483=ADVANCED_FACE('',(#6804,#6805),#425,.F.);
#7484=ADVANCED_FACE('',(#6806,#6807),#426,.F.);
#7485=ADVANCED_FACE('',(#6808),#427,.T.);
#7486=ADVANCED_FACE('',(#6809),#428,.T.);
#7487=ADVANCED_FACE('',(#6810,#6811,#6812),#7239,.T.);
#7488=ADVANCED_FACE('',(#6813,#6814,#6815),#7240,.F.);
#7489=ADVANCED_FACE('',(#6816),#7241,.F.);
#7490=ADVANCED_FACE('',(#6817,#6818,#6819,#6820),#7242,.T.);
#7491=ADVANCED_FACE('',(#6821,#6822,#6823),#7243,.T.);
#7492=ADVANCED_FACE('',(#6824),#7244,.F.);
#7493=ADVANCED_FACE('',(#6825,#6826,#6827),#7245,.F.);
#7494=ADVANCED_FACE('',(#6828,#6829,#6830,#6831),#7246,.F.);
#7495=ADVANCED_FACE('',(#6832),#7247,.F.);
#7496=ADVANCED_FACE('',(#6833),#7248,.T.);
#7497=ADVANCED_FACE('',(#6834,#6835),#429,.F.);
#7498=ADVANCED_FACE('',(#6836,#6837),#430,.F.);
#7499=ADVANCED_FACE('',(#6838,#6839),#431,.F.);
#7500=ADVANCED_FACE('',(#6840,#6841),#432,.F.);
#7501=ADVANCED_FACE('',(#6842,#6843),#433,.F.);
#7502=ADVANCED_FACE('',(#6844,#6845),#434,.F.);
#7503=ADVANCED_FACE('',(#6846,#6847),#435,.F.);
#7504=ADVANCED_FACE('',(#6848),#436,.T.);
#7505=ADVANCED_FACE('',(#6849),#437,.T.);
#7506=ADVANCED_FACE('',(#6850,#6851),#7249,.F.);
#7507=ADVANCED_FACE('',(#6852),#7250,.F.);
#7508=ADVANCED_FACE('',(#6853),#7251,.F.);
#7509=ADVANCED_FACE('',(#6854),#7252,.F.);
#7510=ADVANCED_FACE('',(#6855,#6856,#6857,#6858,#6859,#6860,#6861),#7253,
 .F.);
#7511=ADVANCED_FACE('',(#6862,#6863,#6864,#6865,#6866,#6867,#6868),#7254,
 .T.);
#7512=ADVANCED_FACE('',(#6869),#7255,.T.);
#7513=ADVANCED_FACE('',(#6870),#7256,.F.);
#7514=ADVANCED_FACE('',(#6871),#7257,.T.);
#7515=ADVANCED_FACE('',(#6872),#7258,.F.);
#7516=ADVANCED_FACE('',(#6873),#7259,.T.);
#7517=ADVANCED_FACE('',(#6874,#6875),#7260,.T.);
#7518=ADVANCED_FACE('',(#6876),#7261,.F.);
#7519=ADVANCED_FACE('',(#6877),#7262,.T.);
#7520=ADVANCED_FACE('',(#6878,#6879),#438,.F.);
#7521=ADVANCED_FACE('',(#6880,#6881),#439,.F.);
#7522=ADVANCED_FACE('',(#6882,#6883),#440,.F.);
#7523=ADVANCED_FACE('',(#6884,#6885),#441,.F.);
#7524=ADVANCED_FACE('',(#6886,#6887),#442,.F.);
#7525=ADVANCED_FACE('',(#6888,#6889),#443,.F.);
#7526=ADVANCED_FACE('',(#6890),#10,.T.);
#7527=ADVANCED_FACE('',(#6891),#11,.T.);
#7528=ADVANCED_FACE('',(#6892),#12,.T.);
#7529=ADVANCED_FACE('',(#6893),#13,.T.);
#7530=ADVANCED_FACE('',(#6894),#14,.T.);
#7531=ADVANCED_FACE('',(#6895),#15,.T.);
#7532=ADVANCED_FACE('',(#6896),#7263,.T.);
#7533=ADVANCED_FACE('',(#6897),#16,.T.);
#7534=ADVANCED_FACE('',(#6898),#17,.T.);
#7535=ADVANCED_FACE('',(#6899),#18,.T.);
#7536=ADVANCED_FACE('',(#6900),#19,.T.);
#7537=ADVANCED_FACE('',(#6901),#20,.T.);
#7538=ADVANCED_FACE('',(#6902),#21,.T.);
#7539=ADVANCED_FACE('',(#6903),#22,.T.);
#7540=ADVANCED_FACE('',(#6904),#7264,.T.);
#7541=ADVANCED_FACE('',(#6905),#444,.T.);
#7542=ADVANCED_FACE('',(#6906),#445,.T.);
#7543=ADVANCED_FACE('',(#6907),#23,.T.);
#7544=ADVANCED_FACE('',(#6908),#24,.T.);
#7545=ADVANCED_FACE('',(#6909),#25,.T.);
#7546=ADVANCED_FACE('',(#6910),#26,.T.);
#7547=ADVANCED_FACE('',(#6911),#27,.T.);
#7548=ADVANCED_FACE('',(#6912),#446,.T.);
#7549=ADVANCED_FACE('',(#6913),#7265,.T.);
#7550=ADVANCED_FACE('',(#6914),#28,.T.);
#7551=ADVANCED_FACE('',(#6915),#29,.T.);
#7552=ADVANCED_FACE('',(#6916),#447,.F.);
#7553=ADVANCED_FACE('',(#6917),#30,.T.);
#7554=ADVANCED_FACE('',(#6918),#31,.T.);
#7555=ADVANCED_FACE('',(#6919),#32,.T.);
#7556=ADVANCED_FACE('',(#6920),#33,.T.);
#7557=ADVANCED_FACE('',(#6921),#7266,.T.);
#7558=ADVANCED_FACE('',(#6922),#34,.T.);
#7559=ADVANCED_FACE('',(#6923),#35,.T.);
#7560=ADVANCED_FACE('',(#6924),#7267,.T.);
#7561=ADVANCED_FACE('',(#6925),#36,.T.);
#7562=ADVANCED_FACE('',(#6926),#37,.T.);
#7563=ADVANCED_FACE('',(#6927),#38,.T.);
#7564=ADVANCED_FACE('',(#6928),#39,.T.);
#7565=ADVANCED_FACE('',(#6929),#40,.T.);
#7566=ADVANCED_FACE('',(#6930),#41,.T.);
#7567=ADVANCED_FACE('',(#6931),#42,.T.);
#7568=ADVANCED_FACE('',(#6932),#43,.T.);
#7569=ADVANCED_FACE('',(#6933),#44,.T.);
#7570=ADVANCED_FACE('',(#6934),#45,.T.);
#7571=ADVANCED_FACE('',(#6935),#46,.T.);
#7572=ADVANCED_FACE('',(#6936),#47,.T.);
#7573=ADVANCED_FACE('',(#6937),#48,.T.);
#7574=ADVANCED_FACE('',(#6938),#49,.T.);
#7575=ADVANCED_FACE('',(#6939),#50,.T.);
#7576=ADVANCED_FACE('',(#6940),#7268,.T.);
#7577=ADVANCED_FACE('',(#6941),#7269,.T.);
#7578=ADVANCED_FACE('',(#6942),#7270,.T.);
#7579=ADVANCED_FACE('',(#6943),#51,.T.);
#7580=ADVANCED_FACE('',(#6944),#52,.T.);
#7581=ADVANCED_FACE('',(#6945),#53,.T.);
#7582=ADVANCED_FACE('',(#6946),#54,.T.);
#7583=ADVANCED_FACE('',(#6947),#55,.T.);
#7584=ADVANCED_FACE('',(#6948),#56,.T.);
#7585=ADVANCED_FACE('',(#6949),#7271,.T.);
#7586=ADVANCED_FACE('',(#6950),#7272,.T.);
#7587=ADVANCED_FACE('',(#6951),#7273,.T.);
#7588=ADVANCED_FACE('',(#6952),#57,.T.);
#7589=ADVANCED_FACE('',(#6953),#58,.T.);
#7590=ADVANCED_FACE('',(#6954),#59,.T.);
#7591=ADVANCED_FACE('',(#6955),#60,.T.);
#7592=ADVANCED_FACE('',(#6956),#61,.T.);
#7593=ADVANCED_FACE('',(#6957),#62,.T.);
#7594=ADVANCED_FACE('',(#6958),#63,.T.);
#7595=ADVANCED_FACE('',(#6959),#64,.T.);
#7596=ADVANCED_FACE('',(#6960),#7274,.T.);
#7597=ADVANCED_FACE('',(#6961),#7275,.T.);
#7598=ADVANCED_FACE('',(#6962),#7276,.T.);
#7599=ADVANCED_FACE('',(#6963),#65,.T.);
#7600=ADVANCED_FACE('',(#6964),#66,.T.);
#7601=ADVANCED_FACE('',(#6965),#7277,.T.);
#7602=ADVANCED_FACE('',(#6966),#67,.T.);
#7603=ADVANCED_FACE('',(#6967),#68,.T.);
#7604=ADVANCED_FACE('',(#6968),#69,.T.);
#7605=ADVANCED_FACE('',(#6969),#70,.T.);
#7606=ADVANCED_FACE('',(#6970),#71,.T.);
#7607=ADVANCED_FACE('',(#6971),#72,.T.);
#7608=ADVANCED_FACE('',(#6972),#7278,.T.);
#7609=ADVANCED_FACE('',(#6973),#73,.T.);
#7610=ADVANCED_FACE('',(#6974),#74,.T.);
#7611=ADVANCED_FACE('',(#6975),#75,.T.);
#7612=ADVANCED_FACE('',(#6976),#76,.T.);
#7613=ADVANCED_FACE('',(#6977),#77,.T.);
#7614=ADVANCED_FACE('',(#6978),#78,.T.);
#7615=ADVANCED_FACE('',(#6979),#79,.T.);
#7616=ADVANCED_FACE('',(#6980),#7279,.T.);
#7617=ADVANCED_FACE('',(#6981),#448,.T.);
#7618=ADVANCED_FACE('',(#6982),#449,.T.);
#7619=ADVANCED_FACE('',(#6983),#80,.T.);
#7620=ADVANCED_FACE('',(#6984),#81,.T.);
#7621=ADVANCED_FACE('',(#6985),#82,.T.);
#7622=ADVANCED_FACE('',(#6986),#83,.T.);
#7623=ADVANCED_FACE('',(#6987),#84,.T.);
#7624=ADVANCED_FACE('',(#6988),#450,.T.);
#7625=ADVANCED_FACE('',(#6989),#7280,.T.);
#7626=ADVANCED_FACE('',(#6990),#85,.T.);
#7627=ADVANCED_FACE('',(#6991),#86,.T.);
#7628=ADVANCED_FACE('',(#6992),#451,.F.);
#7629=ADVANCED_FACE('',(#6993),#87,.T.);
#7630=ADVANCED_FACE('',(#6994),#88,.T.);
#7631=ADVANCED_FACE('',(#6995),#89,.T.);
#7632=ADVANCED_FACE('',(#6996),#90,.T.);
#7633=ADVANCED_FACE('',(#6997),#7281,.T.);
#7634=ADVANCED_FACE('',(#6998),#91,.T.);
#7635=ADVANCED_FACE('',(#6999),#92,.T.);
#7636=ADVANCED_FACE('',(#7000),#7282,.T.);
#7637=ADVANCED_FACE('',(#7001),#7283,.T.);
#7638=ADVANCED_FACE('',(#7002),#7284,.T.);
#7639=ADVANCED_FACE('',(#7003),#7285,.T.);
#7640=ADVANCED_FACE('',(#7004),#7286,.T.);
#7641=ADVANCED_FACE('',(#7005),#7287,.T.);
#7642=ADVANCED_FACE('',(#7006),#7288,.T.);
#7643=ADVANCED_FACE('',(#7007),#7289,.T.);
#7644=ADVANCED_FACE('',(#7008),#7290,.T.);
#7645=ADVANCED_FACE('',(#7009),#7291,.T.);
#7646=ADVANCED_FACE('',(#7010),#7292,.T.);
#7647=ADVANCED_FACE('',(#7011),#7293,.T.);
#7648=ADVANCED_FACE('',(#7012),#7294,.T.);
#7649=ADVANCED_FACE('',(#7013),#7295,.T.);
#7650=ADVANCED_FACE('',(#7014),#7296,.T.);
#7651=ADVANCED_FACE('',(#7015),#7297,.T.);
#7652=ADVANCED_FACE('',(#7016),#7298,.T.);
#7653=ADVANCED_FACE('',(#7017),#7299,.T.);
#7654=ADVANCED_FACE('',(#7018),#7300,.T.);
#7655=ADVANCED_FACE('',(#7019),#7301,.T.);
#7656=ADVANCED_FACE('',(#7020),#7302,.T.);
#7657=ADVANCED_FACE('',(#7021),#7303,.T.);
#7658=ADVANCED_FACE('',(#7022),#7304,.T.);
#7659=ADVANCED_FACE('',(#7023),#7305,.T.);
#7660=ADVANCED_FACE('',(#7024,#7025),#7306,.T.);
#7661=ADVANCED_FACE('',(#7026),#7307,.T.);
#7662=ADVANCED_FACE('',(#7027),#7308,.T.);
#7663=ADVANCED_FACE('',(#7028),#7309,.T.);
#7664=ADVANCED_FACE('',(#7029),#93,.T.);
#7665=ADVANCED_FACE('',(#7030),#94,.T.);
#7666=ADVANCED_FACE('',(#7031),#95,.T.);
#7667=ADVANCED_FACE('',(#7032),#7310,.T.);
#7668=ADVANCED_FACE('',(#7033),#96,.T.);
#7669=ADVANCED_FACE('',(#7034),#97,.T.);
#7670=ADVANCED_FACE('',(#7035),#7311,.T.);
#7671=ADVANCED_FACE('',(#7036),#7312,.T.);
#7672=ADVANCED_FACE('',(#7037),#98,.T.);
#7673=ADVANCED_FACE('',(#7038),#99,.T.);
#7674=ADVANCED_FACE('',(#7039),#100,.T.);
#7675=ADVANCED_FACE('',(#7040),#7313,.T.);
#7676=ADVANCED_FACE('',(#7041),#101,.T.);
#7677=ADVANCED_FACE('',(#7042),#102,.T.);
#7678=ADVANCED_FACE('',(#7043),#103,.T.);
#7679=ADVANCED_FACE('',(#7044),#7314,.T.);
#7680=ADVANCED_FACE('',(#7045),#104,.T.);
#7681=ADVANCED_FACE('',(#7046,#7047),#7315,.T.);
#7682=ADVANCED_FACE('',(#7048),#7316,.T.);
#7683=ADVANCED_FACE('',(#7049),#7317,.T.);
#7684=ADVANCED_FACE('',(#7050),#7318,.T.);
#7685=ADVANCED_FACE('',(#7051),#7319,.T.);
#7686=ADVANCED_FACE('',(#7052),#7320,.T.);
#7687=ADVANCED_FACE('',(#7053),#7321,.T.);
#7688=ADVANCED_FACE('',(#7054),#7322,.T.);
#7689=ADVANCED_FACE('',(#7055),#7323,.T.);
#7690=ADVANCED_FACE('',(#7056),#7324,.T.);
#7691=ADVANCED_FACE('',(#7057),#7325,.T.);
#7692=ADVANCED_FACE('',(#7058),#7326,.T.);
#7693=ADVANCED_FACE('',(#7059),#7327,.T.);
#7694=ADVANCED_FACE('',(#7060),#7328,.T.);
#7695=ADVANCED_FACE('',(#7061),#7329,.T.);
#7696=ADVANCED_FACE('',(#7062),#7330,.T.);
#7697=ADVANCED_FACE('',(#7063),#7331,.T.);
#7698=ADVANCED_FACE('',(#7064),#105,.T.);
#7699=ADVANCED_FACE('',(#7065),#106,.T.);
#7700=ADVANCED_FACE('',(#7066),#107,.T.);
#7701=ADVANCED_FACE('',(#7067),#108,.T.);
#7702=ADVANCED_FACE('',(#7068),#109,.T.);
#7703=ADVANCED_FACE('',(#7069),#7332,.T.);
#7704=ADVANCED_FACE('',(#7070),#7333,.T.);
#7705=ADVANCED_FACE('',(#7071),#7334,.T.);
#7706=ADVANCED_FACE('',(#7072),#7335,.T.);
#7707=ADVANCED_FACE('',(#7073),#110,.T.);
#7708=ADVANCED_FACE('',(#7074),#111,.T.);
#7709=ADVANCED_FACE('',(#7075),#112,.T.);
#7710=ADVANCED_FACE('',(#7076),#113,.T.);
#7711=ADVANCED_FACE('',(#7077),#114,.T.);
#7712=ADVANCED_FACE('',(#7078),#115,.T.);
#7713=ADVANCED_FACE('',(#7079),#7336,.T.);
#7714=ADVANCED_FACE('',(#7080),#116,.T.);
#7715=ADVANCED_FACE('',(#7081,#7082),#7337,.T.);
#7716=ADVANCED_FACE('',(#7083),#7338,.T.);
#7717=ADVANCED_FACE('',(#7084),#7339,.T.);
#7718=ADVANCED_FACE('',(#7085),#7340,.T.);
#7719=ADVANCED_FACE('',(#7086),#7341,.T.);
#7720=ADVANCED_FACE('',(#7087),#7342,.T.);
#7721=ADVANCED_FACE('',(#7088),#7343,.T.);
#7722=ADVANCED_FACE('',(#7089),#7344,.T.);
#7723=ADVANCED_FACE('',(#7090),#7345,.T.);
#7724=ADVANCED_FACE('',(#7091),#7346,.T.);
#7725=ADVANCED_FACE('',(#7092),#7347,.T.);
#7726=ADVANCED_FACE('',(#7093),#7348,.T.);
#7727=ADVANCED_FACE('',(#7094),#7349,.T.);
#7728=ADVANCED_FACE('',(#7095),#7350,.T.);
#7729=ADVANCED_FACE('',(#7096),#117,.T.);
#7730=ADVANCED_FACE('',(#7097),#118,.T.);
#7731=ADVANCED_FACE('',(#7098),#119,.T.);
#7732=ADVANCED_FACE('',(#7099),#120,.T.);
#7733=ADVANCED_FACE('',(#7100),#7351,.T.);
#7734=ADVANCED_FACE('',(#7101),#7352,.T.);
#7735=ADVANCED_FACE('',(#7102),#7353,.T.);
#7736=ADVANCED_FACE('',(#7103),#452,.F.);
#7737=ADVANCED_FACE('',(#7104),#121,.T.);
#7738=ADVANCED_FACE('',(#7105),#122,.T.);
#7739=ADVANCED_FACE('',(#7106),#123,.T.);
#7740=ADVANCED_FACE('',(#7107),#124,.T.);
#7741=ADVANCED_FACE('',(#7108),#453,.F.);
#7742=ADVANCED_FACE('',(#7109),#7354,.T.);
#7743=ADVANCED_FACE('',(#7110),#7355,.T.);
#7744=ADVANCED_FACE('',(#7111),#7356,.T.);
#7745=ADVANCED_FACE('',(#7112),#125,.T.);
#7746=ADVANCED_FACE('',(#7113),#126,.T.);
#7747=ADVANCED_FACE('',(#7114),#7357,.T.);
#7748=ADVANCED_FACE('',(#7115),#7358,.T.);
#7749=ADVANCED_FACE('',(#7116),#7359,.T.);
#7750=ADVANCED_FACE('',(#7117),#7360,.T.);
#7751=ADVANCED_FACE('',(#7118),#7361,.T.);
#7752=ADVANCED_FACE('',(#7119),#7362,.T.);
#7753=ADVANCED_FACE('',(#7120),#7363,.T.);
#7754=ADVANCED_FACE('',(#7121),#7364,.T.);
#7755=ADVANCED_FACE('',(#7122),#7365,.T.);
#7756=ADVANCED_FACE('',(#7123),#7366,.T.);
#7757=ADVANCED_FACE('',(#7124),#7367,.T.);
#7758=ADVANCED_FACE('',(#7125),#7368,.T.);
#7759=ADVANCED_FACE('',(#7126),#7369,.T.);
#7760=ADVANCED_FACE('',(#7127),#7370,.T.);
#7761=ADVANCED_FACE('',(#7128),#7371,.T.);
#7762=ADVANCED_FACE('',(#7129),#7372,.T.);
#7763=ADVANCED_FACE('',(#7130),#7373,.T.);
#7764=ADVANCED_FACE('',(#7131),#7374,.T.);
#7765=ADVANCED_FACE('',(#7132),#7375,.T.);
#7766=ADVANCED_FACE('',(#7133),#7376,.T.);
#7767=ADVANCED_FACE('',(#7134),#7377,.T.);
#7768=ADVANCED_FACE('',(#7135),#7378,.T.);
#7769=ADVANCED_FACE('',(#7136),#7379,.T.);
#7770=ADVANCED_FACE('',(#7137),#7380,.T.);
#7771=ADVANCED_FACE('',(#7138),#7381,.T.);
#7772=ADVANCED_FACE('',(#7139),#7382,.T.);
#7773=ADVANCED_FACE('',(#7140),#7383,.T.);
#7774=ADVANCED_FACE('',(#7141),#7384,.T.);
#7775=ADVANCED_FACE('',(#7142),#7385,.T.);
#7776=ADVANCED_FACE('',(#7143),#7386,.T.);
#7777=ADVANCED_FACE('',(#7144),#7387,.T.);
#7778=ADVANCED_FACE('',(#7145),#7388,.T.);
#7779=ADVANCED_FACE('',(#7146),#7389,.T.);
#7780=ADVANCED_FACE('',(#7147),#7390,.T.);
#7781=ADVANCED_FACE('',(#7148),#7391,.T.);
#7782=ADVANCED_FACE('',(#7149),#7392,.T.);
#7783=ADVANCED_FACE('',(#7150),#7393,.T.);
#7784=ADVANCED_FACE('',(#7151),#7394,.T.);
#7785=ADVANCED_FACE('',(#7152),#7395,.T.);
#7786=ADVANCED_FACE('',(#7153),#7396,.T.);
#7787=ADVANCED_FACE('',(#7154),#7397,.T.);
#7788=ADVANCED_FACE('',(#7155),#7398,.T.);
#7789=ADVANCED_FACE('',(#7156),#7399,.T.);
#7790=ADVANCED_FACE('',(#7157),#7400,.T.);
#7791=ADVANCED_FACE('',(#7158),#7401,.T.);
#7792=ADVANCED_FACE('',(#7159),#7402,.T.);
#7793=ADVANCED_FACE('',(#7160),#7403,.T.);
#7794=ADVANCED_FACE('',(#7161),#7404,.T.);
#7795=ADVANCED_FACE('',(#7162),#7405,.T.);
#7796=ADVANCED_FACE('',(#7163),#7406,.T.);
#7797=ADVANCED_FACE('',(#7164),#7407,.T.);
#7798=ADVANCED_FACE('',(#7165),#7408,.T.);
#7799=ADVANCED_FACE('',(#7166),#7409,.T.);
#7800=ADVANCED_FACE('',(#7167),#7410,.T.);
#7801=ADVANCED_FACE('',(#7168),#7411,.T.);
#7802=ADVANCED_FACE('',(#7169),#7412,.T.);
#7803=ADVANCED_FACE('',(#7170),#7413,.T.);
#7804=ADVANCED_FACE('',(#7171,#7172),#7414,.T.);
#7805=ADVANCED_FACE('',(#7173),#7415,.T.);
#7806=ADVANCED_FACE('',(#7174),#7416,.T.);
#7807=ADVANCED_FACE('',(#7175),#7417,.T.);
#7808=ADVANCED_FACE('',(#7176),#7418,.T.);
#7809=ADVANCED_FACE('',(#7177),#7419,.T.);
#7810=ADVANCED_FACE('',(#7178),#7420,.T.);
#7811=ADVANCED_FACE('',(#7179),#7421,.T.);
#7812=ADVANCED_FACE('',(#7180),#7422,.T.);
#7813=ADVANCED_FACE('',(#7181),#7423,.T.);
#7814=ADVANCED_FACE('',(#7182),#7424,.T.);
#7815=ADVANCED_FACE('',(#7183),#7425,.T.);
#7816=ADVANCED_FACE('',(#7184),#7426,.T.);
#7817=ADVANCED_FACE('',(#7185),#7427,.T.);
#7818=ADVANCED_FACE('',(#7186),#7428,.T.);
#7819=ADVANCED_FACE('',(#7187),#7429,.T.);
#7820=ADVANCED_FACE('',(#7188),#7430,.T.);
#7821=ADVANCED_FACE('',(#7189),#127,.T.);
#7822=ADVANCED_FACE('',(#7190),#128,.T.);
#7823=ADVANCED_FACE('',(#7191),#129,.T.);
#7824=ADVANCED_FACE('',(#7192),#130,.T.);
#7825=ADVANCED_FACE('',(#7193),#7431,.T.);
#7826=ADVANCED_FACE('',(#7194),#7432,.T.);
#7827=ADVANCED_FACE('',(#7195),#7433,.T.);
#7828=ADVANCED_FACE('',(#7196),#7434,.T.);
#7829=ADVANCED_FACE('',(#7197),#7435,.T.);
#7830=ADVANCED_FACE('',(#7198),#7436,.T.);
#7831=ADVANCED_FACE('',(#7199),#7437,.T.);
#7832=ADVANCED_FACE('',(#7200),#131,.T.);
#7833=ADVANCED_FACE('',(#7201),#132,.T.);
#7834=ADVANCED_FACE('',(#7202),#133,.T.);
#7835=ADVANCED_FACE('',(#7203),#134,.T.);
#7836=ADVANCED_FACE('',(#7204),#135,.T.);
#7837=ADVANCED_FACE('',(#7205),#136,.T.);
#7838=ADVANCED_FACE('',(#7206),#7438,.T.);
#7839=ADVANCED_FACE('',(#7207),#137,.T.);
#7840=ADVANCED_FACE('',(#7208,#7209),#7439,.T.);
#7841=ADVANCED_FACE('',(#7210),#7440,.F.);
#7842=ADVANCED_FACE('',(#7211),#7441,.F.);
#7843=ADVANCED_FACE('',(#7212),#7442,.F.);
#7844=ADVANCED_FACE('',(#7213),#7443,.F.);
#7845=ADVANCED_FACE('',(#7214),#7444,.F.);
#7846=ADVANCED_FACE('',(#7215),#7445,.T.);
#7847=ADVANCED_FACE('',(#7216),#7446,.F.);
#7848=ADVANCED_FACE('',(#7217),#7447,.T.);
#7849=ADVANCED_FACE('',(#7218),#7448,.F.);
#7850=CLOSED_SHELL('',(#7449,#7450,#7451,#7452,#7453,#7454,#7455,#7456,
#7457,#7458,#7459,#7460,#7461,#7462,#7463,#7464,#7465,#7466,#7467));
#7851=CLOSED_SHELL('',(#7468,#7469,#7470,#7471,#7472,#7473,#7474,#7475,
#7476,#7477,#7478,#7479,#7480,#7481,#7482,#7483,#7484,#7485,#7486));
#7852=CLOSED_SHELL('',(#7487,#7488,#7489,#7490,#7491,#7492,#7493,#7494,
#7495,#7496,#7497,#7498,#7499,#7500,#7501,#7502,#7503,#7504,#7505));
#7853=CLOSED_SHELL('',(#7506,#7507,#7508,#7509,#7510,#7511,#7512,#7513,
#7514,#7515,#7516,#7517,#7518,#7519,#7520,#7521,#7522,#7523,#7524,#7525,
#7526,#7527,#7528,#7529,#7530,#7531,#7532,#7533,#7534,#7535,#7536,#7537,
#7538,#7539,#7540,#7541,#7542,#7543,#7544,#7545,#7546,#7547,#7548,#7549,
#7550,#7551,#7552,#7553,#7554,#7555,#7556,#7557,#7558,#7559,#7560,#7561,
#7562,#7563,#7564,#7565,#7566,#7567,#7568,#7569,#7570,#7571,#7572,#7573,
#7574,#7575,#7576,#7577,#7578,#7579,#7580,#7581,#7582,#7583,#7584,#7585,
#7586,#7587,#7588,#7589,#7590,#7591,#7592,#7593,#7594,#7595,#7596,#7597,
#7598,#7599,#7600,#7601,#7602,#7603,#7604,#7605,#7606,#7607,#7608,#7609,
#7610,#7611,#7612,#7613,#7614,#7615,#7616,#7617,#7618,#7619,#7620,#7621,
#7622,#7623,#7624,#7625,#7626,#7627,#7628,#7629,#7630,#7631,#7632,#7633,
#7634,#7635,#7636,#7637,#7638,#7639,#7640,#7641,#7642,#7643,#7644,#7645,
#7646,#7647,#7648,#7649,#7650,#7651,#7652,#7653,#7654,#7655,#7656,#7657,
#7658,#7659,#7660,#7661,#7662,#7663,#7664,#7665,#7666,#7667,#7668,#7669,
#7670,#7671,#7672,#7673,#7674,#7675,#7676,#7677,#7678,#7679,#7680,#7681,
#7682,#7683,#7684,#7685,#7686,#7687,#7688,#7689,#7690,#7691,#7692,#7693,
#7694,#7695,#7696,#7697,#7698,#7699,#7700,#7701,#7702,#7703,#7704,#7705,
#7706,#7707,#7708,#7709,#7710,#7711,#7712,#7713,#7714,#7715,#7716,#7717,
#7718,#7719,#7720,#7721,#7722,#7723,#7724,#7725,#7726,#7727,#7728,#7729,
#7730,#7731,#7732,#7733,#7734,#7735,#7736,#7737,#7738,#7739,#7740,#7741,
#7742,#7743,#7744,#7745,#7746,#7747,#7748,#7749,#7750,#7751,#7752,#7753,
#7754,#7755,#7756,#7757,#7758,#7759,#7760,#7761,#7762,#7763,#7764,#7765,
#7766,#7767,#7768,#7769,#7770,#7771,#7772,#7773,#7774,#7775,#7776,#7777,
#7778,#7779,#7780,#7781,#7782,#7783,#7784,#7785,#7786,#7787,#7788,#7789,
#7790,#7791,#7792,#7793,#7794,#7795,#7796,#7797,#7798,#7799,#7800,#7801,
#7802,#7803,#7804,#7805,#7806,#7807,#7808,#7809,#7810,#7811,#7812,#7813,
#7814,#7815,#7816,#7817,#7818,#7819,#7820,#7821,#7822,#7823,#7824,#7825,
#7826,#7827,#7828,#7829,#7830,#7831,#7832,#7833,#7834,#7835,#7836,#7837,
#7838,#7839,#7840,#7841,#7842,#7843,#7844,#7845,#7846,#7847,#7848,#7849));
#7854=STYLED_ITEM('',(#7858),#7885);
#7855=STYLED_ITEM('',(#7859),#7886);
#7856=STYLED_ITEM('',(#7860),#7887);
#7857=STYLED_ITEM('',(#7861),#7888);
#7858=PRESENTATION_STYLE_ASSIGNMENT((#7862));
#7859=PRESENTATION_STYLE_ASSIGNMENT((#7863));
#7860=PRESENTATION_STYLE_ASSIGNMENT((#7864));
#7861=PRESENTATION_STYLE_ASSIGNMENT((#7865));
#7862=SURFACE_STYLE_USAGE(.BOTH.,#7866);
#7863=SURFACE_STYLE_USAGE(.BOTH.,#7867);
#7864=SURFACE_STYLE_USAGE(.BOTH.,#7868);
#7865=SURFACE_STYLE_USAGE(.BOTH.,#7869);
#7866=SURFACE_SIDE_STYLE('',(#7870));
#7867=SURFACE_SIDE_STYLE('',(#7871));
#7868=SURFACE_SIDE_STYLE('',(#7872));
#7869=SURFACE_SIDE_STYLE('',(#7873));
#7870=SURFACE_STYLE_FILL_AREA(#7874);
#7871=SURFACE_STYLE_FILL_AREA(#7875);
#7872=SURFACE_STYLE_FILL_AREA(#7876);
#7873=SURFACE_STYLE_FILL_AREA(#7877);
#7874=FILL_AREA_STYLE('',(#7878));
#7875=FILL_AREA_STYLE('',(#7879));
#7876=FILL_AREA_STYLE('',(#7880));
#7877=FILL_AREA_STYLE('',(#7881));
#7878=FILL_AREA_STYLE_COLOUR('',#7882);
#7879=FILL_AREA_STYLE_COLOUR('',#7882);
#7880=FILL_AREA_STYLE_COLOUR('',#7883);
#7881=FILL_AREA_STYLE_COLOUR('',#7884);
#7882=COLOUR_RGB('',0.231372549019608,0.380392156862745,0.705882352941177);
#7883=COLOUR_RGB('',0.647058823529412,0.647058823529412,0.647058823529412);
#7884=COLOUR_RGB('',0.615686274509804,0.811764705882353,0.929411764705882);
#7885=MANIFOLD_SOLID_BREP('Part 4',#7850);
#7886=MANIFOLD_SOLID_BREP('Part 3',#7851);
#7887=MANIFOLD_SOLID_BREP('Part 2',#7852);
#7888=MANIFOLD_SOLID_BREP('Part 1',#7853);
#7889=SHAPE_DEFINITION_REPRESENTATION(#13537,#7893);
#7890=SHAPE_DEFINITION_REPRESENTATION(#13538,#7894);
#7891=SHAPE_DEFINITION_REPRESENTATION(#13539,#7895);
#7892=SHAPE_DEFINITION_REPRESENTATION(#13540,#7896);
#7893=SHAPE_REPRESENTATION('Part 4',(#7897),#13517);
#7894=SHAPE_REPRESENTATION('Part 3',(#7935),#13518);
#7895=SHAPE_REPRESENTATION('Part 2',(#7973),#13519);
#7896=SHAPE_REPRESENTATION('Part 1',(#8011),#13520);
#7897=AXIS2_PLACEMENT_3D('',#9762,#8260,#8261);
#7898=AXIS2_PLACEMENT_3D('',#9763,#8262,#8263);
#7899=AXIS2_PLACEMENT_3D('',#9764,#8264,#8265);
#7900=AXIS2_PLACEMENT_3D('',#9774,#8270,#8271);
#7901=AXIS2_PLACEMENT_3D('',#9776,#8272,#8273);
#7902=AXIS2_PLACEMENT_3D('',#9777,#8274,#8275);
#7903=AXIS2_PLACEMENT_3D('',#9787,#8280,#8281);
#7904=AXIS2_PLACEMENT_3D('',#9789,#8282,#8283);
#7905=AXIS2_PLACEMENT_3D('',#9798,#8288,#8289);
#7906=AXIS2_PLACEMENT_3D('',#9799,#8290,#8291);
#7907=AXIS2_PLACEMENT_3D('',#9801,#8292,#8293);
#7908=AXIS2_PLACEMENT_3D('',#9803,#8294,#8295);
#7909=AXIS2_PLACEMENT_3D('',#9810,#8299,#8300);
#7910=AXIS2_PLACEMENT_3D('',#9811,#8301,#8302);
#7911=AXIS2_PLACEMENT_3D('',#9813,#8303,#8304);
#7912=AXIS2_PLACEMENT_3D('',#9823,#8309,#8310);
#7913=AXIS2_PLACEMENT_3D('',#9829,#8314,#8315);
#7914=AXIS2_PLACEMENT_3D('',#9830,#8316,#8317);
#7915=AXIS2_PLACEMENT_3D('',#9832,#8318,#8319);
#7916=AXIS2_PLACEMENT_3D('',#9836,#8322,#8323);
#7917=AXIS2_PLACEMENT_3D('',#9837,#8324,#8325);
#7918=AXIS2_PLACEMENT_3D('',#9839,#8326,#8327);
#7919=AXIS2_PLACEMENT_3D('',#9841,#8328,#8329);
#7920=AXIS2_PLACEMENT_3D('',#9845,#8332,#8333);
#7921=AXIS2_PLACEMENT_3D('',#9846,#8334,#8335);
#7922=AXIS2_PLACEMENT_3D('',#9847,#8336,#8337);
#7923=AXIS2_PLACEMENT_3D('',#9848,#8338,#8339);
#7924=AXIS2_PLACEMENT_3D('',#9849,#8340,#8341);
#7925=AXIS2_PLACEMENT_3D('',#9850,#8342,#8343);
#7926=AXIS2_PLACEMENT_3D('',#9851,#8344,#8345);
#7927=AXIS2_PLACEMENT_3D('',#9852,#8346,#8347);
#7928=AXIS2_PLACEMENT_3D('',#9853,#8348,#8349);
#7929=AXIS2_PLACEMENT_3D('',#9854,#8350,#8351);
#7930=AXIS2_PLACEMENT_3D('',#9855,#8352,#8353);
#7931=AXIS2_PLACEMENT_3D('',#9856,#8354,#8355);
#7932=AXIS2_PLACEMENT_3D('',#9857,#8356,#8357);
#7933=AXIS2_PLACEMENT_3D('',#9858,#8358,#8359);
#7934=AXIS2_PLACEMENT_3D('',#9859,#8360,#8361);
#7935=AXIS2_PLACEMENT_3D('',#9860,#8362,#8363);
#7936=AXIS2_PLACEMENT_3D('',#9861,#8364,#8365);
#7937=AXIS2_PLACEMENT_3D('',#9870,#8370,#8371);
#7938=AXIS2_PLACEMENT_3D('',#9872,#8372,#8373);
#7939=AXIS2_PLACEMENT_3D('',#9874,#8374,#8375);
#7940=AXIS2_PLACEMENT_3D('',#9883,#8380,#8381);
#7941=AXIS2_PLACEMENT_3D('',#9885,#8382,#8383);
#7942=AXIS2_PLACEMENT_3D('',#9887,#8384,#8385);
#7943=AXIS2_PLACEMENT_3D('',#9888,#8386,#8387);
#7944=AXIS2_PLACEMENT_3D('',#9890,#8388,#8389);
#7945=AXIS2_PLACEMENT_3D('',#9900,#8394,#8395);
#7946=AXIS2_PLACEMENT_3D('',#9906,#8399,#8400);
#7947=AXIS2_PLACEMENT_3D('',#9907,#8401,#8402);
#7948=AXIS2_PLACEMENT_3D('',#9909,#8403,#8404);
#7949=AXIS2_PLACEMENT_3D('',#9913,#8407,#8408);
#7950=AXIS2_PLACEMENT_3D('',#9914,#8409,#8410);
#7951=AXIS2_PLACEMENT_3D('',#9916,#8411,#8412);
#7952=AXIS2_PLACEMENT_3D('',#9918,#8413,#8414);
#7953=AXIS2_PLACEMENT_3D('',#9925,#8418,#8419);
#7954=AXIS2_PLACEMENT_3D('',#9931,#8423,#8424);
#7955=AXIS2_PLACEMENT_3D('',#9932,#8425,#8426);
#7956=AXIS2_PLACEMENT_3D('',#9934,#8427,#8428);
#7957=AXIS2_PLACEMENT_3D('',#9936,#8429,#8430);
#7958=AXIS2_PLACEMENT_3D('',#9943,#8434,#8435);
#7959=AXIS2_PLACEMENT_3D('',#9944,#8436,#8437);
#7960=AXIS2_PLACEMENT_3D('',#9945,#8438,#8439);
#7961=AXIS2_PLACEMENT_3D('',#9946,#8440,#8441);
#7962=AXIS2_PLACEMENT_3D('',#9947,#8442,#8443);
#7963=AXIS2_PLACEMENT_3D('',#9948,#8444,#8445);
#7964=AXIS2_PLACEMENT_3D('',#9949,#8446,#8447);
#7965=AXIS2_PLACEMENT_3D('',#9950,#8448,#8449);
#7966=AXIS2_PLACEMENT_3D('',#9951,#8450,#8451);
#7967=AXIS2_PLACEMENT_3D('',#9952,#8452,#8453);
#7968=AXIS2_PLACEMENT_3D('',#9953,#8454,#8455);
#7969=AXIS2_PLACEMENT_3D('',#9954,#8456,#8457);
#7970=AXIS2_PLACEMENT_3D('',#9955,#8458,#8459);
#7971=AXIS2_PLACEMENT_3D('',#9956,#8460,#8461);
#7972=AXIS2_PLACEMENT_3D('',#9957,#8462,#8463);
#7973=AXIS2_PLACEMENT_3D('',#9958,#8464,#8465);
#7974=AXIS2_PLACEMENT_3D('',#9959,#8466,#8467);
#7975=AXIS2_PLACEMENT_3D('',#9960,#8468,#8469);
#7976=AXIS2_PLACEMENT_3D('',#9970,#8474,#8475);
#7977=AXIS2_PLACEMENT_3D('',#9972,#8476,#8477);
#7978=AXIS2_PLACEMENT_3D('',#9981,#8482,#8483);
#7979=AXIS2_PLACEMENT_3D('',#9983,#8484,#8485);
#7980=AXIS2_PLACEMENT_3D('',#9985,#8486,#8487);
#7981=AXIS2_PLACEMENT_3D('',#9994,#8492,#8493);
#7982=AXIS2_PLACEMENT_3D('',#9995,#8494,#8495);
#7983=AXIS2_PLACEMENT_3D('',#9997,#8496,#8497);
#7984=AXIS2_PLACEMENT_3D('',#9999,#8498,#8499);
#7985=AXIS2_PLACEMENT_3D('',#10006,#8503,#8504);
#7986=AXIS2_PLACEMENT_3D('',#10007,#8505,#8506);
#7987=AXIS2_PLACEMENT_3D('',#10009,#8507,#8508);
#7988=AXIS2_PLACEMENT_3D('',#10019,#8513,#8514);
#7989=AXIS2_PLACEMENT_3D('',#10025,#8518,#8519);
#7990=AXIS2_PLACEMENT_3D('',#10026,#8520,#8521);
#7991=AXIS2_PLACEMENT_3D('',#10028,#8522,#8523);
#7992=AXIS2_PLACEMENT_3D('',#10032,#8526,#8527);
#7993=AXIS2_PLACEMENT_3D('',#10033,#8528,#8529);
#7994=AXIS2_PLACEMENT_3D('',#10035,#8530,#8531);
#7995=AXIS2_PLACEMENT_3D('',#10037,#8532,#8533);
#7996=AXIS2_PLACEMENT_3D('',#10041,#8536,#8537);
#7997=AXIS2_PLACEMENT_3D('',#10042,#8538,#8539);
#7998=AXIS2_PLACEMENT_3D('',#10043,#8540,#8541);
#7999=AXIS2_PLACEMENT_3D('',#10044,#8542,#8543);
#8000=AXIS2_PLACEMENT_3D('',#10045,#8544,#8545);
#8001=AXIS2_PLACEMENT_3D('',#10046,#8546,#8547);
#8002=AXIS2_PLACEMENT_3D('',#10047,#8548,#8549);
#8003=AXIS2_PLACEMENT_3D('',#10048,#8550,#8551);
#8004=AXIS2_PLACEMENT_3D('',#10049,#8552,#8553);
#8005=AXIS2_PLACEMENT_3D('',#10050,#8554,#8555);
#8006=AXIS2_PLACEMENT_3D('',#10051,#8556,#8557);
#8007=AXIS2_PLACEMENT_3D('',#10052,#8558,#8559);
#8008=AXIS2_PLACEMENT_3D('',#10053,#8560,#8561);
#8009=AXIS2_PLACEMENT_3D('',#10054,#8562,#8563);
#8010=AXIS2_PLACEMENT_3D('',#10055,#8564,#8565);
#8011=AXIS2_PLACEMENT_3D('',#10056,#8566,#8567);
#8012=AXIS2_PLACEMENT_3D('',#10057,#8568,#8569);
#8013=AXIS2_PLACEMENT_3D('',#10075,#8576,#8577);
#8014=AXIS2_PLACEMENT_3D('',#10077,#8578,#8579);
#8015=AXIS2_PLACEMENT_3D('',#10161,#8583,#8584);
#8016=AXIS2_PLACEMENT_3D('',#10173,#8586,#8587);
#8017=AXIS2_PLACEMENT_3D('',#10459,#8646,#8647);
#8018=AXIS2_PLACEMENT_3D('',#10461,#8648,#8649);
#8019=AXIS2_PLACEMENT_3D('',#10545,#8653,#8654);
#8020=AXIS2_PLACEMENT_3D('',#10557,#8656,#8657);
#8021=AXIS2_PLACEMENT_3D('',#10748,#8727,#8728);
#8022=AXIS2_PLACEMENT_3D('',#10756,#8732,#8733);
#8023=AXIS2_PLACEMENT_3D('',#10774,#8734,#8735);
#8024=AXIS2_PLACEMENT_3D('',#10775,#8736,#8737);
#8025=AXIS2_PLACEMENT_3D('',#10782,#8741,#8742);
#8026=AXIS2_PLACEMENT_3D('',#10789,#8746,#8747);
#8027=AXIS2_PLACEMENT_3D('',#10790,#8748,#8749);
#8028=AXIS2_PLACEMENT_3D('',#10792,#8750,#8751);
#8029=AXIS2_PLACEMENT_3D('',#10794,#8752,#8753);
#8030=AXIS2_PLACEMENT_3D('',#10804,#8758,#8759);
#8031=AXIS2_PLACEMENT_3D('',#10806,#8760,#8761);
#8032=AXIS2_PLACEMENT_3D('',#10808,#8762,#8763);
#8033=AXIS2_PLACEMENT_3D('',#10810,#8764,#8765);
#8034=AXIS2_PLACEMENT_3D('',#10819,#8770,#8771);
#8035=AXIS2_PLACEMENT_3D('',#10821,#8772,#8773);
#8036=AXIS2_PLACEMENT_3D('',#10823,#8774,#8775);
#8037=AXIS2_PLACEMENT_3D('',#10825,#8776,#8777);
#8038=AXIS2_PLACEMENT_3D('',#10827,#8778,#8779);
#8039=AXIS2_PLACEMENT_3D('',#10829,#8780,#8781);
#8040=AXIS2_PLACEMENT_3D('',#10831,#8782,#8783);
#8041=AXIS2_PLACEMENT_3D('',#10837,#8787,#8788);
#8042=AXIS2_PLACEMENT_3D('',#10843,#8792,#8793);
#8043=AXIS2_PLACEMENT_3D('',#10852,#8798,#8799);
#8044=AXIS2_PLACEMENT_3D('',#10855,#8802,#8803);
#8045=AXIS2_PLACEMENT_3D('',#10858,#8806,#8807);
#8046=AXIS2_PLACEMENT_3D('',#10861,#8810,#8811);
#8047=AXIS2_PLACEMENT_3D('',#10862,#8812,#8813);
#8048=AXIS2_PLACEMENT_3D('',#10863,#8814,#8815);
#8049=AXIS2_PLACEMENT_3D('',#10864,#8816,#8817);
#8050=AXIS2_PLACEMENT_3D('',#10865,#8818,#8819);
#8051=AXIS2_PLACEMENT_3D('',#10866,#8820,#8821);
#8052=AXIS2_PLACEMENT_3D('',#10867,#8822,#8823);
#8053=AXIS2_PLACEMENT_3D('',#10868,#8824,#8825);
#8054=AXIS2_PLACEMENT_3D('',#10949,#8833,#8834);
#8055=AXIS2_PLACEMENT_3D('',#11044,#8844,#8845);
#8056=AXIS2_PLACEMENT_3D('',#11048,#8848,#8849);
#8057=AXIS2_PLACEMENT_3D('',#11051,#8851,#8852);
#8058=AXIS2_PLACEMENT_3D('',#11052,#8853,#8854);
#8059=AXIS2_PLACEMENT_3D('',#11055,#8856,#8857);
#8060=AXIS2_PLACEMENT_3D('',#11142,#8863,#8864);
#8061=AXIS2_PLACEMENT_3D('',#11145,#8866,#8867);
#8062=AXIS2_PLACEMENT_3D('',#11146,#8868,#8869);
#8063=AXIS2_PLACEMENT_3D('',#11176,#8874,#8875);
#8064=AXIS2_PLACEMENT_3D('',#11179,#8877,#8878);
#8065=AXIS2_PLACEMENT_3D('',#11232,#8883,#8884);
#8066=AXIS2_PLACEMENT_3D('',#11260,#8888,#8889);
#8067=AXIS2_PLACEMENT_3D('',#11478,#8906,#8907);
#8068=AXIS2_PLACEMENT_3D('',#11482,#8910,#8911);
#8069=AXIS2_PLACEMENT_3D('',#11486,#8914,#8915);
#8070=AXIS2_PLACEMENT_3D('',#11568,#8924,#8925);
#8071=AXIS2_PLACEMENT_3D('',#11572,#8928,#8929);
#8072=AXIS2_PLACEMENT_3D('',#11576,#8932,#8933);
#8073=AXIS2_PLACEMENT_3D('',#11684,#8944,#8945);
#8074=AXIS2_PLACEMENT_3D('',#11688,#8948,#8949);
#8075=AXIS2_PLACEMENT_3D('',#11692,#8952,#8953);
#8076=AXIS2_PLACEMENT_3D('',#11720,#8957,#8958);
#8077=AXIS2_PLACEMENT_3D('',#11801,#8966,#8967);
#8078=AXIS2_PLACEMENT_3D('',#11896,#8977,#8978);
#8079=AXIS2_PLACEMENT_3D('',#11900,#8981,#8982);
#8080=AXIS2_PLACEMENT_3D('',#11903,#8984,#8985);
#8081=AXIS2_PLACEMENT_3D('',#11904,#8986,#8987);
#8082=AXIS2_PLACEMENT_3D('',#11907,#8989,#8990);
#8083=AXIS2_PLACEMENT_3D('',#11994,#8996,#8997);
#8084=AXIS2_PLACEMENT_3D('',#11997,#8999,#9000);
#8085=AXIS2_PLACEMENT_3D('',#11998,#9001,#9002);
#8086=AXIS2_PLACEMENT_3D('',#12028,#9007,#9008);
#8087=AXIS2_PLACEMENT_3D('',#12031,#9010,#9011);
#8088=AXIS2_PLACEMENT_3D('',#12084,#9016,#9017);
#8089=AXIS2_PLACEMENT_3D('',#12112,#9021,#9022);
#8090=AXIS2_PLACEMENT_3D('',#12113,#9023,#9024);
#8091=AXIS2_PLACEMENT_3D('',#12119,#9028,#9029);
#8092=AXIS2_PLACEMENT_3D('',#12123,#9032,#9033);
#8093=AXIS2_PLACEMENT_3D('',#12127,#9036,#9037);
#8094=AXIS2_PLACEMENT_3D('',#12129,#9039,#9040);
#8095=AXIS2_PLACEMENT_3D('',#12130,#9041,#9042);
#8096=AXIS2_PLACEMENT_3D('',#12138,#9047,#9048);
#8097=AXIS2_PLACEMENT_3D('',#12142,#9051,#9052);
#8098=AXIS2_PLACEMENT_3D('',#12146,#9055,#9056);
#8099=AXIS2_PLACEMENT_3D('',#12150,#9059,#9060);
#8100=AXIS2_PLACEMENT_3D('',#12156,#9064,#9065);
#8101=AXIS2_PLACEMENT_3D('',#12159,#9068,#9069);
#8102=AXIS2_PLACEMENT_3D('',#12160,#9070,#9071);
#8103=AXIS2_PLACEMENT_3D('',#12169,#9076,#9077);
#8104=AXIS2_PLACEMENT_3D('',#12175,#9081,#9082);
#8105=AXIS2_PLACEMENT_3D('',#12183,#9087,#9088);
#8106=AXIS2_PLACEMENT_3D('',#12187,#9091,#9092);
#8107=AXIS2_PLACEMENT_3D('',#12191,#9095,#9096);
#8108=AXIS2_PLACEMENT_3D('',#12195,#9099,#9100);
#8109=AXIS2_PLACEMENT_3D('',#12199,#9103,#9104);
#8110=AXIS2_PLACEMENT_3D('',#12203,#9107,#9108);
#8111=AXIS2_PLACEMENT_3D('',#12209,#9112,#9113);
#8112=AXIS2_PLACEMENT_3D('',#12212,#9116,#9117);
#8113=AXIS2_PLACEMENT_3D('',#12215,#9120,#9121);
#8114=AXIS2_PLACEMENT_3D('',#12216,#9122,#9123);
#8115=AXIS2_PLACEMENT_3D('',#12225,#9128,#9129);
#8116=AXIS2_PLACEMENT_3D('',#12231,#9133,#9134);
#8117=AXIS2_PLACEMENT_3D('',#12288,#9141,#9142);
#8118=AXIS2_PLACEMENT_3D('',#12328,#9148,#9149);
#8119=AXIS2_PLACEMENT_3D('',#12336,#9154,#9155);
#8120=AXIS2_PLACEMENT_3D('',#12379,#9161,#9162);
#8121=AXIS2_PLACEMENT_3D('',#12433,#9168,#9169);
#8122=AXIS2_PLACEMENT_3D('',#12450,#9172,#9173);
#8123=AXIS2_PLACEMENT_3D('',#12451,#9174,#9175);
#8124=AXIS2_PLACEMENT_3D('',#12459,#9180,#9181);
#8125=AXIS2_PLACEMENT_3D('',#12463,#9184,#9185);
#8126=AXIS2_PLACEMENT_3D('',#12467,#9188,#9189);
#8127=AXIS2_PLACEMENT_3D('',#12471,#9192,#9193);
#8128=AXIS2_PLACEMENT_3D('',#12475,#9196,#9197);
#8129=AXIS2_PLACEMENT_3D('',#12479,#9200,#9201);
#8130=AXIS2_PLACEMENT_3D('',#12483,#9204,#9205);
#8131=AXIS2_PLACEMENT_3D('',#12487,#9208,#9209);
#8132=AXIS2_PLACEMENT_3D('',#12491,#9212,#9213);
#8133=AXIS2_PLACEMENT_3D('',#12495,#9216,#9217);
#8134=AXIS2_PLACEMENT_3D('',#12501,#9221,#9222);
#8135=AXIS2_PLACEMENT_3D('',#12504,#9225,#9226);
#8136=AXIS2_PLACEMENT_3D('',#12505,#9227,#9228);
#8137=AXIS2_PLACEMENT_3D('',#12514,#9233,#9234);
#8138=AXIS2_PLACEMENT_3D('',#12520,#9238,#9239);
#8139=AXIS2_PLACEMENT_3D('',#12611,#9248,#9249);
#8140=AXIS2_PLACEMENT_3D('',#12619,#9254,#9255);
#8141=AXIS2_PLACEMENT_3D('',#12623,#9258,#9259);
#8142=AXIS2_PLACEMENT_3D('',#12627,#9262,#9263);
#8143=AXIS2_PLACEMENT_3D('',#12720,#9272,#9273);
#8144=AXIS2_PLACEMENT_3D('',#12737,#9276,#9277);
#8145=AXIS2_PLACEMENT_3D('',#12738,#9278,#9279);
#8146=AXIS2_PLACEMENT_3D('',#12746,#9284,#9285);
#8147=AXIS2_PLACEMENT_3D('',#12750,#9288,#9289);
#8148=AXIS2_PLACEMENT_3D('',#12754,#9292,#9293);
#8149=AXIS2_PLACEMENT_3D('',#12758,#9296,#9297);
#8150=AXIS2_PLACEMENT_3D('',#12762,#9300,#9301);
#8151=AXIS2_PLACEMENT_3D('',#12766,#9304,#9305);
#8152=AXIS2_PLACEMENT_3D('',#12770,#9308,#9309);
#8153=AXIS2_PLACEMENT_3D('',#12774,#9312,#9313);
#8154=AXIS2_PLACEMENT_3D('',#12778,#9316,#9317);
#8155=AXIS2_PLACEMENT_3D('',#12782,#9320,#9321);
#8156=AXIS2_PLACEMENT_3D('',#12788,#9325,#9326);
#8157=AXIS2_PLACEMENT_3D('',#12791,#9329,#9330);
#8158=AXIS2_PLACEMENT_3D('',#12846,#9336,#9337);
#8159=AXIS2_PLACEMENT_3D('',#12852,#9341,#9342);
#8160=AXIS2_PLACEMENT_3D('',#12858,#9346,#9347);
#8161=AXIS2_PLACEMENT_3D('',#12863,#9351,#9352);
#8162=AXIS2_PLACEMENT_3D('',#12866,#9354,#9355);
#8163=AXIS2_PLACEMENT_3D('',#12919,#9360,#9361);
#8164=AXIS2_PLACEMENT_3D('',#12922,#9363,#9364);
#8165=AXIS2_PLACEMENT_3D('',#12923,#9365,#9366);
#8166=AXIS2_PLACEMENT_3D('',#12929,#9370,#9371);
#8167=AXIS2_PLACEMENT_3D('',#12935,#9375,#9376);
#8168=AXIS2_PLACEMENT_3D('',#12964,#9381,#9382);
#8169=AXIS2_PLACEMENT_3D('',#12965,#9383,#9384);
#8170=AXIS2_PLACEMENT_3D('',#12973,#9389,#9390);
#8171=AXIS2_PLACEMENT_3D('',#12977,#9393,#9394);
#8172=AXIS2_PLACEMENT_3D('',#12981,#9397,#9398);
#8173=AXIS2_PLACEMENT_3D('',#12985,#9401,#9402);
#8174=AXIS2_PLACEMENT_3D('',#12989,#9405,#9406);
#8175=AXIS2_PLACEMENT_3D('',#12995,#9410,#9411);
#8176=AXIS2_PLACEMENT_3D('',#13001,#9415,#9416);
#8177=AXIS2_PLACEMENT_3D('',#13006,#9420,#9421);
#8178=AXIS2_PLACEMENT_3D('',#13012,#9425,#9426);
#8179=AXIS2_PLACEMENT_3D('',#13015,#9429,#9430);
#8180=AXIS2_PLACEMENT_3D('',#13016,#9431,#9432);
#8181=AXIS2_PLACEMENT_3D('',#13024,#9437,#9438);
#8182=AXIS2_PLACEMENT_3D('',#13028,#9441,#9442);
#8183=AXIS2_PLACEMENT_3D('',#13032,#9445,#9446);
#8184=AXIS2_PLACEMENT_3D('',#13036,#9449,#9450);
#8185=AXIS2_PLACEMENT_3D('',#13040,#9453,#9454);
#8186=AXIS2_PLACEMENT_3D('',#13044,#9457,#9458);
#8187=AXIS2_PLACEMENT_3D('',#13048,#9461,#9462);
#8188=AXIS2_PLACEMENT_3D('',#13052,#9465,#9466);
#8189=AXIS2_PLACEMENT_3D('',#13056,#9469,#9470);
#8190=AXIS2_PLACEMENT_3D('',#13060,#9473,#9474);
#8191=AXIS2_PLACEMENT_3D('',#13066,#9478,#9479);
#8192=AXIS2_PLACEMENT_3D('',#13069,#9482,#9483);
#8193=AXIS2_PLACEMENT_3D('',#13070,#9484,#9485);
#8194=AXIS2_PLACEMENT_3D('',#13078,#9490,#9491);
#8195=AXIS2_PLACEMENT_3D('',#13082,#9494,#9495);
#8196=AXIS2_PLACEMENT_3D('',#13086,#9498,#9499);
#8197=AXIS2_PLACEMENT_3D('',#13090,#9502,#9503);
#8198=AXIS2_PLACEMENT_3D('',#13094,#9506,#9507);
#8199=AXIS2_PLACEMENT_3D('',#13098,#9510,#9511);
#8200=AXIS2_PLACEMENT_3D('',#13102,#9514,#9515);
#8201=AXIS2_PLACEMENT_3D('',#13106,#9518,#9519);
#8202=AXIS2_PLACEMENT_3D('',#13112,#9523,#9524);
#8203=AXIS2_PLACEMENT_3D('',#13118,#9528,#9529);
#8204=AXIS2_PLACEMENT_3D('',#13123,#9533,#9534);
#8205=AXIS2_PLACEMENT_3D('',#13129,#9538,#9539);
#8206=AXIS2_PLACEMENT_3D('',#13132,#9542,#9543);
#8207=AXIS2_PLACEMENT_3D('',#13133,#9544,#9545);
#8208=AXIS2_PLACEMENT_3D('',#13141,#9550,#9551);
#8209=AXIS2_PLACEMENT_3D('',#13145,#9554,#9555);
#8210=AXIS2_PLACEMENT_3D('',#13149,#9558,#9559);
#8211=AXIS2_PLACEMENT_3D('',#13153,#9562,#9563);
#8212=AXIS2_PLACEMENT_3D('',#13159,#9567,#9568);
#8213=AXIS2_PLACEMENT_3D('',#13162,#9571,#9572);
#8214=AXIS2_PLACEMENT_3D('',#13163,#9573,#9574);
#8215=AXIS2_PLACEMENT_3D('',#13172,#9579,#9580);
#8216=AXIS2_PLACEMENT_3D('',#13178,#9584,#9585);
#8217=AXIS2_PLACEMENT_3D('',#13186,#9590,#9591);
#8218=AXIS2_PLACEMENT_3D('',#13190,#9594,#9595);
#8219=AXIS2_PLACEMENT_3D('',#13194,#9598,#9599);
#8220=AXIS2_PLACEMENT_3D('',#13198,#9602,#9603);
#8221=AXIS2_PLACEMENT_3D('',#13202,#9606,#9607);
#8222=AXIS2_PLACEMENT_3D('',#13206,#9610,#9611);
#8223=AXIS2_PLACEMENT_3D('',#13212,#9615,#9616);
#8224=AXIS2_PLACEMENT_3D('',#13215,#9619,#9620);
#8225=AXIS2_PLACEMENT_3D('',#13218,#9623,#9624);
#8226=AXIS2_PLACEMENT_3D('',#13219,#9625,#9626);
#8227=AXIS2_PLACEMENT_3D('',#13227,#9631,#9632);
#8228=AXIS2_PLACEMENT_3D('',#13231,#9635,#9636);
#8229=AXIS2_PLACEMENT_3D('',#13235,#9639,#9640);
#8230=AXIS2_PLACEMENT_3D('',#13239,#9643,#9644);
#8231=AXIS2_PLACEMENT_3D('',#13243,#9647,#9648);
#8232=AXIS2_PLACEMENT_3D('',#13247,#9651,#9652);
#8233=AXIS2_PLACEMENT_3D('',#13251,#9655,#9656);
#8234=AXIS2_PLACEMENT_3D('',#13255,#9659,#9660);
#8235=AXIS2_PLACEMENT_3D('',#13259,#9663,#9664);
#8236=AXIS2_PLACEMENT_3D('',#13263,#9667,#9668);
#8237=AXIS2_PLACEMENT_3D('',#13269,#9672,#9673);
#8238=AXIS2_PLACEMENT_3D('',#13272,#9676,#9677);
#8239=AXIS2_PLACEMENT_3D('',#13273,#9678,#9679);
#8240=AXIS2_PLACEMENT_3D('',#13282,#9684,#9685);
#8241=AXIS2_PLACEMENT_3D('',#13288,#9689,#9690);
#8242=AXIS2_PLACEMENT_3D('',#13362,#9698,#9699);
#8243=AXIS2_PLACEMENT_3D('',#13370,#9704,#9705);
#8244=AXIS2_PLACEMENT_3D('',#13374,#9708,#9709);
#8245=AXIS2_PLACEMENT_3D('',#13378,#9712,#9713);
#8246=AXIS2_PLACEMENT_3D('',#13382,#9716,#9717);
#8247=AXIS2_PLACEMENT_3D('',#13386,#9720,#9721);
#8248=AXIS2_PLACEMENT_3D('',#13390,#9724,#9725);
#8249=AXIS2_PLACEMENT_3D('',#13482,#9734,#9735);
#8250=AXIS2_PLACEMENT_3D('',#13499,#9738,#9739);
#8251=AXIS2_PLACEMENT_3D('',#13500,#9740,#9741);
#8252=AXIS2_PLACEMENT_3D('',#13501,#9742,#9743);
#8253=AXIS2_PLACEMENT_3D('',#13502,#9744,#9745);
#8254=AXIS2_PLACEMENT_3D('',#13503,#9746,#9747);
#8255=AXIS2_PLACEMENT_3D('',#13504,#9748,#9749);
#8256=AXIS2_PLACEMENT_3D('',#13505,#9750,#9751);
#8257=AXIS2_PLACEMENT_3D('',#13508,#9754,#9755);
#8258=AXIS2_PLACEMENT_3D('',#13510,#9757,#9758);
#8259=AXIS2_PLACEMENT_3D('',#13512,#9760,#9761);
#8260=DIRECTION('',(0.,0.,1.));
#8261=DIRECTION('',(1.,0.,0.));
#8262=DIRECTION('',(0.,0.,-1.));
#8263=DIRECTION('',(-1.,0.,0.));
#8264=DIRECTION('',(0.,0.,-1.));
#8265=DIRECTION('',(-1.,0.,0.));
#8266=DIRECTION('',(1.,0.,0.));
#8267=DIRECTION('',(0.,-1.,0.));
#8268=DIRECTION('',(1.,0.,0.));
#8269=DIRECTION('',(0.,-1.,0.));
#8270=DIRECTION('',(0.,0.,-1.));
#8271=DIRECTION('',(-1.,0.,0.));
#8272=DIRECTION('',(-1.77920356510441E-16,0.,1.));
#8273=DIRECTION('',(1.,0.,1.77920356510441E-16));
#8274=DIRECTION('',(-1.77920356510441E-16,0.,1.));
#8275=DIRECTION('',(1.,0.,1.77920356510441E-16));
#8276=DIRECTION('',(-1.,0.,-1.77920356510441E-16));
#8277=DIRECTION('',(0.,-1.,0.));
#8278=DIRECTION('',(-1.,0.,-1.77920356510441E-16));
#8279=DIRECTION('',(0.,-1.,0.));
#8280=DIRECTION('',(-1.77920356510441E-16,0.,1.));
#8281=DIRECTION('',(1.,0.,1.77920356510441E-16));
#8282=DIRECTION('',(0.,0.,1.));
#8283=DIRECTION('',(1.,0.,0.));
#8284=DIRECTION('',(-1.,0.,0.));
#8285=DIRECTION('',(0.,-1.,0.));
#8286=DIRECTION('',(-1.,0.,0.));
#8287=DIRECTION('',(0.,-1.,0.));
#8288=DIRECTION('',(-1.,0.,0.));
#8289=DIRECTION('',(0.,0.,1.));
#8290=DIRECTION('',(-1.,0.,0.));
#8291=DIRECTION('',(0.,0.,1.));
#8292=DIRECTION('',(-1.,0.,0.));
#8293=DIRECTION('',(0.,0.,1.));
#8294=DIRECTION('',(-1.,0.,0.));
#8295=DIRECTION('',(0.,0.,1.));
#8296=DIRECTION('',(0.,0.,-1.));
#8297=DIRECTION('',(0.,-1.,0.));
#8298=DIRECTION('',(0.,0.,-1.));
#8299=DIRECTION('',(1.,0.,0.));
#8300=DIRECTION('',(0.,0.,-1.));
#8301=DIRECTION('',(1.,0.,0.));
#8302=DIRECTION('',(0.,0.,-1.));
#8303=DIRECTION('',(1.,0.,0.));
#8304=DIRECTION('',(0.,0.,-1.));
#8305=DIRECTION('',(0.,0.,1.));
#8306=DIRECTION('',(0.,-1.,0.));
#8307=DIRECTION('',(0.,0.,1.));
#8308=DIRECTION('',(0.,-1.,0.));
#8309=DIRECTION('',(0.,0.,1.));
#8310=DIRECTION('',(1.,0.,0.));
#8311=DIRECTION('',(-1.,0.,0.));
#8312=DIRECTION('',(-1.,0.,0.));
#8313=DIRECTION('',(0.,-1.,0.));
#8314=DIRECTION('',(-1.,0.,-4.33680868994202E-16));
#8315=DIRECTION('',(-4.33680868994202E-16,0.,1.));
#8316=DIRECTION('',(-1.,0.,-4.33680868994202E-16));
#8317=DIRECTION('',(-4.33680868994202E-16,0.,1.));
#8318=DIRECTION('',(-1.,0.,-4.33680868994202E-16));
#8319=DIRECTION('',(-4.33680868994202E-16,0.,1.));
#8320=DIRECTION('',(4.33680868994202E-16,0.,-1.));
#8321=DIRECTION('',(4.33680868994202E-16,0.,-1.));
#8322=DIRECTION('',(1.,0.,0.));
#8323=DIRECTION('',(0.,0.,-1.));
#8324=DIRECTION('',(1.,0.,0.));
#8325=DIRECTION('',(0.,0.,-1.));
#8326=DIRECTION('',(1.,0.,0.));
#8327=DIRECTION('',(0.,0.,-1.));
#8328=DIRECTION('',(1.,0.,0.));
#8329=DIRECTION('',(0.,0.,-1.));
#8330=DIRECTION('',(0.,0.,1.));
#8331=DIRECTION('',(0.,0.,1.));
#8332=DIRECTION('',(0.,-1.,0.));
#8333=DIRECTION('',(1.,0.,0.));
#8334=DIRECTION('',(0.,-1.,0.));
#8335=DIRECTION('',(0.,0.,-1.));
#8336=DIRECTION('',(0.,-1.,0.));
#8337=DIRECTION('',(0.,0.,-1.));
#8338=DIRECTION('',(0.,-1.,0.));
#8339=DIRECTION('',(1.,0.,0.));
#8340=DIRECTION('',(0.,-1.,0.));
#8341=DIRECTION('',(0.,0.,-1.));
#8342=DIRECTION('',(0.,-1.,0.));
#8343=DIRECTION('',(0.,0.,-1.));
#8344=DIRECTION('',(0.,0.,-1.));
#8345=DIRECTION('',(-1.,0.,0.));
#8346=DIRECTION('',(0.,0.,-1.));
#8347=DIRECTION('',(-1.,0.,0.));
#8348=DIRECTION('',(1.,0.,0.));
#8349=DIRECTION('',(0.,0.,-1.));
#8350=DIRECTION('',(1.,0.,0.));
#8351=DIRECTION('',(0.,0.,-1.));
#8352=DIRECTION('',(1.,0.,0.));
#8353=DIRECTION('',(0.,0.,-1.));
#8354=DIRECTION('',(1.,0.,0.));
#8355=DIRECTION('',(0.,0.,-1.));
#8356=DIRECTION('',(1.,0.,0.));
#8357=DIRECTION('',(0.,0.,-1.));
#8358=DIRECTION('',(0.,-1.,0.));
#8359=DIRECTION('',(0.,0.,-1.));
#8360=DIRECTION('',(0.,-1.,0.));
#8361=DIRECTION('',(0.,0.,-1.));
#8362=DIRECTION('',(0.,0.,1.));
#8363=DIRECTION('',(1.,0.,0.));
#8364=DIRECTION('',(0.,0.,-1.));
#8365=DIRECTION('',(-1.,0.,0.));
#8366=DIRECTION('',(1.,0.,0.));
#8367=DIRECTION('',(0.,-1.,0.));
#8368=DIRECTION('',(1.,0.,0.));
#8369=DIRECTION('',(0.,-1.,0.));
#8370=DIRECTION('',(0.,0.,-1.));
#8371=DIRECTION('',(-1.,0.,0.));
#8372=DIRECTION('',(0.,0.,-1.));
#8373=DIRECTION('',(-1.,0.,0.));
#8374=DIRECTION('',(-1.77920356510441E-16,0.,1.));
#8375=DIRECTION('',(1.,0.,1.77920356510441E-16));
#8376=DIRECTION('',(-1.,0.,-1.77920356510441E-16));
#8377=DIRECTION('',(0.,-1.,0.));
#8378=DIRECTION('',(-1.,0.,-1.77920356510441E-16));
#8379=DIRECTION('',(0.,-1.,0.));
#8380=DIRECTION('',(-1.77920356510441E-16,0.,1.));
#8381=DIRECTION('',(1.,0.,1.77920356510441E-16));
#8382=DIRECTION('',(-1.77920356510441E-16,0.,1.));
#8383=DIRECTION('',(1.,0.,1.77920356510441E-16));
#8384=DIRECTION('',(1.,0.,0.));
#8385=DIRECTION('',(0.,0.,-1.));
#8386=DIRECTION('',(1.,0.,0.));
#8387=DIRECTION('',(0.,0.,-1.));
#8388=DIRECTION('',(1.,0.,0.));
#8389=DIRECTION('',(0.,0.,-1.));
#8390=DIRECTION('',(0.,0.,1.));
#8391=DIRECTION('',(0.,-1.,0.));
#8392=DIRECTION('',(0.,0.,1.));
#8393=DIRECTION('',(0.,-1.,0.));
#8394=DIRECTION('',(0.,0.,1.));
#8395=DIRECTION('',(1.,0.,0.));
#8396=DIRECTION('',(-1.,0.,0.));
#8397=DIRECTION('',(-1.,0.,0.));
#8398=DIRECTION('',(0.,-1.,0.));
#8399=DIRECTION('',(-1.,0.,-4.33680868994202E-16));
#8400=DIRECTION('',(-4.33680868994202E-16,0.,1.));
#8401=DIRECTION('',(-1.,0.,-4.33680868994202E-16));
#8402=DIRECTION('',(-4.33680868994202E-16,0.,1.));
#8403=DIRECTION('',(-1.,0.,-4.33680868994202E-16));
#8404=DIRECTION('',(-4.33680868994202E-16,0.,1.));
#8405=DIRECTION('',(4.33680868994202E-16,0.,-1.));
#8406=DIRECTION('',(4.33680868994202E-16,0.,-1.));
#8407=DIRECTION('',(1.,0.,0.));
#8408=DIRECTION('',(0.,0.,-1.));
#8409=DIRECTION('',(1.,0.,0.));
#8410=DIRECTION('',(0.,0.,-1.));
#8411=DIRECTION('',(1.,0.,0.));
#8412=DIRECTION('',(0.,0.,-1.));
#8413=DIRECTION('',(1.,0.,0.));
#8414=DIRECTION('',(0.,0.,-1.));
#8415=DIRECTION('',(0.,0.,1.));
#8416=DIRECTION('',(0.,0.,1.));
#8417=DIRECTION('',(0.,-1.,0.));
#8418=DIRECTION('',(0.,0.,1.));
#8419=DIRECTION('',(1.,0.,0.));
#8420=DIRECTION('',(-1.,0.,0.));
#8421=DIRECTION('',(-1.,0.,0.));
#8422=DIRECTION('',(0.,-1.,0.));
#8423=DIRECTION('',(-1.,0.,0.));
#8424=DIRECTION('',(0.,0.,1.));
#8425=DIRECTION('',(-1.,0.,0.));
#8426=DIRECTION('',(0.,0.,1.));
#8427=DIRECTION('',(-1.,0.,0.));
#8428=DIRECTION('',(0.,0.,1.));
#8429=DIRECTION('',(-1.,0.,0.));
#8430=DIRECTION('',(0.,0.,1.));
#8431=DIRECTION('',(0.,0.,-1.));
#8432=DIRECTION('',(0.,-1.,0.));
#8433=DIRECTION('',(0.,0.,-1.));
#8434=DIRECTION('',(0.,-1.,0.));
#8435=DIRECTION('',(1.,0.,0.));
#8436=DIRECTION('',(0.,-1.,0.));
#8437=DIRECTION('',(0.,0.,-1.));
#8438=DIRECTION('',(0.,-1.,0.));
#8439=DIRECTION('',(0.,0.,-1.));
#8440=DIRECTION('',(0.,-1.,0.));
#8441=DIRECTION('',(1.,0.,0.));
#8442=DIRECTION('',(0.,-1.,0.));
#8443=DIRECTION('',(0.,0.,-1.));
#8444=DIRECTION('',(0.,-1.,0.));
#8445=DIRECTION('',(0.,0.,-1.));
#8446=DIRECTION('',(0.,0.,-1.));
#8447=DIRECTION('',(-1.,0.,0.));
#8448=DIRECTION('',(0.,0.,-1.));
#8449=DIRECTION('',(-1.,0.,0.));
#8450=DIRECTION('',(1.,0.,0.));
#8451=DIRECTION('',(0.,0.,-1.));
#8452=DIRECTION('',(1.,0.,0.));
#8453=DIRECTION('',(0.,0.,-1.));
#8454=DIRECTION('',(1.,0.,0.));
#8455=DIRECTION('',(0.,0.,-1.));
#8456=DIRECTION('',(1.,0.,0.));
#8457=DIRECTION('',(0.,0.,-1.));
#8458=DIRECTION('',(1.,0.,0.));
#8459=DIRECTION('',(0.,0.,-1.));
#8460=DIRECTION('',(0.,-1.,0.));
#8461=DIRECTION('',(0.,0.,-1.));
#8462=DIRECTION('',(0.,-1.,0.));
#8463=DIRECTION('',(0.,0.,-1.));
#8464=DIRECTION('',(0.,0.,1.));
#8465=DIRECTION('',(1.,0.,0.));
#8466=DIRECTION('',(0.,0.,-1.));
#8467=DIRECTION('',(-1.,0.,0.));
#8468=DIRECTION('',(0.,0.,-1.));
#8469=DIRECTION('',(-1.,0.,0.));
#8470=DIRECTION('',(1.,0.,0.));
#8471=DIRECTION('',(0.,-1.,0.));
#8472=DIRECTION('',(1.,0.,0.));
#8473=DIRECTION('',(0.,-1.,0.));
#8474=DIRECTION('',(0.,0.,-1.));
#8475=DIRECTION('',(-1.,0.,0.));
#8476=DIRECTION('',(1.77920356510441E-16,0.,-1.));
#8477=DIRECTION('',(-1.,0.,-1.77920356510441E-16));
#8478=DIRECTION('',(1.,0.,1.77920356510441E-16));
#8479=DIRECTION('',(0.,-1.,0.));
#8480=DIRECTION('',(1.,0.,1.77920356510441E-16));
#8481=DIRECTION('',(0.,-1.,0.));
#8482=DIRECTION('',(1.77920356510441E-16,0.,-1.));
#8483=DIRECTION('',(-1.,0.,-1.77920356510441E-16));
#8484=DIRECTION('',(1.77920356510441E-16,0.,-1.));
#8485=DIRECTION('',(-1.,0.,-1.77920356510441E-16));
#8486=DIRECTION('',(2.31296463463577E-15,0.,-1.));
#8487=DIRECTION('',(-1.,0.,-2.31296463463577E-15));
#8488=DIRECTION('',(1.,0.,2.31296463463577E-15));
#8489=DIRECTION('',(0.,-1.,0.));
#8490=DIRECTION('',(1.,0.,2.31296463463577E-15));
#8491=DIRECTION('',(0.,-1.,0.));
#8492=DIRECTION('',(-1.,0.,0.));
#8493=DIRECTION('',(0.,0.,1.));
#8494=DIRECTION('',(-1.,0.,0.));
#8495=DIRECTION('',(0.,0.,1.));
#8496=DIRECTION('',(-1.,0.,0.));
#8497=DIRECTION('',(0.,0.,1.));
#8498=DIRECTION('',(-1.,0.,0.));
#8499=DIRECTION('',(0.,0.,1.));
#8500=DIRECTION('',(0.,0.,-1.));
#8501=DIRECTION('',(0.,-1.,0.));
#8502=DIRECTION('',(0.,0.,-1.));
#8503=DIRECTION('',(1.,0.,0.));
#8504=DIRECTION('',(0.,0.,-1.));
#8505=DIRECTION('',(1.,0.,0.));
#8506=DIRECTION('',(0.,0.,-1.));
#8507=DIRECTION('',(1.,0.,0.));
#8508=DIRECTION('',(0.,0.,-1.));
#8509=DIRECTION('',(0.,0.,1.));
#8510=DIRECTION('',(0.,-1.,0.));
#8511=DIRECTION('',(0.,0.,1.));
#8512=DIRECTION('',(0.,-1.,0.));
#8513=DIRECTION('',(0.,0.,-1.));
#8514=DIRECTION('',(-1.,0.,0.));
#8515=DIRECTION('',(1.,0.,0.));
#8516=DIRECTION('',(1.,0.,0.));
#8517=DIRECTION('',(0.,-1.,0.));
#8518=DIRECTION('',(1.,0.,0.));
#8519=DIRECTION('',(0.,0.,-1.));
#8520=DIRECTION('',(1.,0.,0.));
#8521=DIRECTION('',(0.,0.,-1.));
#8522=DIRECTION('',(1.,0.,0.));
#8523=DIRECTION('',(0.,0.,-1.));
#8524=DIRECTION('',(0.,0.,1.));
#8525=DIRECTION('',(0.,0.,1.));
#8526=DIRECTION('',(-1.,0.,0.));
#8527=DIRECTION('',(0.,0.,1.));
#8528=DIRECTION('',(-1.,0.,0.));
#8529=DIRECTION('',(0.,0.,1.));
#8530=DIRECTION('',(-1.,0.,0.));
#8531=DIRECTION('',(0.,0.,1.));
#8532=DIRECTION('',(-1.,0.,0.));
#8533=DIRECTION('',(0.,0.,1.));
#8534=DIRECTION('',(0.,0.,-1.));
#8535=DIRECTION('',(0.,0.,-1.));
#8536=DIRECTION('',(0.,-1.,0.));
#8537=DIRECTION('',(1.,0.,0.));
#8538=DIRECTION('',(0.,-1.,0.));
#8539=DIRECTION('',(0.,0.,-1.));
#8540=DIRECTION('',(0.,-1.,0.));
#8541=DIRECTION('',(0.,0.,-1.));
#8542=DIRECTION('',(0.,-1.,0.));
#8543=DIRECTION('',(1.,0.,0.));
#8544=DIRECTION('',(0.,-1.,0.));
#8545=DIRECTION('',(0.,0.,-1.));
#8546=DIRECTION('',(0.,-1.,0.));
#8547=DIRECTION('',(0.,0.,-1.));
#8548=DIRECTION('',(0.,0.,-1.));
#8549=DIRECTION('',(-1.,0.,0.));
#8550=DIRECTION('',(0.,0.,-1.));
#8551=DIRECTION('',(-1.,0.,0.));
#8552=DIRECTION('',(1.,0.,0.));
#8553=DIRECTION('',(0.,0.,-1.));
#8554=DIRECTION('',(1.,0.,0.));
#8555=DIRECTION('',(0.,0.,-1.));
#8556=DIRECTION('',(1.,0.,0.));
#8557=DIRECTION('',(0.,0.,-1.));
#8558=DIRECTION('',(1.,0.,0.));
#8559=DIRECTION('',(0.,0.,-1.));
#8560=DIRECTION('',(1.,0.,0.));
#8561=DIRECTION('',(0.,0.,-1.));
#8562=DIRECTION('',(0.,-1.,0.));
#8563=DIRECTION('',(0.,0.,-1.));
#8564=DIRECTION('',(0.,-1.,0.));
#8565=DIRECTION('',(0.,0.,-1.));
#8566=DIRECTION('',(0.,0.,1.));
#8567=DIRECTION('',(1.,0.,0.));
#8568=DIRECTION('',(0.,1.,0.));
#8569=DIRECTION('',(0.,0.,1.));
#8570=DIRECTION('',(-1.,0.,0.));
#8571=DIRECTION('',(0.,0.,1.));
#8572=DIRECTION('',(1.,0.,0.));
#8573=DIRECTION('',(0.,0.,-1.));
#8574=DIRECTION('',(0.,0.,-1.));
#8575=DIRECTION('',(-1.,0.,0.));
#8576=DIRECTION('',(0.,1.,0.));
#8577=DIRECTION('',(0.,0.,1.));
#8578=DIRECTION('',(0.,1.,0.));
#8579=DIRECTION('',(0.,0.,1.));
#8580=DIRECTION('',(-0.992539177177366,0.,-0.121926132424833));
#8581=DIRECTION('',(0.749531137308265,0.,-0.661969088557297));
#8582=DIRECTION('',(0.988914114037516,0.,0.148488636122077));
#8583=DIRECTION('',(0.,1.,0.));
#8584=DIRECTION('',(0.,0.,1.));
#8585=DIRECTION('',(-0.754242957524044,0.,0.656595431773161));
#8586=DIRECTION('',(0.,1.,0.));
#8587=DIRECTION('',(0.,0.,1.));
#8588=DIRECTION('',(-1.,0.,0.));
#8589=DIRECTION('',(0.,0.,-1.));
#8590=DIRECTION('',(1.,0.,0.));
#8591=DIRECTION('',(0.,0.,-1.));
#8592=DIRECTION('',(-1.,0.,0.));
#8593=DIRECTION('',(0.,0.,1.));
#8594=DIRECTION('',(-1.,0.,0.));
#8595=DIRECTION('',(0.183372504874451,0.,-0.983043500795397));
#8596=DIRECTION('',(-1.,0.,0.));
#8597=DIRECTION('',(-0.156194383995643,0.,0.98772633578751));
#8598=DIRECTION('',(-1.,0.,0.));
#8599=DIRECTION('',(-0.161472594333981,0.,-0.986877196655721));
#8600=DIRECTION('',(-1.,0.,0.));
#8601=DIRECTION('',(0.185753184134626,0.,0.982596435259078));
#8602=DIRECTION('',(-1.,0.,0.));
#8603=DIRECTION('',(0.,0.,-1.));
#8604=DIRECTION('',(-1.,0.,0.));
#8605=DIRECTION('',(0.,0.,1.));
#8606=DIRECTION('',(-1.,0.,0.));
#8607=DIRECTION('',(0.,0.,-1.));
#8608=DIRECTION('',(-1.,0.,0.));
#8609=DIRECTION('',(0.,0.,-1.));
#8610=DIRECTION('',(1.,0.,0.));
#8611=DIRECTION('',(0.,0.,-1.));
#8612=DIRECTION('',(-1.,0.,0.));
#8613=DIRECTION('',(0.,0.,-1.));
#8614=DIRECTION('',(1.,0.,0.));
#8615=DIRECTION('',(0.,0.,-1.));
#8616=DIRECTION('',(-1.,0.,0.));
#8617=DIRECTION('',(0.,0.,1.));
#8618=DIRECTION('',(-1.,0.,0.));
#8619=DIRECTION('',(-1.,0.,0.));
#8620=DIRECTION('',(0.,0.,-1.));
#8621=DIRECTION('',(-1.,0.,0.));
#8622=DIRECTION('',(0.,0.,1.));
#8623=DIRECTION('',(-1.,0.,0.));
#8624=DIRECTION('',(0.,0.,1.));
#8625=DIRECTION('',(1.,0.,0.));
#8626=DIRECTION('',(0.,0.,-1.));
#8627=DIRECTION('',(-1.,0.,0.));
#8628=DIRECTION('',(0.,0.,1.));
#8629=DIRECTION('',(1.,0.,0.));
#8630=DIRECTION('',(0.,0.,-1.));
#8631=DIRECTION('',(-1.,0.,0.));
#8632=DIRECTION('',(0.,0.,1.));
#8633=DIRECTION('',(-1.,0.,0.));
#8634=DIRECTION('',(0.,0.,-1.));
#8635=DIRECTION('',(-1.,0.,0.));
#8636=DIRECTION('',(0.,0.,-1.));
#8637=DIRECTION('',(1.,0.,0.));
#8638=DIRECTION('',(0.,0.,-1.));
#8639=DIRECTION('',(-1.,0.,0.));
#8640=DIRECTION('',(0.,0.,-1.));
#8641=DIRECTION('',(1.,0.,0.));
#8642=DIRECTION('',(0.,0.,-1.));
#8643=DIRECTION('',(-1.,0.,0.));
#8644=DIRECTION('',(0.,0.,1.));
#8645=DIRECTION('',(-1.,0.,0.));
#8646=DIRECTION('',(0.,1.,0.));
#8647=DIRECTION('',(0.,0.,1.));
#8648=DIRECTION('',(0.,1.,0.));
#8649=DIRECTION('',(0.,0.,1.));
#8650=DIRECTION('',(-0.992539177177366,0.,-0.121926132424834));
#8651=DIRECTION('',(0.749531137308265,0.,-0.661969088557297));
#8652=DIRECTION('',(0.988914114037516,0.,0.148488636122078));
#8653=DIRECTION('',(0.,1.,0.));
#8654=DIRECTION('',(0.,0.,1.));
#8655=DIRECTION('',(-0.754242957524044,0.,0.656595431773161));
#8656=DIRECTION('',(0.,1.,0.));
#8657=DIRECTION('',(0.,0.,1.));
#8658=DIRECTION('',(-1.,0.,0.));
#8659=DIRECTION('',(0.,0.,-1.));
#8660=DIRECTION('',(0.,0.,1.));
#8661=DIRECTION('',(-1.,0.,0.));
#8662=DIRECTION('',(0.,0.,-1.));
#8663=DIRECTION('',(-1.,0.,0.));
#8664=DIRECTION('',(-0.367749340584003,0.,0.929924955305551));
#8665=DIRECTION('',(0.,0.,-1.));
#8666=DIRECTION('',(-1.,0.,0.));
#8667=DIRECTION('',(0.,0.,1.));
#8668=DIRECTION('',(-1.,0.,0.));
#8669=DIRECTION('',(0.,0.,-1.));
#8670=DIRECTION('',(-1.,0.,0.));
#8671=DIRECTION('',(0.,0.,-1.));
#8672=DIRECTION('',(1.,0.,0.));
#8673=DIRECTION('',(0.,0.,-1.));
#8674=DIRECTION('',(-1.,0.,0.));
#8675=DIRECTION('',(0.,0.,-1.));
#8676=DIRECTION('',(1.,0.,0.));
#8677=DIRECTION('',(0.,0.,-1.));
#8678=DIRECTION('',(-1.,0.,0.));
#8679=DIRECTION('',(0.,0.,1.));
#8680=DIRECTION('',(-1.,0.,0.));
#8681=DIRECTION('',(0.017358495311971,0.,-0.999849329969523));
#8682=DIRECTION('',(-1.,0.,0.));
#8683=DIRECTION('',(-0.0278153204624674,0.,0.999613079119901));
#8684=DIRECTION('',(-0.171895463215818,0.,-0.985115196170387));
#8685=DIRECTION('',(-1.,0.,0.));
#8686=DIRECTION('',(-0.181126413344759,0.,0.983459822457869));
#8687=DIRECTION('',(-0.0221528356484911,0.,-0.999754595824761));
#8688=DIRECTION('',(-1.,0.,0.));
#8689=DIRECTION('',(0.0171656802928483,0.,0.999852658855335));
#8690=DIRECTION('',(-1.,0.,0.));
#8691=DIRECTION('',(0.,0.,-1.));
#8692=DIRECTION('',(1.,0.,0.));
#8693=DIRECTION('',(0.,0.,-1.));
#8694=DIRECTION('',(-1.,0.,0.));
#8695=DIRECTION('',(0.,0.,1.));
#8696=DIRECTION('',(-1.,0.,0.));
#8697=DIRECTION('',(0.18337250487445,0.,-0.983043500795397));
#8698=DIRECTION('',(-1.,0.,0.));
#8699=DIRECTION('',(-0.156194383995648,0.,0.98772633578751));
#8700=DIRECTION('',(-1.,0.,0.));
#8701=DIRECTION('',(-0.16147259433398,0.,-0.986877196655721));
#8702=DIRECTION('',(-1.,0.,0.));
#8703=DIRECTION('',(0.185753184134625,0.,0.982596435259078));
#8704=DIRECTION('',(-1.,0.,0.));
#8705=DIRECTION('',(0.,0.,-1.));
#8706=DIRECTION('',(-1.,0.,0.));
#8707=DIRECTION('',(0.,0.,-1.));
#8708=DIRECTION('',(1.,0.,0.));
#8709=DIRECTION('',(0.,0.,-1.));
#8710=DIRECTION('',(-1.,0.,0.));
#8711=DIRECTION('',(0.,0.,-1.));
#8712=DIRECTION('',(1.,0.,0.));
#8713=DIRECTION('',(0.,0.,-1.));
#8714=DIRECTION('',(-1.,0.,0.));
#8715=DIRECTION('',(0.,0.,1.));
#8716=DIRECTION('',(-1.,0.,0.));
#8717=DIRECTION('',(0.272643985296513,0.,-0.962114991714418));
#8718=DIRECTION('',(-1.,0.,0.));
#8719=DIRECTION('',(-0.238303373278975,0.,0.971190765135183));
#8720=DIRECTION('',(-1.,0.,0.));
#8721=DIRECTION('',(0.,0.,-1.));
#8722=DIRECTION('',(-1.,0.,0.));
#8723=DIRECTION('',(0.,0.,1.));
#8724=DIRECTION('',(-1.,0.,0.));
#8725=DIRECTION('',(0.,0.,-1.));
#8726=DIRECTION('',(1.,0.,0.));
#8727=DIRECTION('',(0.,1.,0.));
#8728=DIRECTION('',(0.,0.,1.));
#8729=DIRECTION('',(0.,0.,1.));
#8730=DIRECTION('',(-1.,0.,0.));
#8731=DIRECTION('',(0.,0.,-1.));
#8732=DIRECTION('',(0.,1.,0.));
#8733=DIRECTION('',(0.,0.,1.));
#8734=DIRECTION('',(0.,1.,0.));
#8735=DIRECTION('',(0.,0.,1.));
#8736=DIRECTION('',(0.,1.,0.));
#8737=DIRECTION('',(0.,0.,1.));
#8738=DIRECTION('',(0.,0.,1.));
#8739=DIRECTION('',(-1.,0.,0.));
#8740=DIRECTION('',(0.391827397762479,0.,-0.920038743946517));
#8741=DIRECTION('',(0.,1.,0.));
#8742=DIRECTION('',(0.,0.,1.));
#8743=DIRECTION('',(0.199616043413426,0.,0.979874193563627));
#8744=DIRECTION('',(-1.,0.,0.));
#8745=DIRECTION('',(0.185823615559178,0.,-0.982583118062037));
#8746=DIRECTION('',(0.,0.,1.));
#8747=DIRECTION('',(1.,0.,0.));
#8748=DIRECTION('',(0.,0.,1.));
#8749=DIRECTION('',(1.,0.,0.));
#8750=DIRECTION('',(0.,0.,1.));
#8751=DIRECTION('',(1.,0.,0.));
#8752=DIRECTION('',(0.,0.,1.));
#8753=DIRECTION('',(1.,0.,0.));
#8754=DIRECTION('',(0.,1.,0.));
#8755=DIRECTION('',(1.,0.,0.));
#8756=DIRECTION('',(0.,1.,0.));
#8757=DIRECTION('',(1.,0.,0.));
#8758=DIRECTION('',(0.,0.,1.));
#8759=DIRECTION('',(1.,0.,0.));
#8760=DIRECTION('',(0.,0.,1.));
#8761=DIRECTION('',(1.,0.,0.));
#8762=DIRECTION('',(0.,0.,1.));
#8763=DIRECTION('',(1.,0.,0.));
#8764=DIRECTION('',(0.,0.,1.));
#8765=DIRECTION('',(1.,0.,0.));
#8766=DIRECTION('',(1.,0.,0.));
#8767=DIRECTION('',(-9.25185853854297E-17,1.,0.));
#8768=DIRECTION('',(-1.,0.,0.));
#8769=DIRECTION('',(0.,-1.,0.));
#8770=DIRECTION('',(0.,0.,1.));
#8771=DIRECTION('',(1.,0.,0.));
#8772=DIRECTION('',(0.,0.,1.));
#8773=DIRECTION('',(1.,0.,0.));
#8774=DIRECTION('',(0.,0.,1.));
#8775=DIRECTION('',(1.,0.,0.));
#8776=DIRECTION('',(0.,0.,1.));
#8777=DIRECTION('',(1.,0.,0.));
#8778=DIRECTION('',(0.,0.,1.));
#8779=DIRECTION('',(1.,0.,0.));
#8780=DIRECTION('',(0.,0.,1.));
#8781=DIRECTION('',(1.,0.,0.));
#8782=DIRECTION('',(1.,0.,0.));
#8783=DIRECTION('',(0.,0.,-1.));
#8784=DIRECTION('',(0.,1.,0.));
#8785=DIRECTION('',(0.,0.,1.));
#8786=DIRECTION('',(0.,0.,1.));
#8787=DIRECTION('',(1.,0.,0.));
#8788=DIRECTION('',(0.,0.,-1.));
#8789=DIRECTION('',(0.,0.,1.));
#8790=DIRECTION('',(0.,1.,0.));
#8791=DIRECTION('',(0.,0.,1.));
#8792=DIRECTION('',(0.,1.,0.));
#8793=DIRECTION('',(0.,0.,1.));
#8794=DIRECTION('',(0.,0.,-1.));
#8795=DIRECTION('',(1.,0.,0.));
#8796=DIRECTION('',(0.,0.,-1.));
#8797=DIRECTION('',(1.,0.,0.));
#8798=DIRECTION('',(1.,0.,0.));
#8799=DIRECTION('',(0.,0.,-1.));
#8800=DIRECTION('',(0.,1.,0.));
#8801=DIRECTION('',(0.,-1.,0.));
#8802=DIRECTION('',(1.,9.25185853854297E-17,0.));
#8803=DIRECTION('',(-9.25185853854297E-17,1.,0.));
#8804=DIRECTION('',(9.25185853854297E-17,-1.,0.));
#8805=DIRECTION('',(9.25185853854297E-17,-1.,0.));
#8806=DIRECTION('',(0.,0.,-1.));
#8807=DIRECTION('',(1.,0.,0.));
#8808=DIRECTION('',(1.,0.,0.));
#8809=DIRECTION('',(1.,0.,0.));
#8810=DIRECTION('',(0.,-1.,0.));
#8811=DIRECTION('',(0.,0.,-1.));
#8812=DIRECTION('',(0.,-1.,0.));
#8813=DIRECTION('',(0.,0.,-1.));
#8814=DIRECTION('',(0.,0.,-1.));
#8815=DIRECTION('',(-1.,0.,0.));
#8816=DIRECTION('',(0.,0.,-1.));
#8817=DIRECTION('',(-1.,0.,0.));
#8818=DIRECTION('',(0.,0.,-1.));
#8819=DIRECTION('',(-1.,0.,0.));
#8820=DIRECTION('',(0.,0.,-1.));
#8821=DIRECTION('',(-1.,0.,0.));
#8822=DIRECTION('',(0.,0.,-1.));
#8823=DIRECTION('',(-1.,0.,0.));
#8824=DIRECTION('',(0.,0.,-1.));
#8825=DIRECTION('',(-1.,0.,0.));
#8826=DIRECTION('',(0.,1.,0.));
#8827=DIRECTION('',(0.,1.,0.));
#8828=DIRECTION('',(0.,1.,0.));
#8829=DIRECTION('',(0.,1.,0.));
#8830=DIRECTION('',(0.,1.,0.));
#8831=DIRECTION('',(0.,1.,0.));
#8832=DIRECTION('',(0.,1.,0.));
#8833=DIRECTION('',(0.661969088557297,0.,0.749531137308265));
#8834=DIRECTION('',(0.749531137308265,0.,-0.661969088557297));
#8835=DIRECTION('',(0.,1.,0.));
#8836=DIRECTION('',(0.749531137308265,0.,-0.661969088557297));
#8837=DIRECTION('',(0.,1.,0.));
#8838=DIRECTION('',(0.,1.,0.));
#8839=DIRECTION('',(0.,1.,0.));
#8840=DIRECTION('',(0.,1.,0.));
#8841=DIRECTION('',(0.,1.,0.));
#8842=DIRECTION('',(0.,1.,0.));
#8843=DIRECTION('',(0.,1.,0.));
#8844=DIRECTION('',(0.121926132424833,0.,-0.992539177177366));
#8845=DIRECTION('',(-0.992539177177366,0.,-0.121926132424833));
#8846=DIRECTION('',(0.,1.,0.));
#8847=DIRECTION('',(-0.992539177177366,0.,-0.121926132424833));
#8848=DIRECTION('',(0.,1.,0.));
#8849=DIRECTION('',(0.993978289896346,0.,0.109577183823712));
#8850=DIRECTION('',(0.,1.,0.));
#8851=DIRECTION('',(0.,1.,0.));
#8852=DIRECTION('',(0.,0.,1.));
#8853=DIRECTION('',(0.,1.,0.));
#8854=DIRECTION('',(0.937180041829284,0.,0.348846053721211));
#8855=DIRECTION('',(0.,1.,0.));
#8856=DIRECTION('',(0.,1.,0.));
#8857=DIRECTION('',(0.,0.,1.));
#8858=DIRECTION('',(0.,1.,0.));
#8859=DIRECTION('',(0.,1.,0.));
#8860=DIRECTION('',(0.,1.,0.));
#8861=DIRECTION('',(0.,1.,0.));
#8862=DIRECTION('',(0.,1.,0.));
#8863=DIRECTION('',(0.,1.,0.));
#8864=DIRECTION('',(-0.752547928352207,0.,-0.658537482253518));
#8865=DIRECTION('',(0.,1.,0.));
#8866=DIRECTION('',(0.,1.,0.));
#8867=DIRECTION('',(0.,0.,1.));
#8868=DIRECTION('',(-0.656595431773161,0.,-0.754242957524044));
#8869=DIRECTION('',(-0.754242957524044,0.,0.656595431773161));
#8870=DIRECTION('',(0.,1.,0.));
#8871=DIRECTION('',(-0.754242957524044,0.,0.656595431773161));
#8872=DIRECTION('',(0.,1.,0.));
#8873=DIRECTION('',(0.,1.,0.));
#8874=DIRECTION('',(0.,1.,0.));
#8875=DIRECTION('',(0.978328483022002,0.,-0.207058878843357));
#8876=DIRECTION('',(0.,1.,0.));
#8877=DIRECTION('',(0.,1.,0.));
#8878=DIRECTION('',(0.,0.,1.));
#8879=DIRECTION('',(0.,1.,0.));
#8880=DIRECTION('',(0.,1.,0.));
#8881=DIRECTION('',(0.,1.,0.));
#8882=DIRECTION('',(0.,1.,0.));
#8883=DIRECTION('',(-0.148488636122077,0.,0.988914114037516));
#8884=DIRECTION('',(0.988914114037516,0.,0.148488636122077));
#8885=DIRECTION('',(0.,1.,0.));
#8886=DIRECTION('',(0.988914114037516,0.,0.148488636122077));
#8887=DIRECTION('',(0.,1.,0.));
#8888=DIRECTION('',(0.,-1.,0.));
#8889=DIRECTION('',(1.,0.,0.));
#8890=DIRECTION('',(0.,1.,0.));
#8891=DIRECTION('',(0.,1.,0.));
#8892=DIRECTION('',(0.,1.,0.));
#8893=DIRECTION('',(0.,1.,0.));
#8894=DIRECTION('',(0.,1.,0.));
#8895=DIRECTION('',(0.,1.,0.));
#8896=DIRECTION('',(0.,1.,0.));
#8897=DIRECTION('',(0.,1.,0.));
#8898=DIRECTION('',(0.,1.,0.));
#8899=DIRECTION('',(0.,1.,0.));
#8900=DIRECTION('',(0.,1.,0.));
#8901=DIRECTION('',(0.,1.,0.));
#8902=DIRECTION('',(0.,1.,0.));
#8903=DIRECTION('',(0.,1.,0.));
#8904=DIRECTION('',(0.,1.,0.));
#8905=DIRECTION('',(0.,1.,0.));
#8906=DIRECTION('',(-1.,0.,0.));
#8907=DIRECTION('',(0.,0.,1.));
#8908=DIRECTION('',(0.,1.,0.));
#8909=DIRECTION('',(0.,0.,1.));
#8910=DIRECTION('',(0.,0.,-1.));
#8911=DIRECTION('',(-1.,0.,0.));
#8912=DIRECTION('',(0.,1.,0.));
#8913=DIRECTION('',(-1.,0.,0.));
#8914=DIRECTION('',(1.,0.,0.));
#8915=DIRECTION('',(0.,0.,-1.));
#8916=DIRECTION('',(0.,1.,0.));
#8917=DIRECTION('',(0.,0.,-1.));
#8918=DIRECTION('',(0.,1.,0.));
#8919=DIRECTION('',(0.,1.,0.));
#8920=DIRECTION('',(0.,1.,0.));
#8921=DIRECTION('',(0.,1.,0.));
#8922=DIRECTION('',(0.,1.,0.));
#8923=DIRECTION('',(0.,1.,0.));
#8924=DIRECTION('',(0.,0.,1.));
#8925=DIRECTION('',(1.,0.,0.));
#8926=DIRECTION('',(0.,1.,0.));
#8927=DIRECTION('',(1.,0.,0.));
#8928=DIRECTION('',(-1.,0.,0.));
#8929=DIRECTION('',(0.,0.,1.));
#8930=DIRECTION('',(0.,1.,0.));
#8931=DIRECTION('',(0.,0.,1.));
#8932=DIRECTION('',(0.,0.,-1.));
#8933=DIRECTION('',(-1.,0.,0.));
#8934=DIRECTION('',(0.,1.,0.));
#8935=DIRECTION('',(-1.,0.,0.));
#8936=DIRECTION('',(0.,1.,0.));
#8937=DIRECTION('',(0.,1.,0.));
#8938=DIRECTION('',(0.,1.,0.));
#8939=DIRECTION('',(0.,1.,0.));
#8940=DIRECTION('',(0.,1.,0.));
#8941=DIRECTION('',(0.,1.,0.));
#8942=DIRECTION('',(0.,1.,0.));
#8943=DIRECTION('',(0.,1.,0.));
#8944=DIRECTION('',(1.,0.,0.));
#8945=DIRECTION('',(0.,0.,-1.));
#8946=DIRECTION('',(0.,1.,0.));
#8947=DIRECTION('',(0.,0.,-1.));
#8948=DIRECTION('',(0.,0.,1.));
#8949=DIRECTION('',(1.,0.,0.));
#8950=DIRECTION('',(0.,1.,0.));
#8951=DIRECTION('',(1.,0.,0.));
#8952=DIRECTION('',(-1.,0.,0.));
#8953=DIRECTION('',(0.,0.,1.));
#8954=DIRECTION('',(0.,1.,0.));
#8955=DIRECTION('',(0.,0.,1.));
#8956=DIRECTION('',(0.,1.,0.));
#8957=DIRECTION('',(0.,-1.,0.));
#8958=DIRECTION('',(1.,0.,0.));
#8959=DIRECTION('',(0.,1.,0.));
#8960=DIRECTION('',(0.,1.,0.));
#8961=DIRECTION('',(0.,1.,0.));
#8962=DIRECTION('',(0.,1.,0.));
#8963=DIRECTION('',(0.,1.,0.));
#8964=DIRECTION('',(0.,1.,0.));
#8965=DIRECTION('',(0.,1.,0.));
#8966=DIRECTION('',(0.661969088557297,0.,0.749531137308265));
#8967=DIRECTION('',(0.749531137308265,0.,-0.661969088557297));
#8968=DIRECTION('',(0.,1.,0.));
#8969=DIRECTION('',(0.749531137308265,0.,-0.661969088557297));
#8970=DIRECTION('',(0.,1.,0.));
#8971=DIRECTION('',(0.,1.,0.));
#8972=DIRECTION('',(0.,1.,0.));
#8973=DIRECTION('',(0.,1.,0.));
#8974=DIRECTION('',(0.,1.,0.));
#8975=DIRECTION('',(0.,1.,0.));
#8976=DIRECTION('',(0.,1.,0.));
#8977=DIRECTION('',(0.121926132424834,0.,-0.992539177177366));
#8978=DIRECTION('',(-0.992539177177366,0.,-0.121926132424834));
#8979=DIRECTION('',(0.,1.,0.));
#8980=DIRECTION('',(-0.992539177177366,0.,-0.121926132424834));
#8981=DIRECTION('',(0.,1.,0.));
#8982=DIRECTION('',(0.993978289896364,0.,0.109577183823544));
#8983=DIRECTION('',(0.,1.,0.));
#8984=DIRECTION('',(0.,1.,0.));
#8985=DIRECTION('',(0.,0.,1.));
#8986=DIRECTION('',(0.,1.,0.));
#8987=DIRECTION('',(0.937180041829277,0.,0.34884605372123));
#8988=DIRECTION('',(0.,1.,0.));
#8989=DIRECTION('',(0.,1.,0.));
#8990=DIRECTION('',(0.,0.,1.));
#8991=DIRECTION('',(0.,1.,0.));
#8992=DIRECTION('',(0.,1.,0.));
#8993=DIRECTION('',(0.,1.,0.));
#8994=DIRECTION('',(0.,1.,0.));
#8995=DIRECTION('',(0.,1.,0.));
#8996=DIRECTION('',(0.,1.,0.));
#8997=DIRECTION('',(-0.752547928352204,0.,-0.658537482253521));
#8998=DIRECTION('',(0.,1.,0.));
#8999=DIRECTION('',(0.,1.,0.));
#9000=DIRECTION('',(0.,0.,1.));
#9001=DIRECTION('',(-0.656595431773161,0.,-0.754242957524044));
#9002=DIRECTION('',(-0.754242957524044,0.,0.656595431773161));
#9003=DIRECTION('',(0.,1.,0.));
#9004=DIRECTION('',(-0.754242957524044,0.,0.656595431773161));
#9005=DIRECTION('',(0.,1.,0.));
#9006=DIRECTION('',(0.,1.,0.));
#9007=DIRECTION('',(0.,1.,0.));
#9008=DIRECTION('',(0.97832848302199,0.,-0.207058878843415));
#9009=DIRECTION('',(0.,1.,0.));
#9010=DIRECTION('',(0.,1.,0.));
#9011=DIRECTION('',(0.,0.,1.));
#9012=DIRECTION('',(0.,1.,0.));
#9013=DIRECTION('',(0.,1.,0.));
#9014=DIRECTION('',(0.,1.,0.));
#9015=DIRECTION('',(0.,1.,0.));
#9016=DIRECTION('',(-0.148488636122078,0.,0.988914114037516));
#9017=DIRECTION('',(0.988914114037516,0.,0.148488636122078));
#9018=DIRECTION('',(0.,1.,0.));
#9019=DIRECTION('',(0.988914114037516,0.,0.148488636122078));
#9020=DIRECTION('',(0.,1.,0.));
#9021=DIRECTION('',(0.,-1.,0.));
#9022=DIRECTION('',(1.,0.,0.));
#9023=DIRECTION('',(-1.,0.,0.));
#9024=DIRECTION('',(0.,0.,1.));
#9025=DIRECTION('',(0.,1.,0.));
#9026=DIRECTION('',(0.,0.,1.));
#9027=DIRECTION('',(0.,1.,0.));
#9028=DIRECTION('',(0.,0.,-1.));
#9029=DIRECTION('',(-1.,0.,0.));
#9030=DIRECTION('',(0.,1.,0.));
#9031=DIRECTION('',(-1.,0.,0.));
#9032=DIRECTION('',(1.,0.,0.));
#9033=DIRECTION('',(0.,0.,-1.));
#9034=DIRECTION('',(0.,1.,0.));
#9035=DIRECTION('',(0.,0.,-1.));
#9036=DIRECTION('',(0.,0.,1.));
#9037=DIRECTION('',(1.,0.,0.));
#9038=DIRECTION('',(1.,0.,0.));
#9039=DIRECTION('',(0.,-1.,0.));
#9040=DIRECTION('',(1.,0.,0.));
#9041=DIRECTION('',(-1.,0.,0.));
#9042=DIRECTION('',(0.,0.,1.));
#9043=DIRECTION('',(0.,1.,0.));
#9044=DIRECTION('',(0.,0.,1.));
#9045=DIRECTION('',(0.,1.,0.));
#9046=DIRECTION('',(0.,-0.707106781186549,-0.707106781186547));
#9047=DIRECTION('',(0.,0.,-1.));
#9048=DIRECTION('',(-1.,0.,0.));
#9049=DIRECTION('',(0.,1.,0.));
#9050=DIRECTION('',(-1.,0.,0.));
#9051=DIRECTION('',(1.,0.,0.));
#9052=DIRECTION('',(0.,0.,-1.));
#9053=DIRECTION('',(0.,1.,0.));
#9054=DIRECTION('',(0.,0.,-1.));
#9055=DIRECTION('',(0.,0.,1.));
#9056=DIRECTION('',(1.,0.,0.));
#9057=DIRECTION('',(0.,1.,0.));
#9058=DIRECTION('',(1.,0.,0.));
#9059=DIRECTION('',(1.,0.,0.));
#9060=DIRECTION('',(0.,0.,-1.));
#9061=DIRECTION('',(0.,0.707106781186549,0.707106781186547));
#9062=DIRECTION('',(0.,1.,0.));
#9063=DIRECTION('',(0.,0.,-1.));
#9064=DIRECTION('',(0.,0.,1.));
#9065=DIRECTION('',(1.,0.,0.));
#9066=DIRECTION('',(-1.,0.,0.));
#9067=DIRECTION('',(1.,0.,0.));
#9068=DIRECTION('',(0.,-1.,0.));
#9069=DIRECTION('',(1.,0.,0.));
#9070=DIRECTION('',(0.,0.,1.));
#9071=DIRECTION('',(1.,0.,0.));
#9072=DIRECTION('',(1.,0.,0.));
#9073=DIRECTION('',(0.,1.,0.));
#9074=DIRECTION('',(1.,0.,0.));
#9075=DIRECTION('',(0.,1.,0.));
#9076=DIRECTION('',(0.990886712249258,0.,-0.134697897117421));
#9077=DIRECTION('',(-0.134697897117421,0.,-0.990886712249259));
#9078=DIRECTION('',(-0.134697897117421,0.,-0.990886712249258));
#9079=DIRECTION('',(0.,1.,0.));
#9080=DIRECTION('',(-0.134697897117421,0.,-0.990886712249258));
#9081=DIRECTION('',(-0.982596435259078,0.,0.185753184134626));
#9082=DIRECTION('',(0.185753184134626,0.,0.982596435259078));
#9083=DIRECTION('',(0.,1.,0.));
#9084=DIRECTION('',(0.185753184134626,0.,0.982596435259078));
#9085=DIRECTION('',(0.,1.,0.));
#9086=DIRECTION('',(-0.132495220428739,-0.700872676227124,-0.700872676227122));
#9087=DIRECTION('',(0.,0.,-1.));
#9088=DIRECTION('',(-1.,0.,0.));
#9089=DIRECTION('',(0.,1.,0.));
#9090=DIRECTION('',(-1.,0.,0.));
#9091=DIRECTION('',(0.98687719665572,0.,-0.161472594333981));
#9092=DIRECTION('',(-0.161472594333981,0.,-0.986877196655721));
#9093=DIRECTION('',(0.,1.,0.));
#9094=DIRECTION('',(-0.161472594333981,0.,-0.986877196655721));
#9095=DIRECTION('',(0.,0.,-1.));
#9096=DIRECTION('',(-1.,0.,0.));
#9097=DIRECTION('',(0.,1.,0.));
#9098=DIRECTION('',(-1.,0.,0.));
#9099=DIRECTION('',(-0.98772633578751,0.,-0.156194383995643));
#9100=DIRECTION('',(-0.156194383995643,0.,0.98772633578751));
#9101=DIRECTION('',(0.,1.,0.));
#9102=DIRECTION('',(-0.156194383995643,0.,0.98772633578751));
#9103=DIRECTION('',(0.,0.,-1.));
#9104=DIRECTION('',(-1.,0.,0.));
#9105=DIRECTION('',(0.,1.,0.));
#9106=DIRECTION('',(-1.,0.,0.));
#9107=DIRECTION('',(0.983043500795397,0.,0.183372504874451));
#9108=DIRECTION('',(0.183372504874451,0.,-0.983043500795397));
#9109=DIRECTION('',(-0.130767884499501,0.701034863749132,0.70103486374913));
#9110=DIRECTION('',(0.,1.,0.));
#9111=DIRECTION('',(0.183372504874451,0.,-0.983043500795397));
#9112=DIRECTION('',(0.,0.,1.));
#9113=DIRECTION('',(1.,0.,0.));
#9114=DIRECTION('',(-1.,0.,0.));
#9115=DIRECTION('',(1.,0.,0.));
#9116=DIRECTION('',(-0.990886712249258,0.,-0.134697897117426));
#9117=DIRECTION('',(-0.134697897117426,0.,0.990886712249258));
#9118=DIRECTION('',(-0.134697897117426,0.,0.990886712249258));
#9119=DIRECTION('',(-0.134697897117426,0.,0.990886712249258));
#9120=DIRECTION('',(0.,-1.,0.));
#9121=DIRECTION('',(1.,0.,0.));
#9122=DIRECTION('',(0.,0.,1.));
#9123=DIRECTION('',(1.,0.,0.));
#9124=DIRECTION('',(1.,0.,0.));
#9125=DIRECTION('',(0.,1.,0.));
#9126=DIRECTION('',(1.,0.,0.));
#9127=DIRECTION('',(0.,1.,0.));
#9128=DIRECTION('',(1.,0.,0.));
#9129=DIRECTION('',(0.,0.,-1.));
#9130=DIRECTION('',(0.,0.,-1.));
#9131=DIRECTION('',(0.,1.,0.));
#9132=DIRECTION('',(0.,0.,-1.));
#9133=DIRECTION('',(0.,0.,-1.));
#9134=DIRECTION('',(-1.,0.,0.));
#9135=DIRECTION('',(-1.,0.,0.));
#9136=DIRECTION('',(0.,1.,0.));
#9137=DIRECTION('',(-1.,0.,0.));
#9138=DIRECTION('',(0.,1.,0.));
#9139=DIRECTION('',(0.,1.,0.));
#9140=DIRECTION('',(0.,1.,0.));
#9141=DIRECTION('',(-1.,0.,0.));
#9142=DIRECTION('',(0.,0.,1.));
#9143=DIRECTION('',(0.,0.,1.));
#9144=DIRECTION('',(0.,1.,0.));
#9145=DIRECTION('',(0.,0.,1.));
#9146=DIRECTION('',(0.,1.,0.));
#9147=DIRECTION('',(0.,1.,0.));
#9148=DIRECTION('',(-1.,0.,0.));
#9149=DIRECTION('',(0.,0.,1.));
#9150=DIRECTION('',(0.,1.,0.));
#9151=DIRECTION('',(0.,0.,1.));
#9152=DIRECTION('',(0.,1.,0.));
#9153=DIRECTION('',(0.,-0.707106781186549,-0.707106781186547));
#9154=DIRECTION('',(0.,0.,-1.));
#9155=DIRECTION('',(-1.,0.,0.));
#9156=DIRECTION('',(0.,1.,0.));
#9157=DIRECTION('',(-1.,0.,0.));
#9158=DIRECTION('',(0.,1.,0.));
#9159=DIRECTION('',(0.,1.,0.));
#9160=DIRECTION('',(0.,1.,0.));
#9161=DIRECTION('',(1.,0.,0.));
#9162=DIRECTION('',(0.,0.,-1.));
#9163=DIRECTION('',(0.,1.,0.));
#9164=DIRECTION('',(0.,0.,-1.));
#9165=DIRECTION('',(0.,1.,0.));
#9166=DIRECTION('',(0.,1.,0.));
#9167=DIRECTION('',(0.,1.,0.));
#9168=DIRECTION('',(0.,0.,1.));
#9169=DIRECTION('',(1.,0.,0.));
#9170=DIRECTION('',(-1.,0.,0.));
#9171=DIRECTION('',(1.,0.,0.));
#9172=DIRECTION('',(0.,-1.,0.));
#9173=DIRECTION('',(1.,0.,0.));
#9174=DIRECTION('',(-1.,0.,0.));
#9175=DIRECTION('',(0.,0.,1.));
#9176=DIRECTION('',(0.,1.,0.));
#9177=DIRECTION('',(0.,0.,1.));
#9178=DIRECTION('',(0.,1.,0.));
#9179=DIRECTION('',(0.,-0.707106781186549,-0.707106781186547));
#9180=DIRECTION('',(0.,0.,-1.));
#9181=DIRECTION('',(-1.,0.,0.));
#9182=DIRECTION('',(0.,1.,0.));
#9183=DIRECTION('',(-1.,0.,0.));
#9184=DIRECTION('',(1.,0.,0.));
#9185=DIRECTION('',(0.,0.,-1.));
#9186=DIRECTION('',(0.,1.,0.));
#9187=DIRECTION('',(0.,0.,-1.));
#9188=DIRECTION('',(0.,0.,1.));
#9189=DIRECTION('',(1.,0.,0.));
#9190=DIRECTION('',(0.,1.,0.));
#9191=DIRECTION('',(1.,0.,0.));
#9192=DIRECTION('',(1.,0.,0.));
#9193=DIRECTION('',(0.,0.,-1.));
#9194=DIRECTION('',(0.,1.,0.));
#9195=DIRECTION('',(0.,0.,-1.));
#9196=DIRECTION('',(0.,0.,-1.));
#9197=DIRECTION('',(-1.,0.,0.));
#9198=DIRECTION('',(0.,1.,0.));
#9199=DIRECTION('',(-1.,0.,0.));
#9200=DIRECTION('',(1.,0.,0.));
#9201=DIRECTION('',(0.,0.,-1.));
#9202=DIRECTION('',(0.,1.,0.));
#9203=DIRECTION('',(0.,0.,-1.));
#9204=DIRECTION('',(0.,0.,1.));
#9205=DIRECTION('',(1.,0.,0.));
#9206=DIRECTION('',(0.,1.,0.));
#9207=DIRECTION('',(1.,0.,0.));
#9208=DIRECTION('',(1.,0.,0.));
#9209=DIRECTION('',(0.,0.,-1.));
#9210=DIRECTION('',(0.,1.,0.));
#9211=DIRECTION('',(0.,0.,-1.));
#9212=DIRECTION('',(0.,0.,-1.));
#9213=DIRECTION('',(-1.,0.,0.));
#9214=DIRECTION('',(0.,1.,0.));
#9215=DIRECTION('',(-1.,0.,0.));
#9216=DIRECTION('',(1.,0.,0.));
#9217=DIRECTION('',(0.,0.,-1.));
#9218=DIRECTION('',(0.,0.707106781186549,0.707106781186547));
#9219=DIRECTION('',(0.,1.,0.));
#9220=DIRECTION('',(0.,0.,-1.));
#9221=DIRECTION('',(0.,0.,1.));
#9222=DIRECTION('',(1.,0.,0.));
#9223=DIRECTION('',(-1.,0.,0.));
#9224=DIRECTION('',(1.,0.,0.));
#9225=DIRECTION('',(0.,-1.,0.));
#9226=DIRECTION('',(1.,0.,0.));
#9227=DIRECTION('',(0.,0.,1.));
#9228=DIRECTION('',(1.,0.,0.));
#9229=DIRECTION('',(1.,0.,0.));
#9230=DIRECTION('',(0.,1.,0.));
#9231=DIRECTION('',(1.,0.,0.));
#9232=DIRECTION('',(0.,1.,0.));
#9233=DIRECTION('',(1.,0.,0.));
#9234=DIRECTION('',(0.,0.,-1.));
#9235=DIRECTION('',(0.,0.,-1.));
#9236=DIRECTION('',(0.,1.,0.));
#9237=DIRECTION('',(0.,0.,-1.));
#9238=DIRECTION('',(0.,0.,-1.));
#9239=DIRECTION('',(-1.,0.,0.));
#9240=DIRECTION('',(-1.,0.,0.));
#9241=DIRECTION('',(0.,1.,0.));
#9242=DIRECTION('',(-1.,0.,0.));
#9243=DIRECTION('',(0.,1.,0.));
#9244=DIRECTION('',(0.,1.,0.));
#9245=DIRECTION('',(0.,1.,0.));
#9246=DIRECTION('',(0.,1.,0.));
#9247=DIRECTION('',(0.,1.,0.));
#9248=DIRECTION('',(-1.,0.,0.));
#9249=DIRECTION('',(0.,0.,1.));
#9250=DIRECTION('',(0.,1.,0.));
#9251=DIRECTION('',(0.,0.,1.));
#9252=DIRECTION('',(0.,1.,0.));
#9253=DIRECTION('',(0.,-0.707106781186549,-0.707106781186547));
#9254=DIRECTION('',(0.,0.,-1.));
#9255=DIRECTION('',(-1.,0.,0.));
#9256=DIRECTION('',(0.,1.,0.));
#9257=DIRECTION('',(-1.,0.,0.));
#9258=DIRECTION('',(1.,0.,0.));
#9259=DIRECTION('',(0.,0.,-1.));
#9260=DIRECTION('',(0.,1.,0.));
#9261=DIRECTION('',(0.,0.,-1.));
#9262=DIRECTION('',(0.,0.,-1.));
#9263=DIRECTION('',(-1.,0.,0.));
#9264=DIRECTION('',(0.,1.,0.));
#9265=DIRECTION('',(-1.,0.,0.));
#9266=DIRECTION('',(0.,1.,0.));
#9267=DIRECTION('',(0.,1.,0.));
#9268=DIRECTION('',(0.,1.,0.));
#9269=DIRECTION('',(0.,1.,0.));
#9270=DIRECTION('',(0.,1.,0.));
#9271=DIRECTION('',(0.,1.,0.));
#9272=DIRECTION('',(0.,0.,1.));
#9273=DIRECTION('',(1.,0.,0.));
#9274=DIRECTION('',(-1.,0.,0.));
#9275=DIRECTION('',(1.,0.,0.));
#9276=DIRECTION('',(0.,-1.,0.));
#9277=DIRECTION('',(1.,0.,0.));
#9278=DIRECTION('',(-1.,0.,0.));
#9279=DIRECTION('',(0.,0.,1.));
#9280=DIRECTION('',(0.,1.,0.));
#9281=DIRECTION('',(0.,0.,1.));
#9282=DIRECTION('',(0.,1.,0.));
#9283=DIRECTION('',(0.,-0.707106781186549,-0.707106781186547));
#9284=DIRECTION('',(0.,0.,-1.));
#9285=DIRECTION('',(-1.,0.,0.));
#9286=DIRECTION('',(0.,1.,0.));
#9287=DIRECTION('',(-1.,0.,0.));
#9288=DIRECTION('',(1.,0.,0.));
#9289=DIRECTION('',(0.,0.,-1.));
#9290=DIRECTION('',(0.,1.,0.));
#9291=DIRECTION('',(0.,0.,-1.));
#9292=DIRECTION('',(0.,0.,1.));
#9293=DIRECTION('',(1.,0.,0.));
#9294=DIRECTION('',(0.,1.,0.));
#9295=DIRECTION('',(1.,0.,0.));
#9296=DIRECTION('',(1.,0.,0.));
#9297=DIRECTION('',(0.,0.,-1.));
#9298=DIRECTION('',(0.,1.,0.));
#9299=DIRECTION('',(0.,0.,-1.));
#9300=DIRECTION('',(0.,0.,-1.));
#9301=DIRECTION('',(-1.,0.,0.));
#9302=DIRECTION('',(0.,1.,0.));
#9303=DIRECTION('',(-1.,0.,0.));
#9304=DIRECTION('',(1.,0.,0.));
#9305=DIRECTION('',(0.,0.,-1.));
#9306=DIRECTION('',(0.,1.,0.));
#9307=DIRECTION('',(0.,0.,-1.));
#9308=DIRECTION('',(0.,0.,1.));
#9309=DIRECTION('',(1.,0.,0.));
#9310=DIRECTION('',(0.,1.,0.));
#9311=DIRECTION('',(1.,0.,0.));
#9312=DIRECTION('',(1.,0.,0.));
#9313=DIRECTION('',(0.,0.,-1.));
#9314=DIRECTION('',(0.,1.,0.));
#9315=DIRECTION('',(0.,0.,-1.));
#9316=DIRECTION('',(0.,0.,-1.));
#9317=DIRECTION('',(-1.,0.,0.));
#9318=DIRECTION('',(0.,1.,0.));
#9319=DIRECTION('',(-1.,0.,0.));
#9320=DIRECTION('',(1.,0.,0.));
#9321=DIRECTION('',(0.,0.,-1.));
#9322=DIRECTION('',(0.,0.707106781186549,0.707106781186547));
#9323=DIRECTION('',(0.,1.,0.));
#9324=DIRECTION('',(0.,0.,-1.));
#9325=DIRECTION('',(0.,0.,1.));
#9326=DIRECTION('',(1.,0.,0.));
#9327=DIRECTION('',(-1.,0.,0.));
#9328=DIRECTION('',(1.,0.,0.));
#9329=DIRECTION('',(0.,-1.,0.));
#9330=DIRECTION('',(1.,0.,0.));
#9331=DIRECTION('',(0.,1.,0.));
#9332=DIRECTION('',(0.,1.,0.));
#9333=DIRECTION('',(0.,1.,0.));
#9334=DIRECTION('',(0.,1.,0.));
#9335=DIRECTION('',(0.,1.,0.));
#9336=DIRECTION('',(1.,0.,0.));
#9337=DIRECTION('',(0.,0.,-1.));
#9338=DIRECTION('',(0.,0.707106781186549,0.707106781186547));
#9339=DIRECTION('',(0.,1.,0.));
#9340=DIRECTION('',(0.,0.,-1.));
#9341=DIRECTION('',(0.,0.,1.));
#9342=DIRECTION('',(1.,0.,0.));
#9343=DIRECTION('',(-1.,0.,0.));
#9344=DIRECTION('',(0.,1.,0.));
#9345=DIRECTION('',(1.,0.,0.));
#9346=DIRECTION('',(-1.,0.,0.));
#9347=DIRECTION('',(0.,0.,1.));
#9348=DIRECTION('',(0.,1.,0.));
#9349=DIRECTION('',(0.,0.,1.));
#9350=DIRECTION('',(0.,-0.707106781186549,-0.707106781186547));
#9351=DIRECTION('',(0.,1.,0.));
#9352=DIRECTION('',(0.997652346173834,0.,-0.0684820865178908));
#9353=DIRECTION('',(0.,1.,0.));
#9354=DIRECTION('',(0.,1.,0.));
#9355=DIRECTION('',(0.,0.,1.));
#9356=DIRECTION('',(0.,1.,0.));
#9357=DIRECTION('',(0.,1.,0.));
#9358=DIRECTION('',(0.,1.,0.));
#9359=DIRECTION('',(0.,1.,0.));
#9360=DIRECTION('',(0.,1.,0.));
#9361=DIRECTION('',(-0.996729602243619,0.,-0.080809034218194));
#9362=DIRECTION('',(0.,1.,0.));
#9363=DIRECTION('',(0.,1.,0.));
#9364=DIRECTION('',(0.,0.,1.));
#9365=DIRECTION('',(1.,0.,0.));
#9366=DIRECTION('',(0.,0.,-1.));
#9367=DIRECTION('',(0.,0.707106781186549,0.707106781186547));
#9368=DIRECTION('',(0.,1.,0.));
#9369=DIRECTION('',(0.,0.,-1.));
#9370=DIRECTION('',(0.,0.,1.));
#9371=DIRECTION('',(1.,0.,0.));
#9372=DIRECTION('',(-1.,0.,0.));
#9373=DIRECTION('',(0.,1.,0.));
#9374=DIRECTION('',(1.,0.,0.));
#9375=DIRECTION('',(-1.,0.,0.));
#9376=DIRECTION('',(0.,0.,1.));
#9377=DIRECTION('',(0.,1.,0.));
#9378=DIRECTION('',(0.,0.,1.));
#9379=DIRECTION('',(0.,-0.707106781186549,-0.707106781186547));
#9380=DIRECTION('',(0.,1.,0.));
#9381=DIRECTION('',(0.,-1.,0.));
#9382=DIRECTION('',(1.,0.,0.));
#9383=DIRECTION('',(-1.,0.,0.));
#9384=DIRECTION('',(0.,0.,1.));
#9385=DIRECTION('',(0.,1.,0.));
#9386=DIRECTION('',(0.,0.,1.));
#9387=DIRECTION('',(0.,1.,0.));
#9388=DIRECTION('',(0.,-0.707106781186549,-0.707106781186547));
#9389=DIRECTION('',(0.,0.,-1.));
#9390=DIRECTION('',(-1.,0.,0.));
#9391=DIRECTION('',(0.,1.,0.));
#9392=DIRECTION('',(-1.,0.,0.));
#9393=DIRECTION('',(1.,0.,0.));
#9394=DIRECTION('',(0.,0.,-1.));
#9395=DIRECTION('',(0.,1.,0.));
#9396=DIRECTION('',(0.,0.,-1.));
#9397=DIRECTION('',(-0.929924955305551,0.,-0.367749340584003));
#9398=DIRECTION('',(-0.367749340584003,0.,0.929924955305551));
#9399=DIRECTION('',(0.,1.,0.));
#9400=DIRECTION('',(-0.367749340584003,0.,0.929924955305551));
#9401=DIRECTION('',(0.,0.,-1.));
#9402=DIRECTION('',(-1.,0.,0.));
#9403=DIRECTION('',(0.,1.,0.));
#9404=DIRECTION('',(-1.,0.,0.));
#9405=DIRECTION('',(1.,0.,0.));
#9406=DIRECTION('',(0.,0.,-1.));
#9407=DIRECTION('',(0.,0.707106781186549,0.707106781186547));
#9408=DIRECTION('',(0.,1.,0.));
#9409=DIRECTION('',(0.,0.,-1.));
#9410=DIRECTION('',(0.,0.,1.));
#9411=DIRECTION('',(1.,0.,0.));
#9412=DIRECTION('',(-1.,0.,0.));
#9413=DIRECTION('',(0.,1.,0.));
#9414=DIRECTION('',(1.,0.,0.));
#9415=DIRECTION('',(-1.,0.,0.));
#9416=DIRECTION('',(0.,0.,1.));
#9417=DIRECTION('',(0.,1.,0.));
#9418=DIRECTION('',(0.,0.,1.));
#9419=DIRECTION('',(0.,-0.707106781186549,-0.707106781186547));
#9420=DIRECTION('',(0.920038743946517,0.,0.391827397762479));
#9421=DIRECTION('',(0.391827397762479,0.,-0.920038743946517));
#9422=DIRECTION('',(-0.28835236661559,0.677071972786938,0.677071972786936));
#9423=DIRECTION('',(0.,1.,0.));
#9424=DIRECTION('',(0.391827397762479,0.,-0.920038743946517));
#9425=DIRECTION('',(0.,0.,1.));
#9426=DIRECTION('',(1.,0.,0.));
#9427=DIRECTION('',(-1.,0.,0.));
#9428=DIRECTION('',(1.,0.,0.));
#9429=DIRECTION('',(0.,-1.,0.));
#9430=DIRECTION('',(1.,0.,0.));
#9431=DIRECTION('',(-1.,0.,0.));
#9432=DIRECTION('',(0.,0.,1.));
#9433=DIRECTION('',(0.,1.,0.));
#9434=DIRECTION('',(0.,0.,1.));
#9435=DIRECTION('',(0.,1.,0.));
#9436=DIRECTION('',(0.,-0.707106781186549,-0.707106781186547));
#9437=DIRECTION('',(0.,0.,-1.));
#9438=DIRECTION('',(-1.,0.,0.));
#9439=DIRECTION('',(0.,1.,0.));
#9440=DIRECTION('',(-1.,0.,0.));
#9441=DIRECTION('',(1.,0.,0.));
#9442=DIRECTION('',(0.,0.,-1.));
#9443=DIRECTION('',(0.,1.,0.));
#9444=DIRECTION('',(0.,0.,-1.));
#9445=DIRECTION('',(0.,0.,1.));
#9446=DIRECTION('',(1.,0.,0.));
#9447=DIRECTION('',(0.,1.,0.));
#9448=DIRECTION('',(1.,0.,0.));
#9449=DIRECTION('',(1.,0.,0.));
#9450=DIRECTION('',(0.,0.,-1.));
#9451=DIRECTION('',(0.,1.,0.));
#9452=DIRECTION('',(0.,0.,-1.));
#9453=DIRECTION('',(0.,0.,-1.));
#9454=DIRECTION('',(-1.,0.,0.));
#9455=DIRECTION('',(0.,1.,0.));
#9456=DIRECTION('',(-1.,0.,0.));
#9457=DIRECTION('',(1.,0.,0.));
#9458=DIRECTION('',(0.,0.,-1.));
#9459=DIRECTION('',(0.,1.,0.));
#9460=DIRECTION('',(0.,0.,-1.));
#9461=DIRECTION('',(0.,0.,1.));
#9462=DIRECTION('',(1.,0.,0.));
#9463=DIRECTION('',(0.,1.,0.));
#9464=DIRECTION('',(1.,0.,0.));
#9465=DIRECTION('',(1.,0.,0.));
#9466=DIRECTION('',(0.,0.,-1.));
#9467=DIRECTION('',(0.,1.,0.));
#9468=DIRECTION('',(0.,0.,-1.));
#9469=DIRECTION('',(0.,0.,-1.));
#9470=DIRECTION('',(-1.,0.,0.));
#9471=DIRECTION('',(0.,1.,0.));
#9472=DIRECTION('',(-1.,0.,0.));
#9473=DIRECTION('',(1.,0.,0.));
#9474=DIRECTION('',(0.,0.,-1.));
#9475=DIRECTION('',(0.,0.707106781186549,0.707106781186547));
#9476=DIRECTION('',(0.,1.,0.));
#9477=DIRECTION('',(0.,0.,-1.));
#9478=DIRECTION('',(0.,0.,1.));
#9479=DIRECTION('',(1.,0.,0.));
#9480=DIRECTION('',(-1.,0.,0.));
#9481=DIRECTION('',(1.,0.,0.));
#9482=DIRECTION('',(0.,-1.,0.));
#9483=DIRECTION('',(1.,0.,0.));
#9484=DIRECTION('',(-0.999852658855335,0.,0.0171656802928483));
#9485=DIRECTION('',(0.0171656802928483,0.,0.999852658855336));
#9486=DIRECTION('',(0.,1.,0.));
#9487=DIRECTION('',(0.0171656802928483,0.,0.999852658855335));
#9488=DIRECTION('',(0.,1.,0.));
#9489=DIRECTION('',(-0.0121388631828081,-0.707054682468277,-0.707054682468275));
#9490=DIRECTION('',(0.,0.,-1.));
#9491=DIRECTION('',(-1.,0.,0.));
#9492=DIRECTION('',(0.,1.,0.));
#9493=DIRECTION('',(-1.,0.,0.));
#9494=DIRECTION('',(0.999754595824761,0.,-0.0221528356484911));
#9495=DIRECTION('',(-0.0221528356484911,0.,-0.999754595824761));
#9496=DIRECTION('',(0.,1.,0.));
#9497=DIRECTION('',(-0.0221528356484911,0.,-0.999754595824761));
#9498=DIRECTION('',(-0.983459822457869,0.,-0.181126413344759));
#9499=DIRECTION('',(-0.181126413344759,0.,0.983459822457869));
#9500=DIRECTION('',(0.,1.,0.));
#9501=DIRECTION('',(-0.181126413344759,0.,0.983459822457869));
#9502=DIRECTION('',(0.,0.,-1.));
#9503=DIRECTION('',(-1.,0.,0.));
#9504=DIRECTION('',(0.,1.,0.));
#9505=DIRECTION('',(-1.,0.,0.));
#9506=DIRECTION('',(0.985115196170387,0.,-0.171895463215818));
#9507=DIRECTION('',(-0.171895463215818,0.,-0.985115196170387));
#9508=DIRECTION('',(0.,1.,0.));
#9509=DIRECTION('',(-0.171895463215818,0.,-0.985115196170387));
#9510=DIRECTION('',(-0.999613079119901,0.,-0.0278153204624674));
#9511=DIRECTION('',(-0.0278153204624674,0.,0.999613079119902));
#9512=DIRECTION('',(0.,1.,0.));
#9513=DIRECTION('',(-0.0278153204624674,0.,0.999613079119901));
#9514=DIRECTION('',(0.,0.,-1.));
#9515=DIRECTION('',(-1.,0.,0.));
#9516=DIRECTION('',(0.,1.,0.));
#9517=DIRECTION('',(-1.,0.,0.));
#9518=DIRECTION('',(0.999849329969523,0.,0.017358495311971));
#9519=DIRECTION('',(0.017358495311971,0.,-0.999849329969523));
#9520=DIRECTION('',(-0.0122752344664293,0.707053505266326,0.707053505266324));
#9521=DIRECTION('',(0.,1.,0.));
#9522=DIRECTION('',(0.017358495311971,0.,-0.999849329969523));
#9523=DIRECTION('',(0.,0.,1.));
#9524=DIRECTION('',(1.,0.,0.));
#9525=DIRECTION('',(-1.,0.,0.));
#9526=DIRECTION('',(0.,1.,0.));
#9527=DIRECTION('',(1.,0.,0.));
#9528=DIRECTION('',(-0.979874193563627,0.,0.199616043413426));
#9529=DIRECTION('',(0.199616043413426,0.,0.979874193563627));
#9530=DIRECTION('',(0.,1.,0.));
#9531=DIRECTION('',(0.199616043413426,0.,0.979874193563627));
#9532=DIRECTION('',(-0.142577307552629,-0.699882744240436,-0.699882744240434));
#9533=DIRECTION('',(0.982583118062037,0.,0.185823615559178));
#9534=DIRECTION('',(0.185823615559178,0.,-0.982583118062037));
#9535=DIRECTION('',(-0.132546340639987,0.700867843313899,0.700867843313897));
#9536=DIRECTION('',(0.,1.,0.));
#9537=DIRECTION('',(0.185823615559178,0.,-0.982583118062037));
#9538=DIRECTION('',(0.,0.,1.));
#9539=DIRECTION('',(1.,0.,0.));
#9540=DIRECTION('',(-1.,0.,0.));
#9541=DIRECTION('',(1.,0.,0.));
#9542=DIRECTION('',(0.,-1.,0.));
#9543=DIRECTION('',(1.,0.,0.));
#9544=DIRECTION('',(-1.,0.,0.));
#9545=DIRECTION('',(0.,0.,1.));
#9546=DIRECTION('',(0.,1.,0.));
#9547=DIRECTION('',(0.,0.,1.));
#9548=DIRECTION('',(0.,1.,0.));
#9549=DIRECTION('',(0.,-0.707106781186549,-0.707106781186547));
#9550=DIRECTION('',(0.,0.,-1.));
#9551=DIRECTION('',(-1.,0.,0.));
#9552=DIRECTION('',(0.,1.,0.));
#9553=DIRECTION('',(-1.,0.,0.));
#9554=DIRECTION('',(1.,0.,0.));
#9555=DIRECTION('',(0.,0.,-1.));
#9556=DIRECTION('',(0.,1.,0.));
#9557=DIRECTION('',(0.,0.,-1.));
#9558=DIRECTION('',(0.,0.,1.));
#9559=DIRECTION('',(1.,0.,0.));
#9560=DIRECTION('',(0.,1.,0.));
#9561=DIRECTION('',(1.,0.,0.));
#9562=DIRECTION('',(1.,0.,0.));
#9563=DIRECTION('',(0.,0.,-1.));
#9564=DIRECTION('',(0.,0.707106781186549,0.707106781186547));
#9565=DIRECTION('',(0.,1.,0.));
#9566=DIRECTION('',(0.,0.,-1.));
#9567=DIRECTION('',(0.,0.,1.));
#9568=DIRECTION('',(1.,0.,0.));
#9569=DIRECTION('',(-1.,0.,0.));
#9570=DIRECTION('',(1.,0.,0.));
#9571=DIRECTION('',(0.,-1.,0.));
#9572=DIRECTION('',(1.,0.,0.));
#9573=DIRECTION('',(0.,0.,1.));
#9574=DIRECTION('',(1.,0.,0.));
#9575=DIRECTION('',(1.,0.,0.));
#9576=DIRECTION('',(0.,1.,0.));
#9577=DIRECTION('',(1.,0.,0.));
#9578=DIRECTION('',(0.,1.,0.));
#9579=DIRECTION('',(0.990886712249258,0.,-0.134697897117424));
#9580=DIRECTION('',(-0.134697897117424,0.,-0.990886712249258));
#9581=DIRECTION('',(-0.134697897117424,0.,-0.990886712249258));
#9582=DIRECTION('',(0.,1.,0.));
#9583=DIRECTION('',(-0.134697897117424,0.,-0.990886712249258));
#9584=DIRECTION('',(-0.982596435259078,0.,0.185753184134625));
#9585=DIRECTION('',(0.185753184134625,0.,0.982596435259078));
#9586=DIRECTION('',(0.,1.,0.));
#9587=DIRECTION('',(0.185753184134625,0.,0.982596435259078));
#9588=DIRECTION('',(0.,1.,0.));
#9589=DIRECTION('',(-0.132495220428739,-0.700872676227124,-0.700872676227122));
#9590=DIRECTION('',(0.,0.,-1.));
#9591=DIRECTION('',(-1.,0.,0.));
#9592=DIRECTION('',(0.,1.,0.));
#9593=DIRECTION('',(-1.,0.,0.));
#9594=DIRECTION('',(0.98687719665572,0.,-0.16147259433398));
#9595=DIRECTION('',(-0.16147259433398,0.,-0.986877196655721));
#9596=DIRECTION('',(0.,1.,0.));
#9597=DIRECTION('',(-0.16147259433398,0.,-0.986877196655721));
#9598=DIRECTION('',(0.,0.,-1.));
#9599=DIRECTION('',(-1.,0.,0.));
#9600=DIRECTION('',(0.,1.,0.));
#9601=DIRECTION('',(-1.,0.,0.));
#9602=DIRECTION('',(-0.98772633578751,0.,-0.156194383995648));
#9603=DIRECTION('',(-0.156194383995648,0.,0.98772633578751));
#9604=DIRECTION('',(0.,1.,0.));
#9605=DIRECTION('',(-0.156194383995648,0.,0.98772633578751));
#9606=DIRECTION('',(0.,0.,-1.));
#9607=DIRECTION('',(-1.,0.,0.));
#9608=DIRECTION('',(0.,1.,0.));
#9609=DIRECTION('',(-1.,0.,0.));
#9610=DIRECTION('',(0.983043500795397,0.,0.18337250487445));
#9611=DIRECTION('',(0.18337250487445,0.,-0.983043500795397));
#9612=DIRECTION('',(-0.1307678844995,0.701034863749132,0.70103486374913));
#9613=DIRECTION('',(0.,1.,0.));
#9614=DIRECTION('',(0.18337250487445,0.,-0.983043500795397));
#9615=DIRECTION('',(0.,0.,1.));
#9616=DIRECTION('',(1.,0.,0.));
#9617=DIRECTION('',(-1.,0.,0.));
#9618=DIRECTION('',(1.,0.,0.));
#9619=DIRECTION('',(-0.990886712249258,0.,-0.134697897117423));
#9620=DIRECTION('',(-0.134697897117423,0.,0.990886712249258));
#9621=DIRECTION('',(-0.134697897117423,0.,0.990886712249258));
#9622=DIRECTION('',(-0.134697897117423,0.,0.990886712249258));
#9623=DIRECTION('',(0.,-1.,0.));
#9624=DIRECTION('',(1.,0.,0.));
#9625=DIRECTION('',(-1.,0.,0.));
#9626=DIRECTION('',(0.,0.,1.));
#9627=DIRECTION('',(0.,1.,0.));
#9628=DIRECTION('',(0.,0.,1.));
#9629=DIRECTION('',(0.,1.,0.));
#9630=DIRECTION('',(0.,-0.707106781186549,-0.707106781186547));
#9631=DIRECTION('',(0.,0.,-1.));
#9632=DIRECTION('',(-1.,0.,0.));
#9633=DIRECTION('',(0.,1.,0.));
#9634=DIRECTION('',(-1.,0.,0.));
#9635=DIRECTION('',(1.,0.,0.));
#9636=DIRECTION('',(0.,0.,-1.));
#9637=DIRECTION('',(0.,1.,0.));
#9638=DIRECTION('',(0.,0.,-1.));
#9639=DIRECTION('',(0.,0.,1.));
#9640=DIRECTION('',(1.,0.,0.));
#9641=DIRECTION('',(0.,1.,0.));
#9642=DIRECTION('',(1.,0.,0.));
#9643=DIRECTION('',(1.,0.,0.));
#9644=DIRECTION('',(0.,0.,-1.));
#9645=DIRECTION('',(0.,1.,0.));
#9646=DIRECTION('',(0.,0.,-1.));
#9647=DIRECTION('',(0.,0.,-1.));
#9648=DIRECTION('',(-1.,0.,0.));
#9649=DIRECTION('',(0.,1.,0.));
#9650=DIRECTION('',(-1.,0.,0.));
#9651=DIRECTION('',(1.,0.,0.));
#9652=DIRECTION('',(0.,0.,-1.));
#9653=DIRECTION('',(0.,1.,0.));
#9654=DIRECTION('',(0.,0.,-1.));
#9655=DIRECTION('',(0.,0.,1.));
#9656=DIRECTION('',(1.,0.,0.));
#9657=DIRECTION('',(0.,1.,0.));
#9658=DIRECTION('',(1.,0.,0.));
#9659=DIRECTION('',(1.,0.,0.));
#9660=DIRECTION('',(0.,0.,-1.));
#9661=DIRECTION('',(0.,1.,0.));
#9662=DIRECTION('',(0.,0.,-1.));
#9663=DIRECTION('',(0.,0.,-1.));
#9664=DIRECTION('',(-1.,0.,0.));
#9665=DIRECTION('',(0.,1.,0.));
#9666=DIRECTION('',(-1.,0.,0.));
#9667=DIRECTION('',(1.,0.,0.));
#9668=DIRECTION('',(0.,0.,-1.));
#9669=DIRECTION('',(0.,0.707106781186549,0.707106781186547));
#9670=DIRECTION('',(0.,1.,0.));
#9671=DIRECTION('',(0.,0.,-1.));
#9672=DIRECTION('',(0.,0.,1.));
#9673=DIRECTION('',(1.,0.,0.));
#9674=DIRECTION('',(-1.,0.,0.));
#9675=DIRECTION('',(1.,0.,0.));
#9676=DIRECTION('',(0.,-1.,0.));
#9677=DIRECTION('',(1.,0.,0.));
#9678=DIRECTION('',(0.,0.,1.));
#9679=DIRECTION('',(1.,0.,0.));
#9680=DIRECTION('',(1.,0.,0.));
#9681=DIRECTION('',(0.,1.,0.));
#9682=DIRECTION('',(1.,0.,0.));
#9683=DIRECTION('',(0.,1.,0.));
#9684=DIRECTION('',(1.,0.,0.));
#9685=DIRECTION('',(0.,0.,-1.));
#9686=DIRECTION('',(0.,0.,-1.));
#9687=DIRECTION('',(0.,1.,0.));
#9688=DIRECTION('',(0.,0.,-1.));
#9689=DIRECTION('',(0.,0.,-1.));
#9690=DIRECTION('',(-1.,0.,0.));
#9691=DIRECTION('',(-1.,0.,0.));
#9692=DIRECTION('',(0.,1.,0.));
#9693=DIRECTION('',(-1.,0.,0.));
#9694=DIRECTION('',(0.,1.,0.));
#9695=DIRECTION('',(0.,1.,0.));
#9696=DIRECTION('',(0.,1.,0.));
#9697=DIRECTION('',(0.,1.,0.));
#9698=DIRECTION('',(-1.,0.,0.));
#9699=DIRECTION('',(0.,0.,1.));
#9700=DIRECTION('',(0.,1.,0.));
#9701=DIRECTION('',(0.,0.,1.));
#9702=DIRECTION('',(0.,1.,0.));
#9703=DIRECTION('',(0.,-0.707106781186549,-0.707106781186547));
#9704=DIRECTION('',(0.,0.,-1.));
#9705=DIRECTION('',(-1.,0.,0.));
#9706=DIRECTION('',(0.,1.,0.));
#9707=DIRECTION('',(-1.,0.,0.));
#9708=DIRECTION('',(1.,0.,0.));
#9709=DIRECTION('',(0.,0.,-1.));
#9710=DIRECTION('',(0.,1.,0.));
#9711=DIRECTION('',(0.,0.,-1.));
#9712=DIRECTION('',(0.,0.,-1.));
#9713=DIRECTION('',(-1.,0.,0.));
#9714=DIRECTION('',(0.,1.,0.));
#9715=DIRECTION('',(-1.,0.,0.));
#9716=DIRECTION('',(-0.971190765135183,0.,-0.238303373278975));
#9717=DIRECTION('',(-0.238303373278975,0.,0.971190765135183));
#9718=DIRECTION('',(0.,1.,0.));
#9719=DIRECTION('',(-0.238303373278975,0.,0.971190765135183));
#9720=DIRECTION('',(0.,0.,-1.));
#9721=DIRECTION('',(-1.,0.,0.));
#9722=DIRECTION('',(0.,1.,0.));
#9723=DIRECTION('',(-1.,0.,0.));
#9724=DIRECTION('',(0.962114991714418,0.,0.272643985296513));
#9725=DIRECTION('',(0.272643985296513,0.,-0.962114991714418));
#9726=DIRECTION('',(0.,1.,0.));
#9727=DIRECTION('',(0.272643985296513,0.,-0.962114991714418));
#9728=DIRECTION('',(0.,1.,0.));
#9729=DIRECTION('',(0.,1.,0.));
#9730=DIRECTION('',(0.,1.,0.));
#9731=DIRECTION('',(0.,1.,0.));
#9732=DIRECTION('',(0.,1.,0.));
#9733=DIRECTION('',(0.,1.,0.));
#9734=DIRECTION('',(0.,0.,1.));
#9735=DIRECTION('',(1.,0.,0.));
#9736=DIRECTION('',(-1.,0.,0.));
#9737=DIRECTION('',(1.,0.,0.));
#9738=DIRECTION('',(0.,-1.,0.));
#9739=DIRECTION('',(1.,0.,0.));
#9740=DIRECTION('',(0.,1.,0.));
#9741=DIRECTION('',(0.,0.,1.));
#9742=DIRECTION('',(0.,1.,0.));
#9743=DIRECTION('',(0.,0.,1.));
#9744=DIRECTION('',(0.,1.,0.));
#9745=DIRECTION('',(0.,0.,1.));
#9746=DIRECTION('',(0.,1.,0.));
#9747=DIRECTION('',(0.,0.,1.));
#9748=DIRECTION('',(0.,1.,0.));
#9749=DIRECTION('',(0.,0.,1.));
#9750=DIRECTION('',(-0.707106781186547,0.,0.707106781186548));
#9751=DIRECTION('',(0.,1.,0.));
#9752=DIRECTION('',(-0.577350269189626,-0.577350269189627,-0.577350269189625));
#9753=DIRECTION('',(0.577350269189626,-0.577350269189626,0.577350269189625));
#9754=DIRECTION('',(0.,-0.707106781186547,-0.707106781186548));
#9755=DIRECTION('',(1.,0.,0.));
#9756=DIRECTION('',(0.577350269189626,0.577350269189626,-0.577350269189626));
#9757=DIRECTION('',(0.,-0.707106781186547,0.707106781186549));
#9758=DIRECTION('',(-1.,0.,0.));
#9759=DIRECTION('',(0.577350269189626,-0.577350269189627,-0.577350269189625));
#9760=DIRECTION('',(-0.707106781186547,-6.54205191118239E-17,-0.707106781186548));
#9761=DIRECTION('',(9.25185853854297E-17,-1.,0.));
#9762=CARTESIAN_POINT('',(0.,0.,0.));
#9763=CARTESIAN_POINT('',(3.15662759542465,17.83844625221,2.));
#9764=CARTESIAN_POINT('',(-10.8433724045753,-2.76155374778996,2.));
#9765=CARTESIAN_POINT('',(-11.2433724045753,-2.76155374778996,2.));
#9766=CARTESIAN_POINT('',(3.15662759542465,-4.16155374778997,2.));
#9767=CARTESIAN_POINT('',(-12.6933724045754,-4.16155374778997,2.));
#9768=CARTESIAN_POINT('',(-8.99337240457535,-4.16155374778997,2.));
#9769=CARTESIAN_POINT('',(-12.6933724045754,17.83844625221,2.));
#9770=CARTESIAN_POINT('',(-12.6933724045754,17.83844625221,2.));
#9771=CARTESIAN_POINT('',(3.15662759542465,17.83844625221,2.));
#9772=CARTESIAN_POINT('',(-8.99337240457535,17.83844625221,2.));
#9773=CARTESIAN_POINT('',(-8.99337240457535,17.83844625221,2.));
#9774=CARTESIAN_POINT('',(-10.8433724045754,16.43844625221,2.));
#9775=CARTESIAN_POINT('',(-11.2433724045754,16.43844625221,2.));
#9776=CARTESIAN_POINT('',(-10.8433724045753,17.83844625221,2.3));
#9777=CARTESIAN_POINT('',(-10.8433724045753,-2.76155374778996,2.3));
#9778=CARTESIAN_POINT('',(-10.4433724045753,-2.76155374778996,2.3));
#9779=CARTESIAN_POINT('',(-10.8433724045753,-4.16155374778997,2.3));
#9780=CARTESIAN_POINT('',(-8.89337240457535,-4.16155374778997,2.3));
#9781=CARTESIAN_POINT('',(-12.7933724045754,-4.16155374778997,2.3));
#9782=CARTESIAN_POINT('',(-8.89337240457535,17.83844625221,2.3));
#9783=CARTESIAN_POINT('',(-8.89337240457535,17.83844625221,2.3));
#9784=CARTESIAN_POINT('',(-10.8433724045753,17.83844625221,2.3));
#9785=CARTESIAN_POINT('',(-12.7933724045754,17.83844625221,2.3));
#9786=CARTESIAN_POINT('',(-12.7933724045754,17.83844625221,2.3));
#9787=CARTESIAN_POINT('',(-10.8433724045754,16.43844625221,2.3));
#9788=CARTESIAN_POINT('',(-10.4433724045754,16.43844625221,2.3));
#9789=CARTESIAN_POINT('',(-12.9433724045754,17.83844625221,5.5));
#9790=CARTESIAN_POINT('',(-12.9433724045754,-4.16155374778997,5.5));
#9791=CARTESIAN_POINT('',(-12.7933724045754,-4.16155374778997,5.5));
#9792=CARTESIAN_POINT('',(-13.0933724045754,-4.16155374778997,5.5));
#9793=CARTESIAN_POINT('',(-12.7933724045754,17.83844625221,5.5));
#9794=CARTESIAN_POINT('',(-12.7933724045754,17.83844625221,5.5));
#9795=CARTESIAN_POINT('',(-12.9433724045754,17.83844625221,5.5));
#9796=CARTESIAN_POINT('',(-13.0933724045754,17.83844625221,5.5));
#9797=CARTESIAN_POINT('',(-13.0933724045754,17.83844625221,5.5));
#9798=CARTESIAN_POINT('',(-13.0933724045754,17.83844625221,3.75));
#9799=CARTESIAN_POINT('',(-13.0933724045754,9.43844625221004,4.3));
#9800=CARTESIAN_POINT('',(-13.0933724045754,9.43844625221004,4.7));
#9801=CARTESIAN_POINT('',(-13.0933724045754,16.8936952948571,4.36049699783325));
#9802=CARTESIAN_POINT('',(-13.0933724045754,16.8936952948571,4.88116319305078));
#9803=CARTESIAN_POINT('',(-13.0933724045754,-3.36155374778997,4.7));
#9804=CARTESIAN_POINT('',(-13.0933724045754,-3.36155374778997,5.1));
#9805=CARTESIAN_POINT('',(-13.0933724045754,17.83844625221,3.75));
#9806=CARTESIAN_POINT('',(-13.0933724045754,17.83844625221,2.4));
#9807=CARTESIAN_POINT('',(-13.0933724045754,17.83844625221,2.4));
#9808=CARTESIAN_POINT('',(-13.0933724045754,-4.16155374778997,2.4));
#9809=CARTESIAN_POINT('',(-13.0933724045754,-4.16155374778997,3.75));
#9810=CARTESIAN_POINT('',(-8.59337240457535,17.83844625221,3.75));
#9811=CARTESIAN_POINT('',(-8.59337240457535,9.43844625221004,4.3));
#9812=CARTESIAN_POINT('',(-8.59337240457535,9.43844625221004,3.9));
#9813=CARTESIAN_POINT('',(-8.59337240457535,-3.36155374778997,4.7));
#9814=CARTESIAN_POINT('',(-8.59337240457535,-3.36155374778997,4.3));
#9815=CARTESIAN_POINT('',(-8.59337240457535,-4.16155374778997,3.75));
#9816=CARTESIAN_POINT('',(-8.59337240457535,-4.16155374778997,2.4));
#9817=CARTESIAN_POINT('',(-8.59337240457535,-4.16155374778997,5.5));
#9818=CARTESIAN_POINT('',(-8.59337240457535,17.83844625221,2.4));
#9819=CARTESIAN_POINT('',(-8.59337240457535,17.83844625221,2.4));
#9820=CARTESIAN_POINT('',(-8.59337240457535,17.83844625221,3.75));
#9821=CARTESIAN_POINT('',(-8.59337240457535,17.83844625221,5.5));
#9822=CARTESIAN_POINT('',(-8.59337240457535,17.83844625221,5.5));
#9823=CARTESIAN_POINT('',(-8.74337240457535,17.83844625221,5.5));
#9824=CARTESIAN_POINT('',(-8.74337240457535,-4.16155374778997,5.5));
#9825=CARTESIAN_POINT('',(-8.89337240457535,-4.16155374778997,5.5));
#9826=CARTESIAN_POINT('',(-8.74337240457535,17.83844625221,5.5));
#9827=CARTESIAN_POINT('',(-8.89337240457535,17.83844625221,5.5));
#9828=CARTESIAN_POINT('',(-8.89337240457535,17.83844625221,5.5));
#9829=CARTESIAN_POINT('',(-8.89337240457535,17.83844625221,3.9));
#9830=CARTESIAN_POINT('',(-8.89337240457535,9.43844625221004,4.3));
#9831=CARTESIAN_POINT('',(-8.89337240457535,9.43844625221004,4.7));
#9832=CARTESIAN_POINT('',(-8.89337240457535,-3.36155374778997,4.7));
#9833=CARTESIAN_POINT('',(-8.89337240457535,-3.36155374778997,5.1));
#9834=CARTESIAN_POINT('',(-8.89337240457535,-4.16155374778997,3.9));
#9835=CARTESIAN_POINT('',(-8.89337240457535,17.83844625221,3.9));
#9836=CARTESIAN_POINT('',(-12.7933724045754,17.83844625221,3.9));
#9837=CARTESIAN_POINT('',(-12.7933724045754,9.43844625221004,4.3));
#9838=CARTESIAN_POINT('',(-12.7933724045754,9.43844625221004,3.9));
#9839=CARTESIAN_POINT('',(-12.7933724045754,16.8936952948571,4.36049699783325));
#9840=CARTESIAN_POINT('',(-12.7933724045754,16.8936952948571,3.83983080261572));
#9841=CARTESIAN_POINT('',(-12.7933724045754,-3.36155374778997,4.7));
#9842=CARTESIAN_POINT('',(-12.7933724045754,-3.36155374778997,4.3));
#9843=CARTESIAN_POINT('',(-12.7933724045754,-4.16155374778997,3.9));
#9844=CARTESIAN_POINT('',(-12.7933724045754,17.83844625221,3.9));
#9845=CARTESIAN_POINT('',(3.15662759542465,17.83844625221,1.75));
#9846=CARTESIAN_POINT('',(-12.6933724045754,17.83844625221,2.4));
#9847=CARTESIAN_POINT('',(-8.99337240457535,17.83844625221,2.4));
#9848=CARTESIAN_POINT('',(3.15662759542465,-4.16155374778997,1.75));
#9849=CARTESIAN_POINT('',(-12.6933724045754,-4.16155374778997,2.4));
#9850=CARTESIAN_POINT('',(-8.99337240457535,-4.16155374778997,2.4));
#9851=CARTESIAN_POINT('',(-10.8433724045753,-2.76155374778996,49.4588760586691));
#9852=CARTESIAN_POINT('',(-10.8433724045754,16.43844625221,49.4588760586691));
#9853=CARTESIAN_POINT('',(-29.0522484632444,-3.36155374778997,4.7));
#9854=CARTESIAN_POINT('',(-29.0522484632444,-3.36155374778997,4.7));
#9855=CARTESIAN_POINT('',(-29.0522484632444,16.8936952948571,4.36049699783325));
#9856=CARTESIAN_POINT('',(-29.0522484632444,9.43844625221004,4.3));
#9857=CARTESIAN_POINT('',(-29.0522484632444,9.43844625221004,4.3));
#9858=CARTESIAN_POINT('',(-12.6933724045754,17.83844625221,2.4));
#9859=CARTESIAN_POINT('',(-8.99337240457535,17.83844625221,2.4));
#9860=CARTESIAN_POINT('',(0.,0.,0.));
#9861=CARTESIAN_POINT('',(3.15662759542465,17.83844625221,2.));
#9862=CARTESIAN_POINT('',(3.15662759542465,17.83844625221,2.));
#9863=CARTESIAN_POINT('',(2.30662759542465,17.83844625221,2.));
#9864=CARTESIAN_POINT('',(6.00662759542465,17.83844625221,2.));
#9865=CARTESIAN_POINT('',(6.00662759542465,17.83844625221,2.));
#9866=CARTESIAN_POINT('',(6.00662759542465,-4.16155374778997,2.));
#9867=CARTESIAN_POINT('',(3.15662759542465,-4.16155374778997,2.));
#9868=CARTESIAN_POINT('',(2.30662759542465,-4.16155374778997,2.));
#9869=CARTESIAN_POINT('',(2.30662759542465,17.83844625221,2.));
#9870=CARTESIAN_POINT('',(4.15662759542465,16.43844625221,2.));
#9871=CARTESIAN_POINT('',(3.75662759542465,16.43844625221,2.));
#9872=CARTESIAN_POINT('',(4.15662759542465,-2.76155374778996,2.));
#9873=CARTESIAN_POINT('',(3.75662759542465,-2.76155374778996,2.));
#9874=CARTESIAN_POINT('',(4.15662759542465,17.83844625221,2.3));
#9875=CARTESIAN_POINT('',(4.15662759542465,-4.16155374778997,2.3));
#9876=CARTESIAN_POINT('',(6.10662759542465,-4.16155374778997,2.3));
#9877=CARTESIAN_POINT('',(2.20662759542465,-4.16155374778997,2.3));
#9878=CARTESIAN_POINT('',(6.10662759542465,17.83844625221,2.3));
#9879=CARTESIAN_POINT('',(6.10662759542465,17.83844625221,2.3));
#9880=CARTESIAN_POINT('',(4.15662759542465,17.83844625221,2.3));
#9881=CARTESIAN_POINT('',(2.20662759542465,17.83844625221,2.3));
#9882=CARTESIAN_POINT('',(2.20662759542465,17.83844625221,2.3));
#9883=CARTESIAN_POINT('',(4.15662759542465,16.43844625221,2.3));
#9884=CARTESIAN_POINT('',(4.55662759542465,16.43844625221,2.3));
#9885=CARTESIAN_POINT('',(4.15662759542465,-2.76155374778996,2.3));
#9886=CARTESIAN_POINT('',(4.55662759542465,-2.76155374778996,2.3));
#9887=CARTESIAN_POINT('',(6.40662759542465,17.83844625221,3.75));
#9888=CARTESIAN_POINT('',(6.40662759542465,9.43844625221004,4.3));
#9889=CARTESIAN_POINT('',(6.40662759542465,9.43844625221004,3.9));
#9890=CARTESIAN_POINT('',(6.40662759542465,-3.36155374778997,4.7));
#9891=CARTESIAN_POINT('',(6.40662759542465,-3.36155374778997,4.3));
#9892=CARTESIAN_POINT('',(6.40662759542465,-4.16155374778997,3.75));
#9893=CARTESIAN_POINT('',(6.40662759542465,-4.16155374778997,2.4));
#9894=CARTESIAN_POINT('',(6.40662759542465,-4.16155374778997,5.5));
#9895=CARTESIAN_POINT('',(6.40662759542465,17.83844625221,2.4));
#9896=CARTESIAN_POINT('',(6.40662759542465,17.83844625221,2.4));
#9897=CARTESIAN_POINT('',(6.40662759542465,17.83844625221,3.75));
#9898=CARTESIAN_POINT('',(6.40662759542465,17.83844625221,5.5));
#9899=CARTESIAN_POINT('',(6.40662759542465,17.83844625221,5.5));
#9900=CARTESIAN_POINT('',(6.25662759542465,17.83844625221,5.5));
#9901=CARTESIAN_POINT('',(6.25662759542465,-4.16155374778997,5.5));
#9902=CARTESIAN_POINT('',(6.10662759542465,-4.16155374778997,5.5));
#9903=CARTESIAN_POINT('',(6.25662759542465,17.83844625221,5.5));
#9904=CARTESIAN_POINT('',(6.10662759542465,17.83844625221,5.5));
#9905=CARTESIAN_POINT('',(6.10662759542465,17.83844625221,5.5));
#9906=CARTESIAN_POINT('',(6.10662759542465,17.83844625221,3.9));
#9907=CARTESIAN_POINT('',(6.10662759542465,9.43844625221004,4.3));
#9908=CARTESIAN_POINT('',(6.10662759542465,9.43844625221004,4.7));
#9909=CARTESIAN_POINT('',(6.10662759542465,-3.36155374778997,4.7));
#9910=CARTESIAN_POINT('',(6.10662759542465,-3.36155374778997,5.1));
#9911=CARTESIAN_POINT('',(6.10662759542465,-4.16155374778997,3.9));
#9912=CARTESIAN_POINT('',(6.10662759542465,17.83844625221,3.9));
#9913=CARTESIAN_POINT('',(2.20662759542465,17.83844625221,3.9));
#9914=CARTESIAN_POINT('',(2.20662759542465,9.43844625221004,4.3));
#9915=CARTESIAN_POINT('',(2.20662759542465,9.43844625221004,3.9));
#9916=CARTESIAN_POINT('',(2.20662759542465,16.8936952948571,4.36049699783325));
#9917=CARTESIAN_POINT('',(2.20662759542465,16.8936952948571,3.83983080261572));
#9918=CARTESIAN_POINT('',(2.20662759542465,-3.36155374778997,4.7));
#9919=CARTESIAN_POINT('',(2.20662759542465,-3.36155374778997,4.3));
#9920=CARTESIAN_POINT('',(2.20662759542465,-4.16155374778997,3.9));
#9921=CARTESIAN_POINT('',(2.20662759542465,-4.16155374778997,5.5));
#9922=CARTESIAN_POINT('',(2.20662759542465,17.83844625221,3.9));
#9923=CARTESIAN_POINT('',(2.20662759542465,17.83844625221,5.5));
#9924=CARTESIAN_POINT('',(2.20662759542465,17.83844625221,5.5));
#9925=CARTESIAN_POINT('',(2.05662759542465,17.83844625221,5.5));
#9926=CARTESIAN_POINT('',(2.05662759542465,-4.16155374778997,5.5));
#9927=CARTESIAN_POINT('',(1.90662759542465,-4.16155374778997,5.5));
#9928=CARTESIAN_POINT('',(2.05662759542465,17.83844625221,5.5));
#9929=CARTESIAN_POINT('',(1.90662759542465,17.83844625221,5.5));
#9930=CARTESIAN_POINT('',(1.90662759542465,17.83844625221,5.5));
#9931=CARTESIAN_POINT('',(1.90662759542465,17.83844625221,3.75));
#9932=CARTESIAN_POINT('',(1.90662759542465,9.43844625221004,4.3));
#9933=CARTESIAN_POINT('',(1.90662759542465,9.43844625221004,4.7));
#9934=CARTESIAN_POINT('',(1.90662759542465,16.8936952948571,4.36049699783325));
#9935=CARTESIAN_POINT('',(1.90662759542465,16.8936952948571,4.88116319305078));
#9936=CARTESIAN_POINT('',(1.90662759542465,-3.36155374778997,4.7));
#9937=CARTESIAN_POINT('',(1.90662759542465,-3.36155374778997,5.1));
#9938=CARTESIAN_POINT('',(1.90662759542465,17.83844625221,3.75));
#9939=CARTESIAN_POINT('',(1.90662759542465,17.83844625221,2.4));
#9940=CARTESIAN_POINT('',(1.90662759542465,17.83844625221,2.4));
#9941=CARTESIAN_POINT('',(1.90662759542465,-4.16155374778997,2.4));
#9942=CARTESIAN_POINT('',(1.90662759542465,-4.16155374778997,3.75));
#9943=CARTESIAN_POINT('',(3.15662759542465,17.83844625221,1.75));
#9944=CARTESIAN_POINT('',(6.00662759542465,17.83844625221,2.4));
#9945=CARTESIAN_POINT('',(2.30662759542465,17.83844625221,2.4));
#9946=CARTESIAN_POINT('',(3.15662759542465,-4.16155374778997,1.75));
#9947=CARTESIAN_POINT('',(6.00662759542465,-4.16155374778997,2.4));
#9948=CARTESIAN_POINT('',(2.30662759542465,-4.16155374778997,2.4));
#9949=CARTESIAN_POINT('',(4.15662759542465,16.43844625221,49.4588760586691));
#9950=CARTESIAN_POINT('',(4.15662759542465,-2.76155374778996,49.4588760586691));
#9951=CARTESIAN_POINT('',(-29.0522484632444,-3.36155374778997,4.7));
#9952=CARTESIAN_POINT('',(-29.0522484632444,-3.36155374778997,4.7));
#9953=CARTESIAN_POINT('',(-29.0522484632444,16.8936952948571,4.36049699783325));
#9954=CARTESIAN_POINT('',(-29.0522484632444,9.43844625221004,4.3));
#9955=CARTESIAN_POINT('',(-29.0522484632444,9.43844625221004,4.3));
#9956=CARTESIAN_POINT('',(6.00662759542465,17.83844625221,2.4));
#9957=CARTESIAN_POINT('',(2.30662759542465,17.83844625221,2.4));
#9958=CARTESIAN_POINT('',(0.,0.,0.));
#9959=CARTESIAN_POINT('',(3.15662759542465,17.83844625221,2.));
#9960=CARTESIAN_POINT('',(16.1566275954246,-2.76155374778996,2.));
#9961=CARTESIAN_POINT('',(15.7566275954246,-2.76155374778996,2.));
#9962=CARTESIAN_POINT('',(3.15662759542465,17.83844625221,2.));
#9963=CARTESIAN_POINT('',(14.3066275954246,17.83844625221,2.));
#9964=CARTESIAN_POINT('',(18.0066275954246,17.83844625221,2.));
#9965=CARTESIAN_POINT('',(18.0066275954246,17.83844625221,2.));
#9966=CARTESIAN_POINT('',(18.0066275954246,-4.16155374778997,2.));
#9967=CARTESIAN_POINT('',(3.15662759542465,-4.16155374778997,2.));
#9968=CARTESIAN_POINT('',(14.3066275954246,-4.16155374778997,2.));
#9969=CARTESIAN_POINT('',(14.3066275954246,17.83844625221,2.));
#9970=CARTESIAN_POINT('',(16.1566275954246,16.43844625221,2.));
#9971=CARTESIAN_POINT('',(15.7566275954246,16.43844625221,2.));
#9972=CARTESIAN_POINT('',(15.1816275954246,17.83844625221,2.33204420655966));
#9973=CARTESIAN_POINT('',(15.1816275954246,-4.16155374778997,2.33204420655966));
#9974=CARTESIAN_POINT('',(14.2066275954246,-4.16155374778997,2.33204420655966));
#9975=CARTESIAN_POINT('',(18.1066275954246,-4.16155374778997,2.33204420655966));
#9976=CARTESIAN_POINT('',(18.1066275954246,17.83844625221,2.33204420655966));
#9977=CARTESIAN_POINT('',(18.1066275954246,17.83844625221,2.33204420655966));
#9978=CARTESIAN_POINT('',(15.1816275954246,17.83844625221,2.33204420655966));
#9979=CARTESIAN_POINT('',(14.2066275954246,17.83844625221,2.33204420655966));
#9980=CARTESIAN_POINT('',(14.2066275954246,17.83844625221,2.33204420655966));
#9981=CARTESIAN_POINT('',(16.1566275954246,-2.76155374778996,2.33204420655966));
#9982=CARTESIAN_POINT('',(15.7566275954246,-2.76155374778996,2.33204420655966));
#9983=CARTESIAN_POINT('',(16.1566275954246,16.43844625221,2.33204420655966));
#9984=CARTESIAN_POINT('',(15.7566275954246,16.43844625221,2.33204420655966));
#9985=CARTESIAN_POINT('',(14.0566275954246,17.83844625221,5.5));
#9986=CARTESIAN_POINT('',(14.0566275954246,-4.16155374778997,5.5));
#9987=CARTESIAN_POINT('',(13.9066275954246,-4.16155374778997,5.5));
#9988=CARTESIAN_POINT('',(14.2066275954246,-4.16155374778997,5.5));
#9989=CARTESIAN_POINT('',(14.2066275954246,17.83844625221,5.5));
#9990=CARTESIAN_POINT('',(14.2066275954246,17.83844625221,5.5));
#9991=CARTESIAN_POINT('',(14.0566275954246,17.83844625221,5.5));
#9992=CARTESIAN_POINT('',(13.9066275954246,17.83844625221,5.5));
#9993=CARTESIAN_POINT('',(13.9066275954246,17.83844625221,5.5));
#9994=CARTESIAN_POINT('',(13.9066275954246,17.83844625221,3.75));
#9995=CARTESIAN_POINT('',(13.9066275954246,9.43844625221004,4.3));
#9996=CARTESIAN_POINT('',(13.9066275954246,9.43844625221004,4.7));
#9997=CARTESIAN_POINT('',(13.9066275954246,16.8936952948571,4.36049699783325));
#9998=CARTESIAN_POINT('',(13.9066275954246,16.8936952948571,4.88116319305078));
#9999=CARTESIAN_POINT('',(13.9066275954246,-3.36155374778997,4.7));
#10000=CARTESIAN_POINT('',(13.9066275954246,-3.36155374778997,5.1));
#10001=CARTESIAN_POINT('',(13.9066275954246,17.83844625221,3.75));
#10002=CARTESIAN_POINT('',(13.9066275954246,17.83844625221,2.4));
#10003=CARTESIAN_POINT('',(13.9066275954246,17.83844625221,2.4));
#10004=CARTESIAN_POINT('',(13.9066275954246,-4.16155374778997,2.4));
#10005=CARTESIAN_POINT('',(13.9066275954246,-4.16155374778997,3.75));
#10006=CARTESIAN_POINT('',(18.4066275954246,17.83844625221,3.75));
#10007=CARTESIAN_POINT('',(18.4066275954246,9.43844625221004,4.3));
#10008=CARTESIAN_POINT('',(18.4066275954246,9.43844625221004,3.9));
#10009=CARTESIAN_POINT('',(18.4066275954246,-3.36155374778997,4.7));
#10010=CARTESIAN_POINT('',(18.4066275954246,-3.36155374778997,4.3));
#10011=CARTESIAN_POINT('',(18.4066275954246,-4.16155374778997,3.75));
#10012=CARTESIAN_POINT('',(18.4066275954246,-4.16155374778997,2.4));
#10013=CARTESIAN_POINT('',(18.4066275954246,-4.16155374778997,5.5));
#10014=CARTESIAN_POINT('',(18.4066275954246,17.83844625221,2.4));
#10015=CARTESIAN_POINT('',(18.4066275954246,17.83844625221,2.4));
#10016=CARTESIAN_POINT('',(18.4066275954246,17.83844625221,3.75));
#10017=CARTESIAN_POINT('',(18.4066275954246,17.83844625221,5.5));
#10018=CARTESIAN_POINT('',(18.4066275954246,17.83844625221,5.5));
#10019=CARTESIAN_POINT('',(18.2566275954246,17.83844625221,5.5));
#10020=CARTESIAN_POINT('',(18.2566275954246,-4.16155374778997,5.5));
#10021=CARTESIAN_POINT('',(18.1066275954246,-4.16155374778997,5.5));
#10022=CARTESIAN_POINT('',(18.2566275954246,17.83844625221,5.5));
#10023=CARTESIAN_POINT('',(18.1066275954246,17.83844625221,5.5));
#10024=CARTESIAN_POINT('',(18.1066275954246,17.83844625221,5.5));
#10025=CARTESIAN_POINT('',(18.1066275954246,17.83844625221,3.91602210327983));
#10026=CARTESIAN_POINT('',(18.1066275954246,9.43844625221004,4.3));
#10027=CARTESIAN_POINT('',(18.1066275954246,9.43844625221004,3.9));
#10028=CARTESIAN_POINT('',(18.1066275954246,-3.36155374778997,4.7));
#10029=CARTESIAN_POINT('',(18.1066275954246,-3.36155374778997,4.3));
#10030=CARTESIAN_POINT('',(18.1066275954246,-4.16155374778997,3.91602210327983));
#10031=CARTESIAN_POINT('',(18.1066275954246,17.83844625221,3.91602210327983));
#10032=CARTESIAN_POINT('',(14.2066275954246,17.83844625221,3.91602210327983));
#10033=CARTESIAN_POINT('',(14.2066275954246,9.43844625221004,4.3));
#10034=CARTESIAN_POINT('',(14.2066275954246,9.43844625221004,4.7));
#10035=CARTESIAN_POINT('',(14.2066275954246,16.8936952948571,4.36049699783325));
#10036=CARTESIAN_POINT('',(14.2066275954246,16.8936952948571,4.88116319305078));
#10037=CARTESIAN_POINT('',(14.2066275954246,-3.36155374778997,4.7));
#10038=CARTESIAN_POINT('',(14.2066275954246,-3.36155374778997,5.1));
#10039=CARTESIAN_POINT('',(14.2066275954246,-4.16155374778997,3.91602210327983));
#10040=CARTESIAN_POINT('',(14.2066275954246,17.83844625221,3.91602210327983));
#10041=CARTESIAN_POINT('',(3.15662759542465,17.83844625221,8.63492076176362));
#10042=CARTESIAN_POINT('',(18.0066275954246,17.83844625221,2.4));
#10043=CARTESIAN_POINT('',(14.3066275954246,17.83844625221,2.4));
#10044=CARTESIAN_POINT('',(3.15662759542465,-4.16155374778997,8.63492076176362));
#10045=CARTESIAN_POINT('',(18.0066275954246,-4.16155374778997,2.4));
#10046=CARTESIAN_POINT('',(14.3066275954246,-4.16155374778997,2.4));
#10047=CARTESIAN_POINT('',(16.1566275954246,-2.76155374778996,49.4588760586691));
#10048=CARTESIAN_POINT('',(16.1566275954246,16.43844625221,49.4588760586691));
#10049=CARTESIAN_POINT('',(-29.0522484632444,-3.36155374778997,4.7));
#10050=CARTESIAN_POINT('',(-29.0522484632444,-3.36155374778997,4.7));
#10051=CARTESIAN_POINT('',(-29.0522484632444,16.8936952948571,4.36049699783325));
#10052=CARTESIAN_POINT('',(-29.0522484632444,9.43844625221004,4.3));
#10053=CARTESIAN_POINT('',(-29.0522484632444,9.43844625221004,4.3));
#10054=CARTESIAN_POINT('',(18.0066275954246,17.83844625221,2.4));
#10055=CARTESIAN_POINT('',(14.3066275954246,17.83844625221,2.4));
#10056=CARTESIAN_POINT('',(0.,0.,0.));
#10057=CARTESIAN_POINT('',(3.15662759542465,-8.16155374778996,2.));
#10058=CARTESIAN_POINT('',(20.1891922855016,-8.16155374778996,-1.27066367265005));
#10059=CARTESIAN_POINT('',(20.4531109150519,-8.16155374778996,-1.27066367265005));
#10060=CARTESIAN_POINT('',(19.9252736559513,-8.16155374778996,-1.27066367265005));
#10061=CARTESIAN_POINT('',(19.9252736559513,-8.16155374778996,-1.00674504309973));
#10062=CARTESIAN_POINT('',(19.9252736559513,-8.16155374778996,-0.742826413549404));
#10063=CARTESIAN_POINT('',(20.1891922855016,-8.16155374778996,-0.742826413549404));
#10064=CARTESIAN_POINT('',(20.4531109150519,-8.16155374778996,-0.742826413549404));
#10065=CARTESIAN_POINT('',(20.4531109150519,-8.16155374778996,-1.00674504309973));
#10066=CARTESIAN_POINT('',(21.1566275954246,-8.16155374778996,2.));
#10067=CARTESIAN_POINT('',(21.1566275954246,-8.16155374778996,1.3));
#10068=CARTESIAN_POINT('',(21.1566275954246,-8.16155374778996,-2.));
#10069=CARTESIAN_POINT('',(-14.8433724045753,-8.16155374778996,1.3));
#10070=CARTESIAN_POINT('',(19.4764933626496,-8.16155374778996,1.29999999902826));
#10071=CARTESIAN_POINT('',(19.2898346837885,-8.16155374778996,1.46675602756409));
#10072=CARTESIAN_POINT('',(19.4252736559513,-8.16155374778996,1.39154189480177));
#10073=CARTESIAN_POINT('',(19.4954021356086,-8.16155374778996,1.26975388623646));
#10074=CARTESIAN_POINT('',(19.4954021356086,-8.16155374778996,1.26975388623646));
#10075=CARTESIAN_POINT('',(18.7882573545521,-8.16155374778996,0.859430796168048));
#10076=CARTESIAN_POINT('',(19.5911944282989,-8.16155374778996,1.0127882418734));
#10077=CARTESIAN_POINT('',(18.0078698698935,-8.16155374778996,0.70373673128681));
#10078=CARTESIAN_POINT('',(19.6202301534117,-8.16155374778996,0.75397334906106));
#10079=CARTESIAN_POINT('',(19.3564835060583,-8.16155374778996,0.721574014716121));
#10080=CARTESIAN_POINT('',(19.0928325424609,-8.16155374778996,0.689186434416335));
#10081=CARTESIAN_POINT('',(19.0928325424609,-8.16155374778996,0.689186434416335));
#10082=CARTESIAN_POINT('',(19.0890852191204,-8.16155374778996,0.812312772746099));
#10083=CARTESIAN_POINT('',(19.0773079171932,-8.16155374778996,0.903051530776077));
#10084=CARTESIAN_POINT('',(19.0773079171932,-8.16155374778996,0.903051530776077));
#10085=CARTESIAN_POINT('',(19.0773079171932,-8.16155374778996,0.903051530776077));
#10086=CARTESIAN_POINT('',(19.065530615266,-8.16155374778996,0.993790288806056));
#10087=CARTESIAN_POINT('',(19.0277897159084,-8.16155374778996,1.04357615604374));
#10088=CARTESIAN_POINT('',(19.0277897159084,-8.16155374778996,1.04357615604374));
#10089=CARTESIAN_POINT('',(19.0277897159084,-8.16155374778996,1.04357615604374));
#10090=CARTESIAN_POINT('',(18.9900488165508,-8.16155374778996,1.09336202328143));
#10091=CARTESIAN_POINT('',(18.9113550264009,-8.16155374778996,1.09336202328143));
#10092=CARTESIAN_POINT('',(18.9113550264009,-8.16155374778996,1.09336202328143));
#10093=CARTESIAN_POINT('',(18.9113550264009,-8.16155374778996,1.09336202328143));
#10094=CARTESIAN_POINT('',(18.8257019214758,-8.16155374778996,1.09336202328143));
#10095=CARTESIAN_POINT('',(18.786087360448,-8.16155374778996,1.02135988195381));
#10096=CARTESIAN_POINT('',(18.786087360448,-8.16155374778996,1.02135988195381));
#10097=CARTESIAN_POINT('',(18.786087360448,-8.16155374778996,1.02135988195381));
#10098=CARTESIAN_POINT('',(18.7464727994202,-8.16155374778996,0.949357740626185));
#10099=CARTESIAN_POINT('',(18.7464727994202,-8.16155374778996,0.877623265251452));
#10100=CARTESIAN_POINT('',(18.7464727994202,-8.16155374778996,0.877623265251452));
#10101=CARTESIAN_POINT('',(18.7464727994202,-8.16155374778996,0.877623265251452));
#10102=CARTESIAN_POINT('',(18.7464727994202,-8.16155374778996,0.723447676386356));
#10103=CARTESIAN_POINT('',(18.8203486024181,-8.16155374778996,0.625749603581217));
#10104=CARTESIAN_POINT('',(18.8203486024181,-8.16155374778996,0.625749603581217));
#10105=CARTESIAN_POINT('',(18.8203486024181,-8.16155374778996,0.625749603581217));
#10106=CARTESIAN_POINT('',(18.8942244054159,-8.16155374778996,0.528051530776078));
#10107=CARTESIAN_POINT('',(19.0141387523109,-8.16155374778996,0.422055813431323));
#10108=CARTESIAN_POINT('',(19.0141387523109,-8.16155374778996,0.422055813431326));
#10109=CARTESIAN_POINT('',(19.1286997801482,-8.16155374778996,0.320878083238607));
#10110=CARTESIAN_POINT('',(19.2432608079855,-8.16155374778996,0.219700353045885));
#10111=CARTESIAN_POINT('',(19.2432608079855,-8.16155374778996,0.219700353045885));
#10112=CARTESIAN_POINT('',(19.4252736559513,-8.16155374778996,0.0655247641807884));
#10113=CARTESIAN_POINT('',(19.5502736559513,-8.16155374778996,-0.12987138142949));
#10114=CARTESIAN_POINT('',(19.5502736559513,-8.16155374778996,-0.12987138142949));
#10115=CARTESIAN_POINT('',(19.5502736559513,-8.16155374778996,-0.12987138142949));
#10116=CARTESIAN_POINT('',(19.6752736559513,-8.16155374778996,-0.325267527039768));
#10117=CARTESIAN_POINT('',(19.6752736559513,-8.16155374778996,-0.612740760444479));
#10118=CARTESIAN_POINT('',(19.6752736559513,-8.16155374778996,-0.612740760444479));
#10119=CARTESIAN_POINT('',(19.6752736559513,-8.16155374778996,-0.612740760444479));
#10120=CARTESIAN_POINT('',(19.6752736559513,-8.16155374778996,-0.808136906054758));
#10121=CARTESIAN_POINT('',(19.5861408936386,-8.16155374778996,-0.967398148024779));
#10122=CARTESIAN_POINT('',(19.5861408936386,-8.16155374778996,-0.967398148024779));
#10123=CARTESIAN_POINT('',(19.5861408936386,-8.16155374778996,-0.967398148024779));
#10124=CARTESIAN_POINT('',(19.4970081313259,-8.16155374778996,-1.1266593899948));
#10125=CARTESIAN_POINT('',(19.3342672319684,-8.16155374778996,-1.21927180969501));
#10126=CARTESIAN_POINT('',(19.3342672319684,-8.16155374778996,-1.21927180969501));
#10127=CARTESIAN_POINT('',(19.3342672319684,-8.16155374778996,-1.21927180969501));
#10128=CARTESIAN_POINT('',(19.1715263326107,-8.16155374778996,-1.31188422939523));
#10129=CARTESIAN_POINT('',(18.9488282598056,-8.16155374778996,-1.31188422939523));
#10130=CARTESIAN_POINT('',(18.9488282598056,-8.16155374778996,-1.31188422939523));
#10131=CARTESIAN_POINT('',(18.9488282598056,-8.16155374778996,-1.31188422939523));
#10132=CARTESIAN_POINT('',(18.6886569535957,-8.16155374778996,-1.31188422939523));
#10133=CARTESIAN_POINT('',(18.5138710863581,-8.16155374778996,-1.21927180969501));
#10134=CARTESIAN_POINT('',(18.5138710863581,-8.16155374778996,-1.21927180969501));
#10135=CARTESIAN_POINT('',(18.5138710863581,-8.16155374778996,-1.21927180969501));
#10136=CARTESIAN_POINT('',(18.3390852191204,-8.16155374778996,-1.1266593899948));
#10137=CARTESIAN_POINT('',(18.2499524568078,-8.16155374778996,-0.933136906054758));
#10138=CARTESIAN_POINT('',(18.2499524568078,-8.16155374778996,-0.933136906054758));
#10139=CARTESIAN_POINT('',(18.2499524568078,-8.16155374778996,-0.933136906054758));
#10140=CARTESIAN_POINT('',(18.1608196944951,-8.16155374778996,-0.739614422114715));
#10141=CARTESIAN_POINT('',(18.1506483882853,-8.16155374778996,-0.431263244384522));
#10142=CARTESIAN_POINT('',(18.1506483882853,-8.16155374778996,-0.431263244384522));
#10143=CARTESIAN_POINT('',(18.4126933561653,-8.16155374778996,-0.391916349309576));
#10144=CARTESIAN_POINT('',(18.6747383240454,-8.16155374778996,-0.352569454234629));
#10145=CARTESIAN_POINT('',(18.6747383240454,-8.16155374778996,-0.352569454234629));
#10146=CARTESIAN_POINT('',(18.6779503154801,-8.16155374778996,-0.530834978859897));
#10147=CARTESIAN_POINT('',(18.7071259043452,-8.16155374778996,-0.640310353592231));
#10148=CARTESIAN_POINT('',(18.7071259043452,-8.16155374778996,-0.640310353592231));
#10149=CARTESIAN_POINT('',(18.7071259043452,-8.16155374778996,-0.640310353592231));
#10150=CARTESIAN_POINT('',(18.7363014932103,-8.16155374778996,-0.749785728324565));
#10151=CARTESIAN_POINT('',(18.7895670178356,-8.16155374778996,-0.797697933892017));
#10152=CARTESIAN_POINT('',(18.7895670178356,-8.16155374778996,-0.797697933892017));
#10153=CARTESIAN_POINT('',(18.7895670178356,-8.16155374778996,-0.797697933892017));
#10154=CARTESIAN_POINT('',(18.8428325424609,-8.16155374778996,-0.845610139459469));
#10155=CARTESIAN_POINT('',(18.9177790092703,-8.16155374778996,-0.845610139459469));
#10156=CARTESIAN_POINT('',(18.9177790092703,-8.16155374778996,-0.845610139459469));
#10157=CARTESIAN_POINT('',(18.9177790092703,-8.16155374778996,-0.845610139459469));
#10158=CARTESIAN_POINT('',(19.0141387523109,-8.16155374778996,-0.845610139459469));
#10159=CARTESIAN_POINT('',(19.0430466752232,-8.16155374778996,-0.780567312907006));
#10160=CARTESIAN_POINT('',(19.0430466752232,-8.16155374778996,-0.780567312907006));
#10161=CARTESIAN_POINT('',(18.7390674894723,-8.16155374778996,-0.64492705427205));
#10162=CARTESIAN_POINT('',(19.0719545981354,-8.16155374778996,-0.643790010979811));
#10163=CARTESIAN_POINT('',(19.0719545981354,-8.16155374778996,-0.643790010979811));
#10164=CARTESIAN_POINT('',(19.0719545981354,-8.16155374778996,-0.472483801129704));
#10165=CARTESIAN_POINT('',(18.9897811505979,-8.16155374778996,-0.354175449951974));
#10166=CARTESIAN_POINT('',(18.9897811505979,-8.16155374778996,-0.354175449951974));
#10167=CARTESIAN_POINT('',(18.9897811505979,-8.16155374778996,-0.354175449951974));
#10168=CARTESIAN_POINT('',(18.9076077030604,-8.16155374778996,-0.235867098774244));
#10169=CARTESIAN_POINT('',(18.7673507437457,-8.16155374778996,-0.115952751879169));
#10170=CARTESIAN_POINT('',(18.7673507437457,-8.16155374778996,-0.115952751879166));
#10171=CARTESIAN_POINT('',(18.6474363968506,-8.16155374778996,-0.0115630302517573));
#10172=CARTESIAN_POINT('',(18.5275520429407,-8.16155374778996,0.0928623382078373));
#10173=CARTESIAN_POINT('',(19.3888904738319,-8.16155374778996,1.11656792346008));
#10174=CARTESIAN_POINT('',(18.2617297587349,-8.16155374778996,0.396092216000917));
#10175=CARTESIAN_POINT('',(18.2617297587349,-8.16155374778996,0.396092216000917));
#10176=CARTESIAN_POINT('',(18.1538603797199,-8.16155374778996,0.565524764180788));
#10177=CARTESIAN_POINT('',(18.1538603797199,-8.16155374778996,0.81606009608657));
#10178=CARTESIAN_POINT('',(18.1538603797199,-8.16155374778996,0.81606009608657));
#10179=CARTESIAN_POINT('',(18.1538603797199,-8.16155374778996,0.81606009608657));
#10180=CARTESIAN_POINT('',(18.1538603797199,-8.16155374778996,1.16884382199663));
#10181=CARTESIAN_POINT('',(18.3629074889277,-8.16155374778996,1.35540699116152));
#10182=CARTESIAN_POINT('',(18.3085475642425,-8.16155374778996,1.30000000029876));
#10183=CARTESIAN_POINT('',(-14.8433724045753,-8.16155374778996,1.3));
#10184=CARTESIAN_POINT('',(17.308035968585,-8.16155374778996,1.3));
#10185=CARTESIAN_POINT('',(17.308035968585,-8.16155374778996,0.324090074673294));
#10186=CARTESIAN_POINT('',(17.308035968585,-8.16155374778996,-0.8563167775751));
#10187=CARTESIAN_POINT('',(17.6265584525251,-8.16155374778996,-0.8563167775751));
#10188=CARTESIAN_POINT('',(17.9450809364652,-8.16155374778996,-0.8563167775751));
#10189=CARTESIAN_POINT('',(17.9450809364652,-8.16155374778996,-1.06349022511257));
#10190=CARTESIAN_POINT('',(17.9450809364652,-8.16155374778996,-1.27066367265005));
#10191=CARTESIAN_POINT('',(17.3198132705123,-8.16155374778996,-1.27066367265005));
#10192=CARTESIAN_POINT('',(16.6945456045593,-8.16155374778996,-1.27066367265005));
#10193=CARTESIAN_POINT('',(16.6945456045593,-8.16155374778996,0.116916627135821));
#10194=CARTESIAN_POINT('',(16.6945456045593,-8.16155374778996,1.3));
#10195=CARTESIAN_POINT('',(-14.8433724045753,-8.16155374778996,1.3));
#10196=CARTESIAN_POINT('',(15.9345116682885,-8.16155374778996,1.3));
#10197=CARTESIAN_POINT('',(16.1551987094844,-8.16155374778996,0.11691662713582));
#10198=CARTESIAN_POINT('',(16.4140316859298,-8.16155374778996,-1.27066367265005));
#10199=CARTESIAN_POINT('',(16.1313764396772,-8.16155374778996,-1.27066367265005));
#10200=CARTESIAN_POINT('',(15.8487211934245,-8.16155374778996,-1.27066367265005));
#10201=CARTESIAN_POINT('',(15.8024149835743,-8.16155374778996,-0.97783712018752));
#10202=CARTESIAN_POINT('',(15.7561087737242,-8.16155374778996,-0.685010567724993));
#10203=CARTESIAN_POINT('',(15.5521473176215,-8.16155374778996,-0.685010567724993));
#10204=CARTESIAN_POINT('',(15.3481858615187,-8.16155374778996,-0.685010567724993));
#10205=CARTESIAN_POINT('',(15.3002736559512,-8.16155374778996,-0.97783712018752));
#10206=CARTESIAN_POINT('',(15.2523614503838,-8.16155374778996,-1.27066367265005));
#10207=CARTESIAN_POINT('',(14.9627468893559,-8.16155374778996,-1.27066367265005));
#10208=CARTESIAN_POINT('',(14.6731323283281,-8.16155374778996,-1.27066367265005));
#10209=CARTESIAN_POINT('',(14.9354449621611,-8.16155374778996,0.116916627135821));
#10210=CARTESIAN_POINT('',(15.1590988405189,-8.16155374778996,1.3));
#10211=CARTESIAN_POINT('',(-14.8433724045753,-8.16155374778996,1.3));
#10212=CARTESIAN_POINT('',(14.2367476157342,-8.16155374778996,1.30000000000181));
#10213=CARTESIAN_POINT('',(14.0671366109833,-8.16155374778996,1.41375816889171));
#10214=CARTESIAN_POINT('',(14.2694920713688,-8.16155374778996,1.32301941086173));
#10215=CARTESIAN_POINT('',(14.3516655189063,-8.16155374778996,1.12949692692169));
#10216=CARTESIAN_POINT('',(14.3516655189063,-8.16155374778996,1.12949692692169));
#10217=CARTESIAN_POINT('',(14.3516655189063,-8.16155374778996,1.12949692692169));
#10218=CARTESIAN_POINT('',(14.4338389664437,-8.16155374778996,0.935974442981645));
#10219=CARTESIAN_POINT('',(14.4338389664437,-8.16155374778996,0.627623265251452));
#10220=CARTESIAN_POINT('',(14.4338389664437,-8.16155374778996,0.627623265251452));
#10221=CARTESIAN_POINT('',(14.4338389664437,-8.16155374778996,0.123875941910981));
#10222=CARTESIAN_POINT('',(14.4338389664437,-8.16155374778996,-0.37987138142949));
#10223=CARTESIAN_POINT('',(14.4338389664437,-8.16155374778996,-0.37987138142949));
#10224=CARTESIAN_POINT('',(14.4338389664437,-8.16155374778996,-0.691434550594372));
#10225=CARTESIAN_POINT('',(14.3516655189063,-8.16155374778996,-0.888436691921995));
#10226=CARTESIAN_POINT('',(14.3516655189063,-8.16155374778996,-0.888436691921995));
#10227=CARTESIAN_POINT('',(14.3516655189063,-8.16155374778996,-0.888436691921995));
#10228=CARTESIAN_POINT('',(14.2694920713688,-8.16155374778996,-1.08543883324962));
#10229=CARTESIAN_POINT('',(14.0690102726536,-8.16155374778996,-1.17805125294983));
#10230=CARTESIAN_POINT('',(14.0690102726536,-8.16155374778996,-1.17805125294983));
#10231=CARTESIAN_POINT('',(14.0690102726536,-8.16155374778996,-1.17805125294983));
#10232=CARTESIAN_POINT('',(13.8685284739384,-8.16155374778996,-1.27066367265005));
#10233=CARTESIAN_POINT('',(13.5087854332531,-8.16155374778996,-1.27066367265005));
#10234=CARTESIAN_POINT('',(13.5087854332531,-8.16155374778996,-1.27066367265005));
#10235=CARTESIAN_POINT('',(13.1541280456728,-8.16155374778996,-1.27066367265005));
#10236=CARTESIAN_POINT('',(12.7994706580926,-8.16155374778996,-1.27066367265005));
#10237=CARTESIAN_POINT('',(12.7994706580926,-8.16155374778996,0.116916627135821));
#10238=CARTESIAN_POINT('',(12.7994706580926,-8.16155374778996,1.3));
#10239=CARTESIAN_POINT('',(-14.8433724045753,-8.16155374778996,1.3));
#10240=CARTESIAN_POINT('',(12.5152094161225,-8.16155374778996,1.3));
#10241=CARTESIAN_POINT('',(12.5152094161225,-8.16155374778996,1.29544981771398));
#10242=CARTESIAN_POINT('',(12.5152094161225,-8.16155374778996,1.08640270850627));
#10243=CARTESIAN_POINT('',(12.1982929278998,-8.16155374778996,1.08640270850627));
#10244=CARTESIAN_POINT('',(11.8813764396771,-8.16155374778996,1.08640270850627));
#10245=CARTESIAN_POINT('',(11.8813764396771,-8.16155374778996,0.742184293088711));
#10246=CARTESIAN_POINT('',(11.8813764396771,-8.16155374778996,0.397965877671153));
#10247=CARTESIAN_POINT('',(12.1228111291846,-8.16155374778996,0.397965877671153));
#10248=CARTESIAN_POINT('',(12.3642458186921,-8.16155374778996,0.397965877671153));
#10249=CARTESIAN_POINT('',(12.3642458186921,-8.16155374778996,0.185439111075863));
#10250=CARTESIAN_POINT('',(12.3642458186921,-8.16155374778996,-0.0270876555194256));
#10251=CARTESIAN_POINT('',(12.1228111291846,-8.16155374778996,-0.0270876555194256));
#10252=CARTESIAN_POINT('',(11.8813764396771,-8.16155374778996,-0.0270876555194256));
#10253=CARTESIAN_POINT('',(11.8813764396771,-8.16155374778996,-0.441702216547263));
#10254=CARTESIAN_POINT('',(11.8813764396771,-8.16155374778996,-0.8563167775751));
#10255=CARTESIAN_POINT('',(12.2015049193345,-8.16155374778996,-0.8563167775751));
#10256=CARTESIAN_POINT('',(12.5216333989919,-8.16155374778996,-0.8563167775751));
#10257=CARTESIAN_POINT('',(12.5216333989919,-8.16155374778996,-1.06349022511257));
#10258=CARTESIAN_POINT('',(12.5216333989919,-8.16155374778996,-1.27066367265005));
#10259=CARTESIAN_POINT('',(11.8947597373217,-8.16155374778996,-1.27066367265005));
#10260=CARTESIAN_POINT('',(11.2678860756514,-8.16155374778996,-1.27066367265005));
#10261=CARTESIAN_POINT('',(11.2678860756514,-8.16155374778996,0.116916627135821));
#10262=CARTESIAN_POINT('',(11.2678860756514,-8.16155374778996,1.3));
#10263=CARTESIAN_POINT('',(-14.8433724045753,-8.16155374778996,1.3));
#10264=CARTESIAN_POINT('',(10.7907108564774,-8.16155374778996,1.30000000000137));
#10265=CARTESIAN_POINT('',(10.6549310435315,-8.16155374778996,1.41027851150413));
#10266=CARTESIAN_POINT('',(10.8160659471718,-8.16155374778996,1.31606009608657));
#10267=CARTESIAN_POINT('',(10.8947597373217,-8.16155374778996,1.13618857574396));
#10268=CARTESIAN_POINT('',(10.8947597373217,-8.16155374778996,1.13618857574396));
#10269=CARTESIAN_POINT('',(10.8947597373217,-8.16155374778996,1.13618857574396));
#10270=CARTESIAN_POINT('',(10.9734535274716,-8.16155374778996,0.956317055401345));
#10271=CARTESIAN_POINT('',(10.9734535274716,-8.16155374778996,0.699357740626184));
#10272=CARTESIAN_POINT('',(10.9734535274716,-8.16155374778996,0.699357740626184));
#10273=CARTESIAN_POINT('',(10.9734535274716,-8.16155374778996,0.699357740626184));
#10274=CARTESIAN_POINT('',(10.9734535274716,-8.16155374778996,0.377087933345671));
#10275=CARTESIAN_POINT('',(10.8671901441739,-8.16155374778996,0.207655385165799));
#10276=CARTESIAN_POINT('',(10.8671901441739,-8.16155374778996,0.207655385165799));
#10277=CARTESIAN_POINT('',(10.8671901441739,-8.16155374778996,0.207655385165799));
#10278=CARTESIAN_POINT('',(10.7609267608763,-8.16155374778996,0.0382228369859276));
#10279=CARTESIAN_POINT('',(10.5794492448163,-8.16155374778996,-0.0268199895665349));
#10280=CARTESIAN_POINT('',(10.5794492448163,-8.16155374778996,-0.0268199895665349));
#10281=CARTESIAN_POINT('',(10.5794492448163,-8.16155374778996,-0.0268199895665349));
#10282=CARTESIAN_POINT('',(10.3979717287564,-8.16155374778996,-0.0918628161189974));
#10283=CARTESIAN_POINT('',(10.1715263326108,-8.16155374778996,-0.0918628161189974));
#10284=CARTESIAN_POINT('',(10.1715263326108,-8.16155374778996,-0.0918628161189974));
#10285=CARTESIAN_POINT('',(10.048399994281,-8.16155374778996,-0.0918628161189974));
#10286=CARTESIAN_POINT('',(9.92527365595123,-8.16155374778996,-0.0918628161189974));
#10287=CARTESIAN_POINT('',(9.92527365595123,-8.16155374778996,-0.681263244384522));
#10288=CARTESIAN_POINT('',(9.92527365595123,-8.16155374778996,-1.27066367265005));
#10289=CARTESIAN_POINT('',(9.61852847393838,-8.16155374778996,-1.27066367265005));
#10290=CARTESIAN_POINT('',(9.31178329192553,-8.16155374778996,-1.27066367265005));
#10291=CARTESIAN_POINT('',(9.31178329192553,-8.16155374778996,0.116916627135821));
#10292=CARTESIAN_POINT('',(9.31178329192553,-8.16155374778996,1.3));
#10293=CARTESIAN_POINT('',(-14.8433724045753,-8.16155374778996,1.3));
#10294=CARTESIAN_POINT('',(7.96850108791015,-8.16155374778996,1.29999999962951));
#10295=CARTESIAN_POINT('',(7.76681541183988,-8.16155374778996,1.46006437874182));
#10296=CARTESIAN_POINT('',(7.93812162168998,-8.16155374778996,1.37441127381676));
#10297=CARTESIAN_POINT('',(8.03046637543731,-8.16155374778996,1.20819071707158));
#10298=CARTESIAN_POINT('',(8.03046637543731,-8.16155374778996,1.20819071707158));
#10299=CARTESIAN_POINT('',(8.03046637543731,-8.16155374778996,1.20819071707158));
#10300=CARTESIAN_POINT('',(8.12281112918463,-8.16155374778996,1.0419701603264));
#10301=CARTESIAN_POINT('',(8.12281112918463,-8.16155374778996,0.795182151761088));
#10302=CARTESIAN_POINT('',(8.12281112918463,-8.16155374778996,0.795182151761088));
#10303=CARTESIAN_POINT('',(8.12281112918463,-8.16155374778996,0.795182151761088));
#10304=CARTESIAN_POINT('',(8.12281112918463,-8.16155374778996,0.552141466536249));
#10305=CARTESIAN_POINT('',(8.02350706066215,-8.16155374778996,0.387526905508412));
#10306=CARTESIAN_POINT('',(8.02350706066215,-8.16155374778996,0.387526905508412));
#10307=CARTESIAN_POINT('',(8.02350706066215,-8.16155374778996,0.387526905508412));
#10308=CARTESIAN_POINT('',(7.92420299213966,-8.16155374778996,0.222912344480574));
#10309=CARTESIAN_POINT('',(7.78394603282489,-8.16155374778996,0.185439111075863));
#10310=CARTESIAN_POINT('',(7.78394603282489,-8.16155374778996,0.185439111075863));
#10311=CARTESIAN_POINT('',(7.78394603282489,-8.16155374778996,0.185439111075863));
#10312=CARTESIAN_POINT('',(7.87977044395979,-8.16155374778996,0.151177869105842));
#10313=CARTESIAN_POINT('',(7.95685823839234,-8.16155374778996,0.0756960703906386));
#10314=CARTESIAN_POINT('',(7.95685823839234,-8.16155374778996,0.0756960703906386));
#10315=CARTESIAN_POINT('',(7.95685823839234,-8.16155374778996,0.0756960703906386));
#10316=CARTESIAN_POINT('',(8.03394603282489,-8.16155374778996,0.000214271675435043));
#10317=CARTESIAN_POINT('',(8.07837858100476,-8.16155374778996,-0.128265385712145));
#10318=CARTESIAN_POINT('',(8.07837858100476,-8.16155374778996,-0.128265385712145));
#10319=CARTESIAN_POINT('',(8.07837858100476,-8.16155374778996,-0.128265385712145));
#10320=CARTESIAN_POINT('',(8.12281112918463,-8.16155374778996,-0.256745043099725));
#10321=CARTESIAN_POINT('',(8.12281112918463,-8.16155374778996,-0.455353180144693));
#10322=CARTESIAN_POINT('',(8.12281112918463,-8.16155374778996,-0.455353180144693));
#10323=CARTESIAN_POINT('',(8.12281112918463,-8.16155374778996,-0.455353180144693));
#10324=CARTESIAN_POINT('',(8.12281112918463,-8.16155374778996,-0.708565171579383));
#10325=CARTESIAN_POINT('',(8.04920299213966,-8.16155374778996,-0.903961317189661));
#10326=CARTESIAN_POINT('',(8.04920299213966,-8.16155374778996,-0.903961317189661));
#10327=CARTESIAN_POINT('',(8.04920299213966,-8.16155374778996,-0.903961317189661));
#10328=CARTESIAN_POINT('',(7.9755948550947,-8.16155374778996,-1.09935746279994));
#10329=CARTESIAN_POINT('',(7.80776830263217,-8.16155374778996,-1.21070649920251));
#10330=CARTESIAN_POINT('',(7.80776830263217,-8.16155374778996,-1.21070649920251));
#10331=CARTESIAN_POINT('',(7.80776830263217,-8.16155374778996,-1.21070649920251));
#10332=CARTESIAN_POINT('',(7.63994175016964,-8.16155374778996,-1.32205553560508));
#10333=CARTESIAN_POINT('',(7.362104491069,-8.16155374778996,-1.32205553560508));
#10334=CARTESIAN_POINT('',(7.362104491069,-8.16155374778996,-1.32205553560508));
#10335=CARTESIAN_POINT('',(7.362104491069,-8.16155374778996,-1.32205553560508));
#10336=CARTESIAN_POINT('',(7.07088393432382,-8.16155374778996,-1.32205553560508));
#10337=CARTESIAN_POINT('',(6.90493104353153,-8.16155374778996,-1.21231249491985));
#10338=CARTESIAN_POINT('',(6.90493104353153,-8.16155374778996,-1.21231249491985));
#10339=CARTESIAN_POINT('',(6.90493104353153,-8.16155374778996,-1.21231249491985));
#10340=CARTESIAN_POINT('',(6.73897815273923,-8.16155374778996,-1.10256945423463));
#10341=CARTESIAN_POINT('',(6.66858200712896,-8.16155374778996,-0.905567312907006));
#10342=CARTESIAN_POINT('',(6.66858200712896,-8.16155374778996,-0.905567312907006));
#10343=CARTESIAN_POINT('',(6.66858200712896,-8.16155374778996,-0.905567312907006));
#10344=CARTESIAN_POINT('',(6.59818586151868,-8.16155374778996,-0.708565171579383));
#10345=CARTESIAN_POINT('',(6.59818586151868,-8.16155374778996,-0.451605856804222));
#10346=CARTESIAN_POINT('',(6.59818586151868,-8.16155374778996,-0.451605856804222));
#10347=CARTESIAN_POINT('',(6.59818586151868,-8.16155374778996,-0.402087655519426));
#10348=CARTESIAN_POINT('',(6.59818586151868,-8.16155374778996,-0.352569454234629));
#10349=CARTESIAN_POINT('',(6.88432076515893,-8.16155374778996,-0.352569454234629));
#10350=CARTESIAN_POINT('',(7.17045566879919,-8.16155374778996,-0.352569454234629));
#10351=CARTESIAN_POINT('',(7.17045566879919,-8.16155374778996,-0.422564100915572));
#10352=CARTESIAN_POINT('',(7.17045566879919,-8.16155374778996,-0.451605856804222));
#10353=CARTESIAN_POINT('',(7.17045566879919,-8.16155374778996,-0.451605856804222));
#10354=CARTESIAN_POINT('',(7.17045566879919,-8.16155374778996,-0.588650824684308));
#10355=CARTESIAN_POINT('',(7.1875862897842,-8.16155374778996,-0.674303929609362));
#10356=CARTESIAN_POINT('',(7.1875862897842,-8.16155374778996,-0.674303929609362));
#10357=CARTESIAN_POINT('',(7.1875862897842,-8.16155374778996,-0.674303929609362));
#10358=CARTESIAN_POINT('',(7.20471691076921,-8.16155374778996,-0.759957034534415));
#10359=CARTESIAN_POINT('',(7.24914945894908,-8.16155374778996,-0.799571595562252));
#10360=CARTESIAN_POINT('',(7.24914945894908,-8.16155374778996,-0.799571595562252));
#10361=CARTESIAN_POINT('',(7.24914945894908,-8.16155374778996,-0.799571595562252));
#10362=CARTESIAN_POINT('',(7.29358200712896,-8.16155374778996,-0.83918615659009));
#10363=CARTESIAN_POINT('',(7.37281112918463,-8.16155374778996,-0.83918615659009));
#10364=CARTESIAN_POINT('',(7.37281112918463,-8.16155374778996,-0.83918615659009));
#10365=CARTESIAN_POINT('',(7.37281112918463,-8.16155374778996,-0.83918615659009));
#10366=CARTESIAN_POINT('',(7.45150491933452,-8.16155374778996,-0.83918615659009));
#10367=CARTESIAN_POINT('',(7.49085181440947,-8.16155374778996,-0.797965599844908));
#10368=CARTESIAN_POINT('',(7.49085181440947,-8.16155374778996,-0.797965599844908));
#10369=CARTESIAN_POINT('',(7.49085181440947,-8.16155374778996,-0.797965599844908));
#10370=CARTESIAN_POINT('',(7.53019870948442,-8.16155374778996,-0.756745043099726));
#10371=CARTESIAN_POINT('',(7.54384967308185,-8.16155374778996,-0.674571595562252));
#10372=CARTESIAN_POINT('',(7.54384967308185,-8.16155374778996,-0.674571595562252));
#10373=CARTESIAN_POINT('',(7.54384967308185,-8.16155374778996,-0.674571595562252));
#10374=CARTESIAN_POINT('',(7.55750063667928,-8.16155374778996,-0.592398148024779));
#10375=CARTESIAN_POINT('',(7.55750063667928,-8.16155374778996,-0.468736477789233));
#10376=CARTESIAN_POINT('',(7.55750063667928,-8.16155374778996,-0.468736477789233));
#10377=CARTESIAN_POINT('',(7.55750063667928,-8.16155374778996,-0.468736477789233));
#10378=CARTESIAN_POINT('',(7.55750063667928,-8.16155374778996,-0.263169025969105));
#10379=CARTESIAN_POINT('',(7.50102312061932,-8.16155374778996,-0.155299646954115));
#10380=CARTESIAN_POINT('',(7.50102312061932,-8.16155374778996,-0.155299646954115));
#10381=CARTESIAN_POINT('',(7.50102312061932,-8.16155374778996,-0.155299646954115));
#10382=CARTESIAN_POINT('',(7.44454560455936,-8.16155374778996,-0.047430267939126));
#10383=CARTESIAN_POINT('',(7.2662800799341,-8.16155374778996,-0.0442182765044364));
#10384=CARTESIAN_POINT('',(7.2662800799341,-8.16155374778996,-0.0442182765044364));
#10385=CARTESIAN_POINT('',(7.19454560455936,-8.16155374778996,-0.0442182765044364));
#10386=CARTESIAN_POINT('',(7.16028436258934,-8.16155374778996,-0.0442182765044364));
#10387=CARTESIAN_POINT('',(7.16028436258934,-8.16155374778996,0.152783864823187));
#10388=CARTESIAN_POINT('',(7.16028436258934,-8.16155374778996,0.34978600615081));
#10389=CARTESIAN_POINT('',(7.23128275659362,-8.16155374778996,0.34978600615081));
#10390=CARTESIAN_POINT('',(7.25289678228956,-8.16155374778996,0.34978600615081));
#10391=CARTESIAN_POINT('',(7.25289678228956,-8.16155374778996,0.34978600615081));
#10392=CARTESIAN_POINT('',(7.43437429834951,-8.16155374778996,0.34978600615081));
#10393=CARTESIAN_POINT('',(7.4959374675144,-8.16155374778996,0.449090074673294));
#10394=CARTESIAN_POINT('',(7.4959374675144,-8.16155374778996,0.449090074673294));
#10395=CARTESIAN_POINT('',(7.4959374675144,-8.16155374778996,0.449090074673294));
#10396=CARTESIAN_POINT('',(7.55750063667928,-8.16155374778996,0.548394143195778));
#10397=CARTESIAN_POINT('',(7.55750063667928,-8.16155374778996,0.757708918356377));
#10398=CARTESIAN_POINT('',(7.55750063667928,-8.16155374778996,0.757708918356377));
#10399=CARTESIAN_POINT('',(7.55750063667928,-8.16155374778996,0.757708918356377));
#10400=CARTESIAN_POINT('',(7.55750063667928,-8.16155374778996,0.918843821996634));
#10401=CARTESIAN_POINT('',(7.51467408421675,-8.16155374778996,1.00449692692169));
#10402=CARTESIAN_POINT('',(7.51467408421675,-8.16155374778996,1.00449692692169));
#10403=CARTESIAN_POINT('',(7.51467408421675,-8.16155374778996,1.00449692692169));
#10404=CARTESIAN_POINT('',(7.47184753175423,-8.16155374778996,1.09015003184674));
#10405=CARTESIAN_POINT('',(7.35568050819962,-8.16155374778996,1.09015003184674));
#10406=CARTESIAN_POINT('',(7.35568050819962,-8.16155374778996,1.09015003184674));
#10407=CARTESIAN_POINT('',(7.35568050819962,-8.16155374778996,1.09015003184674));
#10408=CARTESIAN_POINT('',(7.24219014417392,-8.16155374778996,1.09015003184674));
#10409=CARTESIAN_POINT('',(7.20632290648656,-8.16155374778996,0.994057954758947));
#10410=CARTESIAN_POINT('',(7.20632290648656,-8.16155374778996,0.994057954758947));
#10411=CARTESIAN_POINT('',(7.20632290648656,-8.16155374778996,0.994057954758947));
#10412=CARTESIAN_POINT('',(7.17045566879919,-8.16155374778996,0.897965877671153));
#10413=CARTESIAN_POINT('',(7.17045566879919,-8.16155374778996,0.747537612146527));
#10414=CARTESIAN_POINT('',(7.17045566879919,-8.16155374778996,0.747537612146527));
#10415=CARTESIAN_POINT('',(7.17045566879919,-8.16155374778996,0.640671980454878));
#10416=CARTESIAN_POINT('',(7.17045566879919,-8.16155374778996,0.603533329491281));
#10417=CARTESIAN_POINT('',(6.88432076515893,-8.16155374778996,0.603533329491281));
#10418=CARTESIAN_POINT('',(6.59818586151868,-8.16155374778996,0.603533329491281));
#10419=CARTESIAN_POINT('',(6.59818586151868,-8.16155374778996,0.687312772746099));
#10420=CARTESIAN_POINT('',(6.59818586151868,-8.16155374778996,0.771092216000917));
#10421=CARTESIAN_POINT('',(6.59818586151868,-8.16155374778996,0.771092216000917));
#10422=CARTESIAN_POINT('',(6.59818586151868,-8.16155374778996,1.0216275479067));
#10423=CARTESIAN_POINT('',(6.68892461954866,-8.16155374778996,1.19453975347415));
#10424=CARTESIAN_POINT('',(6.68892461954866,-8.16155374778996,1.19453975347415));
#10425=CARTESIAN_POINT('',(6.68892461954866,-8.16155374778996,1.19453975347415));
#10426=CARTESIAN_POINT('',(6.77966337757864,-8.16155374778996,1.3674519590416));
#10427=CARTESIAN_POINT('',(6.9493635917114,-8.16155374778996,1.45658472135424));
#10428=CARTESIAN_POINT('',(6.75778274690083,-8.16155374778997,1.30000000017163));
#10429=CARTESIAN_POINT('',(-14.8433724045753,-8.16155374778996,1.3));
#10430=CARTESIAN_POINT('',(5.51253275659362,-8.16155374778996,1.3));
#10431=CARTESIAN_POINT('',(5.51253275659362,-8.16155374778996,1.29544981771398));
#10432=CARTESIAN_POINT('',(5.51253275659362,-8.16155374778996,1.08640270850627));
#10433=CARTESIAN_POINT('',(5.19561626837093,-8.16155374778996,1.08640270850627));
#10434=CARTESIAN_POINT('',(4.87869978014823,-8.16155374778996,1.08640270850627));
#10435=CARTESIAN_POINT('',(4.87869978014823,-8.16155374778996,0.742184293088711));
#10436=CARTESIAN_POINT('',(4.87869978014823,-8.16155374778996,0.397965877671153));
#10437=CARTESIAN_POINT('',(5.12013446965572,-8.16155374778996,0.397965877671153));
#10438=CARTESIAN_POINT('',(5.36156915916322,-8.16155374778996,0.397965877671153));
#10439=CARTESIAN_POINT('',(5.36156915916322,-8.16155374778996,0.185439111075863));
#10440=CARTESIAN_POINT('',(5.36156915916322,-8.16155374778996,-0.0270876555194256));
#10441=CARTESIAN_POINT('',(5.12013446965572,-8.16155374778996,-0.0270876555194256));
#10442=CARTESIAN_POINT('',(4.87869978014823,-8.16155374778996,-0.0270876555194256));
#10443=CARTESIAN_POINT('',(4.87869978014823,-8.16155374778996,-0.441702216547263));
#10444=CARTESIAN_POINT('',(4.87869978014823,-8.16155374778996,-0.8563167775751));
#10445=CARTESIAN_POINT('',(5.19882825980562,-8.16155374778996,-0.8563167775751));
#10446=CARTESIAN_POINT('',(5.51895673946301,-8.16155374778996,-0.8563167775751));
#10447=CARTESIAN_POINT('',(5.51895673946301,-8.16155374778996,-1.06349022511257));
#10448=CARTESIAN_POINT('',(5.51895673946301,-8.16155374778996,-1.27066367265005));
#10449=CARTESIAN_POINT('',(4.89208307779277,-8.16155374778996,-1.27066367265005));
#10450=CARTESIAN_POINT('',(4.26520941612253,-8.16155374778996,-1.27066367265005));
#10451=CARTESIAN_POINT('',(4.26520941612253,-8.16155374778996,0.116916627135821));
#10452=CARTESIAN_POINT('',(4.26520941612253,-8.16155374778996,1.3));
#10453=CARTESIAN_POINT('',(-14.8433724045753,-8.16155374778996,1.3));
#10454=CARTESIAN_POINT('',(3.76824925130063,-8.16155374778996,1.29999999902826));
#10455=CARTESIAN_POINT('',(3.58159057243945,-8.16155374778996,1.46675602756409));
#10456=CARTESIAN_POINT('',(3.71702954460219,-8.16155374778996,1.39154189480177));
#10457=CARTESIAN_POINT('',(3.78715802425958,-8.16155374778996,1.26975388623646));
#10458=CARTESIAN_POINT('',(3.78715802425958,-8.16155374778996,1.26975388623646));
#10459=CARTESIAN_POINT('',(3.08001324320271,-8.16155374778996,0.859430796167879));
#10460=CARTESIAN_POINT('',(3.88295031694988,-8.16155374778996,1.0127882418734));
#10461=CARTESIAN_POINT('',(2.29962575854356,-8.16155374778996,0.703736731286988));
#10462=CARTESIAN_POINT('',(3.91198604206267,-8.16155374778996,0.753973349061057));
#10463=CARTESIAN_POINT('',(3.64823939470926,-8.16155374778996,0.72157401471612));
#10464=CARTESIAN_POINT('',(3.38458843111182,-8.16155374778996,0.689186434416335));
#10465=CARTESIAN_POINT('',(3.38458843111182,-8.16155374778996,0.689186434416335));
#10466=CARTESIAN_POINT('',(3.38084110777135,-8.16155374778996,0.812312772746099));
#10467=CARTESIAN_POINT('',(3.36906380584416,-8.16155374778996,0.903051530776077));
#10468=CARTESIAN_POINT('',(3.36906380584416,-8.16155374778996,0.903051530776077));
#10469=CARTESIAN_POINT('',(3.36906380584416,-8.16155374778996,0.903051530776077));
#10470=CARTESIAN_POINT('',(3.35728650391696,-8.16155374778996,0.993790288806056));
#10471=CARTESIAN_POINT('',(3.31954560455936,-8.16155374778996,1.04357615604374));
#10472=CARTESIAN_POINT('',(3.31954560455936,-8.16155374778996,1.04357615604374));
#10473=CARTESIAN_POINT('',(3.31954560455936,-8.16155374778996,1.04357615604374));
#10474=CARTESIAN_POINT('',(3.28180470520176,-8.16155374778996,1.09336202328143));
#10475=CARTESIAN_POINT('',(3.20311091505187,-8.16155374778996,1.09336202328143));
#10476=CARTESIAN_POINT('',(3.20311091505187,-8.16155374778996,1.09336202328143));
#10477=CARTESIAN_POINT('',(3.20311091505187,-8.16155374778996,1.09336202328143));
#10478=CARTESIAN_POINT('',(3.11745781012681,-8.16155374778996,1.09336202328143));
#10479=CARTESIAN_POINT('',(3.07784324909897,-8.16155374778996,1.02135988195381));
#10480=CARTESIAN_POINT('',(3.07784324909897,-8.16155374778996,1.02135988195381));
#10481=CARTESIAN_POINT('',(3.07784324909897,-8.16155374778996,1.02135988195381));
#10482=CARTESIAN_POINT('',(3.03822868807114,-8.16155374778996,0.949357740626185));
#10483=CARTESIAN_POINT('',(3.03822868807114,-8.16155374778996,0.877623265251452));
#10484=CARTESIAN_POINT('',(3.03822868807114,-8.16155374778996,0.877623265251452));
#10485=CARTESIAN_POINT('',(3.03822868807114,-8.16155374778996,0.877623265251452));
#10486=CARTESIAN_POINT('',(3.03822868807114,-8.16155374778996,0.723447676386356));
#10487=CARTESIAN_POINT('',(3.112104491069,-8.16155374778996,0.625749603581217));
#10488=CARTESIAN_POINT('',(3.112104491069,-8.16155374778996,0.625749603581217));
#10489=CARTESIAN_POINT('',(3.112104491069,-8.16155374778996,0.625749603581217));
#10490=CARTESIAN_POINT('',(3.18598029406686,-8.16155374778996,0.528051530776078));
#10491=CARTESIAN_POINT('',(3.30589464096193,-8.16155374778996,0.422055813431323));
#10492=CARTESIAN_POINT('',(3.30589464096193,-8.16155374778996,0.422055813431323));
#10493=CARTESIAN_POINT('',(3.42045566879919,-8.16155374778996,0.320878083238605));
#10494=CARTESIAN_POINT('',(3.53501669663645,-8.16155374778996,0.219700353045885));
#10495=CARTESIAN_POINT('',(3.53501669663645,-8.16155374778996,0.219700353045885));
#10496=CARTESIAN_POINT('',(3.71702954460219,-8.16155374778996,0.0655247641807884));
#10497=CARTESIAN_POINT('',(3.84202954460219,-8.16155374778996,-0.12987138142949));
#10498=CARTESIAN_POINT('',(3.84202954460219,-8.16155374778996,-0.12987138142949));
#10499=CARTESIAN_POINT('',(3.84202954460219,-8.16155374778996,-0.12987138142949));
#10500=CARTESIAN_POINT('',(3.96702954460219,-8.16155374778996,-0.325267527039768));
#10501=CARTESIAN_POINT('',(3.96702954460219,-8.16155374778996,-0.612740760444479));
#10502=CARTESIAN_POINT('',(3.96702954460219,-8.16155374778996,-0.612740760444479));
#10503=CARTESIAN_POINT('',(3.96702954460219,-8.16155374778996,-0.612740760444479));
#10504=CARTESIAN_POINT('',(3.96702954460219,-8.16155374778996,-0.808136906054758));
#10505=CARTESIAN_POINT('',(3.87789678228955,-8.16155374778996,-0.967398148024779));
#10506=CARTESIAN_POINT('',(3.87789678228955,-8.16155374778996,-0.967398148024779));
#10507=CARTESIAN_POINT('',(3.87789678228955,-8.16155374778996,-0.967398148024779));
#10508=CARTESIAN_POINT('',(3.78876401997693,-8.16155374778996,-1.1266593899948));
#10509=CARTESIAN_POINT('',(3.62602312061932,-8.16155374778996,-1.21927180969501));
#10510=CARTESIAN_POINT('',(3.62602312061932,-8.16155374778996,-1.21927180969501));
#10511=CARTESIAN_POINT('',(3.62602312061932,-8.16155374778996,-1.21927180969501));
#10512=CARTESIAN_POINT('',(3.46328222126172,-8.16155374778996,-1.31188422939523));
#10513=CARTESIAN_POINT('',(3.24058414845658,-8.16155374778996,-1.31188422939523));
#10514=CARTESIAN_POINT('',(3.24058414845658,-8.16155374778996,-1.31188422939523));
#10515=CARTESIAN_POINT('',(3.24058414845658,-8.16155374778996,-1.31188422939523));
#10516=CARTESIAN_POINT('',(2.98041284224673,-8.16155374778996,-1.31188422939523));
#10517=CARTESIAN_POINT('',(2.80562697500904,-8.16155374778996,-1.21927180969501));
#10518=CARTESIAN_POINT('',(2.80562697500904,-8.16155374778996,-1.21927180969501));
#10519=CARTESIAN_POINT('',(2.80562697500904,-8.16155374778996,-1.21927180969501));
#10520=CARTESIAN_POINT('',(2.63084110777136,-8.16155374778996,-1.1266593899948));
#10521=CARTESIAN_POINT('',(2.54170834545872,-8.16155374778996,-0.933136906054758));
#10522=CARTESIAN_POINT('',(2.54170834545872,-8.16155374778996,-0.933136906054758));
#10523=CARTESIAN_POINT('',(2.54170834545872,-8.16155374778996,-0.933136906054758));
#10524=CARTESIAN_POINT('',(2.45257558314609,-8.16155374778996,-0.739614422114715));
#10525=CARTESIAN_POINT('',(2.44240427693623,-8.16155374778996,-0.431263244384522));
#10526=CARTESIAN_POINT('',(2.44240427693623,-8.16155374778996,-0.431263244384522));
#10527=CARTESIAN_POINT('',(2.70444924481632,-8.16155374778996,-0.391916349309576));
#10528=CARTESIAN_POINT('',(2.96649421269641,-8.16155374778996,-0.352569454234629));
#10529=CARTESIAN_POINT('',(2.96649421269641,-8.16155374778996,-0.352569454234629));
#10530=CARTESIAN_POINT('',(2.9697062041311,-8.16155374778996,-0.530834978859897));
#10531=CARTESIAN_POINT('',(2.99888179299619,-8.16155374778996,-0.640310353592231));
#10532=CARTESIAN_POINT('',(2.99888179299619,-8.16155374778996,-0.640310353592231));
#10533=CARTESIAN_POINT('',(2.99888179299619,-8.16155374778996,-0.640310353592231));
#10534=CARTESIAN_POINT('',(3.02805738186129,-8.16155374778996,-0.749785728324565));
#10535=CARTESIAN_POINT('',(3.08132290648656,-8.16155374778996,-0.797697933892017));
#10536=CARTESIAN_POINT('',(3.08132290648656,-8.16155374778996,-0.797697933892017));
#10537=CARTESIAN_POINT('',(3.08132290648656,-8.16155374778996,-0.797697933892017));
#10538=CARTESIAN_POINT('',(3.13458843111183,-8.16155374778996,-0.845610139459469));
#10539=CARTESIAN_POINT('',(3.20953489792125,-8.16155374778996,-0.845610139459469));
#10540=CARTESIAN_POINT('',(3.20953489792125,-8.16155374778996,-0.845610139459469));
#10541=CARTESIAN_POINT('',(3.20953489792125,-8.16155374778996,-0.845610139459469));
#10542=CARTESIAN_POINT('',(3.30589464096193,-8.16155374778996,-0.845610139459469));
#10543=CARTESIAN_POINT('',(3.33480256387413,-8.16155374778996,-0.780567312907006));
#10544=CARTESIAN_POINT('',(3.33480256387413,-8.16155374778996,-0.780567312907006));
#10545=CARTESIAN_POINT('',(3.03082337812337,-8.16155374778996,-0.644927054272055));
#10546=CARTESIAN_POINT('',(3.36371048678634,-8.16155374778996,-0.643790010979811));
#10547=CARTESIAN_POINT('',(3.36371048678634,-8.16155374778996,-0.643790010979811));
#10548=CARTESIAN_POINT('',(3.36371048678634,-8.16155374778996,-0.472483801129704));
#10549=CARTESIAN_POINT('',(3.28153703924887,-8.16155374778996,-0.354175449951974));
#10550=CARTESIAN_POINT('',(3.28153703924887,-8.16155374778996,-0.354175449951974));
#10551=CARTESIAN_POINT('',(3.28153703924887,-8.16155374778996,-0.354175449951974));
#10552=CARTESIAN_POINT('',(3.19936359171139,-8.16155374778996,-0.235867098774244));
#10553=CARTESIAN_POINT('',(3.05910663239662,-8.16155374778996,-0.115952751879169));
#10554=CARTESIAN_POINT('',(3.05910663239662,-8.16155374778996,-0.115952751879169));
#10555=CARTESIAN_POINT('',(2.93919228550155,-8.16155374778996,-0.0115630302517596));
#10556=CARTESIAN_POINT('',(2.8193079315917,-8.16155374778996,0.0928623382078363));
#10557=CARTESIAN_POINT('',(3.68064636248256,-8.16155374778996,1.11656792345983));
#10558=CARTESIAN_POINT('',(2.55348564738592,-8.16155374778996,0.396092216000917));
#10559=CARTESIAN_POINT('',(2.55348564738592,-8.16155374778996,0.396092216000917));
#10560=CARTESIAN_POINT('',(2.44561626837093,-8.16155374778996,0.565524764180788));
#10561=CARTESIAN_POINT('',(2.44561626837093,-8.16155374778996,0.81606009608657));
#10562=CARTESIAN_POINT('',(2.44561626837093,-8.16155374778996,0.81606009608657));
#10563=CARTESIAN_POINT('',(2.44561626837093,-8.16155374778996,0.81606009608657));
#10564=CARTESIAN_POINT('',(2.44561626837093,-8.16155374778996,1.16884382199663));
#10565=CARTESIAN_POINT('',(2.65466337757863,-8.16155374778996,1.35540699116152));
#10566=CARTESIAN_POINT('',(2.60030345289345,-8.16155374778996,1.30000000029876));
#10567=CARTESIAN_POINT('',(-14.8433724045753,-8.16155374778996,1.3));
#10568=CARTESIAN_POINT('',(2.11371048678634,-8.16155374778996,1.3));
#10569=CARTESIAN_POINT('',(2.11371048678634,-8.16155374778996,0.546788147478433));
#10570=CARTESIAN_POINT('',(2.11371048678634,-8.16155374778996,-0.410920631964822));
#10571=CARTESIAN_POINT('',(2.11371048678634,-8.16155374778996,-0.410920631964822));
#10572=CARTESIAN_POINT('',(2.11371048678634,-8.16155374778996,-0.702141188710004));
#10573=CARTESIAN_POINT('',(2.03983468378848,-8.16155374778996,-0.902355321472317));
#10574=CARTESIAN_POINT('',(2.03983468378848,-8.16155374778996,-0.902355321472317));
#10575=CARTESIAN_POINT('',(2.03983468378848,-8.16155374778996,-0.902355321472317));
#10576=CARTESIAN_POINT('',(1.96595888079063,-8.16155374778996,-1.10256945423463));
#10577=CARTESIAN_POINT('',(1.78796102211825,-8.16155374778996,-1.20722684181493));
#10578=CARTESIAN_POINT('',(1.78796102211825,-8.16155374778996,-1.20722684181493));
#10579=CARTESIAN_POINT('',(1.78796102211825,-8.16155374778996,-1.20722684181493));
#10580=CARTESIAN_POINT('',(1.60996316344587,-8.16155374778996,-1.31188422939523));
#10581=CARTESIAN_POINT('',(1.29144067950583,-8.16155374778996,-1.31188422939523));
#10582=CARTESIAN_POINT('',(1.29144067950583,-8.16155374778996,-1.31188422939523));
#10583=CARTESIAN_POINT('',(1.29144067950583,-8.16155374778996,-1.31188422939523));
#10584=CARTESIAN_POINT('',(0.972382863660004,-8.16155374778996,-1.31188422939523));
#10585=CARTESIAN_POINT('',(0.792511343317393,-8.16155374778996,-1.20722684181493));
#10586=CARTESIAN_POINT('',(0.792511343317393,-8.16155374778996,-1.20722684181493));
#10587=CARTESIAN_POINT('',(0.792511343317393,-8.16155374778996,-1.20722684181493));
#10588=CARTESIAN_POINT('',(0.612639822974781,-8.16155374778996,-1.10256945423463));
#10589=CARTESIAN_POINT('',(0.540905347600049,-8.16155374778996,-0.902355321472317));
#10590=CARTESIAN_POINT('',(0.540905347600049,-8.16155374778996,-0.902355321472317));
#10591=CARTESIAN_POINT('',(0.540905347600049,-8.16155374778996,-0.902355321472317));
#10592=CARTESIAN_POINT('',(0.469170872225316,-8.16155374778996,-0.702141188710004));
#10593=CARTESIAN_POINT('',(0.469170872225316,-8.16155374778996,-0.410920631964822));
#10594=CARTESIAN_POINT('',(0.469170872225316,-8.16155374778996,-0.410920631964822));
#10595=CARTESIAN_POINT('',(0.469170872225316,-8.16155374778996,0.546788147478433));
#10596=CARTESIAN_POINT('',(0.469170872225316,-8.16155374778996,1.3));
#10597=CARTESIAN_POINT('',(-14.8433724045753,-8.16155374778996,1.3));
#10598=CARTESIAN_POINT('',(-0.801707072100166,-8.16155374778996,1.3));
#10599=CARTESIAN_POINT('',(-0.801707072100166,-8.16155374778996,0.116916627135821));
#10600=CARTESIAN_POINT('',(-0.801707072100166,-8.16155374778996,-1.27066367265005));
#10601=CARTESIAN_POINT('',(-1.00888051963764,-8.16155374778996,-1.27066367265005));
#10602=CARTESIAN_POINT('',(-1.21605396717511,-8.16155374778996,-1.27066367265005));
#10603=CARTESIAN_POINT('',(-1.50058287509803,-8.16155374778996,-0.551177591279597));
#10604=CARTESIAN_POINT('',(-1.78511178302093,-8.16155374778996,0.168308490090852));
#10605=CARTESIAN_POINT('',(-1.78511178302093,-8.16155374778996,-0.551177591279597));
#10606=CARTESIAN_POINT('',(-1.78511178302093,-8.16155374778996,-1.27066367265005));
#10607=CARTESIAN_POINT('',(-2.04715675090103,-8.16155374778996,-1.27066367265005));
#10608=CARTESIAN_POINT('',(-2.30920171878111,-8.16155374778996,-1.27066367265005));
#10609=CARTESIAN_POINT('',(-2.30920171878111,-8.16155374778996,0.116916627135821));
#10610=CARTESIAN_POINT('',(-2.30920171878111,-8.16155374778996,1.3));
#10611=CARTESIAN_POINT('',(-14.8433724045753,-8.16155374778996,1.3));
#10612=CARTESIAN_POINT('',(-2.59346296075113,-8.16155374778996,1.3));
#10613=CARTESIAN_POINT('',(-2.59346296075113,-8.16155374778996,1.29544981771398));
#10614=CARTESIAN_POINT('',(-2.59346296075113,-8.16155374778996,1.08640270850627));
#10615=CARTESIAN_POINT('',(-2.91037944897383,-8.16155374778996,1.08640270850627));
#10616=CARTESIAN_POINT('',(-3.22729593719653,-8.16155374778996,1.08640270850627));
#10617=CARTESIAN_POINT('',(-3.22729593719653,-8.16155374778996,0.742184293088711));
#10618=CARTESIAN_POINT('',(-3.22729593719653,-8.16155374778996,0.397965877671153));
#10619=CARTESIAN_POINT('',(-2.98586124768903,-8.16155374778996,0.397965877671153));
#10620=CARTESIAN_POINT('',(-2.74442655818154,-8.16155374778996,0.397965877671153));
#10621=CARTESIAN_POINT('',(-2.74442655818154,-8.16155374778996,0.185439111075863));
#10622=CARTESIAN_POINT('',(-2.74442655818154,-8.16155374778996,-0.0270876555194256));
#10623=CARTESIAN_POINT('',(-2.98586124768903,-8.16155374778996,-0.0270876555194256));
#10624=CARTESIAN_POINT('',(-3.22729593719653,-8.16155374778996,-0.0270876555194256));
#10625=CARTESIAN_POINT('',(-3.22729593719653,-8.16155374778996,-0.441702216547263));
#10626=CARTESIAN_POINT('',(-3.22729593719653,-8.16155374778996,-0.8563167775751));
#10627=CARTESIAN_POINT('',(-2.90716745753914,-8.16155374778996,-0.8563167775751));
#10628=CARTESIAN_POINT('',(-2.58703897788175,-8.16155374778996,-0.8563167775751));
#10629=CARTESIAN_POINT('',(-2.58703897788175,-8.16155374778996,-1.06349022511257));
#10630=CARTESIAN_POINT('',(-2.58703897788175,-8.16155374778996,-1.27066367265005));
#10631=CARTESIAN_POINT('',(-3.21391263955198,-8.16155374778996,-1.27066367265005));
#10632=CARTESIAN_POINT('',(-3.84078630122222,-8.16155374778996,-1.27066367265005));
#10633=CARTESIAN_POINT('',(-3.84078630122222,-8.16155374778996,0.116916627135821));
#10634=CARTESIAN_POINT('',(-3.84078630122222,-8.16155374778996,1.3));
#10635=CARTESIAN_POINT('',(-14.8433724045753,-8.16155374778996,1.3));
#10636=CARTESIAN_POINT('',(-4.2863794763028,-8.16155374778996,1.3));
#10637=CARTESIAN_POINT('',(-4.2658398344128,-8.16155374778996,0.116916627135821));
#10638=CARTESIAN_POINT('',(-4.24174989865263,-8.16155374778996,-1.27066367265005));
#10639=CARTESIAN_POINT('',(-4.45936231835285,-8.16155374778996,-1.27066367265005));
#10640=CARTESIAN_POINT('',(-4.67697473805306,-8.16155374778996,-1.27066367265005));
#10641=CARTESIAN_POINT('',(-4.70267066953057,-8.16155374778996,-0.347216135176813));
#10642=CARTESIAN_POINT('',(-4.72836660100809,-8.16155374778996,0.57623140229642));
#10643=CARTESIAN_POINT('',(-4.88950150464835,-8.16155374778996,-0.347216135176813));
#10644=CARTESIAN_POINT('',(-5.0506364082886,-8.16155374778996,-1.27066367265005));
#10645=CARTESIAN_POINT('',(-5.24415889222865,-8.16155374778996,-1.27066367265005));
#10646=CARTESIAN_POINT('',(-5.43768137616869,-8.16155374778996,-1.27066367265005));
#10647=CARTESIAN_POINT('',(-5.6089875860188,-8.16155374778996,-0.340524486354544));
#10648=CARTESIAN_POINT('',(-5.7802937958689,-8.16155374778996,0.58961469994096));
#10649=CARTESIAN_POINT('',(-5.8009040742415,-8.16155374778996,-0.340524486354544));
#10650=CARTESIAN_POINT('',(-5.82151435261409,-8.16155374778996,-1.27066367265005));
#10651=CARTESIAN_POINT('',(-6.04233876374899,-8.16155374778996,-1.27066367265005));
#10652=CARTESIAN_POINT('',(-6.26316317488389,-8.16155374778996,-1.27066367265005));
#10653=CARTESIAN_POINT('',(-6.23934090507661,-8.16155374778996,0.116916627135821));
#10654=CARTESIAN_POINT('',(-6.21902948142983,-8.16155374778996,1.3));
#10655=CARTESIAN_POINT('',(-14.8433724045753,-8.16155374778996,1.3));
#10656=CARTESIAN_POINT('',(-8.03404111920937,-8.16155374778996,1.3));
#10657=CARTESIAN_POINT('',(-8.03404111920937,-8.16155374778996,0.324090074673294));
#10658=CARTESIAN_POINT('',(-8.03404111920937,-8.16155374778996,-0.8563167775751));
#10659=CARTESIAN_POINT('',(-7.71551863526933,-8.16155374778996,-0.8563167775751));
#10660=CARTESIAN_POINT('',(-7.39699615132929,-8.16155374778996,-0.8563167775751));
#10661=CARTESIAN_POINT('',(-7.39699615132929,-8.16155374778996,-1.06349022511257));
#10662=CARTESIAN_POINT('',(-7.39699615132929,-8.16155374778996,-1.27066367265005));
#10663=CARTESIAN_POINT('',(-8.02226381728218,-8.16155374778996,-1.27066367265005));
#10664=CARTESIAN_POINT('',(-8.64753148323507,-8.16155374778996,-1.27066367265005));
#10665=CARTESIAN_POINT('',(-8.64753148323507,-8.16155374778996,0.116916627135821));
#10666=CARTESIAN_POINT('',(-8.64753148323507,-8.16155374778996,1.3));
#10667=CARTESIAN_POINT('',(-14.8433724045753,-8.16155374778996,1.3));
#10668=CARTESIAN_POINT('',(-9.40756541950594,-8.16155374778996,1.3));
#10669=CARTESIAN_POINT('',(-9.18687837831002,-8.16155374778996,0.116916627135821));
#10670=CARTESIAN_POINT('',(-8.92804540186462,-8.16155374778996,-1.27066367265005));
#10671=CARTESIAN_POINT('',(-9.2107006481173,-8.16155374778996,-1.27066367265005));
#10672=CARTESIAN_POINT('',(-9.49335589436997,-8.16155374778996,-1.27066367265005));
#10673=CARTESIAN_POINT('',(-9.53966210422008,-8.16155374778996,-0.97783712018752));
#10674=CARTESIAN_POINT('',(-9.58596831407019,-8.16155374778996,-0.685010567724993));
#10675=CARTESIAN_POINT('',(-9.78992977017297,-8.16155374778996,-0.685010567724993));
#10676=CARTESIAN_POINT('',(-9.99389122627576,-8.16155374778996,-0.685010567724993));
#10677=CARTESIAN_POINT('',(-10.0418034318432,-8.16155374778996,-0.97783712018752));
#10678=CARTESIAN_POINT('',(-10.0897156374107,-8.16155374778996,-1.27066367265005));
#10679=CARTESIAN_POINT('',(-10.3793301984385,-8.16155374778996,-1.27066367265005));
#10680=CARTESIAN_POINT('',(-10.6689447594663,-8.16155374778996,-1.27066367265005));
#10681=CARTESIAN_POINT('',(-10.4066321256334,-8.16155374778996,0.116916627135821));
#10682=CARTESIAN_POINT('',(-10.1829782472755,-8.16155374778996,1.3));
#10683=CARTESIAN_POINT('',(-14.8433724045753,-8.16155374778996,1.3));
#10684=CARTESIAN_POINT('',(-10.819373024991,-8.16155374778996,1.3));
#10685=CARTESIAN_POINT('',(-10.819373024991,-8.16155374778996,1.29544981771398));
#10686=CARTESIAN_POINT('',(-10.819373024991,-8.16155374778996,1.08640270850627));
#10687=CARTESIAN_POINT('',(-11.1362895132137,-8.16155374778996,1.08640270850627));
#10688=CARTESIAN_POINT('',(-11.4532060014364,-8.16155374778996,1.08640270850627));
#10689=CARTESIAN_POINT('',(-11.4532060014364,-8.16155374778996,0.742184293088711));
#10690=CARTESIAN_POINT('',(-11.4532060014364,-8.16155374778996,0.397965877671153));
#10691=CARTESIAN_POINT('',(-11.2117713119289,-8.16155374778996,0.397965877671153));
#10692=CARTESIAN_POINT('',(-10.9703366224214,-8.16155374778996,0.397965877671153));
#10693=CARTESIAN_POINT('',(-10.9703366224214,-8.16155374778996,0.185439111075863));
#10694=CARTESIAN_POINT('',(-10.9703366224214,-8.16155374778996,-0.0270876555194256));
#10695=CARTESIAN_POINT('',(-11.2117713119289,-8.16155374778996,-0.0270876555194256));
#10696=CARTESIAN_POINT('',(-11.4532060014364,-8.16155374778996,-0.0270876555194256));
#10697=CARTESIAN_POINT('',(-11.4532060014364,-8.16155374778996,-0.441702216547263));
#10698=CARTESIAN_POINT('',(-11.4532060014364,-8.16155374778996,-0.8563167775751));
#10699=CARTESIAN_POINT('',(-11.133077521779,-8.16155374778996,-0.8563167775751));
#10700=CARTESIAN_POINT('',(-10.8129490421216,-8.16155374778996,-0.8563167775751));
#10701=CARTESIAN_POINT('',(-10.8129490421216,-8.16155374778996,-1.06349022511257));
#10702=CARTESIAN_POINT('',(-10.8129490421216,-8.16155374778996,-1.27066367265005));
#10703=CARTESIAN_POINT('',(-11.4398227037918,-8.16155374778996,-1.27066367265005));
#10704=CARTESIAN_POINT('',(-12.066696365462,-8.16155374778996,-1.27066367265005));
#10705=CARTESIAN_POINT('',(-12.066696365462,-8.16155374778996,0.116916627135821));
#10706=CARTESIAN_POINT('',(-12.066696365462,-8.16155374778996,1.3));
#10707=CARTESIAN_POINT('',(-14.8433724045753,-8.16155374778996,1.3));
#10708=CARTESIAN_POINT('',(-12.6191784011971,-8.16155374778996,1.29999999991521));
#10709=CARTESIAN_POINT('',(-12.8718355517576,-8.16155374778996,1.44293375775681));
#10710=CARTESIAN_POINT('',(-12.6662680999374,-8.16155374778996,1.38137058859192));
#10711=CARTESIAN_POINT('',(-12.5514394061473,-8.16155374778996,1.22184168066901));
#10712=CARTESIAN_POINT('',(-12.5514394061473,-8.16155374778996,1.22184168066901));
#10713=CARTESIAN_POINT('',(-12.5514394061473,-8.16155374778996,1.22184168066901));
#10714=CARTESIAN_POINT('',(-12.4366107123571,-8.16155374778996,1.0623127727461));
#10715=CARTESIAN_POINT('',(-12.4366107123571,-8.16155374778996,0.771092216000917));
#10716=CARTESIAN_POINT('',(-12.4366107123571,-8.16155374778996,0.771092216000917));
#10717=CARTESIAN_POINT('',(-12.4366107123571,-8.16155374778996,0.771092216000917));
#10718=CARTESIAN_POINT('',(-12.4366107123571,-8.16155374778996,0.59978600615081));
#10719=CARTESIAN_POINT('',(-12.4641803055049,-8.16155374778996,0.466220695658304));
#10720=CARTESIAN_POINT('',(-12.4641803055049,-8.16155374778996,0.466220695658304));
#10721=CARTESIAN_POINT('',(-12.4641803055049,-8.16155374778996,0.466220695658304));
#10722=CARTESIAN_POINT('',(-12.4917498986526,-8.16155374778996,0.332655385165799));
#10723=CARTESIAN_POINT('',(-12.5653580356976,-8.16155374778996,0.23495731236066));
#10724=CARTESIAN_POINT('',(-12.5653580356976,-8.16155374778996,0.23495731236066));
#10725=CARTESIAN_POINT('',(-12.5653580356976,-8.16155374778996,0.23495731236066));
#10726=CARTESIAN_POINT('',(-12.6389661727426,-8.16155374778996,0.137259239555521));
#10727=CARTESIAN_POINT('',(-12.7760111406226,-8.16155374778996,0.072484078955949));
#10728=CARTESIAN_POINT('',(-12.7760111406226,-8.16155374778996,0.0724840789559482));
#10729=CARTESIAN_POINT('',(-12.5857006481173,-8.16155374778996,-0.599089796847049));
#10730=CARTESIAN_POINT('',(-12.3953901556119,-8.16155374778996,-1.27066367265005));
#10731=CARTESIAN_POINT('',(-12.7123066438346,-8.16155374778996,-1.27066367265005));
#10732=CARTESIAN_POINT('',(-13.0292231320573,-8.16155374778996,-1.27066367265005));
#10733=CARTESIAN_POINT('',(-13.1817927252051,-8.16155374778996,-0.648875664084736));
#10734=CARTESIAN_POINT('',(-13.3343623183528,-8.16155374778996,-0.0270876555194256));
#10735=CARTESIAN_POINT('',(-13.4216214189952,-8.16155374778996,-0.0270876555194256));
#10736=CARTESIAN_POINT('',(-13.5088805196376,-8.16155374778996,-0.0270876555194256));
#10737=CARTESIAN_POINT('',(-13.5088805196376,-8.16155374778996,-0.648875664084736));
#10738=CARTESIAN_POINT('',(-13.5088805196376,-8.16155374778996,-1.27066367265005));
#10739=CARTESIAN_POINT('',(-13.8156257016505,-8.16155374778996,-1.27066367265005));
#10740=CARTESIAN_POINT('',(-14.1223708836633,-8.16155374778996,-1.27066367265005));
#10741=CARTESIAN_POINT('',(-14.1223708836633,-8.16155374778996,0.116916627135821));
#10742=CARTESIAN_POINT('',(-14.1223708836633,-8.16155374778996,1.3));
#10743=CARTESIAN_POINT('',(-14.8433724045753,-8.16155374778996,1.3));
#10744=CARTESIAN_POINT('',(-14.8433724045753,-8.16155374778996,1.3));
#10745=CARTESIAN_POINT('',(-14.8433724045753,-8.16155374778996,2.));
#10746=CARTESIAN_POINT('',(-14.8433724045753,-8.16155374778996,-2.));
#10747=CARTESIAN_POINT('',(3.15662759542465,-8.16155374778996,-2.));
#10748=CARTESIAN_POINT('',(3.15662759542465,-8.16155374778996,2.));
#10749=CARTESIAN_POINT('',(1.50343211419534,-8.16155374778996,0.500749603581217));
#10750=CARTESIAN_POINT('',(1.50343417853532,-8.16155374778996,-0.502997720361876));
#10751=CARTESIAN_POINT('',(1.50343211419534,-8.16155374778996,1.3));
#10752=CARTESIAN_POINT('',(-14.8433724045753,-8.16155374778996,1.3));
#10753=CARTESIAN_POINT('',(1.07516658957007,-8.16155374778996,1.3));
#10754=CARTESIAN_POINT('',(1.07516658957007,-8.16155374778996,0.500749603581217));
#10755=CARTESIAN_POINT('',(1.07516318932265,-8.16155374778996,-0.502997721393341));
#10756=CARTESIAN_POINT('',(2.14144499092384,-8.16155374778996,-0.502485289041647));
#10757=CARTESIAN_POINT('',(1.08908521912039,-8.16155374778996,-0.674303929609362));
#10758=CARTESIAN_POINT('',(1.08908521912039,-8.16155374778996,-0.674303929609362));
#10759=CARTESIAN_POINT('',(1.10300384867071,-8.16155374778996,-0.759957034534415));
#10760=CARTESIAN_POINT('',(1.14904239256793,-8.16155374778996,-0.814828554877027));
#10761=CARTESIAN_POINT('',(1.14904239256793,-8.16155374778996,-0.814828554877027));
#10762=CARTESIAN_POINT('',(1.14904239256793,-8.16155374778996,-0.814828554877027));
#10763=CARTESIAN_POINT('',(1.19508093646515,-8.16155374778996,-0.86970007521964));
#10764=CARTESIAN_POINT('',(1.29144067950583,-8.16155374778996,-0.86970007521964));
#10765=CARTESIAN_POINT('',(1.29144067950583,-8.16155374778996,-0.86970007521964));
#10766=CARTESIAN_POINT('',(1.29144067950583,-8.16155374778996,-0.86970007521964));
#10767=CARTESIAN_POINT('',(1.39047708207542,-8.16155374778996,-0.86970007521964));
#10768=CARTESIAN_POINT('',(1.43517729620818,-8.16155374778996,-0.814828554877027));
#10769=CARTESIAN_POINT('',(1.43517729620818,-8.16155374778996,-0.814828554877027));
#10770=CARTESIAN_POINT('',(1.43517729620818,-8.16155374778996,-0.814828554877027));
#10771=CARTESIAN_POINT('',(1.47987751034095,-8.16155374778996,-0.759957034534415));
#10772=CARTESIAN_POINT('',(1.49165481226814,-8.16155374778996,-0.674303929609362));
#10773=CARTESIAN_POINT('',(1.49165481226814,-8.16155374778996,-0.674303929609362));
#10774=CARTESIAN_POINT('',(0.247344939008138,-8.16155374778996,-0.50263104296182));
#10775=CARTESIAN_POINT('',(3.15662759542465,-8.16155374778996,2.));
#10776=CARTESIAN_POINT('',(-1.30866638687533,-8.16155374778996,0.83640270850627));
#10777=CARTESIAN_POINT('',(-1.30866638687533,-8.16155374778996,0.168308490090852));
#10778=CARTESIAN_POINT('',(-1.30866638687533,-8.16155374778996,1.3));
#10779=CARTESIAN_POINT('',(-14.8433724045753,-8.16155374778996,1.3));
#10780=CARTESIAN_POINT('',(-1.79063276309064,-8.16155374778996,1.3));
#10781=CARTESIAN_POINT('',(-1.59319529479824,-8.16155374778996,0.83640270850627));
#10782=CARTESIAN_POINT('',(3.15662759542465,-8.16155374778996,2.));
#10783=CARTESIAN_POINT('',(-5.08810964169331,-8.16155374778996,0.69775174490884));
#10784=CARTESIAN_POINT('',(-5.25245653676826,-8.16155374778996,-0.108993437104008));
#10785=CARTESIAN_POINT('',(-4.96542204095477,-8.16155374778996,1.3));
#10786=CARTESIAN_POINT('',(-14.8433724045753,-8.16155374778996,1.3));
#10787=CARTESIAN_POINT('',(-5.51892178532476,-8.16155374778996,1.3));
#10788=CARTESIAN_POINT('',(-5.40502612991601,-8.16155374778996,0.69775174490884));
#10789=CARTESIAN_POINT('',(3.15662759542465,6.83844625221003,0.));
#10790=CARTESIAN_POINT('',(16.1566275954246,16.43844625221,0.));
#10791=CARTESIAN_POINT('',(16.5566275954247,16.43844625221,0.));
#10792=CARTESIAN_POINT('',(-10.8433724045754,16.43844625221,0.));
#10793=CARTESIAN_POINT('',(-10.4433724045754,16.43844625221,0.));
#10794=CARTESIAN_POINT('',(4.15662759542465,16.43844625221,0.));
#10795=CARTESIAN_POINT('',(4.55662759542465,16.43844625221,0.));
#10796=CARTESIAN_POINT('',(-11.8433724045753,20.5067935055729,0.));
#10797=CARTESIAN_POINT('',(-11.8433724045753,-5.19442099882077,0.));
#10798=CARTESIAN_POINT('',(-11.8433724045753,19.1751407589358,0.));
#10799=CARTESIAN_POINT('',(3.15662759542465,19.1751407589358,0.));
#10800=CARTESIAN_POINT('',(18.1566275954246,19.1751407589358,0.));
#10801=CARTESIAN_POINT('',(18.1566275954246,6.99035988005752,0.));
#10802=CARTESIAN_POINT('',(18.1566275954246,-5.19442099882077,0.));
#10803=CARTESIAN_POINT('',(3.15662759542464,-5.19442099882077,0.));
#10804=CARTESIAN_POINT('',(16.1566275954246,-2.76155374778996,0.));
#10805=CARTESIAN_POINT('',(16.5566275954247,-2.76155374778996,0.));
#10806=CARTESIAN_POINT('',(4.15662759542465,-2.76155374778996,0.));
#10807=CARTESIAN_POINT('',(4.55662759542465,-2.76155374778996,0.));
#10808=CARTESIAN_POINT('',(-10.8433724045753,-2.76155374778996,0.));
#10809=CARTESIAN_POINT('',(-10.4433724045753,-2.76155374778996,0.));
#10810=CARTESIAN_POINT('',(3.15662759542465,6.83844625221003,2.));
#10811=CARTESIAN_POINT('',(21.1566275954246,-7.46155374778996,2.));
#10812=CARTESIAN_POINT('',(-14.1433724045753,-7.46155374778996,2.));
#10813=CARTESIAN_POINT('',(20.4566275954246,-7.46155374778996,2.));
#10814=CARTESIAN_POINT('',(20.4566275954246,6.83844625221004,2.));
#10815=CARTESIAN_POINT('',(20.4566275954246,21.13844625221,2.));
#10816=CARTESIAN_POINT('',(3.15662759542465,21.13844625221,2.));
#10817=CARTESIAN_POINT('',(-14.1433724045753,21.13844625221,2.));
#10818=CARTESIAN_POINT('',(-14.1433724045753,-8.16155374778996,2.));
#10819=CARTESIAN_POINT('',(16.1566275954246,16.43844625221,2.));
#10820=CARTESIAN_POINT('',(16.5566275954247,16.43844625221,2.));
#10821=CARTESIAN_POINT('',(-10.8433724045754,16.43844625221,2.));
#10822=CARTESIAN_POINT('',(-10.4433724045754,16.43844625221,2.));
#10823=CARTESIAN_POINT('',(4.15662759542465,-2.76155374778996,2.));
#10824=CARTESIAN_POINT('',(4.55662759542465,-2.76155374778996,2.));
#10825=CARTESIAN_POINT('',(4.15662759542465,16.43844625221,2.));
#10826=CARTESIAN_POINT('',(4.55662759542465,16.43844625221,2.));
#10827=CARTESIAN_POINT('',(16.1566275954246,-2.76155374778996,2.));
#10828=CARTESIAN_POINT('',(16.5566275954247,-2.76155374778996,2.));
#10829=CARTESIAN_POINT('',(-10.8433724045753,-2.76155374778996,2.));
#10830=CARTESIAN_POINT('',(-10.4433724045753,-2.76155374778996,2.));
#10831=CARTESIAN_POINT('',(-11.8433724045753,20.5067935055729,-2.));
#10832=CARTESIAN_POINT('',(-11.8433724045753,20.5067935055729,-2.));
#10833=CARTESIAN_POINT('',(-11.8433724045753,-5.19442099882077,-2.));
#10834=CARTESIAN_POINT('',(-11.8433724045753,19.1751407589358,-2.));
#10835=CARTESIAN_POINT('',(-11.8433724045753,19.1751407589358,-2.));
#10836=CARTESIAN_POINT('',(-11.8433724045753,-5.19442099882077,-2.));
#10837=CARTESIAN_POINT('',(18.1566275954246,6.99035988005752,-2.));
#10838=CARTESIAN_POINT('',(18.1566275954246,19.1751407589358,-2.));
#10839=CARTESIAN_POINT('',(18.1566275954246,19.1751407589358,-2.));
#10840=CARTESIAN_POINT('',(18.1566275954246,6.99035988005752,-2.));
#10841=CARTESIAN_POINT('',(18.1566275954246,-5.19442099882077,-2.));
#10842=CARTESIAN_POINT('',(18.1566275954246,-5.19442099882077,-2.));
#10843=CARTESIAN_POINT('',(3.15662759542464,21.8384462522101,2.));
#10844=CARTESIAN_POINT('',(-14.8433724045753,21.8384462522101,2.));
#10845=CARTESIAN_POINT('',(-14.8433724045753,21.8384462522101,1.3));
#10846=CARTESIAN_POINT('',(-14.8433724045753,21.8384462522101,-2.));
#10847=CARTESIAN_POINT('',(3.15662759542464,21.8384462522101,1.3));
#10848=CARTESIAN_POINT('',(21.1566275954246,21.8384462522101,1.3));
#10849=CARTESIAN_POINT('',(21.1566275954246,21.8384462522101,2.));
#10850=CARTESIAN_POINT('',(21.1566275954246,21.8384462522101,-2.));
#10851=CARTESIAN_POINT('',(3.15662759542464,21.8384462522101,-2.));
#10852=CARTESIAN_POINT('',(-14.8433724045753,6.83844625221003,2.));
#10853=CARTESIAN_POINT('',(-14.8433724045753,21.8384462522101,1.3));
#10854=CARTESIAN_POINT('',(-14.8433724045753,6.83844625221003,-2.));
#10855=CARTESIAN_POINT('',(21.1566275954246,6.83844625221003,2.));
#10856=CARTESIAN_POINT('',(21.1566275954246,6.83844625221003,1.3));
#10857=CARTESIAN_POINT('',(21.1566275954246,6.83844625221003,-2.));
#10858=CARTESIAN_POINT('',(3.15662759542465,6.83844625221003,-2.));
#10859=CARTESIAN_POINT('',(3.15662759542464,-5.19442099882077,-2.));
#10860=CARTESIAN_POINT('',(3.15662759542465,19.1751407589358,-2.));
#10861=CARTESIAN_POINT('',(3.15662759542464,-5.19442099882077,-2.));
#10862=CARTESIAN_POINT('',(3.15662759542465,19.1751407589358,-2.));
#10863=CARTESIAN_POINT('',(4.15662759542465,16.43844625221,49.4588760586691));
#10864=CARTESIAN_POINT('',(16.1566275954246,-2.76155374778996,49.4588760586691));
#10865=CARTESIAN_POINT('',(4.15662759542465,-2.76155374778996,49.4588760586691));
#10866=CARTESIAN_POINT('',(-10.8433724045753,-2.76155374778996,49.4588760586691));
#10867=CARTESIAN_POINT('',(-10.8433724045754,16.43844625221,49.4588760586691));
#10868=CARTESIAN_POINT('',(16.1566275954246,16.43844625221,49.4588760586691));
#10869=CARTESIAN_POINT('',(18.9488282598056,-8.86155374778996,-1.31188422939523));
#10870=CARTESIAN_POINT('',(18.9488282598056,-8.16155374778996,-1.31188422939523));
#10871=CARTESIAN_POINT('',(18.7753807223324,-8.86155374778996,-1.31188422939523));
#10872=CARTESIAN_POINT('',(18.7753807223324,-8.16155374778996,-1.31188422939523));
#10873=CARTESIAN_POINT('',(18.6303949978499,-8.86155374778996,-1.28101342282849));
#10874=CARTESIAN_POINT('',(18.6303949978499,-8.16155374778996,-1.28101342282849));
#10875=CARTESIAN_POINT('',(18.5138710863581,-8.86155374778996,-1.21927180969501));
#10876=CARTESIAN_POINT('',(18.5138710863581,-8.16155374778996,-1.21927180969501));
#10877=CARTESIAN_POINT('',(18.9488282598056,-8.86155374778996,-1.31188422939523));
#10878=CARTESIAN_POINT('',(18.9488282598056,-8.86155374778996,-1.31188422939523));
#10879=CARTESIAN_POINT('',(18.9488282598056,-8.86155374778996,-1.31188422939523));
#10880=CARTESIAN_POINT('',(18.6886569535957,-8.86155374778996,-1.31188422939523));
#10881=CARTESIAN_POINT('',(18.5138710863581,-8.86155374778996,-1.21927180969501));
#10882=CARTESIAN_POINT('',(18.5138710863581,-8.86155374778996,-1.21927180969501));
#10883=CARTESIAN_POINT('',(18.5138710863581,-8.86155374778996,-1.21927180969501));
#10884=CARTESIAN_POINT('',(19.3342672319684,-8.86155374778996,-1.21927180969501));
#10885=CARTESIAN_POINT('',(19.3342672319684,-8.16155374778996,-1.21927180969501));
#10886=CARTESIAN_POINT('',(19.2257732990633,-8.86155374778996,-1.28101342282849));
#10887=CARTESIAN_POINT('',(19.2257732990633,-8.16155374778996,-1.28101342282849));
#10888=CARTESIAN_POINT('',(19.0972936416757,-8.86155374778996,-1.31188422939523));
#10889=CARTESIAN_POINT('',(19.0972936416757,-8.16155374778996,-1.31188422939523));
#10890=CARTESIAN_POINT('',(18.9488282598056,-8.86155374778996,-1.31188422939523));
#10891=CARTESIAN_POINT('',(18.9488282598056,-8.16155374778996,-1.31188422939523));
#10892=CARTESIAN_POINT('',(19.3342672319684,-8.86155374778996,-1.21927180969501));
#10893=CARTESIAN_POINT('',(19.3342672319684,-8.86155374778996,-1.21927180969501));
#10894=CARTESIAN_POINT('',(19.3342672319684,-8.86155374778996,-1.21927180969501));
#10895=CARTESIAN_POINT('',(19.1715263326107,-8.86155374778996,-1.31188422939523));
#10896=CARTESIAN_POINT('',(18.9488282598056,-8.86155374778996,-1.31188422939523));
#10897=CARTESIAN_POINT('',(19.5861408936386,-8.86155374778996,-0.967398148024779));
#10898=CARTESIAN_POINT('',(19.5861408936386,-8.16155374778996,-0.967398148024779));
#10899=CARTESIAN_POINT('',(19.5267190520968,-8.86155374778996,-1.07357230933813));
#10900=CARTESIAN_POINT('',(19.5267190520968,-8.16155374778996,-1.07357230933813));
#10901=CARTESIAN_POINT('',(19.4427611648734,-8.86155374778996,-1.15753019656154));
#10902=CARTESIAN_POINT('',(19.4427611648734,-8.16155374778996,-1.15753019656154));
#10903=CARTESIAN_POINT('',(19.3342672319684,-8.86155374778996,-1.21927180969501));
#10904=CARTESIAN_POINT('',(19.3342672319684,-8.16155374778996,-1.21927180969501));
#10905=CARTESIAN_POINT('',(19.5861408936386,-8.86155374778996,-0.967398148024779));
#10906=CARTESIAN_POINT('',(19.5861408936386,-8.86155374778996,-0.967398148024779));
#10907=CARTESIAN_POINT('',(19.5861408936386,-8.86155374778996,-0.967398148024779));
#10908=CARTESIAN_POINT('',(19.4970081313259,-8.86155374778996,-1.1266593899948));
#10909=CARTESIAN_POINT('',(19.3342672319684,-8.86155374778996,-1.21927180969501));
#10910=CARTESIAN_POINT('',(19.6752736559513,-8.86155374778996,-0.612740760444479));
#10911=CARTESIAN_POINT('',(19.6752736559513,-8.16155374778996,-0.612740760444479));
#10912=CARTESIAN_POINT('',(19.6752736559513,-8.86155374778996,-0.743004857517998));
#10913=CARTESIAN_POINT('',(19.6752736559513,-8.16155374778996,-0.743004857517998));
#10914=CARTESIAN_POINT('',(19.6455627351804,-8.86155374778996,-0.861223986711432));
#10915=CARTESIAN_POINT('',(19.6455627351804,-8.16155374778996,-0.861223986711432));
#10916=CARTESIAN_POINT('',(19.5861408936386,-8.86155374778996,-0.967398148024779));
#10917=CARTESIAN_POINT('',(19.5861408936386,-8.16155374778996,-0.967398148024779));
#10918=CARTESIAN_POINT('',(19.6752736559513,-8.86155374778996,-0.612740760444479));
#10919=CARTESIAN_POINT('',(19.6752736559513,-8.86155374778996,-0.612740760444479));
#10920=CARTESIAN_POINT('',(19.6752736559513,-8.86155374778996,-0.612740760444479));
#10921=CARTESIAN_POINT('',(19.6752736559513,-8.86155374778996,-0.808136906054758));
#10922=CARTESIAN_POINT('',(19.5861408936386,-8.86155374778996,-0.967398148024779));
#10923=CARTESIAN_POINT('',(19.5502736559513,-8.86155374778996,-0.12987138142949));
#10924=CARTESIAN_POINT('',(19.5502736559513,-8.16155374778996,-0.12987138142949));
#10925=CARTESIAN_POINT('',(19.6336069892846,-8.86155374778996,-0.260135478503009));
#10926=CARTESIAN_POINT('',(19.6336069892846,-8.16155374778996,-0.260135478503009));
#10927=CARTESIAN_POINT('',(19.6752736559513,-8.86155374778996,-0.421091938174672));
#10928=CARTESIAN_POINT('',(19.6752736559513,-8.16155374778996,-0.421091938174672));
#10929=CARTESIAN_POINT('',(19.6752736559513,-8.86155374778996,-0.612740760444479));
#10930=CARTESIAN_POINT('',(19.6752736559513,-8.16155374778996,-0.612740760444479));
#10931=CARTESIAN_POINT('',(19.5502736559513,-8.86155374778996,-0.12987138142949));
#10932=CARTESIAN_POINT('',(19.5502736559513,-8.86155374778996,-0.12987138142949));
#10933=CARTESIAN_POINT('',(19.5502736559513,-8.86155374778996,-0.12987138142949));
#10934=CARTESIAN_POINT('',(19.6752736559513,-8.86155374778996,-0.325267527039768));
#10935=CARTESIAN_POINT('',(19.6752736559513,-8.86155374778996,-0.612740760444479));
#10936=CARTESIAN_POINT('',(19.2432608079855,-8.86155374778996,0.219700353045885));
#10937=CARTESIAN_POINT('',(19.2432608079855,-8.16155374778996,0.219700353045885));
#10938=CARTESIAN_POINT('',(19.3646027066293,-8.86155374778996,0.116916627135821));
#10939=CARTESIAN_POINT('',(19.3646027066293,-8.16155374778996,0.116916627135821));
#10940=CARTESIAN_POINT('',(19.4669403226179,-8.86155374778996,0.000392715644028918));
#10941=CARTESIAN_POINT('',(19.4669403226179,-8.16155374778996,0.000392715644028918));
#10942=CARTESIAN_POINT('',(19.5502736559513,-8.86155374778996,-0.12987138142949));
#10943=CARTESIAN_POINT('',(19.5502736559513,-8.16155374778996,-0.12987138142949));
#10944=CARTESIAN_POINT('',(19.2432608079855,-8.86155374778996,0.219700353045885));
#10945=CARTESIAN_POINT('',(19.2432608079855,-8.86155374778996,0.219700353045885));
#10946=CARTESIAN_POINT('',(19.2432608079855,-8.86155374778996,0.219700353045885));
#10947=CARTESIAN_POINT('',(19.4252736559513,-8.86155374778996,0.0655247641807884));
#10948=CARTESIAN_POINT('',(19.5502736559513,-8.86155374778996,-0.12987138142949));
#10949=CARTESIAN_POINT('',(19.1286997801482,-8.86155374778996,0.320878083238607));
#10950=CARTESIAN_POINT('',(19.0141387523109,-8.86155374778996,0.422055813431326));
#10951=CARTESIAN_POINT('',(19.0141387523109,-8.86155374778996,0.422055813431326));
#10952=CARTESIAN_POINT('',(19.1286997801482,-8.86155374778996,0.320878083238607));
#10953=CARTESIAN_POINT('',(18.8203486024181,-8.86155374778996,0.625749603581217));
#10954=CARTESIAN_POINT('',(18.8203486024181,-8.16155374778996,0.625749603581217));
#10955=CARTESIAN_POINT('',(18.86959913775,-8.86155374778996,0.560617555044458));
#10956=CARTESIAN_POINT('',(18.86959913775,-8.16155374778996,0.560617555044458));
#10957=CARTESIAN_POINT('',(18.9341958543809,-8.86155374778996,0.492719624994493));
#10958=CARTESIAN_POINT('',(18.9341958543809,-8.16155374778996,0.492719624994493));
#10959=CARTESIAN_POINT('',(19.0141387523109,-8.86155374778996,0.422055813431323));
#10960=CARTESIAN_POINT('',(19.0141387523109,-8.16155374778996,0.422055813431323));
#10961=CARTESIAN_POINT('',(18.8203486024181,-8.86155374778996,0.625749603581217));
#10962=CARTESIAN_POINT('',(18.8203486024181,-8.86155374778996,0.625749603581217));
#10963=CARTESIAN_POINT('',(18.8203486024181,-8.86155374778996,0.625749603581217));
#10964=CARTESIAN_POINT('',(18.8942244054159,-8.86155374778996,0.528051530776078));
#10965=CARTESIAN_POINT('',(19.0141387523109,-8.86155374778996,0.422055813431323));
#10966=CARTESIAN_POINT('',(18.7464727994202,-8.86155374778996,0.877623265251452));
#10967=CARTESIAN_POINT('',(18.7464727994202,-8.16155374778996,0.877623265251452));
#10968=CARTESIAN_POINT('',(18.7464727994202,-8.86155374778996,0.774839539341388));
#10969=CARTESIAN_POINT('',(18.7464727994202,-8.16155374778996,0.774839539341388));
#10970=CARTESIAN_POINT('',(18.7710980670862,-8.86155374778996,0.690881652117976));
#10971=CARTESIAN_POINT('',(18.7710980670862,-8.16155374778996,0.690881652117976));
#10972=CARTESIAN_POINT('',(18.8203486024181,-8.86155374778996,0.625749603581217));
#10973=CARTESIAN_POINT('',(18.8203486024181,-8.16155374778996,0.625749603581217));
#10974=CARTESIAN_POINT('',(18.7464727994202,-8.86155374778996,0.877623265251452));
#10975=CARTESIAN_POINT('',(18.7464727994202,-8.86155374778996,0.877623265251452));
#10976=CARTESIAN_POINT('',(18.7464727994202,-8.86155374778996,0.877623265251452));
#10977=CARTESIAN_POINT('',(18.7464727994202,-8.86155374778996,0.723447676386356));
#10978=CARTESIAN_POINT('',(18.8203486024181,-8.86155374778996,0.625749603581217));
#10979=CARTESIAN_POINT('',(18.786087360448,-8.86155374778996,1.02135988195381));
#10980=CARTESIAN_POINT('',(18.786087360448,-8.16155374778996,1.02135988195381));
#10981=CARTESIAN_POINT('',(18.7596776530961,-8.86155374778996,0.973358454402059));
#10982=CARTESIAN_POINT('',(18.7596776530961,-8.16155374778996,0.973358454402059));
#10983=CARTESIAN_POINT('',(18.7464727994202,-8.86155374778996,0.925446248834607));
#10984=CARTESIAN_POINT('',(18.7464727994202,-8.16155374778996,0.925446248834607));
#10985=CARTESIAN_POINT('',(18.7464727994202,-8.86155374778996,0.877623265251452));
#10986=CARTESIAN_POINT('',(18.7464727994202,-8.16155374778996,0.877623265251452));
#10987=CARTESIAN_POINT('',(18.786087360448,-8.86155374778996,1.02135988195381));
#10988=CARTESIAN_POINT('',(18.786087360448,-8.86155374778996,1.02135988195381));
#10989=CARTESIAN_POINT('',(18.786087360448,-8.86155374778996,1.02135988195381));
#10990=CARTESIAN_POINT('',(18.7464727994202,-8.86155374778996,0.949357740626185));
#10991=CARTESIAN_POINT('',(18.7464727994202,-8.86155374778996,0.877623265251452));
#10992=CARTESIAN_POINT('',(18.9113550264009,-8.86155374778996,1.09336202328143));
#10993=CARTESIAN_POINT('',(18.9113550264009,-8.16155374778996,1.09336202328143));
#10994=CARTESIAN_POINT('',(18.8542529564509,-8.86155374778996,1.09336202328143));
#10995=CARTESIAN_POINT('',(18.8542529564509,-8.16155374778996,1.09336202328143));
#10996=CARTESIAN_POINT('',(18.8124970677999,-8.86155374778996,1.06936130950556));
#10997=CARTESIAN_POINT('',(18.8124970677999,-8.16155374778996,1.06936130950556));
#10998=CARTESIAN_POINT('',(18.786087360448,-8.86155374778996,1.02135988195381));
#10999=CARTESIAN_POINT('',(18.786087360448,-8.16155374778996,1.02135988195381));
#11000=CARTESIAN_POINT('',(18.9113550264009,-8.86155374778996,1.09336202328143));
#11001=CARTESIAN_POINT('',(18.9113550264009,-8.86155374778996,1.09336202328143));
#11002=CARTESIAN_POINT('',(18.9113550264009,-8.86155374778996,1.09336202328143));
#11003=CARTESIAN_POINT('',(18.8257019214758,-8.86155374778996,1.09336202328143));
#11004=CARTESIAN_POINT('',(18.786087360448,-8.86155374778996,1.02135988195381));
#11005=CARTESIAN_POINT('',(19.0277897159084,-8.86155374778996,1.04357615604374));
#11006=CARTESIAN_POINT('',(19.0277897159084,-8.16155374778996,1.04357615604374));
#11007=CARTESIAN_POINT('',(19.0026291163367,-8.86155374778996,1.0767667342022));
#11008=CARTESIAN_POINT('',(19.0026291163367,-8.16155374778996,1.0767667342022));
#11009=CARTESIAN_POINT('',(18.9638175531675,-8.86155374778996,1.09336202328143));
#11010=CARTESIAN_POINT('',(18.9638175531675,-8.16155374778996,1.09336202328143));
#11011=CARTESIAN_POINT('',(18.9113550264009,-8.86155374778996,1.09336202328143));
#11012=CARTESIAN_POINT('',(18.9113550264009,-8.16155374778996,1.09336202328143));
#11013=CARTESIAN_POINT('',(19.0277897159084,-8.86155374778996,1.04357615604374));
#11014=CARTESIAN_POINT('',(19.0277897159084,-8.86155374778996,1.04357615604374));
#11015=CARTESIAN_POINT('',(19.0277897159084,-8.86155374778996,1.04357615604374));
#11016=CARTESIAN_POINT('',(18.9900488165508,-8.86155374778996,1.09336202328143));
#11017=CARTESIAN_POINT('',(18.9113550264009,-8.86155374778996,1.09336202328143));
#11018=CARTESIAN_POINT('',(19.0773079171932,-8.86155374778996,0.903051530776077));
#11019=CARTESIAN_POINT('',(19.0773079171932,-8.16155374778996,0.903051530776077));
#11020=CARTESIAN_POINT('',(19.0694563825751,-8.86155374778996,0.963544036129396));
#11021=CARTESIAN_POINT('',(19.0694563825751,-8.16155374778996,0.963544036129396));
#11022=CARTESIAN_POINT('',(19.0529503154801,-8.86155374778996,1.01038557788528));
#11023=CARTESIAN_POINT('',(19.0529503154801,-8.16155374778996,1.01038557788528));
#11024=CARTESIAN_POINT('',(19.0277897159084,-8.86155374778996,1.04357615604374));
#11025=CARTESIAN_POINT('',(19.0277897159084,-8.16155374778996,1.04357615604374));
#11026=CARTESIAN_POINT('',(19.0773079171932,-8.86155374778996,0.903051530776077));
#11027=CARTESIAN_POINT('',(19.0773079171932,-8.86155374778996,0.903051530776077));
#11028=CARTESIAN_POINT('',(19.0773079171932,-8.86155374778996,0.903051530776077));
#11029=CARTESIAN_POINT('',(19.065530615266,-8.86155374778996,0.993790288806056));
#11030=CARTESIAN_POINT('',(19.0277897159084,-8.86155374778996,1.04357615604374));
#11031=CARTESIAN_POINT('',(19.0928325424609,-8.86155374778996,0.689186434416335));
#11032=CARTESIAN_POINT('',(19.0928325424609,-8.16155374778996,0.689186434416335));
#11033=CARTESIAN_POINT('',(19.0903343269005,-8.86155374778996,0.771270659969511));
#11034=CARTESIAN_POINT('',(19.0903343269005,-8.16155374778996,0.771270659969511));
#11035=CARTESIAN_POINT('',(19.0851594518113,-8.86155374778996,0.842559025422758));
#11036=CARTESIAN_POINT('',(19.0851594518113,-8.16155374778996,0.842559025422758));
#11037=CARTESIAN_POINT('',(19.0773079171932,-8.86155374778996,0.903051530776077));
#11038=CARTESIAN_POINT('',(19.0773079171932,-8.16155374778996,0.903051530776077));
#11039=CARTESIAN_POINT('',(19.0928325424609,-8.86155374778996,0.689186434416335));
#11040=CARTESIAN_POINT('',(19.0928325424609,-8.86155374778996,0.689186434416335));
#11041=CARTESIAN_POINT('',(19.0928325424609,-8.86155374778996,0.689186434416335));
#11042=CARTESIAN_POINT('',(19.0890852191204,-8.86155374778996,0.812312772746099));
#11043=CARTESIAN_POINT('',(19.0773079171932,-8.86155374778996,0.903051530776077));
#11044=CARTESIAN_POINT('',(19.3564835060583,-8.86155374778996,0.721574014716121));
#11045=CARTESIAN_POINT('',(19.6202301534117,-8.86155374778996,0.75397334906106));
#11046=CARTESIAN_POINT('',(19.6202301534117,-8.86155374778996,0.75397334906106));
#11047=CARTESIAN_POINT('',(19.3564835060583,-8.86155374778996,0.721574014716121));
#11048=CARTESIAN_POINT('',(18.0078698698935,-8.86155374778996,0.70373673128681));
#11049=CARTESIAN_POINT('',(19.5912265467435,-8.86155374778996,1.0127945714613));
#11050=CARTESIAN_POINT('',(19.5911944282989,-8.86155374778996,1.0127882418734));
#11051=CARTESIAN_POINT('',(18.0078698698935,-8.86155374778996,0.70373673128681));
#11052=CARTESIAN_POINT('',(18.7882573545521,-8.86155374778996,0.859430796168048));
#11053=CARTESIAN_POINT('',(19.4954021356086,-8.86155374778996,1.26975388623646));
#11054=CARTESIAN_POINT('',(19.4954021356086,-8.86155374778996,1.26975388623646));
#11055=CARTESIAN_POINT('',(18.7882573545521,-8.86155374778996,0.859430796168048));
#11056=CARTESIAN_POINT('',(19.2898346837885,-8.86155374778996,1.46675602756409));
#11057=CARTESIAN_POINT('',(19.2898346837885,-7.98959718406049,1.46675602756409));
#11058=CARTESIAN_POINT('',(19.380127331897,-8.86155374778996,1.41661327238921));
#11059=CARTESIAN_POINT('',(19.380127331897,-7.98959718406049,1.41661327238921));
#11060=CARTESIAN_POINT('',(19.448649815837,-8.86155374778996,1.35094589194667));
#11061=CARTESIAN_POINT('',(19.448649815837,-7.98959718406049,1.35094589194667));
#11062=CARTESIAN_POINT('',(19.4954021356086,-8.86155374778996,1.26975388623646));
#11063=CARTESIAN_POINT('',(19.4954021356086,-7.98959718406049,1.26975388623646));
#11064=CARTESIAN_POINT('',(19.4764933626497,-8.16155374778996,1.3));
#11065=CARTESIAN_POINT('',(19.4327401507959,-8.09692829951892,1.36462544827104));
#11066=CARTESIAN_POINT('',(19.369550937947,-8.03906702342454,1.42248672436543));
#11067=CARTESIAN_POINT('',(19.2898346837885,-7.99479772022588,1.46675602756409));
#11068=CARTESIAN_POINT('',(19.2898346837885,-7.99479772022588,1.46675602756409));
#11069=CARTESIAN_POINT('',(19.2898346837885,-8.86155374778996,1.46675602756409));
#11070=CARTESIAN_POINT('',(19.2898346837885,-8.86155374778996,1.46675602756409));
#11071=CARTESIAN_POINT('',(19.2898346837885,-8.86155374778996,1.46675602756409));
#11072=CARTESIAN_POINT('',(19.4252736559513,-8.86155374778996,1.39154189480177));
#11073=CARTESIAN_POINT('',(19.4954021356086,-8.86155374778996,1.26975388623646));
#11074=CARTESIAN_POINT('',(18.9316976388206,-8.86155374778996,1.5419701603264));
#11075=CARTESIAN_POINT('',(18.9316976388206,-7.9139317665016,1.5419701603264));
#11076=CARTESIAN_POINT('',(19.0801630206907,-8.86155374778996,1.5419701603264));
#11077=CARTESIAN_POINT('',(19.0801630206907,-7.9139317665016,1.5419701603264));
#11078=CARTESIAN_POINT('',(19.19954203568,-8.86155374778996,1.51689878273896));
#11079=CARTESIAN_POINT('',(19.19954203568,-7.9139317665016,1.51689878273896));
#11080=CARTESIAN_POINT('',(19.2898346837885,-8.86155374778996,1.46675602756409));
#11081=CARTESIAN_POINT('',(19.2898346837885,-7.9139317665016,1.46675602756409));
#11082=CARTESIAN_POINT('',(19.2898346837885,-7.99479772022588,1.46675602756409));
#11083=CARTESIAN_POINT('',(19.1892412377221,-7.93893456144196,1.52261918634801));
#11084=CARTESIAN_POINT('',(19.0590550320868,-7.91958358746357,1.5419701603264));
#11085=CARTESIAN_POINT('',(18.9316976388206,-7.91958358746357,1.5419701603264));
#11086=CARTESIAN_POINT('',(18.9316976388206,-7.91958358746357,1.5419701603264));
#11087=CARTESIAN_POINT('',(18.9316976388206,-8.86155374778996,1.5419701603264));
#11088=CARTESIAN_POINT('',(18.9316976388206,-8.86155374778996,1.5419701603264));
#11089=CARTESIAN_POINT('',(18.9316976388206,-8.86155374778996,1.5419701603264));
#11090=CARTESIAN_POINT('',(19.1543957116257,-8.86155374778996,1.5419701603264));
#11091=CARTESIAN_POINT('',(19.2898346837885,-8.86155374778996,1.46675602756409));
#11092=CARTESIAN_POINT('',(18.3629074889277,-8.86155374778996,1.35540699116152));
#11093=CARTESIAN_POINT('',(18.3629074889277,-7.9139317665016,1.35540699116152));
#11094=CARTESIAN_POINT('',(18.5022722283995,-8.86155374778996,1.47978243727144));
#11095=CARTESIAN_POINT('',(18.5022722283995,-7.9139317665016,1.47978243727144));
#11096=CARTESIAN_POINT('',(18.6918689450305,-8.86155374778996,1.5419701603264));
#11097=CARTESIAN_POINT('',(18.6918689450305,-7.9139317665016,1.5419701603264));
#11098=CARTESIAN_POINT('',(18.9316976388206,-8.86155374778996,1.5419701603264));
#11099=CARTESIAN_POINT('',(18.9316976388206,-7.9139317665016,1.5419701603264));
#11100=CARTESIAN_POINT('',(18.9316976388206,-7.91958358746357,1.5419701603264));
#11101=CARTESIAN_POINT('',(18.8225138032506,-7.91958358746357,1.5419701603264));
#11102=CARTESIAN_POINT('',(18.6590359374143,-7.93949485541977,1.52205889237019));
#11103=CARTESIAN_POINT('',(18.4719673625403,-8.02124782702606,1.4403059207639));
#11104=CARTESIAN_POINT('',(18.3968178448278,-8.07588360930146,1.3856701384885));
#11105=CARTESIAN_POINT('',(18.3629074889277,-8.10614675662845,1.35540699116152));
#11106=CARTESIAN_POINT('',(18.3629074889277,-8.10614675662845,1.35540699116152));
#11107=CARTESIAN_POINT('',(18.3629074889277,-8.86155374778996,1.35540699116152));
#11108=CARTESIAN_POINT('',(18.3629074889277,-8.86155374778996,1.35540699116152));
#11109=CARTESIAN_POINT('',(18.3629074889277,-8.86155374778996,1.35540699116152));
#11110=CARTESIAN_POINT('',(18.5719545981354,-8.86155374778996,1.5419701603264));
#11111=CARTESIAN_POINT('',(18.9316976388206,-8.86155374778996,1.5419701603264));
#11112=CARTESIAN_POINT('',(18.1538603797199,-8.86155374778996,0.81606009608657));
#11113=CARTESIAN_POINT('',(18.1538603797199,-8.10161431468148,0.81606009608657));
#11114=CARTESIAN_POINT('',(18.1538603797199,-8.86155374778996,1.05124924669328));
#11115=CARTESIAN_POINT('',(18.1538603797199,-8.10161431468148,1.05124924669328));
#11116=CARTESIAN_POINT('',(18.2235427494558,-8.86155374778996,1.23103154505159));
#11117=CARTESIAN_POINT('',(18.2235427494558,-8.10161431468148,1.23103154505159));
#11118=CARTESIAN_POINT('',(18.3629074889277,-8.86155374778996,1.35540699116152));
#11119=CARTESIAN_POINT('',(18.3629074889277,-8.10161431468148,1.35540699116152));
#11120=CARTESIAN_POINT('',(18.1538603797199,-8.86155374778996,0.81606009608657));
#11121=CARTESIAN_POINT('',(18.1538603797199,-8.86155374778996,0.81606009608657));
#11122=CARTESIAN_POINT('',(18.1538603797199,-8.86155374778996,0.81606009608657));
#11123=CARTESIAN_POINT('',(18.1538603797199,-8.86155374778996,1.16884382199663));
#11124=CARTESIAN_POINT('',(18.3629074889277,-8.86155374778996,1.35540699116152));
#11125=CARTESIAN_POINT('',(18.3629074889277,-8.10614675662845,1.35540699116152));
#11126=CARTESIAN_POINT('',(18.3431259732488,-8.1238006829129,1.33775306487707));
#11127=CARTESIAN_POINT('',(18.3250556231467,-8.1422940235528,1.31925972423715));
#11128=CARTESIAN_POINT('',(18.3085475640695,-8.16155374769303,1.30000000009692));
#11129=CARTESIAN_POINT('',(18.2617297587349,-8.86155374778996,0.396092216000917));
#11130=CARTESIAN_POINT('',(18.2617297587349,-8.16155374778996,0.396092216000917));
#11131=CARTESIAN_POINT('',(18.1898168393916,-8.86155374778996,0.509047248120831));
#11132=CARTESIAN_POINT('',(18.1898168393916,-8.16155374778996,0.509047248120831));
#11133=CARTESIAN_POINT('',(18.1538603797199,-8.86155374778996,0.649036541482715));
#11134=CARTESIAN_POINT('',(18.1538603797199,-8.16155374778996,0.649036541482715));
#11135=CARTESIAN_POINT('',(18.1538603797199,-8.86155374778996,0.81606009608657));
#11136=CARTESIAN_POINT('',(18.1538603797199,-8.16155374778996,0.81606009608657));
#11137=CARTESIAN_POINT('',(18.2617297587349,-8.86155374778996,0.396092216000917));
#11138=CARTESIAN_POINT('',(18.2617297587349,-8.86155374778996,0.396092216000917));
#11139=CARTESIAN_POINT('',(18.2617297587349,-8.86155374778996,0.396092216000917));
#11140=CARTESIAN_POINT('',(18.1538603797199,-8.86155374778996,0.565524764180788));
#11141=CARTESIAN_POINT('',(18.1538603797199,-8.86155374778996,0.81606009608657));
#11142=CARTESIAN_POINT('',(19.3888904738319,-8.86155374778996,1.11656792346008));
#11143=CARTESIAN_POINT('',(18.5275220499555,-8.86155374778996,0.0928266913756493));
#11144=CARTESIAN_POINT('',(18.5275520429407,-8.86155372278996,0.0928623382078392));
#11145=CARTESIAN_POINT('',(19.3888904738319,-8.86155374778996,1.11656792346008));
#11146=CARTESIAN_POINT('',(18.6474363968506,-8.86155374778996,-0.0115630302517573));
#11147=CARTESIAN_POINT('',(18.7673507437457,-8.86155374778996,-0.115952751879166));
#11148=CARTESIAN_POINT('',(18.7673507437457,-8.86155374778996,-0.115952751879166));
#11149=CARTESIAN_POINT('',(18.6474363968506,-8.86155374778996,-0.0115630302517573));
#11150=CARTESIAN_POINT('',(18.9897811505979,-8.86155374778996,-0.354175449951974));
#11151=CARTESIAN_POINT('',(18.9897811505979,-8.16155374778996,-0.354175449951974));
#11152=CARTESIAN_POINT('',(18.9349988522396,-8.86155374778996,-0.275303215833487));
#11153=CARTESIAN_POINT('',(18.9349988522396,-8.16155374778996,-0.275303215833487));
#11154=CARTESIAN_POINT('',(18.8608553832889,-8.86155374778996,-0.195895649809219));
#11155=CARTESIAN_POINT('',(18.8608553832889,-8.16155374778996,-0.195895649809219));
#11156=CARTESIAN_POINT('',(18.7673507437457,-8.86155374778996,-0.115952751879169));
#11157=CARTESIAN_POINT('',(18.7673507437457,-8.16155374778996,-0.115952751879169));
#11158=CARTESIAN_POINT('',(18.9897811505979,-8.86155374778996,-0.354175449951974));
#11159=CARTESIAN_POINT('',(18.9897811505979,-8.86155374778996,-0.354175449951974));
#11160=CARTESIAN_POINT('',(18.9897811505979,-8.86155374778996,-0.354175449951974));
#11161=CARTESIAN_POINT('',(18.9076077030604,-8.86155374778996,-0.235867098774244));
#11162=CARTESIAN_POINT('',(18.7673507437457,-8.86155374778996,-0.115952751879169));
#11163=CARTESIAN_POINT('',(19.0719545981354,-8.86155374778996,-0.643790010979811));
#11164=CARTESIAN_POINT('',(19.0719545981354,-8.16155374778996,-0.643790010979811));
#11165=CARTESIAN_POINT('',(19.0719545981354,-8.86155374778996,-0.52958587107974));
#11166=CARTESIAN_POINT('',(19.0719545981354,-8.16155374778996,-0.52958587107974));
#11167=CARTESIAN_POINT('',(19.0445634489562,-8.86155374778996,-0.433047684070461));
#11168=CARTESIAN_POINT('',(19.0445634489562,-8.16155374778996,-0.433047684070461));
#11169=CARTESIAN_POINT('',(18.9897811505979,-8.86155374778996,-0.354175449951974));
#11170=CARTESIAN_POINT('',(18.9897811505979,-8.16155374778996,-0.354175449951974));
#11171=CARTESIAN_POINT('',(19.0719545981354,-8.86155374778996,-0.643790010979811));
#11172=CARTESIAN_POINT('',(19.0719545981354,-8.86155374778996,-0.643790010979811));
#11173=CARTESIAN_POINT('',(19.0719545981354,-8.86155374778996,-0.643790010979811));
#11174=CARTESIAN_POINT('',(19.0719545981354,-8.86155374778996,-0.472483801129704));
#11175=CARTESIAN_POINT('',(18.9897811505979,-8.86155374778996,-0.354175449951974));
#11176=CARTESIAN_POINT('',(18.7390674894723,-8.86155374778996,-0.64492705427205));
#11177=CARTESIAN_POINT('',(19.0430466752232,-8.86155374778996,-0.780567312907006));
#11178=CARTESIAN_POINT('',(19.0430466752232,-8.86155374778996,-0.780567312907006));
#11179=CARTESIAN_POINT('',(18.7390674894723,-8.86155374778996,-0.64492705427205));
#11180=CARTESIAN_POINT('',(18.9177790092703,-8.86155374778996,-0.845610139459469));
#11181=CARTESIAN_POINT('',(18.9177790092703,-8.16155374778996,-0.845610139459469));
#11182=CARTESIAN_POINT('',(18.9820188379641,-8.86155374778996,-0.845610139459469));
#11183=CARTESIAN_POINT('',(18.9820188379641,-8.16155374778996,-0.845610139459469));
#11184=CARTESIAN_POINT('',(19.023774726615,-8.86155374778996,-0.823929197275315));
#11185=CARTESIAN_POINT('',(19.023774726615,-8.16155374778996,-0.823929197275315));
#11186=CARTESIAN_POINT('',(19.0430466752232,-8.86155374778996,-0.780567312907006));
#11187=CARTESIAN_POINT('',(19.0430466752232,-8.16155374778996,-0.780567312907006));
#11188=CARTESIAN_POINT('',(18.9177790092703,-8.86155374778996,-0.845610139459469));
#11189=CARTESIAN_POINT('',(18.9177790092703,-8.86155374778996,-0.845610139459469));
#11190=CARTESIAN_POINT('',(18.9177790092703,-8.86155374778996,-0.845610139459469));
#11191=CARTESIAN_POINT('',(19.0141387523109,-8.86155374778996,-0.845610139459469));
#11192=CARTESIAN_POINT('',(19.0430466752232,-8.86155374778996,-0.780567312907006));
#11193=CARTESIAN_POINT('',(18.7895670178356,-8.86155374778996,-0.797697933892017));
#11194=CARTESIAN_POINT('',(18.7895670178356,-8.16155374778996,-0.797697933892017));
#11195=CARTESIAN_POINT('',(18.8250773675858,-8.86155374778996,-0.829639404270318));
#11196=CARTESIAN_POINT('',(18.8250773675858,-8.16155374778996,-0.829639404270318));
#11197=CARTESIAN_POINT('',(18.867814698064,-8.86155374778996,-0.845610139459469));
#11198=CARTESIAN_POINT('',(18.867814698064,-8.16155374778996,-0.845610139459469));
#11199=CARTESIAN_POINT('',(18.9177790092703,-8.86155374778996,-0.845610139459469));
#11200=CARTESIAN_POINT('',(18.9177790092703,-8.16155374778996,-0.845610139459469));
#11201=CARTESIAN_POINT('',(18.7895670178356,-8.86155374778996,-0.797697933892017));
#11202=CARTESIAN_POINT('',(18.7895670178356,-8.86155374778996,-0.797697933892017));
#11203=CARTESIAN_POINT('',(18.7895670178356,-8.86155374778996,-0.797697933892017));
#11204=CARTESIAN_POINT('',(18.8428325424609,-8.86155374778996,-0.845610139459469));
#11205=CARTESIAN_POINT('',(18.9177790092703,-8.86155374778996,-0.845610139459469));
#11206=CARTESIAN_POINT('',(18.7071259043452,-8.86155374778996,-0.640310353592231));
#11207=CARTESIAN_POINT('',(18.7071259043452,-8.16155374778996,-0.640310353592231));
#11208=CARTESIAN_POINT('',(18.726576296922,-8.86155374778996,-0.71329393674712));
#11209=CARTESIAN_POINT('',(18.726576296922,-8.16155374778996,-0.71329393674712));
#11210=CARTESIAN_POINT('',(18.7540566680854,-8.86155374778996,-0.765756463513716));
#11211=CARTESIAN_POINT('',(18.7540566680854,-8.16155374778996,-0.765756463513716));
#11212=CARTESIAN_POINT('',(18.7895670178356,-8.86155374778996,-0.797697933892017));
#11213=CARTESIAN_POINT('',(18.7895670178356,-8.16155374778996,-0.797697933892017));
#11214=CARTESIAN_POINT('',(18.7071259043452,-8.86155374778996,-0.640310353592231));
#11215=CARTESIAN_POINT('',(18.7071259043452,-8.86155374778996,-0.640310353592231));
#11216=CARTESIAN_POINT('',(18.7071259043452,-8.86155374778996,-0.640310353592231));
#11217=CARTESIAN_POINT('',(18.7363014932103,-8.86155374778996,-0.749785728324565));
#11218=CARTESIAN_POINT('',(18.7895670178356,-8.86155374778996,-0.797697933892017));
#11219=CARTESIAN_POINT('',(18.6747383240454,-8.86155374778996,-0.352569454234629));
#11220=CARTESIAN_POINT('',(18.6747383240454,-8.16155374778996,-0.352569454234629));
#11221=CARTESIAN_POINT('',(18.6768796516686,-8.86155374778996,-0.471413137318141));
#11222=CARTESIAN_POINT('',(18.6768796516686,-8.16155374778996,-0.471413137318141));
#11223=CARTESIAN_POINT('',(18.6876755117685,-8.86155374778996,-0.567326770437342));
#11224=CARTESIAN_POINT('',(18.6876755117685,-8.16155374778996,-0.567326770437342));
#11225=CARTESIAN_POINT('',(18.7071259043452,-8.86155374778996,-0.640310353592231));
#11226=CARTESIAN_POINT('',(18.7071259043452,-8.16155374778996,-0.640310353592231));
#11227=CARTESIAN_POINT('',(18.6747383240454,-8.86155374778996,-0.352569454234629));
#11228=CARTESIAN_POINT('',(18.6747383240454,-8.86155374778996,-0.352569454234629));
#11229=CARTESIAN_POINT('',(18.6747383240454,-8.86155374778996,-0.352569454234629));
#11230=CARTESIAN_POINT('',(18.6779503154801,-8.86155374778996,-0.530834978859897));
#11231=CARTESIAN_POINT('',(18.7071259043452,-8.86155374778996,-0.640310353592231));
#11232=CARTESIAN_POINT('',(18.4126933561653,-8.86155374778996,-0.391916349309576));
#11233=CARTESIAN_POINT('',(18.1506483882853,-8.86155374778996,-0.431263244384522));
#11234=CARTESIAN_POINT('',(18.1506483882853,-8.86155374778996,-0.431263244384522));
#11235=CARTESIAN_POINT('',(18.4126933561653,-8.86155374778996,-0.391916349309576));
#11236=CARTESIAN_POINT('',(18.2499524568078,-8.86155374778996,-0.933136906054758));
#11237=CARTESIAN_POINT('',(18.2499524568078,-8.16155374778996,-0.933136906054758));
#11238=CARTESIAN_POINT('',(18.190530615266,-8.86155374778996,-0.804121916761396));
#11239=CARTESIAN_POINT('',(18.190530615266,-8.16155374778996,-0.804121916761396));
#11240=CARTESIAN_POINT('',(18.1574292590918,-8.86155374778996,-0.636830696204651));
#11241=CARTESIAN_POINT('',(18.1574292590918,-8.16155374778996,-0.636830696204651));
#11242=CARTESIAN_POINT('',(18.1506483882853,-8.86155374778996,-0.431263244384522));
#11243=CARTESIAN_POINT('',(18.1506483882853,-8.16155374778996,-0.431263244384522));
#11244=CARTESIAN_POINT('',(18.2499524568078,-8.86155374778996,-0.933136906054758));
#11245=CARTESIAN_POINT('',(18.2499524568078,-8.86155374778996,-0.933136906054758));
#11246=CARTESIAN_POINT('',(18.2499524568078,-8.86155374778996,-0.933136906054758));
#11247=CARTESIAN_POINT('',(18.1608196944951,-8.86155374778996,-0.739614422114715));
#11248=CARTESIAN_POINT('',(18.1506483882853,-8.86155374778996,-0.431263244384522));
#11249=CARTESIAN_POINT('',(18.5138710863581,-8.86155374778996,-1.21927180969501));
#11250=CARTESIAN_POINT('',(18.5138710863581,-8.16155374778996,-1.21927180969501));
#11251=CARTESIAN_POINT('',(18.3973471748663,-8.86155374778996,-1.15753019656154));
#11252=CARTESIAN_POINT('',(18.3973471748663,-8.16155374778996,-1.15753019656154));
#11253=CARTESIAN_POINT('',(18.3093742983495,-8.86155374778996,-1.06215189534812));
#11254=CARTESIAN_POINT('',(18.3093742983495,-8.16155374778996,-1.06215189534812));
#11255=CARTESIAN_POINT('',(18.2499524568078,-8.86155374778996,-0.933136906054758));
#11256=CARTESIAN_POINT('',(18.2499524568078,-8.16155374778996,-0.933136906054758));
#11257=CARTESIAN_POINT('',(18.5138710863581,-8.86155374778996,-1.21927180969501));
#11258=CARTESIAN_POINT('',(18.3390852191204,-8.86155374778996,-1.1266593899948));
#11259=CARTESIAN_POINT('',(18.2499524568078,-8.86155374778996,-0.933136906054758));
#11260=CARTESIAN_POINT('',(3.15662759542465,-8.86155374778996,0.));
#11261=CARTESIAN_POINT('',(7.362104491069,-8.86155374778996,-1.32205553560508));
#11262=CARTESIAN_POINT('',(7.362104491069,-8.16155374778996,-1.32205553560508));
#11263=CARTESIAN_POINT('',(7.16795745323888,-8.86155374778996,-1.32205553560508));
#11264=CARTESIAN_POINT('',(7.16795745323888,-8.16155374778996,-1.32205553560508));
#11265=CARTESIAN_POINT('',(7.01556630405972,-8.86155374778996,-1.28547452204334));
#11266=CARTESIAN_POINT('',(7.01556630405972,-8.16155374778996,-1.28547452204334));
#11267=CARTESIAN_POINT('',(6.90493104353153,-8.86155374778996,-1.21231249491985));
#11268=CARTESIAN_POINT('',(6.90493104353153,-8.16155374778996,-1.21231249491985));
#11269=CARTESIAN_POINT('',(7.362104491069,-8.86155374778996,-1.32205553560508));
#11270=CARTESIAN_POINT('',(7.362104491069,-8.86155374778996,-1.32205553560508));
#11271=CARTESIAN_POINT('',(7.362104491069,-8.86155374778996,-1.32205553560508));
#11272=CARTESIAN_POINT('',(7.07088393432382,-8.86155374778996,-1.32205553560508));
#11273=CARTESIAN_POINT('',(6.90493104353153,-8.86155374778996,-1.21231249491985));
#11274=CARTESIAN_POINT('',(6.90493104353153,-8.86155374778996,-1.21231249491985));
#11275=CARTESIAN_POINT('',(6.90493104353153,-8.86155374778996,-1.21231249491985));
#11276=CARTESIAN_POINT('',(7.80776830263217,-8.86155374778996,-1.21070649920251));
#11277=CARTESIAN_POINT('',(7.80776830263217,-8.16155374778996,-1.21070649920251));
#11278=CARTESIAN_POINT('',(7.69588393432382,-8.86155374778996,-1.28493919013756));
#11279=CARTESIAN_POINT('',(7.69588393432382,-8.16155374778996,-1.28493919013756));
#11280=CARTESIAN_POINT('',(7.54732933046943,-8.86155374778996,-1.32205553560508));
#11281=CARTESIAN_POINT('',(7.54732933046943,-8.16155374778996,-1.32205553560508));
#11282=CARTESIAN_POINT('',(7.362104491069,-8.86155374778996,-1.32205553560508));
#11283=CARTESIAN_POINT('',(7.362104491069,-8.16155374778996,-1.32205553560508));
#11284=CARTESIAN_POINT('',(7.80776830263217,-8.86155374778996,-1.21070649920251));
#11285=CARTESIAN_POINT('',(7.80776830263217,-8.86155374778996,-1.21070649920251));
#11286=CARTESIAN_POINT('',(7.80776830263217,-8.86155374778996,-1.21070649920251));
#11287=CARTESIAN_POINT('',(7.63994175016964,-8.86155374778996,-1.32205553560508));
#11288=CARTESIAN_POINT('',(7.362104491069,-8.86155374778996,-1.32205553560508));
#11289=CARTESIAN_POINT('',(8.04920299213966,-8.86155374778996,-0.903961317189661));
#11290=CARTESIAN_POINT('',(8.04920299213966,-8.16155374778996,-0.903961317189661));
#11291=CARTESIAN_POINT('',(8.00013090077636,-8.86155374778996,-1.03422541426318));
#11292=CARTESIAN_POINT('',(8.00013090077636,-8.16155374778996,-1.03422541426318));
#11293=CARTESIAN_POINT('',(7.91965267094052,-8.86155374778996,-1.13647380826746));
#11294=CARTESIAN_POINT('',(7.91965267094052,-8.16155374778996,-1.13647380826746));
#11295=CARTESIAN_POINT('',(7.80776830263217,-8.86155374778996,-1.21070649920251));
#11296=CARTESIAN_POINT('',(7.80776830263217,-8.16155374778996,-1.21070649920251));
#11297=CARTESIAN_POINT('',(8.04920299213966,-8.86155374778996,-0.903961317189661));
#11298=CARTESIAN_POINT('',(8.04920299213966,-8.86155374778996,-0.903961317189661));
#11299=CARTESIAN_POINT('',(8.04920299213966,-8.86155374778996,-0.903961317189661));
#11300=CARTESIAN_POINT('',(7.9755948550947,-8.86155374778996,-1.09935746279994));
#11301=CARTESIAN_POINT('',(7.80776830263217,-8.86155374778996,-1.21070649920251));
#11302=CARTESIAN_POINT('',(8.12281112918463,-8.86155374778996,-0.455353180144693));
#11303=CARTESIAN_POINT('',(8.12281112918463,-8.16155374778996,-0.455353180144693));
#11304=CARTESIAN_POINT('',(8.12281112918463,-8.86155374778996,-0.624161174434486));
#11305=CARTESIAN_POINT('',(8.12281112918463,-8.16155374778996,-0.624161174434486));
#11306=CARTESIAN_POINT('',(8.09827508350297,-8.86155374778996,-0.773697220116142));
#11307=CARTESIAN_POINT('',(8.09827508350297,-8.16155374778996,-0.773697220116142));
#11308=CARTESIAN_POINT('',(8.04920299213966,-8.86155374778996,-0.903961317189661));
#11309=CARTESIAN_POINT('',(8.04920299213966,-8.16155374778996,-0.903961317189661));
#11310=CARTESIAN_POINT('',(8.12281112918463,-8.86155374778996,-0.455353180144693));
#11311=CARTESIAN_POINT('',(8.12281112918463,-8.86155374778996,-0.455353180144693));
#11312=CARTESIAN_POINT('',(8.12281112918463,-8.86155374778996,-0.455353180144693));
#11313=CARTESIAN_POINT('',(8.12281112918463,-8.86155374778996,-0.708565171579383));
#11314=CARTESIAN_POINT('',(8.04920299213966,-8.86155374778996,-0.903961317189661));
#11315=CARTESIAN_POINT('',(8.07837858100476,-8.86155374778996,-0.128265385712145));
#11316=CARTESIAN_POINT('',(8.07837858100476,-8.16155374778996,-0.128265385712145));
#11317=CARTESIAN_POINT('',(8.10800027979134,-8.86155374778996,-0.213918490637199));
#11318=CARTESIAN_POINT('',(8.10800027979134,-8.16155374778996,-0.213918490637199));
#11319=CARTESIAN_POINT('',(8.12281112918463,-8.86155374778996,-0.322947755448048));
#11320=CARTESIAN_POINT('',(8.12281112918463,-8.16155374778996,-0.322947755448048));
#11321=CARTESIAN_POINT('',(8.12281112918463,-8.86155374778996,-0.455353180144693));
#11322=CARTESIAN_POINT('',(8.12281112918463,-8.16155374778996,-0.455353180144693));
#11323=CARTESIAN_POINT('',(8.07837858100476,-8.86155374778996,-0.128265385712145));
#11324=CARTESIAN_POINT('',(8.07837858100476,-8.86155374778996,-0.128265385712145));
#11325=CARTESIAN_POINT('',(8.07837858100476,-8.86155374778996,-0.128265385712145));
#11326=CARTESIAN_POINT('',(8.12281112918463,-8.86155374778996,-0.256745043099725));
#11327=CARTESIAN_POINT('',(8.12281112918463,-8.86155374778996,-0.455353180144693));
#11328=CARTESIAN_POINT('',(7.95685823839234,-8.86155374778996,0.0756960703906386));
#11329=CARTESIAN_POINT('',(7.95685823839234,-8.16155374778996,0.0756960703906386));
#11330=CARTESIAN_POINT('',(8.00825010134737,-8.86155374778996,0.0253748712471696));
#11331=CARTESIAN_POINT('',(8.00825010134737,-8.16155374778996,0.0253748712471696));
#11332=CARTESIAN_POINT('',(8.04875688221818,-8.86155374778996,-0.0426122807870917));
#11333=CARTESIAN_POINT('',(8.04875688221818,-8.16155374778996,-0.0426122807870917));
#11334=CARTESIAN_POINT('',(8.07837858100476,-8.86155374778996,-0.128265385712145));
#11335=CARTESIAN_POINT('',(8.07837858100476,-8.16155374778996,-0.128265385712145));
#11336=CARTESIAN_POINT('',(7.95685823839234,-8.86155374778996,0.0756960703906386));
#11337=CARTESIAN_POINT('',(7.95685823839234,-8.86155374778996,0.0756960703906386));
#11338=CARTESIAN_POINT('',(7.95685823839234,-8.86155374778996,0.0756960703906386));
#11339=CARTESIAN_POINT('',(8.03394603282489,-8.86155374778996,0.000214271675435043));
#11340=CARTESIAN_POINT('',(8.07837858100476,-8.86155374778996,-0.128265385712145));
#11341=CARTESIAN_POINT('',(7.78394603282489,-8.86155374778996,0.185439111075863));
#11342=CARTESIAN_POINT('',(7.78394603282489,-8.16155374778996,0.185439111075863));
#11343=CARTESIAN_POINT('',(7.84782897358149,-8.86155374778996,0.162598283095849));
#11344=CARTESIAN_POINT('',(7.84782897358149,-8.16155374778996,0.162598283095849));
#11345=CARTESIAN_POINT('',(7.90546637543731,-8.86155374778996,0.126017269534108));
#11346=CARTESIAN_POINT('',(7.90546637543731,-8.16155374778996,0.126017269534108));
#11347=CARTESIAN_POINT('',(7.95685823839234,-8.86155374778996,0.0756960703906386));
#11348=CARTESIAN_POINT('',(7.95685823839234,-8.16155374778996,0.0756960703906386));
#11349=CARTESIAN_POINT('',(7.78394603282489,-8.86155374778996,0.185439111075863));
#11350=CARTESIAN_POINT('',(7.78394603282489,-8.86155374778996,0.185439111075863));
#11351=CARTESIAN_POINT('',(7.78394603282489,-8.86155374778996,0.185439111075863));
#11352=CARTESIAN_POINT('',(7.87977044395979,-8.86155374778996,0.151177869105842));
#11353=CARTESIAN_POINT('',(7.95685823839234,-8.86155374778996,0.0756960703906386));
#11354=CARTESIAN_POINT('',(8.02350706066215,-8.86155374778996,0.387526905508412));
#11355=CARTESIAN_POINT('',(8.02350706066215,-8.16155374778996,0.387526905508412));
#11356=CARTESIAN_POINT('',(7.95730434831382,-8.86155374778996,0.277783864823187));
#11357=CARTESIAN_POINT('',(7.95730434831382,-8.16155374778996,0.277783864823187));
#11358=CARTESIAN_POINT('',(7.87745067236807,-8.86155374778996,0.210421266679004));
#11359=CARTESIAN_POINT('',(7.87745067236807,-8.16155374778996,0.210421266679004));
#11360=CARTESIAN_POINT('',(7.78394603282489,-8.86155374778996,0.185439111075863));
#11361=CARTESIAN_POINT('',(7.78394603282489,-8.16155374778996,0.185439111075863));
#11362=CARTESIAN_POINT('',(8.02350706066215,-8.86155374778996,0.387526905508412));
#11363=CARTESIAN_POINT('',(8.02350706066215,-8.86155374778996,0.387526905508412));
#11364=CARTESIAN_POINT('',(8.02350706066215,-8.86155374778996,0.387526905508412));
#11365=CARTESIAN_POINT('',(7.92420299213966,-8.86155374778996,0.222912344480574));
#11366=CARTESIAN_POINT('',(7.78394603282489,-8.86155374778996,0.185439111075863));
#11367=CARTESIAN_POINT('',(8.12281112918463,-8.86155374778996,0.795182151761088));
#11368=CARTESIAN_POINT('',(8.12281112918463,-8.16155374778996,0.795182151761088));
#11369=CARTESIAN_POINT('',(8.12281112918463,-8.86155374778996,0.633155028277862));
#11370=CARTESIAN_POINT('',(8.12281112918463,-8.16155374778996,0.633155028277862));
#11371=CARTESIAN_POINT('',(8.08970977301047,-8.86155374778996,0.497269946193636));
#11372=CARTESIAN_POINT('',(8.08970977301047,-8.16155374778996,0.497269946193636));
#11373=CARTESIAN_POINT('',(8.02350706066215,-8.86155374778996,0.387526905508412));
#11374=CARTESIAN_POINT('',(8.02350706066215,-8.16155374778996,0.387526905508412));
#11375=CARTESIAN_POINT('',(8.12281112918463,-8.86155374778996,0.795182151761088));
#11376=CARTESIAN_POINT('',(8.12281112918463,-8.86155374778996,0.795182151761088));
#11377=CARTESIAN_POINT('',(8.12281112918463,-8.86155374778996,0.795182151761088));
#11378=CARTESIAN_POINT('',(8.12281112918463,-8.86155374778996,0.552141466536249));
#11379=CARTESIAN_POINT('',(8.02350706066215,-8.86155374778996,0.387526905508412));
#11380=CARTESIAN_POINT('',(8.03046637543731,-8.86155374778996,1.20819071707158));
#11381=CARTESIAN_POINT('',(8.03046637543731,-8.16155374778996,1.20819071707158));
#11382=CARTESIAN_POINT('',(8.09202954460219,-8.86155374778996,1.09737701257479));
#11383=CARTESIAN_POINT('',(8.09202954460219,-8.16155374778996,1.09737701257479));
#11384=CARTESIAN_POINT('',(8.12281112918463,-8.86155374778996,0.959707490804629));
#11385=CARTESIAN_POINT('',(8.12281112918463,-8.16155374778996,0.959707490804629));
#11386=CARTESIAN_POINT('',(8.12281112918463,-8.86155374778996,0.795182151761088));
#11387=CARTESIAN_POINT('',(8.12281112918463,-8.16155374778996,0.795182151761088));
#11388=CARTESIAN_POINT('',(8.03046637543731,-8.86155374778996,1.20819071707158));
#11389=CARTESIAN_POINT('',(8.03046637543731,-8.86155374778996,1.20819071707158));
#11390=CARTESIAN_POINT('',(8.03046637543731,-8.86155374778996,1.20819071707158));
#11391=CARTESIAN_POINT('',(8.12281112918463,-8.86155374778996,1.0419701603264));
#11392=CARTESIAN_POINT('',(8.12281112918463,-8.86155374778996,0.795182151761088));
#11393=CARTESIAN_POINT('',(7.76681541183988,-8.86155374778996,1.46006437874182));
#11394=CARTESIAN_POINT('',(7.76681541183988,-7.99632898277569,1.46006437874182));
#11395=CARTESIAN_POINT('',(7.88101955173995,-8.86155374778996,1.40296230879178));
#11396=CARTESIAN_POINT('',(7.88101955173995,-7.99632898277569,1.40296230879178));
#11397=CARTESIAN_POINT('',(7.96890320627242,-8.86155374778996,1.31900442156837));
#11398=CARTESIAN_POINT('',(7.96890320627242,-7.99632898277569,1.31900442156837));
#11399=CARTESIAN_POINT('',(8.03046637543731,-8.86155374778996,1.20819071707158));
#11400=CARTESIAN_POINT('',(8.03046637543731,-7.99632898277569,1.20819071707158));
#11401=CARTESIAN_POINT('',(7.96850108791015,-8.16155374778996,1.3));
#11402=CARTESIAN_POINT('',(7.91745866001689,-8.0988819312538,1.36267181653616));
#11403=CARTESIAN_POINT('',(7.8504218262376,-8.04329257624701,1.41826117154296));
#11404=CARTESIAN_POINT('',(7.76681541183988,-8.00148936904815,1.46006437874182));
#11405=CARTESIAN_POINT('',(7.76681541183988,-8.00148936904815,1.46006437874182));
#11406=CARTESIAN_POINT('',(7.76681541183988,-8.86155374778996,1.46006437874182));
#11407=CARTESIAN_POINT('',(7.76681541183988,-8.86155374778996,1.46006437874182));
#11408=CARTESIAN_POINT('',(7.76681541183988,-8.86155374778996,1.46006437874182));
#11409=CARTESIAN_POINT('',(7.93812162168998,-8.86155374778996,1.37441127381676));
#11410=CARTESIAN_POINT('',(8.03046637543731,-8.86155374778996,1.20819071707158));
#11411=CARTESIAN_POINT('',(7.35568050819962,-8.86155374778996,1.54571748366687));
#11412=CARTESIAN_POINT('',(7.35568050819962,-7.91016195922109,1.54571748366687));
#11413=CARTESIAN_POINT('',(7.51556630405972,-8.86155374778996,1.54571748366687));
#11414=CARTESIAN_POINT('',(7.51556630405972,-7.91016195922109,1.54571748366687));
#11415=CARTESIAN_POINT('',(7.65261127193981,-8.86155374778996,1.51716644869185));
#11416=CARTESIAN_POINT('',(7.65261127193981,-7.91016195922109,1.51716644869185));
#11417=CARTESIAN_POINT('',(7.76681541183988,-8.86155374778996,1.46006437874182));
#11418=CARTESIAN_POINT('',(7.76681541183988,-7.91016195922109,1.46006437874182));
#11419=CARTESIAN_POINT('',(7.76681541183988,-8.00148936904815,1.46006437874182));
#11420=CARTESIAN_POINT('',(7.70725674562933,-7.97171003594288,1.48984371184709));
#11421=CARTESIAN_POINT('',(7.57340417173238,-7.92757068394518,1.53398306384478));
#11422=CARTESIAN_POINT('',(7.42848282861782,-7.91583626412309,1.54571748366687));
#11423=CARTESIAN_POINT('',(7.35568050819962,-7.91583626412309,1.54571748366687));
#11424=CARTESIAN_POINT('',(7.35568050819962,-7.91583626412309,1.54571748366687));
#11425=CARTESIAN_POINT('',(7.35568050819962,-8.86155374778996,1.54571748366687));
#11426=CARTESIAN_POINT('',(7.35568050819962,-8.86155374778996,1.54571748366687));
#11427=CARTESIAN_POINT('',(7.35568050819962,-8.86155374778996,1.54571748366687));
#11428=CARTESIAN_POINT('',(7.59550920198977,-8.86155374778996,1.54571748366687));
#11429=CARTESIAN_POINT('',(7.76681541183988,-8.86155374778996,1.46006437874182));
#11430=CARTESIAN_POINT('',(6.9493635917114,-8.86155374778996,1.45658472135424));
#11431=CARTESIAN_POINT('',(6.9493635917114,-7.91016195922109,1.45658472135424));
#11432=CARTESIAN_POINT('',(7.06249706779991,-8.86155374778996,1.51600656289599));
#11433=CARTESIAN_POINT('',(7.06249706779991,-7.91016195922109,1.51600656289599));
#11434=CARTESIAN_POINT('',(7.19793603996265,-8.86155374778996,1.54571748366687));
#11435=CARTESIAN_POINT('',(7.19793603996265,-7.91016195922109,1.54571748366687));
#11436=CARTESIAN_POINT('',(7.35568050819962,-8.86155374778996,1.54571748366687));
#11437=CARTESIAN_POINT('',(7.35568050819962,-7.91016195922109,1.54571748366687));
#11438=CARTESIAN_POINT('',(7.35568050819962,-7.91583626412309,1.54571748366687));
#11439=CARTESIAN_POINT('',(7.21066169907767,-7.91583626412309,1.54571748366687));
#11440=CARTESIAN_POINT('',(7.06586877318737,-7.94377624184346,1.51777750594651));
#11441=CARTESIAN_POINT('',(6.9493635917114,-8.00496902643573,1.45658472135424));
#11442=CARTESIAN_POINT('',(6.9493635917114,-8.00496902643573,1.45658472135424));
#11443=CARTESIAN_POINT('',(6.9493635917114,-8.86155374778996,1.45658472135424));
#11444=CARTESIAN_POINT('',(6.9493635917114,-8.86155374778996,1.45658472135424));
#11445=CARTESIAN_POINT('',(6.9493635917114,-8.86155374778996,1.45658472135424));
#11446=CARTESIAN_POINT('',(7.11906380584416,-8.86155374778996,1.54571748366687));
#11447=CARTESIAN_POINT('',(7.35568050819962,-8.86155374778996,1.54571748366687));
#11448=CARTESIAN_POINT('',(6.68892461954866,-8.86155374778996,1.19453975347415));
#11449=CARTESIAN_POINT('',(6.68892461954866,-7.9998295181076,1.19453975347415));
#11450=CARTESIAN_POINT('',(6.74941712490198,-8.86155374778996,1.30981455718578));
#11451=CARTESIAN_POINT('',(6.74941712490198,-7.9998295181076,1.30981455718578));
#11452=CARTESIAN_POINT('',(6.83623011562289,-8.86155374778996,1.39716287981248));
#11453=CARTESIAN_POINT('',(6.83623011562289,-7.9998295181076,1.39716287981248));
#11454=CARTESIAN_POINT('',(6.9493635917114,-8.86155374778996,1.45658472135424));
#11455=CARTESIAN_POINT('',(6.9493635917114,-7.9998295181076,1.45658472135424));
#11456=CARTESIAN_POINT('',(6.68892461954866,-8.86155374778996,1.19453975347415));
#11457=CARTESIAN_POINT('',(6.68892461954866,-8.86155374778996,1.19453975347415));
#11458=CARTESIAN_POINT('',(6.68892461954866,-8.86155374778996,1.19453975347415));
#11459=CARTESIAN_POINT('',(6.77966337757864,-8.86155374778996,1.3674519590416));
#11460=CARTESIAN_POINT('',(6.9493635917114,-8.86155374778996,1.45658472135424));
#11461=CARTESIAN_POINT('',(6.9493635917114,-8.00496902643573,1.45658472135424));
#11462=CARTESIAN_POINT('',(6.86995082526754,-8.04667951732817,1.4148742304618));
#11463=CARTESIAN_POINT('',(6.80667492148559,-8.10086515090286,1.3606885968871));
#11464=CARTESIAN_POINT('',(6.75778274680358,-8.16155374773905,1.30000000005091));
#11465=CARTESIAN_POINT('',(6.59818586151868,-8.86155374778996,0.771092216000917));
#11466=CARTESIAN_POINT('',(6.59818586151868,-8.16155374778996,0.771092216000917));
#11467=CARTESIAN_POINT('',(6.59818586151868,-8.86155374778996,0.938115770604771));
#11468=CARTESIAN_POINT('',(6.59818586151868,-8.16155374778996,0.938115770604771));
#11469=CARTESIAN_POINT('',(6.62843211419534,-8.86155374778996,1.07926494976252));
#11470=CARTESIAN_POINT('',(6.62843211419534,-8.16155374778996,1.07926494976252));
#11471=CARTESIAN_POINT('',(6.68892461954866,-8.86155374778996,1.19453975347415));
#11472=CARTESIAN_POINT('',(6.68892461954866,-8.16155374778996,1.19453975347415));
#11473=CARTESIAN_POINT('',(6.59818586151868,-8.86155374778996,0.771092216000917));
#11474=CARTESIAN_POINT('',(6.59818586151868,-8.86155374778996,0.771092216000917));
#11475=CARTESIAN_POINT('',(6.59818586151868,-8.86155374778996,0.771092216000917));
#11476=CARTESIAN_POINT('',(6.59818586151868,-8.86155374778996,1.0216275479067));
#11477=CARTESIAN_POINT('',(6.68892461954866,-8.86155374778996,1.19453975347415));
#11478=CARTESIAN_POINT('',(6.59818586151868,-8.86155374778996,0.687312772746099));
#11479=CARTESIAN_POINT('',(6.59818586151868,-8.86155374778996,0.603533329491281));
#11480=CARTESIAN_POINT('',(6.59818586151868,-8.86155374778996,0.603533329491281));
#11481=CARTESIAN_POINT('',(6.59818586151868,-8.86155374778996,0.687312772746099));
#11482=CARTESIAN_POINT('',(6.88432076515893,-8.86155374778996,0.603533329491281));
#11483=CARTESIAN_POINT('',(7.17045566879919,-8.86155374778996,0.603533329491281));
#11484=CARTESIAN_POINT('',(7.17045566879919,-8.86155374778996,0.603533329491281));
#11485=CARTESIAN_POINT('',(6.88432076515893,-8.86155374778996,0.603533329491281));
#11486=CARTESIAN_POINT('',(7.17045566879919,-8.86155374778996,0.640671980454878));
#11487=CARTESIAN_POINT('',(7.17045566879919,-8.86155374778996,0.747537612146527));
#11488=CARTESIAN_POINT('',(7.17045566879919,-8.86155374778996,0.747537612146527));
#11489=CARTESIAN_POINT('',(7.17045566879919,-8.86155374778996,0.640671980454878));
#11490=CARTESIAN_POINT('',(7.20632290648656,-8.86155374778996,0.994057954758947));
#11491=CARTESIAN_POINT('',(7.20632290648656,-8.16155374778996,0.994057954758947));
#11492=CARTESIAN_POINT('',(7.18241141469498,-8.86155374778996,0.929996570033751));
#11493=CARTESIAN_POINT('',(7.18241141469498,-8.16155374778996,0.929996570033751));
#11494=CARTESIAN_POINT('',(7.17045566879919,-8.86155374778996,0.847823122496278));
#11495=CARTESIAN_POINT('',(7.17045566879919,-8.16155374778996,0.847823122496278));
#11496=CARTESIAN_POINT('',(7.17045566879919,-8.86155374778996,0.747537612146527));
#11497=CARTESIAN_POINT('',(7.17045566879919,-8.16155374778996,0.747537612146527));
#11498=CARTESIAN_POINT('',(7.20632290648656,-8.86155374778996,0.994057954758947));
#11499=CARTESIAN_POINT('',(7.20632290648656,-8.86155374778996,0.994057954758947));
#11500=CARTESIAN_POINT('',(7.20632290648656,-8.86155374778996,0.994057954758947));
#11501=CARTESIAN_POINT('',(7.17045566879919,-8.86155374778996,0.897965877671153));
#11502=CARTESIAN_POINT('',(7.17045566879919,-8.86155374778996,0.747537612146527));
#11503=CARTESIAN_POINT('',(7.35568050819962,-8.86155374778996,1.09015003184674));
#11504=CARTESIAN_POINT('',(7.35568050819962,-8.16155374778996,1.09015003184674));
#11505=CARTESIAN_POINT('',(7.28002026551582,-8.86155374778996,1.09015003184674));
#11506=CARTESIAN_POINT('',(7.28002026551582,-8.16155374778996,1.09015003184674));
#11507=CARTESIAN_POINT('',(7.23023439827813,-8.86155374778996,1.05811933948414));
#11508=CARTESIAN_POINT('',(7.23023439827813,-8.16155374778996,1.05811933948414));
#11509=CARTESIAN_POINT('',(7.20632290648656,-8.86155374778996,0.994057954758947));
#11510=CARTESIAN_POINT('',(7.20632290648656,-8.16155374778996,0.994057954758947));
#11511=CARTESIAN_POINT('',(7.35568050819962,-8.86155374778996,1.09015003184674));
#11512=CARTESIAN_POINT('',(7.35568050819962,-8.86155374778996,1.09015003184674));
#11513=CARTESIAN_POINT('',(7.35568050819962,-8.86155374778996,1.09015003184674));
#11514=CARTESIAN_POINT('',(7.24219014417392,-8.86155374778996,1.09015003184674));
#11515=CARTESIAN_POINT('',(7.20632290648656,-8.86155374778996,0.994057954758947));
#11516=CARTESIAN_POINT('',(7.51467408421675,-8.86155374778996,1.00449692692169));
#11517=CARTESIAN_POINT('',(7.51467408421675,-8.16155374778996,1.00449692692169));
#11518=CARTESIAN_POINT('',(7.48612304924174,-8.86155374778996,1.06159899687172));
#11519=CARTESIAN_POINT('',(7.48612304924174,-8.16155374778996,1.06159899687172));
#11520=CARTESIAN_POINT('',(7.43312519056936,-8.86155374778996,1.09015003184674));
#11521=CARTESIAN_POINT('',(7.43312519056936,-8.16155374778996,1.09015003184674));
#11522=CARTESIAN_POINT('',(7.35568050819962,-8.86155374778996,1.09015003184674));
#11523=CARTESIAN_POINT('',(7.35568050819962,-8.16155374778996,1.09015003184674));
#11524=CARTESIAN_POINT('',(7.51467408421675,-8.86155374778996,1.00449692692169));
#11525=CARTESIAN_POINT('',(7.51467408421675,-8.86155374778996,1.00449692692169));
#11526=CARTESIAN_POINT('',(7.51467408421675,-8.86155374778996,1.00449692692169));
#11527=CARTESIAN_POINT('',(7.47184753175423,-8.86155374778996,1.09015003184674));
#11528=CARTESIAN_POINT('',(7.35568050819962,-8.86155374778996,1.09015003184674));
#11529=CARTESIAN_POINT('',(7.55750063667928,-8.86155374778996,0.757708918356377));
#11530=CARTESIAN_POINT('',(7.55750063667928,-8.16155374778996,0.757708918356377));
#11531=CARTESIAN_POINT('',(7.55750063667928,-8.86155374778996,0.865132187449882));
#11532=CARTESIAN_POINT('',(7.55750063667928,-8.16155374778996,0.865132187449882));
#11533=CARTESIAN_POINT('',(7.54322511919177,-8.86155374778996,0.947394856971652));
#11534=CARTESIAN_POINT('',(7.54322511919177,-8.16155374778996,0.947394856971652));
#11535=CARTESIAN_POINT('',(7.51467408421675,-8.86155374778996,1.00449692692169));
#11536=CARTESIAN_POINT('',(7.51467408421675,-8.16155374778996,1.00449692692169));
#11537=CARTESIAN_POINT('',(7.55750063667928,-8.86155374778996,0.757708918356377));
#11538=CARTESIAN_POINT('',(7.55750063667928,-8.86155374778996,0.757708918356377));
#11539=CARTESIAN_POINT('',(7.55750063667928,-8.86155374778996,0.757708918356377));
#11540=CARTESIAN_POINT('',(7.55750063667928,-8.86155374778996,0.918843821996634));
#11541=CARTESIAN_POINT('',(7.51467408421675,-8.86155374778996,1.00449692692169));
#11542=CARTESIAN_POINT('',(7.4959374675144,-8.86155374778996,0.449090074673294));
#11543=CARTESIAN_POINT('',(7.4959374675144,-8.16155374778996,0.449090074673294));
#11544=CARTESIAN_POINT('',(7.53697958029099,-8.86155374778996,0.515292787021617));
#11545=CARTESIAN_POINT('',(7.53697958029099,-8.16155374778996,0.515292787021617));
#11546=CARTESIAN_POINT('',(7.55750063667928,-8.86155374778996,0.618165734915978));
#11547=CARTESIAN_POINT('',(7.55750063667928,-8.16155374778996,0.618165734915978));
#11548=CARTESIAN_POINT('',(7.55750063667928,-8.86155374778996,0.757708918356377));
#11549=CARTESIAN_POINT('',(7.55750063667928,-8.16155374778996,0.757708918356377));
#11550=CARTESIAN_POINT('',(7.4959374675144,-8.86155374778996,0.449090074673294));
#11551=CARTESIAN_POINT('',(7.4959374675144,-8.86155374778996,0.449090074673294));
#11552=CARTESIAN_POINT('',(7.4959374675144,-8.86155374778996,0.449090074673294));
#11553=CARTESIAN_POINT('',(7.55750063667928,-8.86155374778996,0.548394143195778));
#11554=CARTESIAN_POINT('',(7.55750063667928,-8.86155374778996,0.757708918356377));
#11555=CARTESIAN_POINT('',(7.25289678228956,-8.86155374778996,0.34978600615081));
#11556=CARTESIAN_POINT('',(7.25289678228956,-8.16155374778996,0.34978600615081));
#11557=CARTESIAN_POINT('',(7.37388179299619,-8.86155374778996,0.34978600615081));
#11558=CARTESIAN_POINT('',(7.37388179299619,-8.16155374778996,0.34978600615081));
#11559=CARTESIAN_POINT('',(7.45489535473781,-8.86155374778996,0.382887362324971));
#11560=CARTESIAN_POINT('',(7.45489535473781,-8.16155374778996,0.382887362324971));
#11561=CARTESIAN_POINT('',(7.4959374675144,-8.86155374778996,0.449090074673294));
#11562=CARTESIAN_POINT('',(7.4959374675144,-8.16155374778996,0.449090074673294));
#11563=CARTESIAN_POINT('',(7.25289678228956,-8.86155374778996,0.34978600615081));
#11564=CARTESIAN_POINT('',(7.25289678228956,-8.86155374778996,0.34978600615081));
#11565=CARTESIAN_POINT('',(7.25289678228956,-8.86155374778996,0.34978600615081));
#11566=CARTESIAN_POINT('',(7.43437429834951,-8.86155374778996,0.34978600615081));
#11567=CARTESIAN_POINT('',(7.4959374675144,-8.86155374778996,0.449090074673294));
#11568=CARTESIAN_POINT('',(7.23128275659362,-8.86155374778996,0.34978600615081));
#11569=CARTESIAN_POINT('',(7.16028436258934,-8.86155374778996,0.34978600615081));
#11570=CARTESIAN_POINT('',(7.16028436258934,-8.86155374778996,0.34978600615081));
#11571=CARTESIAN_POINT('',(7.23128275659362,-8.86155374778996,0.34978600615081));
#11572=CARTESIAN_POINT('',(7.16028436258934,-8.86155374778996,0.152783864823187));
#11573=CARTESIAN_POINT('',(7.16028436258934,-8.86155374778996,-0.0442182765044364));
#11574=CARTESIAN_POINT('',(7.16028436258934,-8.86155374778996,-0.0442182765044364));
#11575=CARTESIAN_POINT('',(7.16028436258934,-8.86155374778996,0.152783864823187));
#11576=CARTESIAN_POINT('',(7.19454560455936,-8.86155374778996,-0.0442182765044364));
#11577=CARTESIAN_POINT('',(7.2662800799341,-8.86155374778996,-0.0442182765044364));
#11578=CARTESIAN_POINT('',(7.2662800799341,-8.86155374778996,-0.0442182765044364));
#11579=CARTESIAN_POINT('',(7.19454560455936,-8.86155374778996,-0.0442182765044364));
#11580=CARTESIAN_POINT('',(7.50102312061932,-8.86155374778996,-0.155299646954115));
#11581=CARTESIAN_POINT('',(7.50102312061932,-8.16155374778996,-0.155299646954115));
#11582=CARTESIAN_POINT('',(7.46337144324601,-8.86155374778996,-0.083386727610789));
#11583=CARTESIAN_POINT('',(7.46337144324601,-8.16155374778996,-0.083386727610789));
#11584=CARTESIAN_POINT('',(7.3851237630176,-8.86155374778996,-0.0463596041275628));
#11585=CARTESIAN_POINT('',(7.3851237630176,-8.16155374778996,-0.0463596041275628));
#11586=CARTESIAN_POINT('',(7.2662800799341,-8.86155374778996,-0.0442182765044364));
#11587=CARTESIAN_POINT('',(7.2662800799341,-8.16155374778996,-0.0442182765044364));
#11588=CARTESIAN_POINT('',(7.50102312061932,-8.86155374778996,-0.155299646954115));
#11589=CARTESIAN_POINT('',(7.50102312061932,-8.86155374778996,-0.155299646954115));
#11590=CARTESIAN_POINT('',(7.50102312061932,-8.86155374778996,-0.155299646954115));
#11591=CARTESIAN_POINT('',(7.44454560455936,-8.86155374778996,-0.047430267939126));
#11592=CARTESIAN_POINT('',(7.2662800799341,-8.86155374778996,-0.0442182765044364));
#11593=CARTESIAN_POINT('',(7.55750063667928,-8.86155374778996,-0.468736477789233));
#11594=CARTESIAN_POINT('',(7.55750063667928,-8.16155374778996,-0.468736477789233));
#11595=CARTESIAN_POINT('',(7.55750063667928,-8.86155374778996,-0.331691509909147));
#11596=CARTESIAN_POINT('',(7.55750063667928,-8.16155374778996,-0.331691509909147));
#11597=CARTESIAN_POINT('',(7.53867479799263,-8.86155374778996,-0.227212566297441));
#11598=CARTESIAN_POINT('',(7.53867479799263,-8.16155374778996,-0.227212566297441));
#11599=CARTESIAN_POINT('',(7.50102312061932,-8.86155374778996,-0.155299646954115));
#11600=CARTESIAN_POINT('',(7.50102312061932,-8.16155374778996,-0.155299646954115));
#11601=CARTESIAN_POINT('',(7.55750063667928,-8.86155374778996,-0.468736477789233));
#11602=CARTESIAN_POINT('',(7.55750063667928,-8.86155374778996,-0.468736477789233));
#11603=CARTESIAN_POINT('',(7.55750063667928,-8.86155374778996,-0.468736477789233));
#11604=CARTESIAN_POINT('',(7.55750063667928,-8.86155374778996,-0.263169025969105));
#11605=CARTESIAN_POINT('',(7.50102312061932,-8.86155374778996,-0.155299646954115));
#11606=CARTESIAN_POINT('',(7.54384967308185,-8.86155374778996,-0.674571595562252));
#11607=CARTESIAN_POINT('',(7.54384967308185,-8.16155374778996,-0.674571595562252));
#11608=CARTESIAN_POINT('',(7.55295031548014,-8.86155374778996,-0.619789297203937));
#11609=CARTESIAN_POINT('',(7.55295031548014,-8.16155374778996,-0.619789297203937));
#11610=CARTESIAN_POINT('',(7.55750063667928,-8.86155374778996,-0.551177591279597));
#11611=CARTESIAN_POINT('',(7.55750063667928,-8.16155374778996,-0.551177591279597));
#11612=CARTESIAN_POINT('',(7.55750063667928,-8.86155374778996,-0.468736477789233));
#11613=CARTESIAN_POINT('',(7.55750063667928,-8.16155374778996,-0.468736477789233));
#11614=CARTESIAN_POINT('',(7.54384967308185,-8.86155374778996,-0.674571595562252));
#11615=CARTESIAN_POINT('',(7.54384967308185,-8.86155374778996,-0.674571595562252));
#11616=CARTESIAN_POINT('',(7.54384967308185,-8.86155374778996,-0.674571595562252));
#11617=CARTESIAN_POINT('',(7.55750063667928,-8.86155374778996,-0.592398148024779));
#11618=CARTESIAN_POINT('',(7.55750063667928,-8.86155374778996,-0.468736477789233));
#11619=CARTESIAN_POINT('',(7.49085181440947,-8.86155374778996,-0.797965599844908));
#11620=CARTESIAN_POINT('',(7.49085181440947,-8.16155374778996,-0.797965599844908));
#11621=CARTESIAN_POINT('',(7.51708307779277,-8.86155374778996,-0.770485228681453));
#11622=CARTESIAN_POINT('',(7.51708307779277,-8.16155374778996,-0.770485228681453));
#11623=CARTESIAN_POINT('',(7.53474903068356,-8.86155374778996,-0.729353893920568));
#11624=CARTESIAN_POINT('',(7.53474903068356,-8.16155374778996,-0.729353893920568));
#11625=CARTESIAN_POINT('',(7.54384967308185,-8.86155374778996,-0.674571595562252));
#11626=CARTESIAN_POINT('',(7.54384967308185,-8.16155374778996,-0.674571595562252));
#11627=CARTESIAN_POINT('',(7.49085181440947,-8.86155374778996,-0.797965599844908));
#11628=CARTESIAN_POINT('',(7.49085181440947,-8.86155374778996,-0.797965599844908));
#11629=CARTESIAN_POINT('',(7.49085181440947,-8.86155374778996,-0.797965599844908));
#11630=CARTESIAN_POINT('',(7.53019870948442,-8.86155374778996,-0.756745043099726));
#11631=CARTESIAN_POINT('',(7.54384967308185,-8.86155374778996,-0.674571595562252));
#11632=CARTESIAN_POINT('',(7.37281112918463,-8.86155374778996,-0.83918615659009));
#11633=CARTESIAN_POINT('',(7.37281112918463,-8.16155374778996,-0.83918615659009));
#11634=CARTESIAN_POINT('',(7.42527365595122,-8.86155374778996,-0.83918615659009));
#11635=CARTESIAN_POINT('',(7.42527365595122,-8.16155374778996,-0.83918615659009));
#11636=CARTESIAN_POINT('',(7.46462055102617,-8.86155374778996,-0.825445971008363));
#11637=CARTESIAN_POINT('',(7.46462055102617,-8.16155374778996,-0.825445971008363));
#11638=CARTESIAN_POINT('',(7.49085181440947,-8.86155374778996,-0.797965599844908));
#11639=CARTESIAN_POINT('',(7.49085181440947,-8.16155374778996,-0.797965599844908));
#11640=CARTESIAN_POINT('',(7.37281112918463,-8.86155374778996,-0.83918615659009));
#11641=CARTESIAN_POINT('',(7.37281112918463,-8.86155374778996,-0.83918615659009));
#11642=CARTESIAN_POINT('',(7.37281112918463,-8.86155374778996,-0.83918615659009));
#11643=CARTESIAN_POINT('',(7.45150491933452,-8.86155374778996,-0.83918615659009));
#11644=CARTESIAN_POINT('',(7.49085181440947,-8.86155374778996,-0.797965599844908));
#11645=CARTESIAN_POINT('',(7.24914945894908,-8.86155374778996,-0.799571595562252));
#11646=CARTESIAN_POINT('',(7.24914945894908,-8.16155374778996,-0.799571595562252));
#11647=CARTESIAN_POINT('',(7.27877115773567,-8.86155374778996,-0.825981302914144));
#11648=CARTESIAN_POINT('',(7.27877115773567,-8.16155374778996,-0.825981302914144));
#11649=CARTESIAN_POINT('',(7.31999171448085,-8.86155374778996,-0.83918615659009));
#11650=CARTESIAN_POINT('',(7.31999171448085,-8.16155374778996,-0.83918615659009));
#11651=CARTESIAN_POINT('',(7.37281112918463,-8.86155374778996,-0.83918615659009));
#11652=CARTESIAN_POINT('',(7.37281112918463,-8.16155374778996,-0.83918615659009));
#11653=CARTESIAN_POINT('',(7.24914945894908,-8.86155374778996,-0.799571595562252));
#11654=CARTESIAN_POINT('',(7.24914945894908,-8.86155374778996,-0.799571595562252));
#11655=CARTESIAN_POINT('',(7.24914945894908,-8.86155374778996,-0.799571595562252));
#11656=CARTESIAN_POINT('',(7.29358200712896,-8.86155374778996,-0.83918615659009));
#11657=CARTESIAN_POINT('',(7.37281112918463,-8.86155374778996,-0.83918615659009));
#11658=CARTESIAN_POINT('',(7.1875862897842,-8.86155374778996,-0.674303929609362));
#11659=CARTESIAN_POINT('',(7.1875862897842,-8.16155374778996,-0.674303929609362));
#11660=CARTESIAN_POINT('',(7.19900670377421,-8.86155374778996,-0.731405999559397));
#11661=CARTESIAN_POINT('',(7.19900670377421,-8.16155374778996,-0.731405999559397));
#11662=CARTESIAN_POINT('',(7.2195277601625,-8.86155374778996,-0.773161888210361));
#11663=CARTESIAN_POINT('',(7.2195277601625,-8.16155374778996,-0.773161888210361));
#11664=CARTESIAN_POINT('',(7.24914945894908,-8.86155374778996,-0.799571595562252));
#11665=CARTESIAN_POINT('',(7.24914945894908,-8.16155374778996,-0.799571595562252));
#11666=CARTESIAN_POINT('',(7.1875862897842,-8.86155374778996,-0.674303929609362));
#11667=CARTESIAN_POINT('',(7.1875862897842,-8.86155374778996,-0.674303929609362));
#11668=CARTESIAN_POINT('',(7.1875862897842,-8.86155374778996,-0.674303929609362));
#11669=CARTESIAN_POINT('',(7.20471691076921,-8.86155374778996,-0.759957034534415));
#11670=CARTESIAN_POINT('',(7.24914945894908,-8.86155374778996,-0.799571595562252));
#11671=CARTESIAN_POINT('',(7.17045566879919,-8.86155374778996,-0.451605856804222));
#11672=CARTESIAN_POINT('',(7.17045566879919,-8.16155374778996,-0.451605856804222));
#11673=CARTESIAN_POINT('',(7.17045566879919,-8.86155374778996,-0.542969168724279));
#11674=CARTESIAN_POINT('',(7.17045566879919,-8.16155374778996,-0.542969168724279));
#11675=CARTESIAN_POINT('',(7.17616587579419,-8.86155374778996,-0.617201859659326));
#11676=CARTESIAN_POINT('',(7.17616587579419,-8.16155374778996,-0.617201859659326));
#11677=CARTESIAN_POINT('',(7.1875862897842,-8.86155374778996,-0.674303929609362));
#11678=CARTESIAN_POINT('',(7.1875862897842,-8.16155374778996,-0.674303929609362));
#11679=CARTESIAN_POINT('',(7.17045566879919,-8.86155374778996,-0.451605856804222));
#11680=CARTESIAN_POINT('',(7.17045566879919,-8.86155374778996,-0.451605856804222));
#11681=CARTESIAN_POINT('',(7.17045566879919,-8.86155374778996,-0.451605856804222));
#11682=CARTESIAN_POINT('',(7.17045566879919,-8.86155374778996,-0.588650824684308));
#11683=CARTESIAN_POINT('',(7.1875862897842,-8.86155374778996,-0.674303929609362));
#11684=CARTESIAN_POINT('',(7.17045566879919,-8.86155374778996,-0.422564100915572));
#11685=CARTESIAN_POINT('',(7.17045566879919,-8.86155374778996,-0.352569454234629));
#11686=CARTESIAN_POINT('',(7.17045566879919,-8.86155374778996,-0.352569454234629));
#11687=CARTESIAN_POINT('',(7.17045566879919,-8.86155374778996,-0.422564100915572));
#11688=CARTESIAN_POINT('',(6.88432076515893,-8.86155374778996,-0.352569454234629));
#11689=CARTESIAN_POINT('',(6.59818586151868,-8.86155374778996,-0.352569454234629));
#11690=CARTESIAN_POINT('',(6.59818586151868,-8.86155374778996,-0.352569454234629));
#11691=CARTESIAN_POINT('',(6.88432076515893,-8.86155374778996,-0.352569454234629));
#11692=CARTESIAN_POINT('',(6.59818586151868,-8.86155374778996,-0.402087655519426));
#11693=CARTESIAN_POINT('',(6.59818586151868,-8.86155374778996,-0.451605856804222));
#11694=CARTESIAN_POINT('',(6.59818586151868,-8.86155374778996,-0.451605856804222));
#11695=CARTESIAN_POINT('',(6.59818586151868,-8.86155374778996,-0.402087655519426));
#11696=CARTESIAN_POINT('',(6.66858200712896,-8.86155374778996,-0.905567312907006));
#11697=CARTESIAN_POINT('',(6.66858200712896,-8.16155374778996,-0.905567312907006));
#11698=CARTESIAN_POINT('',(6.62165124338877,-8.86155374778996,-0.774232552021924));
#11699=CARTESIAN_POINT('',(6.62165124338877,-8.16155374778996,-0.774232552021924));
#11700=CARTESIAN_POINT('',(6.59818586151868,-8.86155374778996,-0.622912066654329));
#11701=CARTESIAN_POINT('',(6.59818586151868,-8.16155374778996,-0.622912066654329));
#11702=CARTESIAN_POINT('',(6.59818586151868,-8.86155374778996,-0.451605856804222));
#11703=CARTESIAN_POINT('',(6.59818586151868,-8.16155374778996,-0.451605856804222));
#11704=CARTESIAN_POINT('',(6.66858200712896,-8.86155374778996,-0.905567312907006));
#11705=CARTESIAN_POINT('',(6.66858200712896,-8.86155374778996,-0.905567312907006));
#11706=CARTESIAN_POINT('',(6.66858200712896,-8.86155374778996,-0.905567312907006));
#11707=CARTESIAN_POINT('',(6.59818586151868,-8.86155374778996,-0.708565171579383));
#11708=CARTESIAN_POINT('',(6.59818586151868,-8.86155374778996,-0.451605856804222));
#11709=CARTESIAN_POINT('',(6.90493104353153,-8.86155374778996,-1.21231249491985));
#11710=CARTESIAN_POINT('',(6.90493104353153,-8.16155374778996,-1.21231249491985));
#11711=CARTESIAN_POINT('',(6.79429578300333,-8.86155374778996,-1.13915046779637));
#11712=CARTESIAN_POINT('',(6.79429578300333,-8.16155374778996,-1.13915046779637));
#11713=CARTESIAN_POINT('',(6.71551277086914,-8.86155374778996,-1.03690207379209));
#11714=CARTESIAN_POINT('',(6.71551277086914,-8.16155374778996,-1.03690207379209));
#11715=CARTESIAN_POINT('',(6.66858200712896,-8.86155374778996,-0.905567312907006));
#11716=CARTESIAN_POINT('',(6.66858200712896,-8.16155374778996,-0.905567312907006));
#11717=CARTESIAN_POINT('',(6.90493104353153,-8.86155374778996,-1.21231249491985));
#11718=CARTESIAN_POINT('',(6.73897815273923,-8.86155374778996,-1.10256945423463));
#11719=CARTESIAN_POINT('',(6.66858200712896,-8.86155374778996,-0.905567312907006));
#11720=CARTESIAN_POINT('',(3.15662759542465,-8.86155374778996,0.));
#11721=CARTESIAN_POINT('',(3.24058414845658,-8.86155374778996,-1.31188422939523));
#11722=CARTESIAN_POINT('',(3.24058414845658,-8.16155374778996,-1.31188422939523));
#11723=CARTESIAN_POINT('',(3.06713661098335,-8.86155374778996,-1.31188422939523));
#11724=CARTESIAN_POINT('',(3.06713661098335,-8.16155374778996,-1.31188422939523));
#11725=CARTESIAN_POINT('',(2.92215088650083,-8.86155374778996,-1.28101342282849));
#11726=CARTESIAN_POINT('',(2.92215088650083,-8.16155374778996,-1.28101342282849));
#11727=CARTESIAN_POINT('',(2.80562697500904,-8.86155374778996,-1.21927180969501));
#11728=CARTESIAN_POINT('',(2.80562697500904,-8.16155374778996,-1.21927180969501));
#11729=CARTESIAN_POINT('',(3.24058414845658,-8.86155374778996,-1.31188422939523));
#11730=CARTESIAN_POINT('',(3.24058414845658,-8.86155374778996,-1.31188422939523));
#11731=CARTESIAN_POINT('',(3.24058414845658,-8.86155374778996,-1.31188422939523));
#11732=CARTESIAN_POINT('',(2.98041284224673,-8.86155374778996,-1.31188422939523));
#11733=CARTESIAN_POINT('',(2.80562697500904,-8.86155374778996,-1.21927180969501));
#11734=CARTESIAN_POINT('',(2.80562697500904,-8.86155374778996,-1.21927180969501));
#11735=CARTESIAN_POINT('',(2.80562697500904,-8.86155374778996,-1.21927180969501));
#11736=CARTESIAN_POINT('',(3.62602312061932,-8.86155374778996,-1.21927180969501));
#11737=CARTESIAN_POINT('',(3.62602312061932,-8.16155374778996,-1.21927180969501));
#11738=CARTESIAN_POINT('',(3.51752918771425,-8.86155374778996,-1.28101342282849));
#11739=CARTESIAN_POINT('',(3.51752918771425,-8.16155374778996,-1.28101342282849));
#11740=CARTESIAN_POINT('',(3.38904953032667,-8.86155374778996,-1.31188422939523));
#11741=CARTESIAN_POINT('',(3.38904953032667,-8.16155374778996,-1.31188422939523));
#11742=CARTESIAN_POINT('',(3.24058414845658,-8.86155374778996,-1.31188422939523));
#11743=CARTESIAN_POINT('',(3.24058414845658,-8.16155374778996,-1.31188422939523));
#11744=CARTESIAN_POINT('',(3.62602312061932,-8.86155374778996,-1.21927180969501));
#11745=CARTESIAN_POINT('',(3.62602312061932,-8.86155374778996,-1.21927180969501));
#11746=CARTESIAN_POINT('',(3.62602312061932,-8.86155374778996,-1.21927180969501));
#11747=CARTESIAN_POINT('',(3.46328222126172,-8.86155374778996,-1.31188422939523));
#11748=CARTESIAN_POINT('',(3.24058414845658,-8.86155374778996,-1.31188422939523));
#11749=CARTESIAN_POINT('',(3.87789678228955,-8.86155374778996,-0.967398148024779));
#11750=CARTESIAN_POINT('',(3.87789678228955,-8.16155374778996,-0.967398148024779));
#11751=CARTESIAN_POINT('',(3.8184749407478,-8.86155374778996,-1.07357230933813));
#11752=CARTESIAN_POINT('',(3.8184749407478,-8.16155374778996,-1.07357230933813));
#11753=CARTESIAN_POINT('',(3.73451705352439,-8.86155374778996,-1.15753019656154));
#11754=CARTESIAN_POINT('',(3.73451705352439,-8.16155374778996,-1.15753019656154));
#11755=CARTESIAN_POINT('',(3.62602312061932,-8.86155374778996,-1.21927180969501));
#11756=CARTESIAN_POINT('',(3.62602312061932,-8.16155374778996,-1.21927180969501));
#11757=CARTESIAN_POINT('',(3.87789678228955,-8.86155374778996,-0.967398148024779));
#11758=CARTESIAN_POINT('',(3.87789678228955,-8.86155374778996,-0.967398148024779));
#11759=CARTESIAN_POINT('',(3.87789678228955,-8.86155374778996,-0.967398148024779));
#11760=CARTESIAN_POINT('',(3.78876401997693,-8.86155374778996,-1.1266593899948));
#11761=CARTESIAN_POINT('',(3.62602312061932,-8.86155374778996,-1.21927180969501));
#11762=CARTESIAN_POINT('',(3.96702954460219,-8.86155374778996,-0.612740760444479));
#11763=CARTESIAN_POINT('',(3.96702954460219,-8.16155374778996,-0.612740760444479));
#11764=CARTESIAN_POINT('',(3.96702954460219,-8.86155374778996,-0.743004857517998));
#11765=CARTESIAN_POINT('',(3.96702954460219,-8.16155374778996,-0.743004857517998));
#11766=CARTESIAN_POINT('',(3.93731862383131,-8.86155374778996,-0.861223986711432));
#11767=CARTESIAN_POINT('',(3.93731862383131,-8.16155374778996,-0.861223986711432));
#11768=CARTESIAN_POINT('',(3.87789678228955,-8.86155374778996,-0.967398148024779));
#11769=CARTESIAN_POINT('',(3.87789678228955,-8.16155374778996,-0.967398148024779));
#11770=CARTESIAN_POINT('',(3.96702954460219,-8.86155374778996,-0.612740760444479));
#11771=CARTESIAN_POINT('',(3.96702954460219,-8.86155374778996,-0.612740760444479));
#11772=CARTESIAN_POINT('',(3.96702954460219,-8.86155374778996,-0.612740760444479));
#11773=CARTESIAN_POINT('',(3.96702954460219,-8.86155374778996,-0.808136906054758));
#11774=CARTESIAN_POINT('',(3.87789678228955,-8.86155374778996,-0.967398148024779));
#11775=CARTESIAN_POINT('',(3.84202954460219,-8.86155374778996,-0.12987138142949));
#11776=CARTESIAN_POINT('',(3.84202954460219,-8.16155374778996,-0.12987138142949));
#11777=CARTESIAN_POINT('',(3.92536287793552,-8.86155374778996,-0.260135478503009));
#11778=CARTESIAN_POINT('',(3.92536287793552,-8.16155374778996,-0.260135478503009));
#11779=CARTESIAN_POINT('',(3.96702954460219,-8.86155374778996,-0.421091938174672));
#11780=CARTESIAN_POINT('',(3.96702954460219,-8.16155374778996,-0.421091938174672));
#11781=CARTESIAN_POINT('',(3.96702954460219,-8.86155374778996,-0.612740760444479));
#11782=CARTESIAN_POINT('',(3.96702954460219,-8.16155374778996,-0.612740760444479));
#11783=CARTESIAN_POINT('',(3.84202954460219,-8.86155374778996,-0.12987138142949));
#11784=CARTESIAN_POINT('',(3.84202954460219,-8.86155374778996,-0.12987138142949));
#11785=CARTESIAN_POINT('',(3.84202954460219,-8.86155374778996,-0.12987138142949));
#11786=CARTESIAN_POINT('',(3.96702954460219,-8.86155374778996,-0.325267527039768));
#11787=CARTESIAN_POINT('',(3.96702954460219,-8.86155374778996,-0.612740760444479));
#11788=CARTESIAN_POINT('',(3.53501669663645,-8.86155374778996,0.219700353045885));
#11789=CARTESIAN_POINT('',(3.53501669663645,-8.16155374778996,0.219700353045885));
#11790=CARTESIAN_POINT('',(3.65635859528028,-8.86155374778996,0.116916627135821));
#11791=CARTESIAN_POINT('',(3.65635859528028,-8.16155374778996,0.116916627135821));
#11792=CARTESIAN_POINT('',(3.75869621126886,-8.86155374778996,0.000392715644028918));
#11793=CARTESIAN_POINT('',(3.75869621126886,-8.16155374778996,0.000392715644028918));
#11794=CARTESIAN_POINT('',(3.84202954460219,-8.86155374778996,-0.12987138142949));
#11795=CARTESIAN_POINT('',(3.84202954460219,-8.16155374778996,-0.12987138142949));
#11796=CARTESIAN_POINT('',(3.53501669663645,-8.86155374778996,0.219700353045885));
#11797=CARTESIAN_POINT('',(3.53501669663645,-8.86155374778996,0.219700353045885));
#11798=CARTESIAN_POINT('',(3.53501669663645,-8.86155374778996,0.219700353045885));
#11799=CARTESIAN_POINT('',(3.71702954460219,-8.86155374778996,0.0655247641807884));
#11800=CARTESIAN_POINT('',(3.84202954460219,-8.86155374778996,-0.12987138142949));
#11801=CARTESIAN_POINT('',(3.42045566879919,-8.86155374778996,0.320878083238605));
#11802=CARTESIAN_POINT('',(3.30589464096193,-8.86155374778996,0.422055813431323));
#11803=CARTESIAN_POINT('',(3.30589464096193,-8.86155374778996,0.422055813431323));
#11804=CARTESIAN_POINT('',(3.42045566879919,-8.86155374778996,0.320878083238605));
#11805=CARTESIAN_POINT('',(3.112104491069,-8.86155374778996,0.625749603581217));
#11806=CARTESIAN_POINT('',(3.112104491069,-8.16155374778996,0.625749603581217));
#11807=CARTESIAN_POINT('',(3.1613550264009,-8.86155374778996,0.560617555044458));
#11808=CARTESIAN_POINT('',(3.1613550264009,-8.16155374778996,0.560617555044458));
#11809=CARTESIAN_POINT('',(3.22595174303188,-8.86155374778996,0.492719624994493));
#11810=CARTESIAN_POINT('',(3.22595174303188,-8.16155374778996,0.492719624994493));
#11811=CARTESIAN_POINT('',(3.30589464096193,-8.86155374778996,0.422055813431323));
#11812=CARTESIAN_POINT('',(3.30589464096193,-8.16155374778996,0.422055813431323));
#11813=CARTESIAN_POINT('',(3.112104491069,-8.86155374778996,0.625749603581217));
#11814=CARTESIAN_POINT('',(3.112104491069,-8.86155374778996,0.625749603581217));
#11815=CARTESIAN_POINT('',(3.112104491069,-8.86155374778996,0.625749603581217));
#11816=CARTESIAN_POINT('',(3.18598029406686,-8.86155374778996,0.528051530776078));
#11817=CARTESIAN_POINT('',(3.30589464096193,-8.86155374778996,0.422055813431323));
#11818=CARTESIAN_POINT('',(3.03822868807114,-8.86155374778996,0.877623265251452));
#11819=CARTESIAN_POINT('',(3.03822868807114,-8.16155374778996,0.877623265251452));
#11820=CARTESIAN_POINT('',(3.03822868807114,-8.86155374778996,0.774839539341388));
#11821=CARTESIAN_POINT('',(3.03822868807114,-8.16155374778996,0.774839539341388));
#11822=CARTESIAN_POINT('',(3.06285395573709,-8.86155374778996,0.690881652117976));
#11823=CARTESIAN_POINT('',(3.06285395573709,-8.16155374778996,0.690881652117976));
#11824=CARTESIAN_POINT('',(3.112104491069,-8.86155374778996,0.625749603581217));
#11825=CARTESIAN_POINT('',(3.112104491069,-8.16155374778996,0.625749603581217));
#11826=CARTESIAN_POINT('',(3.03822868807114,-8.86155374778996,0.877623265251452));
#11827=CARTESIAN_POINT('',(3.03822868807114,-8.86155374778996,0.877623265251452));
#11828=CARTESIAN_POINT('',(3.03822868807114,-8.86155374778996,0.877623265251452));
#11829=CARTESIAN_POINT('',(3.03822868807114,-8.86155374778996,0.723447676386356));
#11830=CARTESIAN_POINT('',(3.112104491069,-8.86155374778996,0.625749603581217));
#11831=CARTESIAN_POINT('',(3.07784324909897,-8.86155374778996,1.02135988195381));
#11832=CARTESIAN_POINT('',(3.07784324909897,-8.16155374778996,1.02135988195381));
#11833=CARTESIAN_POINT('',(3.05143354174709,-8.86155374778996,0.973358454402059));
#11834=CARTESIAN_POINT('',(3.05143354174709,-8.16155374778996,0.973358454402059));
#11835=CARTESIAN_POINT('',(3.03822868807114,-8.86155374778996,0.925446248834607));
#11836=CARTESIAN_POINT('',(3.03822868807114,-8.16155374778996,0.925446248834607));
#11837=CARTESIAN_POINT('',(3.03822868807114,-8.86155374778996,0.877623265251452));
#11838=CARTESIAN_POINT('',(3.03822868807114,-8.16155374778996,0.877623265251452));
#11839=CARTESIAN_POINT('',(3.07784324909897,-8.86155374778996,1.02135988195381));
#11840=CARTESIAN_POINT('',(3.07784324909897,-8.86155374778996,1.02135988195381));
#11841=CARTESIAN_POINT('',(3.07784324909897,-8.86155374778996,1.02135988195381));
#11842=CARTESIAN_POINT('',(3.03822868807114,-8.86155374778996,0.949357740626185));
#11843=CARTESIAN_POINT('',(3.03822868807114,-8.86155374778996,0.877623265251452));
#11844=CARTESIAN_POINT('',(3.20311091505187,-8.86155374778996,1.09336202328143));
#11845=CARTESIAN_POINT('',(3.20311091505187,-8.16155374778996,1.09336202328143));
#11846=CARTESIAN_POINT('',(3.14600884510183,-8.86155374778996,1.09336202328143));
#11847=CARTESIAN_POINT('',(3.14600884510183,-8.16155374778996,1.09336202328143));
#11848=CARTESIAN_POINT('',(3.10425295645087,-8.86155374778996,1.06936130950556));
#11849=CARTESIAN_POINT('',(3.10425295645087,-8.16155374778996,1.06936130950556));
#11850=CARTESIAN_POINT('',(3.07784324909897,-8.86155374778996,1.02135988195381));
#11851=CARTESIAN_POINT('',(3.07784324909897,-8.16155374778996,1.02135988195381));
#11852=CARTESIAN_POINT('',(3.20311091505187,-8.86155374778996,1.09336202328143));
#11853=CARTESIAN_POINT('',(3.20311091505187,-8.86155374778996,1.09336202328143));
#11854=CARTESIAN_POINT('',(3.20311091505187,-8.86155374778996,1.09336202328143));
#11855=CARTESIAN_POINT('',(3.11745781012681,-8.86155374778996,1.09336202328143));
#11856=CARTESIAN_POINT('',(3.07784324909897,-8.86155374778996,1.02135988195381));
#11857=CARTESIAN_POINT('',(3.31954560455936,-8.86155374778996,1.04357615604374));
#11858=CARTESIAN_POINT('',(3.31954560455936,-8.16155374778996,1.04357615604374));
#11859=CARTESIAN_POINT('',(3.29438500498763,-8.86155374778996,1.0767667342022));
#11860=CARTESIAN_POINT('',(3.29438500498763,-8.16155374778996,1.0767667342022));
#11861=CARTESIAN_POINT('',(3.25557344181846,-8.86155374778996,1.09336202328143));
#11862=CARTESIAN_POINT('',(3.25557344181846,-8.16155374778996,1.09336202328143));
#11863=CARTESIAN_POINT('',(3.20311091505187,-8.86155374778996,1.09336202328143));
#11864=CARTESIAN_POINT('',(3.20311091505187,-8.16155374778996,1.09336202328143));
#11865=CARTESIAN_POINT('',(3.31954560455936,-8.86155374778996,1.04357615604374));
#11866=CARTESIAN_POINT('',(3.31954560455936,-8.86155374778996,1.04357615604374));
#11867=CARTESIAN_POINT('',(3.31954560455936,-8.86155374778996,1.04357615604374));
#11868=CARTESIAN_POINT('',(3.28180470520176,-8.86155374778996,1.09336202328143));
#11869=CARTESIAN_POINT('',(3.20311091505187,-8.86155374778996,1.09336202328143));
#11870=CARTESIAN_POINT('',(3.36906380584416,-8.86155374778996,0.903051530776077));
#11871=CARTESIAN_POINT('',(3.36906380584416,-8.16155374778996,0.903051530776077));
#11872=CARTESIAN_POINT('',(3.36121227122603,-8.86155374778996,0.963544036129396));
#11873=CARTESIAN_POINT('',(3.36121227122603,-8.16155374778996,0.963544036129396));
#11874=CARTESIAN_POINT('',(3.3447062041311,-8.86155374778996,1.01038557788528));
#11875=CARTESIAN_POINT('',(3.3447062041311,-8.16155374778996,1.01038557788528));
#11876=CARTESIAN_POINT('',(3.31954560455936,-8.86155374778996,1.04357615604374));
#11877=CARTESIAN_POINT('',(3.31954560455936,-8.16155374778996,1.04357615604374));
#11878=CARTESIAN_POINT('',(3.36906380584416,-8.86155374778996,0.903051530776077));
#11879=CARTESIAN_POINT('',(3.36906380584416,-8.86155374778996,0.903051530776077));
#11880=CARTESIAN_POINT('',(3.36906380584416,-8.86155374778996,0.903051530776077));
#11881=CARTESIAN_POINT('',(3.35728650391696,-8.86155374778996,0.993790288806056));
#11882=CARTESIAN_POINT('',(3.31954560455936,-8.86155374778996,1.04357615604374));
#11883=CARTESIAN_POINT('',(3.38458843111182,-8.86155374778996,0.689186434416335));
#11884=CARTESIAN_POINT('',(3.38458843111182,-8.16155374778996,0.689186434416335));
#11885=CARTESIAN_POINT('',(3.38209021555151,-8.86155374778996,0.771270659969511));
#11886=CARTESIAN_POINT('',(3.38209021555151,-8.16155374778996,0.771270659969511));
#11887=CARTESIAN_POINT('',(3.37691534046229,-8.86155374778996,0.842559025422758));
#11888=CARTESIAN_POINT('',(3.37691534046229,-8.16155374778996,0.842559025422758));
#11889=CARTESIAN_POINT('',(3.36906380584416,-8.86155374778996,0.903051530776077));
#11890=CARTESIAN_POINT('',(3.36906380584416,-8.16155374778996,0.903051530776077));
#11891=CARTESIAN_POINT('',(3.38458843111182,-8.86155374778996,0.689186434416335));
#11892=CARTESIAN_POINT('',(3.38458843111182,-8.86155374778996,0.689186434416335));
#11893=CARTESIAN_POINT('',(3.38458843111182,-8.86155374778996,0.689186434416335));
#11894=CARTESIAN_POINT('',(3.38084110777135,-8.86155374778996,0.812312772746099));
#11895=CARTESIAN_POINT('',(3.36906380584416,-8.86155374778996,0.903051530776077));
#11896=CARTESIAN_POINT('',(3.64823939470926,-8.86155374778996,0.72157401471612));
#11897=CARTESIAN_POINT('',(3.91198604206267,-8.86155374778996,0.753973349061057));
#11898=CARTESIAN_POINT('',(3.91198604206267,-8.86155374778996,0.753973349061057));
#11899=CARTESIAN_POINT('',(3.64823939470926,-8.86155374778996,0.72157401471612));
#11900=CARTESIAN_POINT('',(2.29962575854356,-8.86155374778996,0.703736731286988));
#11901=CARTESIAN_POINT('',(3.88298243539448,-8.86155374778996,1.0127945714613));
#11902=CARTESIAN_POINT('',(3.88295031694988,-8.86155374778996,1.0127882418734));
#11903=CARTESIAN_POINT('',(2.29962575854356,-8.86155374778996,0.703736731286988));
#11904=CARTESIAN_POINT('',(3.08001324320271,-8.86155374778996,0.859430796167879));
#11905=CARTESIAN_POINT('',(3.78715802425958,-8.86155374778996,1.26975388623646));
#11906=CARTESIAN_POINT('',(3.78715802425958,-8.86155374778996,1.26975388623646));
#11907=CARTESIAN_POINT('',(3.08001324320271,-8.86155374778996,0.859430796167879));
#11908=CARTESIAN_POINT('',(3.58159057243945,-8.86155374778996,1.46675602756409));
#11909=CARTESIAN_POINT('',(3.58159057243945,-7.98959718406049,1.46675602756409));
#11910=CARTESIAN_POINT('',(3.67188322054794,-8.86155374778996,1.41661327238921));
#11911=CARTESIAN_POINT('',(3.67188322054794,-7.98959718406049,1.41661327238921));
#11912=CARTESIAN_POINT('',(3.74040570448798,-8.86155374778996,1.35094589194667));
#11913=CARTESIAN_POINT('',(3.74040570448798,-7.98959718406049,1.35094589194667));
#11914=CARTESIAN_POINT('',(3.78715802425958,-8.86155374778996,1.26975388623646));
#11915=CARTESIAN_POINT('',(3.78715802425958,-7.98959718406049,1.26975388623646));
#11916=CARTESIAN_POINT('',(3.76824925130063,-8.16155374778996,1.3));
#11917=CARTESIAN_POINT('',(3.7244960394469,-8.09692829951892,1.36462544827104));
#11918=CARTESIAN_POINT('',(3.6613068265979,-8.03906702342455,1.42248672436542));
#11919=CARTESIAN_POINT('',(3.58159057243945,-7.99479772022588,1.46675602756409));
#11920=CARTESIAN_POINT('',(3.58159057243945,-7.99479772022588,1.46675602756409));
#11921=CARTESIAN_POINT('',(3.58159057243945,-8.86155374778996,1.46675602756409));
#11922=CARTESIAN_POINT('',(3.58159057243945,-8.86155374778996,1.46675602756409));
#11923=CARTESIAN_POINT('',(3.58159057243945,-8.86155374778996,1.46675602756409));
#11924=CARTESIAN_POINT('',(3.71702954460219,-8.86155374778996,1.39154189480177));
#11925=CARTESIAN_POINT('',(3.78715802425958,-8.86155374778996,1.26975388623646));
#11926=CARTESIAN_POINT('',(3.22345352747157,-8.86155374778996,1.5419701603264));
#11927=CARTESIAN_POINT('',(3.22345352747157,-7.9139317665016,1.5419701603264));
#11928=CARTESIAN_POINT('',(3.37191890934166,-8.86155374778996,1.5419701603264));
#11929=CARTESIAN_POINT('',(3.37191890934166,-7.9139317665016,1.5419701603264));
#11930=CARTESIAN_POINT('',(3.49129792433096,-8.86155374778996,1.51689878273896));
#11931=CARTESIAN_POINT('',(3.49129792433096,-7.9139317665016,1.51689878273896));
#11932=CARTESIAN_POINT('',(3.58159057243945,-8.86155374778996,1.46675602756409));
#11933=CARTESIAN_POINT('',(3.58159057243945,-7.9139317665016,1.46675602756409));
#11934=CARTESIAN_POINT('',(3.58159057243945,-7.99479772022588,1.46675602756409));
#11935=CARTESIAN_POINT('',(3.48099712637303,-7.93893456144196,1.52261918634801));
#11936=CARTESIAN_POINT('',(3.35081092073773,-7.91958358746357,1.5419701603264));
#11937=CARTESIAN_POINT('',(3.22345352747157,-7.91958358746357,1.5419701603264));
#11938=CARTESIAN_POINT('',(3.22345352747157,-7.91958358746357,1.5419701603264));
#11939=CARTESIAN_POINT('',(3.22345352747157,-8.86155374778996,1.5419701603264));
#11940=CARTESIAN_POINT('',(3.22345352747157,-8.86155374778996,1.5419701603264));
#11941=CARTESIAN_POINT('',(3.22345352747157,-8.86155374778996,1.5419701603264));
#11942=CARTESIAN_POINT('',(3.44615160027671,-8.86155374778996,1.5419701603264));
#11943=CARTESIAN_POINT('',(3.58159057243945,-8.86155374778996,1.46675602756409));
#11944=CARTESIAN_POINT('',(2.65466337757863,-8.86155374778996,1.35540699116152));
#11945=CARTESIAN_POINT('',(2.65466337757863,-7.9139317665016,1.35540699116152));
#11946=CARTESIAN_POINT('',(2.79402811705044,-8.86155374778996,1.47978243727144));
#11947=CARTESIAN_POINT('',(2.79402811705044,-7.9139317665016,1.47978243727144));
#11948=CARTESIAN_POINT('',(2.98362483368142,-8.86155374778996,1.5419701603264));
#11949=CARTESIAN_POINT('',(2.98362483368142,-7.9139317665016,1.5419701603264));
#11950=CARTESIAN_POINT('',(3.22345352747157,-8.86155374778996,1.5419701603264));
#11951=CARTESIAN_POINT('',(3.22345352747157,-7.9139317665016,1.5419701603264));
#11952=CARTESIAN_POINT('',(3.22345352747157,-7.91958358746357,1.5419701603264));
#11953=CARTESIAN_POINT('',(3.11426969190156,-7.91958358746357,1.5419701603264));
#11954=CARTESIAN_POINT('',(2.95079182606523,-7.93949485541977,1.52205889237019));
#11955=CARTESIAN_POINT('',(2.76372325119126,-8.02124782702605,1.44030592076391));
#11956=CARTESIAN_POINT('',(2.68857373347875,-8.07588360930146,1.3856701384885));
#11957=CARTESIAN_POINT('',(2.65466337757863,-8.10614675662845,1.35540699116152));
#11958=CARTESIAN_POINT('',(2.65466337757863,-8.10614675662845,1.35540699116152));
#11959=CARTESIAN_POINT('',(2.65466337757863,-8.86155374778996,1.35540699116152));
#11960=CARTESIAN_POINT('',(2.65466337757863,-8.86155374778996,1.35540699116152));
#11961=CARTESIAN_POINT('',(2.65466337757863,-8.86155374778996,1.35540699116152));
#11962=CARTESIAN_POINT('',(2.86371048678635,-8.86155374778996,1.5419701603264));
#11963=CARTESIAN_POINT('',(3.22345352747157,-8.86155374778996,1.5419701603264));
#11964=CARTESIAN_POINT('',(2.44561626837093,-8.86155374778996,0.81606009608657));
#11965=CARTESIAN_POINT('',(2.44561626837093,-8.10161431468148,0.81606009608657));
#11966=CARTESIAN_POINT('',(2.44561626837092,-8.86155374778996,1.05124924669328));
#11967=CARTESIAN_POINT('',(2.44561626837092,-8.10161431468148,1.05124924669328));
#11968=CARTESIAN_POINT('',(2.51529863810683,-8.86155374778996,1.23103154505159));
#11969=CARTESIAN_POINT('',(2.51529863810683,-8.10161431468148,1.23103154505159));
#11970=CARTESIAN_POINT('',(2.65466337757863,-8.86155374778996,1.35540699116152));
#11971=CARTESIAN_POINT('',(2.65466337757863,-8.10161431468148,1.35540699116152));
#11972=CARTESIAN_POINT('',(2.44561626837093,-8.86155374778996,0.81606009608657));
#11973=CARTESIAN_POINT('',(2.44561626837093,-8.86155374778996,0.81606009608657));
#11974=CARTESIAN_POINT('',(2.44561626837093,-8.86155374778996,0.81606009608657));
#11975=CARTESIAN_POINT('',(2.44561626837093,-8.86155374778996,1.16884382199663));
#11976=CARTESIAN_POINT('',(2.65466337757863,-8.86155374778996,1.35540699116152));
#11977=CARTESIAN_POINT('',(2.65466337757864,-8.10614675662845,1.35540699116152));
#11978=CARTESIAN_POINT('',(2.63488186189979,-8.1238006829129,1.33775306487707));
#11979=CARTESIAN_POINT('',(2.61681151179761,-8.14229402355279,1.31925972423715));
#11980=CARTESIAN_POINT('',(2.60030345272045,-8.16155374769303,1.30000000009692));
#11981=CARTESIAN_POINT('',(2.55348564738592,-8.86155374778996,0.396092216000917));
#11982=CARTESIAN_POINT('',(2.55348564738592,-8.16155374778996,0.396092216000917));
#11983=CARTESIAN_POINT('',(2.48157272804259,-8.86155374778996,0.509047248120831));
#11984=CARTESIAN_POINT('',(2.48157272804259,-8.16155374778996,0.509047248120831));
#11985=CARTESIAN_POINT('',(2.44561626837092,-8.86155374778996,0.649036541482715));
#11986=CARTESIAN_POINT('',(2.44561626837092,-8.16155374778996,0.649036541482715));
#11987=CARTESIAN_POINT('',(2.44561626837093,-8.86155374778996,0.81606009608657));
#11988=CARTESIAN_POINT('',(2.44561626837093,-8.16155374778996,0.81606009608657));
#11989=CARTESIAN_POINT('',(2.55348564738592,-8.86155374778996,0.396092216000917));
#11990=CARTESIAN_POINT('',(2.55348564738592,-8.86155374778996,0.396092216000917));
#11991=CARTESIAN_POINT('',(2.55348564738592,-8.86155374778996,0.396092216000917));
#11992=CARTESIAN_POINT('',(2.44561626837093,-8.86155374778996,0.565524764180788));
#11993=CARTESIAN_POINT('',(2.44561626837093,-8.86155374778996,0.81606009608657));
#11994=CARTESIAN_POINT('',(3.68064636248256,-8.86155374778996,1.11656792345983));
#11995=CARTESIAN_POINT('',(2.81927793860647,-8.86155374778996,0.0928266913756493));
#11996=CARTESIAN_POINT('',(2.81930793159171,-8.86155372278996,0.0928623382078381));
#11997=CARTESIAN_POINT('',(3.68064636248256,-8.86155374778996,1.11656792345983));
#11998=CARTESIAN_POINT('',(2.93919228550155,-8.86155374778996,-0.0115630302517596));
#11999=CARTESIAN_POINT('',(3.05910663239662,-8.86155374778996,-0.115952751879169));
#12000=CARTESIAN_POINT('',(3.05910663239662,-8.86155374778996,-0.115952751879169));
#12001=CARTESIAN_POINT('',(2.93919228550155,-8.86155374778996,-0.0115630302517596));
#12002=CARTESIAN_POINT('',(3.28153703924887,-8.86155374778996,-0.354175449951974));
#12003=CARTESIAN_POINT('',(3.28153703924887,-8.16155374778996,-0.354175449951974));
#12004=CARTESIAN_POINT('',(3.22675474089055,-8.86155374778996,-0.275303215833487));
#12005=CARTESIAN_POINT('',(3.22675474089055,-8.16155374778996,-0.275303215833487));
#12006=CARTESIAN_POINT('',(3.1526112719398,-8.86155374778996,-0.195895649809219));
#12007=CARTESIAN_POINT('',(3.1526112719398,-8.16155374778996,-0.195895649809219));
#12008=CARTESIAN_POINT('',(3.05910663239662,-8.86155374778996,-0.115952751879169));
#12009=CARTESIAN_POINT('',(3.05910663239662,-8.16155374778996,-0.115952751879169));
#12010=CARTESIAN_POINT('',(3.28153703924887,-8.86155374778996,-0.354175449951974));
#12011=CARTESIAN_POINT('',(3.28153703924887,-8.86155374778996,-0.354175449951974));
#12012=CARTESIAN_POINT('',(3.28153703924887,-8.86155374778996,-0.354175449951974));
#12013=CARTESIAN_POINT('',(3.19936359171139,-8.86155374778996,-0.235867098774244));
#12014=CARTESIAN_POINT('',(3.05910663239662,-8.86155374778996,-0.115952751879169));
#12015=CARTESIAN_POINT('',(3.36371048678634,-8.86155374778996,-0.643790010979811));
#12016=CARTESIAN_POINT('',(3.36371048678634,-8.16155374778996,-0.643790010979811));
#12017=CARTESIAN_POINT('',(3.36371048678634,-8.86155374778996,-0.52958587107974));
#12018=CARTESIAN_POINT('',(3.36371048678634,-8.16155374778996,-0.52958587107974));
#12019=CARTESIAN_POINT('',(3.33631933760719,-8.86155374778996,-0.433047684070461));
#12020=CARTESIAN_POINT('',(3.33631933760719,-8.16155374778996,-0.433047684070461));
#12021=CARTESIAN_POINT('',(3.28153703924887,-8.86155374778996,-0.354175449951974));
#12022=CARTESIAN_POINT('',(3.28153703924887,-8.16155374778996,-0.354175449951974));
#12023=CARTESIAN_POINT('',(3.36371048678634,-8.86155374778996,-0.643790010979811));
#12024=CARTESIAN_POINT('',(3.36371048678634,-8.86155374778996,-0.643790010979811));
#12025=CARTESIAN_POINT('',(3.36371048678634,-8.86155374778996,-0.643790010979811));
#12026=CARTESIAN_POINT('',(3.36371048678634,-8.86155374778996,-0.472483801129704));
#12027=CARTESIAN_POINT('',(3.28153703924887,-8.86155374778996,-0.354175449951974));
#12028=CARTESIAN_POINT('',(3.03082337812337,-8.86155374778996,-0.644927054272055));
#12029=CARTESIAN_POINT('',(3.33480256387413,-8.86155374778996,-0.780567312907006));
#12030=CARTESIAN_POINT('',(3.33480256387413,-8.86155374778996,-0.780567312907006));
#12031=CARTESIAN_POINT('',(3.03082337812337,-8.86155374778996,-0.644927054272055));
#12032=CARTESIAN_POINT('',(3.20953489792125,-8.86155374778996,-0.845610139459469));
#12033=CARTESIAN_POINT('',(3.20953489792125,-8.16155374778996,-0.845610139459469));
#12034=CARTESIAN_POINT('',(3.27377472661504,-8.86155374778996,-0.845610139459469));
#12035=CARTESIAN_POINT('',(3.27377472661504,-8.16155374778996,-0.845610139459469));
#12036=CARTESIAN_POINT('',(3.315530615266,-8.86155374778996,-0.823929197275315));
#12037=CARTESIAN_POINT('',(3.315530615266,-8.16155374778996,-0.823929197275315));
#12038=CARTESIAN_POINT('',(3.33480256387413,-8.86155374778996,-0.780567312907006));
#12039=CARTESIAN_POINT('',(3.33480256387413,-8.16155374778996,-0.780567312907006));
#12040=CARTESIAN_POINT('',(3.20953489792125,-8.86155374778996,-0.845610139459469));
#12041=CARTESIAN_POINT('',(3.20953489792125,-8.86155374778996,-0.845610139459469));
#12042=CARTESIAN_POINT('',(3.20953489792125,-8.86155374778996,-0.845610139459469));
#12043=CARTESIAN_POINT('',(3.30589464096193,-8.86155374778996,-0.845610139459469));
#12044=CARTESIAN_POINT('',(3.33480256387413,-8.86155374778996,-0.780567312907006));
#12045=CARTESIAN_POINT('',(3.08132290648656,-8.86155374778996,-0.797697933892017));
#12046=CARTESIAN_POINT('',(3.08132290648656,-8.16155374778996,-0.797697933892017));
#12047=CARTESIAN_POINT('',(3.11683325623674,-8.86155374778996,-0.829639404270318));
#12048=CARTESIAN_POINT('',(3.11683325623674,-8.16155374778996,-0.829639404270318));
#12049=CARTESIAN_POINT('',(3.15957058671497,-8.86155374778996,-0.845610139459469));
#12050=CARTESIAN_POINT('',(3.15957058671497,-8.16155374778996,-0.845610139459469));
#12051=CARTESIAN_POINT('',(3.20953489792125,-8.86155374778996,-0.845610139459469));
#12052=CARTESIAN_POINT('',(3.20953489792125,-8.16155374778996,-0.845610139459469));
#12053=CARTESIAN_POINT('',(3.08132290648656,-8.86155374778996,-0.797697933892017));
#12054=CARTESIAN_POINT('',(3.08132290648656,-8.86155374778996,-0.797697933892017));
#12055=CARTESIAN_POINT('',(3.08132290648656,-8.86155374778996,-0.797697933892017));
#12056=CARTESIAN_POINT('',(3.13458843111183,-8.86155374778996,-0.845610139459469));
#12057=CARTESIAN_POINT('',(3.20953489792125,-8.86155374778996,-0.845610139459469));
#12058=CARTESIAN_POINT('',(2.99888179299619,-8.86155374778996,-0.640310353592231));
#12059=CARTESIAN_POINT('',(2.99888179299619,-8.16155374778996,-0.640310353592231));
#12060=CARTESIAN_POINT('',(3.01833218557293,-8.86155374778996,-0.71329393674712));
#12061=CARTESIAN_POINT('',(3.01833218557293,-8.16155374778996,-0.71329393674712));
#12062=CARTESIAN_POINT('',(3.04581255673638,-8.86155374778996,-0.765756463513716));
#12063=CARTESIAN_POINT('',(3.04581255673638,-8.16155374778996,-0.765756463513716));
#12064=CARTESIAN_POINT('',(3.08132290648656,-8.86155374778996,-0.797697933892017));
#12065=CARTESIAN_POINT('',(3.08132290648656,-8.16155374778996,-0.797697933892017));
#12066=CARTESIAN_POINT('',(2.99888179299619,-8.86155374778996,-0.640310353592231));
#12067=CARTESIAN_POINT('',(2.99888179299619,-8.86155374778996,-0.640310353592231));
#12068=CARTESIAN_POINT('',(2.99888179299619,-8.86155374778996,-0.640310353592231));
#12069=CARTESIAN_POINT('',(3.02805738186129,-8.86155374778996,-0.749785728324565));
#12070=CARTESIAN_POINT('',(3.08132290648656,-8.86155374778996,-0.797697933892017));
#12071=CARTESIAN_POINT('',(2.96649421269641,-8.86155374778996,-0.352569454234629));
#12072=CARTESIAN_POINT('',(2.96649421269641,-8.16155374778996,-0.352569454234629));
#12073=CARTESIAN_POINT('',(2.96863554031954,-8.86155374778996,-0.471413137318141));
#12074=CARTESIAN_POINT('',(2.96863554031954,-8.16155374778996,-0.471413137318141));
#12075=CARTESIAN_POINT('',(2.97943140041947,-8.86155374778996,-0.567326770437342));
#12076=CARTESIAN_POINT('',(2.97943140041947,-8.16155374778996,-0.567326770437342));
#12077=CARTESIAN_POINT('',(2.99888179299619,-8.86155374778996,-0.640310353592231));
#12078=CARTESIAN_POINT('',(2.99888179299619,-8.16155374778996,-0.640310353592231));
#12079=CARTESIAN_POINT('',(2.96649421269641,-8.86155374778996,-0.352569454234629));
#12080=CARTESIAN_POINT('',(2.96649421269641,-8.86155374778996,-0.352569454234629));
#12081=CARTESIAN_POINT('',(2.96649421269641,-8.86155374778996,-0.352569454234629));
#12082=CARTESIAN_POINT('',(2.9697062041311,-8.86155374778996,-0.530834978859897));
#12083=CARTESIAN_POINT('',(2.99888179299619,-8.86155374778996,-0.640310353592231));
#12084=CARTESIAN_POINT('',(2.70444924481632,-8.86155374778996,-0.391916349309576));
#12085=CARTESIAN_POINT('',(2.44240427693623,-8.86155374778996,-0.431263244384522));
#12086=CARTESIAN_POINT('',(2.44240427693623,-8.86155374778996,-0.431263244384522));
#12087=CARTESIAN_POINT('',(2.70444924481632,-8.86155374778996,-0.391916349309576));
#12088=CARTESIAN_POINT('',(2.54170834545872,-8.86155374778996,-0.933136906054758));
#12089=CARTESIAN_POINT('',(2.54170834545872,-8.16155374778996,-0.933136906054758));
#12090=CARTESIAN_POINT('',(2.48228650391696,-8.86155374778996,-0.804121916761396));
#12091=CARTESIAN_POINT('',(2.48228650391696,-8.16155374778996,-0.804121916761396));
#12092=CARTESIAN_POINT('',(2.4491851477428,-8.86155374778996,-0.636830696204651));
#12093=CARTESIAN_POINT('',(2.4491851477428,-8.16155374778996,-0.636830696204651));
#12094=CARTESIAN_POINT('',(2.44240427693623,-8.86155374778996,-0.431263244384522));
#12095=CARTESIAN_POINT('',(2.44240427693623,-8.16155374778996,-0.431263244384522));
#12096=CARTESIAN_POINT('',(2.54170834545872,-8.86155374778996,-0.933136906054758));
#12097=CARTESIAN_POINT('',(2.54170834545872,-8.86155374778996,-0.933136906054758));
#12098=CARTESIAN_POINT('',(2.54170834545872,-8.86155374778996,-0.933136906054758));
#12099=CARTESIAN_POINT('',(2.45257558314609,-8.86155374778996,-0.739614422114715));
#12100=CARTESIAN_POINT('',(2.44240427693623,-8.86155374778996,-0.431263244384522));
#12101=CARTESIAN_POINT('',(2.80562697500904,-8.86155374778996,-1.21927180969501));
#12102=CARTESIAN_POINT('',(2.80562697500904,-8.16155374778996,-1.21927180969501));
#12103=CARTESIAN_POINT('',(2.68910306351725,-8.86155374778996,-1.15753019656154));
#12104=CARTESIAN_POINT('',(2.68910306351725,-8.16155374778996,-1.15753019656154));
#12105=CARTESIAN_POINT('',(2.60113018700048,-8.86155374778996,-1.06215189534812));
#12106=CARTESIAN_POINT('',(2.60113018700048,-8.16155374778996,-1.06215189534812));
#12107=CARTESIAN_POINT('',(2.54170834545872,-8.86155374778996,-0.933136906054758));
#12108=CARTESIAN_POINT('',(2.54170834545872,-8.16155374778996,-0.933136906054758));
#12109=CARTESIAN_POINT('',(2.80562697500904,-8.86155374778996,-1.21927180969501));
#12110=CARTESIAN_POINT('',(2.63084110777136,-8.86155374778996,-1.1266593899948));
#12111=CARTESIAN_POINT('',(2.54170834545872,-8.86155374778996,-0.933136906054758));
#12112=CARTESIAN_POINT('',(3.15662759542465,-8.86155374778996,0.));
#12113=CARTESIAN_POINT('',(19.9252736559513,-8.86155374778996,-1.00674504309973));
#12114=CARTESIAN_POINT('',(19.9252736559513,-8.86155374778996,-1.27066367265005));
#12115=CARTESIAN_POINT('',(19.9252736559513,-8.86155374778996,-1.27066367265005));
#12116=CARTESIAN_POINT('',(19.9252736559513,-8.86155374778996,-1.00674504309973));
#12117=CARTESIAN_POINT('',(19.9252736559513,-8.86155374778996,-0.742826413549404));
#12118=CARTESIAN_POINT('',(19.9252736559513,-8.86155374778996,-0.742826413549404));
#12119=CARTESIAN_POINT('',(20.1891922855016,-8.86155374778996,-1.27066367265005));
#12120=CARTESIAN_POINT('',(20.4531109150519,-8.86155374778996,-1.27066367265005));
#12121=CARTESIAN_POINT('',(20.4531109150519,-8.86155374778996,-1.27066367265005));
#12122=CARTESIAN_POINT('',(20.1891922855016,-8.86155374778996,-1.27066367265005));
#12123=CARTESIAN_POINT('',(20.4531109150519,-8.86155374778996,-1.00674504309973));
#12124=CARTESIAN_POINT('',(20.4531109150519,-8.86155374778996,-0.742826413549404));
#12125=CARTESIAN_POINT('',(20.4531109150519,-8.86155374778996,-0.742826413549404));
#12126=CARTESIAN_POINT('',(20.4531109150519,-8.86155374778996,-1.00674504309973));
#12127=CARTESIAN_POINT('',(20.1891922855016,-8.86155374778996,-0.742826413549404));
#12128=CARTESIAN_POINT('',(20.1891922855016,-8.86155374778996,-0.742826413549404));
#12129=CARTESIAN_POINT('',(3.15662759542465,-8.86155374778996,0.));
#12130=CARTESIAN_POINT('',(16.6945456045593,-8.86155374778996,0.116916627135821));
#12131=CARTESIAN_POINT('',(16.6945456045593,-8.86155374778996,-1.27066367265005));
#12132=CARTESIAN_POINT('',(16.6945456045593,-8.86155374778996,-1.27066367265005));
#12133=CARTESIAN_POINT('',(16.6945456045593,-8.86155374778996,0.116916627135821));
#12134=CARTESIAN_POINT('',(16.6945456045593,-8.86155374778996,1.50449692692169));
#12135=CARTESIAN_POINT('',(16.6945456045593,-8.86155374778996,1.50449692692169));
#12136=CARTESIAN_POINT('',(16.6945456045593,-7.95705682086828,1.50449692692169));
#12137=CARTESIAN_POINT('',(16.6945456045593,-7.46155374778996,2.));
#12138=CARTESIAN_POINT('',(17.3198132705123,-8.86155374778996,-1.27066367265005));
#12139=CARTESIAN_POINT('',(17.9450809364652,-8.86155374778996,-1.27066367265005));
#12140=CARTESIAN_POINT('',(17.9450809364652,-8.86155374778996,-1.27066367265005));
#12141=CARTESIAN_POINT('',(17.3198132705123,-8.86155374778996,-1.27066367265005));
#12142=CARTESIAN_POINT('',(17.9450809364652,-8.86155374778996,-1.06349022511257));
#12143=CARTESIAN_POINT('',(17.9450809364652,-8.86155374778996,-0.8563167775751));
#12144=CARTESIAN_POINT('',(17.9450809364652,-8.86155374778996,-0.8563167775751));
#12145=CARTESIAN_POINT('',(17.9450809364652,-8.86155374778996,-1.06349022511257));
#12146=CARTESIAN_POINT('',(17.6265584525251,-8.86155374778996,-0.8563167775751));
#12147=CARTESIAN_POINT('',(17.308035968585,-8.86155374778996,-0.8563167775751));
#12148=CARTESIAN_POINT('',(17.308035968585,-8.86155374778996,-0.8563167775751));
#12149=CARTESIAN_POINT('',(17.6265584525251,-8.86155374778996,-0.8563167775751));
#12150=CARTESIAN_POINT('',(17.308035968585,-8.86155374778996,0.324090074673294));
#12151=CARTESIAN_POINT('',(17.308035968585,-7.46155374778996,2.));
#12152=CARTESIAN_POINT('',(17.308035968585,-7.95705682086828,1.50449692692169));
#12153=CARTESIAN_POINT('',(17.308035968585,-8.86155374778996,1.50449692692169));
#12154=CARTESIAN_POINT('',(17.308035968585,-8.86155374778996,1.50449692692169));
#12155=CARTESIAN_POINT('',(17.308035968585,-8.86155374778996,0.324090074673294));
#12156=CARTESIAN_POINT('',(17.0012907865722,-8.86155374778996,1.50449692692169));
#12157=CARTESIAN_POINT('',(3.15662759542465,-7.95705682086828,1.50449692692169));
#12158=CARTESIAN_POINT('',(17.0012907865722,-8.86155374778996,1.50449692692169));
#12159=CARTESIAN_POINT('',(3.15662759542465,-8.86155374778996,0.));
#12160=CARTESIAN_POINT('',(15.5505413219041,-8.86155374778996,-0.318308212264608));
#12161=CARTESIAN_POINT('',(15.5505413219041,-8.16155374778996,-0.318308212264608));
#12162=CARTESIAN_POINT('',(15.4033250478142,-8.16155374778996,-0.318308212264608));
#12163=CARTESIAN_POINT('',(15.697757595994,-8.16155374778996,-0.318308212264608));
#12164=CARTESIAN_POINT('',(15.4033250478142,-8.86155374778996,-0.318308212264608));
#12165=CARTESIAN_POINT('',(15.4033250478142,-8.86155374778996,-0.318308212264608));
#12166=CARTESIAN_POINT('',(15.5505413219041,-8.86155374778996,-0.318308212264608));
#12167=CARTESIAN_POINT('',(15.697757595994,-8.86155374778996,-0.318308212264608));
#12168=CARTESIAN_POINT('',(15.697757595994,-8.86155374778996,-0.318308212264608));
#12169=CARTESIAN_POINT('',(15.4769331848591,-8.86155374778996,0.223180010433465));
#12170=CARTESIAN_POINT('',(15.4769331848591,-8.16155374778996,0.223180010433465));
#12171=CARTESIAN_POINT('',(15.5505413219041,-8.16155374778996,0.764668233131538));
#12172=CARTESIAN_POINT('',(15.5505413219041,-8.86155374778996,0.764668233131538));
#12173=CARTESIAN_POINT('',(15.5505413219041,-8.86155374778996,0.764668233131538));
#12174=CARTESIAN_POINT('',(15.4769331848591,-8.86155374778996,0.223180010433465));
#12175=CARTESIAN_POINT('',(14.9354449621611,-8.86155374778996,0.116916627135821));
#12176=CARTESIAN_POINT('',(14.6731323283281,-8.86155374778996,-1.27066367265005));
#12177=CARTESIAN_POINT('',(14.6731323283281,-8.86155374778996,-1.27066367265005));
#12178=CARTESIAN_POINT('',(14.9354449621611,-8.86155374778996,0.116916627135821));
#12179=CARTESIAN_POINT('',(15.197757595994,-8.86155374778996,1.50449692692169));
#12180=CARTESIAN_POINT('',(15.197757595994,-8.86155374778996,1.50449692692169));
#12181=CARTESIAN_POINT('',(15.197757595994,-7.95705682086828,1.50449692692169));
#12182=CARTESIAN_POINT('',(15.0784028482355,-8.58841907839902,0.873134669390942));
#12183=CARTESIAN_POINT('',(14.9627468893559,-8.86155374778996,-1.27066367265005));
#12184=CARTESIAN_POINT('',(15.2523614503838,-8.86155374778996,-1.27066367265005));
#12185=CARTESIAN_POINT('',(15.2523614503838,-8.86155374778996,-1.27066367265005));
#12186=CARTESIAN_POINT('',(14.9627468893559,-8.86155374778996,-1.27066367265005));
#12187=CARTESIAN_POINT('',(15.3002736559512,-8.86155374778996,-0.97783712018752));
#12188=CARTESIAN_POINT('',(15.3481858615187,-8.86155374778996,-0.685010567724993));
#12189=CARTESIAN_POINT('',(15.3481858615187,-8.86155374778996,-0.685010567724993));
#12190=CARTESIAN_POINT('',(15.3002736559512,-8.86155374778996,-0.97783712018752));
#12191=CARTESIAN_POINT('',(15.5521473176215,-8.86155374778996,-0.685010567724993));
#12192=CARTESIAN_POINT('',(15.7561087737242,-8.86155374778996,-0.685010567724993));
#12193=CARTESIAN_POINT('',(15.7561087737242,-8.86155374778996,-0.685010567724993));
#12194=CARTESIAN_POINT('',(15.5521473176215,-8.86155374778996,-0.685010567724993));
#12195=CARTESIAN_POINT('',(15.8024149835743,-8.86155374778996,-0.97783712018752));
#12196=CARTESIAN_POINT('',(15.8487211934245,-8.86155374778996,-1.27066367265005));
#12197=CARTESIAN_POINT('',(15.8487211934245,-8.86155374778996,-1.27066367265005));
#12198=CARTESIAN_POINT('',(15.8024149835743,-8.86155374778996,-0.97783712018752));
#12199=CARTESIAN_POINT('',(16.1313764396772,-8.86155374778996,-1.27066367265005));
#12200=CARTESIAN_POINT('',(16.4140316859298,-8.86155374778996,-1.27066367265005));
#12201=CARTESIAN_POINT('',(16.4140316859298,-8.86155374778996,-1.27066367265005));
#12202=CARTESIAN_POINT('',(16.1313764396772,-8.86155374778996,-1.27066367265005));
#12203=CARTESIAN_POINT('',(16.1551987094844,-8.86155374778996,0.11691662713582));
#12204=CARTESIAN_POINT('',(15.5876648043209,-6.30213891551732,3.15941483227264));
#12205=CARTESIAN_POINT('',(15.896365733039,-7.95705682086828,1.50449692692169));
#12206=CARTESIAN_POINT('',(15.896365733039,-8.86155374778996,1.50449692692169));
#12207=CARTESIAN_POINT('',(15.896365733039,-8.86155374778996,1.50449692692169));
#12208=CARTESIAN_POINT('',(16.1551987094844,-8.86155374778996,0.11691662713582));
#12209=CARTESIAN_POINT('',(15.5470616645166,-8.86155374778996,1.50449692692169));
#12210=CARTESIAN_POINT('',(3.15662759542465,-7.95705682086828,1.50449692692169));
#12211=CARTESIAN_POINT('',(15.5470616645166,-8.86155374778996,1.50449692692169));
#12212=CARTESIAN_POINT('',(15.6241494589491,-8.86155374778996,0.223180010433464));
#12213=CARTESIAN_POINT('',(15.6241494589491,-8.16155374778996,0.223180010433464));
#12214=CARTESIAN_POINT('',(15.6241494589491,-8.86155374778996,0.223180010433464));
#12215=CARTESIAN_POINT('',(3.15662759542465,-8.86155374778996,0.));
#12216=CARTESIAN_POINT('',(13.4608732276857,-8.86155374778996,-0.845610139459469));
#12217=CARTESIAN_POINT('',(13.4608732276857,-8.16155374778996,-0.845610139459469));
#12218=CARTESIAN_POINT('',(13.4129610221182,-8.16155374778996,-0.845610139459468));
#12219=CARTESIAN_POINT('',(13.5087854332531,-8.16155374778996,-0.845610139459469));
#12220=CARTESIAN_POINT('',(13.4129610221182,-8.86155374778996,-0.845610139459468));
#12221=CARTESIAN_POINT('',(13.4129610221182,-8.86155374778996,-0.845610139459468));
#12222=CARTESIAN_POINT('',(13.4608732276857,-8.86155374778996,-0.845610139459469));
#12223=CARTESIAN_POINT('',(13.5087854332531,-8.86155374778996,-0.845610139459469));
#12224=CARTESIAN_POINT('',(13.5087854332531,-8.86155374778996,-0.845610139459469));
#12225=CARTESIAN_POINT('',(13.4129610221182,-8.86155374778996,0.115310631418476));
#12226=CARTESIAN_POINT('',(13.4129610221182,-8.16155374778996,0.115310631418476));
#12227=CARTESIAN_POINT('',(13.4129610221182,-8.16155374778996,1.07623140229642));
#12228=CARTESIAN_POINT('',(13.4129610221182,-8.86155374778996,1.07623140229642));
#12229=CARTESIAN_POINT('',(13.4129610221182,-8.86155374778996,1.07623140229642));
#12230=CARTESIAN_POINT('',(13.4129610221182,-8.86155374778996,0.115310631418476));
#12231=CARTESIAN_POINT('',(13.4589995660155,-8.86155374778996,1.07623140229642));
#12232=CARTESIAN_POINT('',(13.4589995660155,-8.16155374778996,1.07623140229642));
#12233=CARTESIAN_POINT('',(13.5050381099127,-8.16155374778996,1.07623140229642));
#12234=CARTESIAN_POINT('',(13.5050381099127,-8.86155374778996,1.07623140229642));
#12235=CARTESIAN_POINT('',(13.5050381099127,-8.86155374778996,1.07623140229642));
#12236=CARTESIAN_POINT('',(13.4589995660155,-8.86155374778996,1.07623140229642));
#12237=CARTESIAN_POINT('',(13.7039139129105,-8.86155374778996,1.0419701603264));
#12238=CARTESIAN_POINT('',(13.7039139129105,-8.16155374778996,1.0419701603264));
#12239=CARTESIAN_POINT('',(13.6626933561654,-8.86155374778996,1.06481098830641));
#12240=CARTESIAN_POINT('',(13.6626933561654,-8.16155374778996,1.06481098830641));
#12241=CARTESIAN_POINT('',(13.5964014218327,-8.86155374778996,1.07623140229642));
#12242=CARTESIAN_POINT('',(13.5964014218327,-8.16155374778996,1.07623140229642));
#12243=CARTESIAN_POINT('',(13.5050381099127,-8.86155374778996,1.07623140229642));
#12244=CARTESIAN_POINT('',(13.5050381099127,-8.16155374778996,1.07623140229642));
#12245=CARTESIAN_POINT('',(13.7039139129105,-8.16155374778996,1.0419701603264));
#12246=CARTESIAN_POINT('',(13.6420830777928,-8.16155374778996,1.07623140229642));
#12247=CARTESIAN_POINT('',(13.5050381099127,-8.16155374778996,1.07623140229642));
#12248=CARTESIAN_POINT('',(13.7039139129105,-8.16155374778996,1.0419701603264));
#12249=CARTESIAN_POINT('',(13.7039139129105,-8.86155374778996,1.0419701603264));
#12250=CARTESIAN_POINT('',(13.7039139129105,-8.86155374778996,1.0419701603264));
#12251=CARTESIAN_POINT('',(13.7039139129105,-8.86155374778996,1.0419701603264));
#12252=CARTESIAN_POINT('',(13.6420830777928,-8.86155374778996,1.07623140229642));
#12253=CARTESIAN_POINT('',(13.5050381099127,-8.86155374778996,1.07623140229642));
#12254=CARTESIAN_POINT('',(13.7844813647307,-8.86155374778996,0.932227119641174));
#12255=CARTESIAN_POINT('',(13.7844813647307,-8.16155374778996,0.932227119641174));
#12256=CARTESIAN_POINT('',(13.7719902869291,-8.86155374778996,0.982548318784642));
#12257=CARTESIAN_POINT('',(13.7719902869291,-8.16155374778996,0.982548318784642));
#12258=CARTESIAN_POINT('',(13.7451344696557,-8.86155374778996,1.01912933234638));
#12259=CARTESIAN_POINT('',(13.7451344696557,-8.16155374778996,1.01912933234638));
#12260=CARTESIAN_POINT('',(13.7039139129105,-8.86155374778996,1.0419701603264));
#12261=CARTESIAN_POINT('',(13.7039139129105,-8.16155374778996,1.0419701603264));
#12262=CARTESIAN_POINT('',(13.7844813647307,-8.16155374778996,0.932227119641174));
#12263=CARTESIAN_POINT('',(13.7657447480283,-8.16155374778996,1.00770891835638));
#12264=CARTESIAN_POINT('',(13.7039139129105,-8.16155374778996,1.0419701603264));
#12265=CARTESIAN_POINT('',(13.7844813647307,-8.16155374778996,0.932227119641174));
#12266=CARTESIAN_POINT('',(13.7844813647307,-8.86155374778996,0.932227119641174));
#12267=CARTESIAN_POINT('',(13.7844813647307,-8.86155374778996,0.932227119641174));
#12268=CARTESIAN_POINT('',(13.7844813647307,-8.86155374778996,0.932227119641174));
#12269=CARTESIAN_POINT('',(13.7657447480283,-8.86155374778996,1.00770891835638));
#12270=CARTESIAN_POINT('',(13.7039139129105,-8.86155374778996,1.0419701603264));
#12271=CARTESIAN_POINT('',(13.803217981433,-8.86155374778996,0.733618982596206));
#12272=CARTESIAN_POINT('',(13.803217981433,-8.16155374778996,0.733618982596206));
#12273=CARTESIAN_POINT('',(13.803217981433,-8.86155374778996,0.815703208149383));
#12274=CARTESIAN_POINT('',(13.803217981433,-8.16155374778996,0.815703208149383));
#12275=CARTESIAN_POINT('',(13.7969724425322,-8.86155374778996,0.881905920497705));
#12276=CARTESIAN_POINT('',(13.7969724425322,-8.16155374778996,0.881905920497705));
#12277=CARTESIAN_POINT('',(13.7844813647307,-8.86155374778996,0.932227119641174));
#12278=CARTESIAN_POINT('',(13.7844813647307,-8.16155374778996,0.932227119641174));
#12279=CARTESIAN_POINT('',(13.803217981433,-8.16155374778996,0.733618982596206));
#12280=CARTESIAN_POINT('',(13.803217981433,-8.16155374778996,0.856745320925971));
#12281=CARTESIAN_POINT('',(13.7844813647307,-8.16155374778996,0.932227119641174));
#12282=CARTESIAN_POINT('',(13.803217981433,-8.16155374778996,0.733618982596206));
#12283=CARTESIAN_POINT('',(13.803217981433,-8.86155374778996,0.733618982596206));
#12284=CARTESIAN_POINT('',(13.803217981433,-8.86155374778996,0.733618982596206));
#12285=CARTESIAN_POINT('',(13.803217981433,-8.86155374778996,0.733618982596206));
#12286=CARTESIAN_POINT('',(13.803217981433,-8.86155374778996,0.856745320925971));
#12287=CARTESIAN_POINT('',(13.7844813647307,-8.86155374778996,0.932227119641174));
#12288=CARTESIAN_POINT('',(13.803217981433,-8.86155374778996,0.128961595015906));
#12289=CARTESIAN_POINT('',(13.803217981433,-8.16155374778996,0.128961595015906));
#12290=CARTESIAN_POINT('',(13.803217981433,-8.16155374778996,-0.475695792564394));
#12291=CARTESIAN_POINT('',(13.803217981433,-8.86155374778996,-0.475695792564394));
#12292=CARTESIAN_POINT('',(13.803217981433,-8.86155374778996,-0.475695792564394));
#12293=CARTESIAN_POINT('',(13.803217981433,-8.86155374778996,0.128961595015906));
#12294=CARTESIAN_POINT('',(13.7879610221182,-8.86155374778996,-0.681530910337413));
#12295=CARTESIAN_POINT('',(13.7879610221182,-8.16155374778996,-0.681530910337413));
#12296=CARTESIAN_POINT('',(13.7981323283281,-8.86155374778996,-0.626748611979098));
#12297=CARTESIAN_POINT('',(13.7981323283281,-8.16155374778996,-0.626748611979098));
#12298=CARTESIAN_POINT('',(13.803217981433,-8.86155374778996,-0.558136906054758));
#12299=CARTESIAN_POINT('',(13.803217981433,-8.16155374778996,-0.558136906054758));
#12300=CARTESIAN_POINT('',(13.803217981433,-8.86155374778996,-0.475695792564394));
#12301=CARTESIAN_POINT('',(13.803217981433,-8.16155374778996,-0.475695792564394));
#12302=CARTESIAN_POINT('',(13.7879610221182,-8.16155374778996,-0.681530910337413));
#12303=CARTESIAN_POINT('',(13.803217981433,-8.16155374778996,-0.59935746279994));
#12304=CARTESIAN_POINT('',(13.803217981433,-8.16155374778996,-0.475695792564394));
#12305=CARTESIAN_POINT('',(13.7879610221182,-8.16155374778996,-0.681530910337413));
#12306=CARTESIAN_POINT('',(13.7879610221182,-8.86155374778996,-0.681530910337413));
#12307=CARTESIAN_POINT('',(13.7879610221182,-8.86155374778996,-0.681530910337413));
#12308=CARTESIAN_POINT('',(13.7879610221182,-8.86155374778996,-0.681530910337413));
#12309=CARTESIAN_POINT('',(13.803217981433,-8.86155374778996,-0.59935746279994));
#12310=CARTESIAN_POINT('',(13.803217981433,-8.86155374778996,-0.475695792564394));
#12311=CARTESIAN_POINT('',(13.7108732276857,-8.86155374778996,-0.804657248667177));
#12312=CARTESIAN_POINT('',(13.7108732276857,-8.16155374778996,-0.804657248667177));
#12313=CARTESIAN_POINT('',(13.7520937844309,-8.86155374778996,-0.777355321472316));
#12314=CARTESIAN_POINT('',(13.7520937844309,-8.16155374778996,-0.777355321472316));
#12315=CARTESIAN_POINT('',(13.7777897159084,-8.86155374778996,-0.736313208695728));
#12316=CARTESIAN_POINT('',(13.7777897159084,-8.16155374778996,-0.736313208695728));
#12317=CARTESIAN_POINT('',(13.7879610221182,-8.86155374778996,-0.681530910337413));
#12318=CARTESIAN_POINT('',(13.7879610221182,-8.16155374778996,-0.681530910337413));
#12319=CARTESIAN_POINT('',(13.7108732276857,-8.16155374778996,-0.804657248667177));
#12320=CARTESIAN_POINT('',(13.7727040628035,-8.16155374778996,-0.763704357874886));
#12321=CARTESIAN_POINT('',(13.7879610221182,-8.16155374778996,-0.681530910337413));
#12322=CARTESIAN_POINT('',(13.7108732276857,-8.16155374778996,-0.804657248667177));
#12323=CARTESIAN_POINT('',(13.7108732276857,-8.86155374778996,-0.804657248667177));
#12324=CARTESIAN_POINT('',(13.7108732276857,-8.86155374778996,-0.804657248667177));
#12325=CARTESIAN_POINT('',(13.7108732276857,-8.86155374778996,-0.804657248667177));
#12326=CARTESIAN_POINT('',(13.7727040628035,-8.86155374778996,-0.763704357874886));
#12327=CARTESIAN_POINT('',(13.7879610221182,-8.86155374778996,-0.681530910337413));
#12328=CARTESIAN_POINT('',(12.7994706580926,-8.86155374778996,0.116916627135821));
#12329=CARTESIAN_POINT('',(12.7994706580926,-8.86155374778996,-1.27066367265005));
#12330=CARTESIAN_POINT('',(12.7994706580926,-8.86155374778996,-1.27066367265005));
#12331=CARTESIAN_POINT('',(12.7994706580926,-8.86155374778996,0.116916627135821));
#12332=CARTESIAN_POINT('',(12.7994706580926,-8.86155374778996,1.50449692692169));
#12333=CARTESIAN_POINT('',(12.7994706580926,-8.86155374778996,1.50449692692169));
#12334=CARTESIAN_POINT('',(12.7994706580926,-7.95705682086828,1.50449692692169));
#12335=CARTESIAN_POINT('',(12.7994706580926,-7.46155374778996,2.));
#12336=CARTESIAN_POINT('',(13.1541280456728,-8.86155374778996,-1.27066367265005));
#12337=CARTESIAN_POINT('',(13.5087854332531,-8.86155374778996,-1.27066367265005));
#12338=CARTESIAN_POINT('',(13.5087854332531,-8.86155374778996,-1.27066367265005));
#12339=CARTESIAN_POINT('',(13.1541280456728,-8.86155374778996,-1.27066367265005));
#12340=CARTESIAN_POINT('',(14.0690102726536,-8.86155374778996,-1.17805125294983));
#12341=CARTESIAN_POINT('',(14.0690102726536,-8.16155374778996,-1.17805125294983));
#12342=CARTESIAN_POINT('',(13.9353557401768,-8.86155374778996,-1.23979286608331));
#12343=CARTESIAN_POINT('',(13.9353557401768,-8.16155374778996,-1.23979286608331));
#12344=CARTESIAN_POINT('',(13.7486141270433,-8.86155374778996,-1.27066367265005));
#12345=CARTESIAN_POINT('',(13.7486141270433,-8.16155374778996,-1.27066367265005));
#12346=CARTESIAN_POINT('',(13.5087854332531,-8.86155374778996,-1.27066367265005));
#12347=CARTESIAN_POINT('',(13.5087854332531,-8.16155374778996,-1.27066367265005));
#12348=CARTESIAN_POINT('',(14.0690102726536,-8.86155374778996,-1.17805125294983));
#12349=CARTESIAN_POINT('',(14.0690102726536,-8.86155374778996,-1.17805125294983));
#12350=CARTESIAN_POINT('',(14.0690102726536,-8.86155374778996,-1.17805125294983));
#12351=CARTESIAN_POINT('',(13.8685284739384,-8.86155374778996,-1.27066367265005));
#12352=CARTESIAN_POINT('',(13.5087854332531,-8.86155374778996,-1.27066367265005));
#12353=CARTESIAN_POINT('',(14.3516655189063,-8.86155374778996,-0.888436691921995));
#12354=CARTESIAN_POINT('',(14.3516655189063,-8.16155374778996,-0.888436691921995));
#12355=CARTESIAN_POINT('',(14.2968832205479,-8.86155374778996,-1.01977145280708));
#12356=CARTESIAN_POINT('',(14.2968832205479,-8.16155374778996,-1.01977145280708));
#12357=CARTESIAN_POINT('',(14.2026648051304,-8.86155374778996,-1.11630963981636));
#12358=CARTESIAN_POINT('',(14.2026648051304,-8.16155374778996,-1.11630963981636));
#12359=CARTESIAN_POINT('',(14.0690102726536,-8.86155374778996,-1.17805125294983));
#12360=CARTESIAN_POINT('',(14.0690102726536,-8.16155374778996,-1.17805125294983));
#12361=CARTESIAN_POINT('',(14.3516655189063,-8.86155374778996,-0.888436691921995));
#12362=CARTESIAN_POINT('',(14.3516655189063,-8.86155374778996,-0.888436691921995));
#12363=CARTESIAN_POINT('',(14.3516655189063,-8.86155374778996,-0.888436691921995));
#12364=CARTESIAN_POINT('',(14.2694920713688,-8.86155374778996,-1.08543883324962));
#12365=CARTESIAN_POINT('',(14.0690102726536,-8.86155374778996,-1.17805125294983));
#12366=CARTESIAN_POINT('',(14.4338389664437,-8.86155374778996,-0.37987138142949));
#12367=CARTESIAN_POINT('',(14.4338389664437,-8.16155374778996,-0.37987138142949));
#12368=CARTESIAN_POINT('',(14.4338389664437,-8.86155374778996,-0.587580160872745));
#12369=CARTESIAN_POINT('',(14.4338389664437,-8.16155374778996,-0.587580160872745));
#12370=CARTESIAN_POINT('',(14.4064478172646,-8.86155374778996,-0.757101931036913));
#12371=CARTESIAN_POINT('',(14.4064478172646,-8.16155374778996,-0.757101931036913));
#12372=CARTESIAN_POINT('',(14.3516655189063,-8.86155374778996,-0.888436691921995));
#12373=CARTESIAN_POINT('',(14.3516655189063,-8.16155374778996,-0.888436691921995));
#12374=CARTESIAN_POINT('',(14.4338389664437,-8.86155374778996,-0.37987138142949));
#12375=CARTESIAN_POINT('',(14.4338389664437,-8.86155374778996,-0.37987138142949));
#12376=CARTESIAN_POINT('',(14.4338389664437,-8.86155374778996,-0.37987138142949));
#12377=CARTESIAN_POINT('',(14.4338389664437,-8.86155374778996,-0.691434550594372));
#12378=CARTESIAN_POINT('',(14.3516655189063,-8.86155374778996,-0.888436691921995));
#12379=CARTESIAN_POINT('',(14.4338389664437,-8.86155374778996,0.123875941910981));
#12380=CARTESIAN_POINT('',(14.4338389664437,-8.86155374778996,0.627623265251452));
#12381=CARTESIAN_POINT('',(14.4338389664437,-8.86155374778996,0.627623265251452));
#12382=CARTESIAN_POINT('',(14.4338389664437,-8.86155374778996,0.123875941910981));
#12383=CARTESIAN_POINT('',(14.3516655189063,-8.86155374778996,1.12949692692169));
#12384=CARTESIAN_POINT('',(14.3516655189063,-8.16155374778996,1.12949692692169));
#12385=CARTESIAN_POINT('',(14.4064478172646,-8.86155374778996,1.00048193762833));
#12386=CARTESIAN_POINT('',(14.4064478172646,-8.16155374778996,1.00048193762833));
#12387=CARTESIAN_POINT('',(14.4338389664437,-8.86155374778996,0.833190717071581));
#12388=CARTESIAN_POINT('',(14.4338389664437,-8.16155374778996,0.833190717071581));
#12389=CARTESIAN_POINT('',(14.4338389664437,-8.86155374778996,0.627623265251452));
#12390=CARTESIAN_POINT('',(14.4338389664437,-8.16155374778996,0.627623265251452));
#12391=CARTESIAN_POINT('',(14.3516655189063,-8.86155374778996,1.12949692692169));
#12392=CARTESIAN_POINT('',(14.3516655189063,-8.86155374778996,1.12949692692169));
#12393=CARTESIAN_POINT('',(14.3516655189063,-8.86155374778996,1.12949692692169));
#12394=CARTESIAN_POINT('',(14.4338389664437,-8.86155374778996,0.935974442981645));
#12395=CARTESIAN_POINT('',(14.4338389664437,-8.86155374778996,0.627623265251452));
#12396=CARTESIAN_POINT('',(14.0671366109833,-8.86155374778996,1.41375816889171));
#12397=CARTESIAN_POINT('',(14.0671366109833,-8.0429130298849,1.41375816889171));
#12398=CARTESIAN_POINT('',(14.2020402512403,-8.86155374778996,1.35326566353839));
#12399=CARTESIAN_POINT('',(14.2020402512403,-8.0429130298849,1.35326566353839));
#12400=CARTESIAN_POINT('',(14.2968832205479,-8.86155374778996,1.25851191621505));
#12401=CARTESIAN_POINT('',(14.2968832205479,-8.0429130298849,1.25851191621505));
#12402=CARTESIAN_POINT('',(14.3516655189063,-8.86155374778996,1.12949692692169));
#12403=CARTESIAN_POINT('',(14.3516655189063,-8.0429130298849,1.12949692692169));
#12404=CARTESIAN_POINT('',(14.2367476157342,-8.16155374778996,1.3));
#12405=CARTESIAN_POINT('',(14.1904624530131,-8.11599172156066,1.3455620262293));
#12406=CARTESIAN_POINT('',(14.1342000039908,-8.07786765592145,1.38368609186851));
#12407=CARTESIAN_POINT('',(14.0671366109833,-8.04779557889825,1.41375816889171));
#12408=CARTESIAN_POINT('',(14.0671366109833,-8.04779557889825,1.41375816889171));
#12409=CARTESIAN_POINT('',(14.0671366109833,-8.86155374778996,1.41375816889171));
#12410=CARTESIAN_POINT('',(14.0671366109833,-8.86155374778996,1.41375816889171));
#12411=CARTESIAN_POINT('',(14.0671366109833,-8.86155374778996,1.41375816889171));
#12412=CARTESIAN_POINT('',(14.2694920713688,-8.86155374778996,1.32301941086173));
#12413=CARTESIAN_POINT('',(14.3516655189063,-8.86155374778996,1.12949692692169));
#12414=CARTESIAN_POINT('',(13.501826118478,-8.86155374778996,1.50449692692169));
#12415=CARTESIAN_POINT('',(13.501826118478,-7.95162983930674,1.50449692692169));
#12416=CARTESIAN_POINT('',(13.7437961398913,-8.86155374778996,1.50449692692169));
#12417=CARTESIAN_POINT('',(13.7437961398913,-7.95162983930674,1.50449692692169));
#12418=CARTESIAN_POINT('',(13.9322329707264,-8.86155374778996,1.47425067424503));
#12419=CARTESIAN_POINT('',(13.9322329707264,-7.95162983930674,1.47425067424503));
#12420=CARTESIAN_POINT('',(14.0671366109833,-8.86155374778996,1.41375816889171));
#12421=CARTESIAN_POINT('',(14.0671366109833,-7.95162983930674,1.41375816889171));
#12422=CARTESIAN_POINT('',(14.0671366109833,-8.04779557889825,1.41375816889171));
#12423=CARTESIAN_POINT('',(13.9840160364527,-8.01052325777936,1.4510304900106));
#12424=CARTESIAN_POINT('',(13.7961302370374,-7.96653375842024,1.49501998936971));
#12425=CARTESIAN_POINT('',(13.5998701835713,-7.95705682086828,1.50449692692169));
#12426=CARTESIAN_POINT('',(13.501826118478,-7.95705682086828,1.50449692692169));
#12427=CARTESIAN_POINT('',(13.501826118478,-7.95705682086828,1.50449692692169));
#12428=CARTESIAN_POINT('',(13.501826118478,-8.86155374778996,1.50449692692169));
#12429=CARTESIAN_POINT('',(13.501826118478,-8.86155374778996,1.50449692692169));
#12430=CARTESIAN_POINT('',(13.501826118478,-8.86155374778996,1.50449692692169));
#12431=CARTESIAN_POINT('',(13.8647811505979,-8.86155374778996,1.50449692692169));
#12432=CARTESIAN_POINT('',(14.0671366109833,-8.86155374778996,1.41375816889171));
#12433=CARTESIAN_POINT('',(13.1506483882853,-8.86155374778996,1.50449692692169));
#12434=CARTESIAN_POINT('',(3.15662759542465,-7.95705682086828,1.50449692692169));
#12435=CARTESIAN_POINT('',(13.1506483882853,-8.86155374778996,1.50449692692169));
#12436=CARTESIAN_POINT('',(13.5087854332531,-8.86155374778996,-0.845610139459469));
#12437=CARTESIAN_POINT('',(13.5087854332531,-8.16155374778996,-0.845610139459469));
#12438=CARTESIAN_POINT('',(13.6022900727963,-8.86155374778996,-0.845610139459469));
#12439=CARTESIAN_POINT('',(13.6022900727963,-8.16155374778996,-0.845610139459469));
#12440=CARTESIAN_POINT('',(13.6696526709405,-8.86155374778996,-0.831959175862038));
#12441=CARTESIAN_POINT('',(13.6696526709405,-8.16155374778996,-0.831959175862038));
#12442=CARTESIAN_POINT('',(13.7108732276857,-8.86155374778996,-0.804657248667177));
#12443=CARTESIAN_POINT('',(13.7108732276857,-8.16155374778996,-0.804657248667177));
#12444=CARTESIAN_POINT('',(13.5087854332531,-8.16155374778996,-0.845610139459469));
#12445=CARTESIAN_POINT('',(13.6490423925679,-8.16155374778996,-0.845610139459469));
#12446=CARTESIAN_POINT('',(13.7108732276857,-8.16155374778996,-0.804657248667177));
#12447=CARTESIAN_POINT('',(13.5087854332531,-8.86155374778996,-0.845610139459469));
#12448=CARTESIAN_POINT('',(13.6490423925679,-8.86155374778996,-0.845610139459469));
#12449=CARTESIAN_POINT('',(13.7108732276857,-8.86155374778996,-0.804657248667177));
#12450=CARTESIAN_POINT('',(3.15662759542465,-8.86155374778996,0.));
#12451=CARTESIAN_POINT('',(11.2678860756514,-8.86155374778996,0.116916627135821));
#12452=CARTESIAN_POINT('',(11.2678860756514,-8.86155374778996,-1.27066367265005));
#12453=CARTESIAN_POINT('',(11.2678860756514,-8.86155374778996,-1.27066367265005));
#12454=CARTESIAN_POINT('',(11.2678860756514,-8.86155374778996,0.116916627135821));
#12455=CARTESIAN_POINT('',(11.2678860756514,-8.86155374778996,1.50449692692169));
#12456=CARTESIAN_POINT('',(11.2678860756514,-8.86155374778996,1.50449692692169));
#12457=CARTESIAN_POINT('',(11.2678860756514,-7.95705682086828,1.50449692692169));
#12458=CARTESIAN_POINT('',(11.2678860756514,-7.46155374778996,2.));
#12459=CARTESIAN_POINT('',(11.8947597373217,-8.86155374778996,-1.27066367265005));
#12460=CARTESIAN_POINT('',(12.5216333989919,-8.86155374778996,-1.27066367265005));
#12461=CARTESIAN_POINT('',(12.5216333989919,-8.86155374778996,-1.27066367265005));
#12462=CARTESIAN_POINT('',(11.8947597373217,-8.86155374778996,-1.27066367265005));
#12463=CARTESIAN_POINT('',(12.5216333989919,-8.86155374778996,-1.06349022511257));
#12464=CARTESIAN_POINT('',(12.5216333989919,-8.86155374778996,-0.8563167775751));
#12465=CARTESIAN_POINT('',(12.5216333989919,-8.86155374778996,-0.8563167775751));
#12466=CARTESIAN_POINT('',(12.5216333989919,-8.86155374778996,-1.06349022511257));
#12467=CARTESIAN_POINT('',(12.2015049193345,-8.86155374778996,-0.8563167775751));
#12468=CARTESIAN_POINT('',(11.8813764396771,-8.86155374778996,-0.8563167775751));
#12469=CARTESIAN_POINT('',(11.8813764396771,-8.86155374778996,-0.8563167775751));
#12470=CARTESIAN_POINT('',(12.2015049193345,-8.86155374778996,-0.8563167775751));
#12471=CARTESIAN_POINT('',(11.8813764396771,-8.86155374778996,-0.441702216547263));
#12472=CARTESIAN_POINT('',(11.8813764396771,-8.86155374778996,-0.0270876555194256));
#12473=CARTESIAN_POINT('',(11.8813764396771,-8.86155374778996,-0.0270876555194256));
#12474=CARTESIAN_POINT('',(11.8813764396771,-8.86155374778996,-0.441702216547263));
#12475=CARTESIAN_POINT('',(12.1228111291846,-8.86155374778996,-0.0270876555194256));
#12476=CARTESIAN_POINT('',(12.3642458186921,-8.86155374778996,-0.0270876555194256));
#12477=CARTESIAN_POINT('',(12.3642458186921,-8.86155374778996,-0.0270876555194256));
#12478=CARTESIAN_POINT('',(12.1228111291846,-8.86155374778996,-0.0270876555194256));
#12479=CARTESIAN_POINT('',(12.3642458186921,-8.86155374778996,0.185439111075863));
#12480=CARTESIAN_POINT('',(12.3642458186921,-8.86155374778996,0.397965877671153));
#12481=CARTESIAN_POINT('',(12.3642458186921,-8.86155374778996,0.397965877671153));
#12482=CARTESIAN_POINT('',(12.3642458186921,-8.86155374778996,0.185439111075863));
#12483=CARTESIAN_POINT('',(12.1228111291846,-8.86155374778996,0.397965877671153));
#12484=CARTESIAN_POINT('',(11.8813764396771,-8.86155374778996,0.397965877671153));
#12485=CARTESIAN_POINT('',(11.8813764396771,-8.86155374778996,0.397965877671153));
#12486=CARTESIAN_POINT('',(12.1228111291846,-8.86155374778996,0.397965877671153));
#12487=CARTESIAN_POINT('',(11.8813764396771,-8.86155374778996,0.742184293088711));
#12488=CARTESIAN_POINT('',(11.8813764396771,-8.86155374778996,1.08640270850627));
#12489=CARTESIAN_POINT('',(11.8813764396771,-8.86155374778996,1.08640270850627));
#12490=CARTESIAN_POINT('',(11.8813764396771,-8.86155374778996,0.742184293088711));
#12491=CARTESIAN_POINT('',(12.1982929278998,-8.86155374778996,1.08640270850627));
#12492=CARTESIAN_POINT('',(12.5152094161225,-8.86155374778996,1.08640270850627));
#12493=CARTESIAN_POINT('',(12.5152094161225,-8.86155374778996,1.08640270850627));
#12494=CARTESIAN_POINT('',(12.1982929278998,-8.86155374778996,1.08640270850627));
#12495=CARTESIAN_POINT('',(12.5152094161225,-8.86155374778996,1.29544981771398));
#12496=CARTESIAN_POINT('',(12.5152094161225,-7.46155374778996,2.));
#12497=CARTESIAN_POINT('',(12.5152094161225,-7.95705682086828,1.50449692692169));
#12498=CARTESIAN_POINT('',(12.5152094161225,-8.86155374778996,1.50449692692169));
#12499=CARTESIAN_POINT('',(12.5152094161225,-8.86155374778996,1.50449692692169));
#12500=CARTESIAN_POINT('',(12.5152094161225,-8.86155374778996,1.29544981771398));
#12501=CARTESIAN_POINT('',(11.891547745887,-8.86155374778996,1.50449692692169));
#12502=CARTESIAN_POINT('',(3.15662759542465,-7.95705682086828,1.50449692692169));
#12503=CARTESIAN_POINT('',(11.891547745887,-8.86155374778996,1.50449692692169));
#12504=CARTESIAN_POINT('',(3.15662759542465,-8.86155374778996,0.));
#12505=CARTESIAN_POINT('',(10.0280573818613,-8.86155374778996,0.33640270850627));
#12506=CARTESIAN_POINT('',(10.0280573818613,-8.16155374778996,0.33640270850627));
#12507=CARTESIAN_POINT('',(9.92527365595123,-8.16155374778996,0.33640270850627));
#12508=CARTESIAN_POINT('',(10.1308411077714,-8.16155374778996,0.33640270850627));
#12509=CARTESIAN_POINT('',(9.92527365595123,-8.86155374778996,0.33640270850627));
#12510=CARTESIAN_POINT('',(9.92527365595123,-8.86155374778996,0.33640270850627));
#12511=CARTESIAN_POINT('',(10.0280573818613,-8.86155374778996,0.33640270850627));
#12512=CARTESIAN_POINT('',(10.1308411077714,-8.86155374778996,0.33640270850627));
#12513=CARTESIAN_POINT('',(10.1308411077714,-8.86155374778996,0.33640270850627));
#12514=CARTESIAN_POINT('',(9.92527365595123,-8.86155374778996,0.704711059684001));
#12515=CARTESIAN_POINT('',(9.92527365595123,-8.16155374778996,0.704711059684001));
#12516=CARTESIAN_POINT('',(9.92527365595123,-8.16155374778996,1.07301941086173));
#12517=CARTESIAN_POINT('',(9.92527365595123,-8.86155374778996,1.07301941086173));
#12518=CARTESIAN_POINT('',(9.92527365595123,-8.86155374778996,1.07301941086173));
#12519=CARTESIAN_POINT('',(9.92527365595123,-8.86155374778996,0.704711059684001));
#12520=CARTESIAN_POINT('',(10.0261837201911,-8.86155374778996,1.07301941086173));
#12521=CARTESIAN_POINT('',(10.0261837201911,-8.16155374778996,1.07301941086173));
#12522=CARTESIAN_POINT('',(10.1270937844309,-8.16155374778996,1.07301941086173));
#12523=CARTESIAN_POINT('',(10.1270937844309,-8.86155374778996,1.07301941086173));
#12524=CARTESIAN_POINT('',(10.1270937844309,-8.86155374778996,1.07301941086173));
#12525=CARTESIAN_POINT('',(10.0261837201911,-8.86155374778996,1.07301941086173));
#12526=CARTESIAN_POINT('',(10.3088389664437,-8.86155374778996,1.02483953934139));
#12527=CARTESIAN_POINT('',(10.3088389664437,-8.16155374778996,1.02483953934139));
#12528=CARTESIAN_POINT('',(10.2701166252589,-8.86155374778996,1.05695945368828));
#12529=CARTESIAN_POINT('',(10.2701166252589,-8.16155374778996,1.05695945368828));
#12530=CARTESIAN_POINT('',(10.2095348979212,-8.86155374778996,1.07301941086173));
#12531=CARTESIAN_POINT('',(10.2095348979212,-8.16155374778996,1.07301941086173));
#12532=CARTESIAN_POINT('',(10.1270937844309,-8.86155374778996,1.07301941086173));
#12533=CARTESIAN_POINT('',(10.1270937844309,-8.16155374778996,1.07301941086173));
#12534=CARTESIAN_POINT('',(10.3088389664437,-8.16155374778996,1.02483953934139));
#12535=CARTESIAN_POINT('',(10.2507554546664,-8.16155374778996,1.07301941086173));
#12536=CARTESIAN_POINT('',(10.1270937844309,-8.16155374778996,1.07301941086173));
#12537=CARTESIAN_POINT('',(10.3088389664437,-8.16155374778996,1.02483953934139));
#12538=CARTESIAN_POINT('',(10.3088389664437,-8.86155374778996,1.02483953934139));
#12539=CARTESIAN_POINT('',(10.3088389664437,-8.86155374778996,1.02483953934139));
#12540=CARTESIAN_POINT('',(10.3088389664437,-8.86155374778996,1.02483953934139));
#12541=CARTESIAN_POINT('',(10.2507554546664,-8.86155374778996,1.07301941086173));
#12542=CARTESIAN_POINT('',(10.1270937844309,-8.86155374778996,1.07301941086173));
#12543=CARTESIAN_POINT('',(10.3824471034887,-8.86155374778996,0.896359881953808));
#12544=CARTESIAN_POINT('',(10.3824471034887,-8.16155374778996,0.896359881953808));
#12545=CARTESIAN_POINT('',(10.3720973533102,-8.86155374778996,0.949893072531967));
#12546=CARTESIAN_POINT('',(10.3720973533102,-8.16155374778996,0.949893072531967));
#12547=CARTESIAN_POINT('',(10.3475613076286,-8.86155374778996,0.992719624994493));
#12548=CARTESIAN_POINT('',(10.3475613076286,-8.16155374778996,0.992719624994493));
#12549=CARTESIAN_POINT('',(10.3088389664437,-8.86155374778996,1.02483953934139));
#12550=CARTESIAN_POINT('',(10.3088389664437,-8.16155374778996,1.02483953934139));
#12551=CARTESIAN_POINT('',(10.3824471034887,-8.16155374778996,0.896359881953808));
#12552=CARTESIAN_POINT('',(10.366922478221,-8.16155374778996,0.976659667821046));
#12553=CARTESIAN_POINT('',(10.3088389664437,-8.16155374778996,1.02483953934139));
#12554=CARTESIAN_POINT('',(10.3824471034887,-8.16155374778996,0.896359881953808));
#12555=CARTESIAN_POINT('',(10.3824471034887,-8.86155374778996,0.896359881953808));
#12556=CARTESIAN_POINT('',(10.3824471034887,-8.86155374778996,0.896359881953808));
#12557=CARTESIAN_POINT('',(10.3824471034887,-8.86155374778996,0.896359881953808));
#12558=CARTESIAN_POINT('',(10.366922478221,-8.86155374778996,0.976659667821046));
#12559=CARTESIAN_POINT('',(10.3088389664437,-8.86155374778996,1.02483953934139));
#12560=CARTESIAN_POINT('',(10.3979717287564,-8.86155374778996,0.709529046836035));
#12561=CARTESIAN_POINT('',(10.3979717287564,-8.16155374778996,0.709529046836035));
#12562=CARTESIAN_POINT('',(10.3979717287564,-8.86155374778996,0.780549746336392));
#12563=CARTESIAN_POINT('',(10.3979717287564,-8.16155374778996,0.780549746336392));
#12564=CARTESIAN_POINT('',(10.3927968536671,-8.86155374778996,0.842826691375649));
#12565=CARTESIAN_POINT('',(10.3927968536671,-8.16155374778996,0.842826691375649));
#12566=CARTESIAN_POINT('',(10.3824471034887,-8.86155374778996,0.896359881953808));
#12567=CARTESIAN_POINT('',(10.3824471034887,-8.16155374778996,0.896359881953808));
#12568=CARTESIAN_POINT('',(10.3979717287564,-8.16155374778996,0.709529046836035));
#12569=CARTESIAN_POINT('',(10.3979717287564,-8.16155374778996,0.81606009608657));
#12570=CARTESIAN_POINT('',(10.3824471034887,-8.16155374778996,0.896359881953808));
#12571=CARTESIAN_POINT('',(10.3979717287564,-8.16155374778996,0.709529046836035));
#12572=CARTESIAN_POINT('',(10.3979717287564,-8.86155374778996,0.709529046836035));
#12573=CARTESIAN_POINT('',(10.3979717287564,-8.86155374778996,0.709529046836035));
#12574=CARTESIAN_POINT('',(10.3979717287564,-8.86155374778996,0.709529046836035));
#12575=CARTESIAN_POINT('',(10.3979717287564,-8.86155374778996,0.81606009608657));
#12576=CARTESIAN_POINT('',(10.3824471034887,-8.86155374778996,0.896359881953808));
#12577=CARTESIAN_POINT('',(10.3789674461011,-8.86155374778996,0.500481937628326));
#12578=CARTESIAN_POINT('',(10.3789674461011,-8.16155374778996,0.500481937628326));
#12579=CARTESIAN_POINT('',(10.3916369678713,-8.86155374778996,0.555264235986641));
#12580=CARTESIAN_POINT('',(10.3916369678713,-8.16155374778996,0.555264235986641));
#12581=CARTESIAN_POINT('',(10.3979717287564,-8.86155374778996,0.624946605722544));
#12582=CARTESIAN_POINT('',(10.3979717287564,-8.16155374778996,0.624946605722544));
#12583=CARTESIAN_POINT('',(10.3979717287564,-8.86155374778996,0.709529046836035));
#12584=CARTESIAN_POINT('',(10.3979717287564,-8.16155374778996,0.709529046836035));
#12585=CARTESIAN_POINT('',(10.3789674461011,-8.16155374778996,0.500481937628326));
#12586=CARTESIAN_POINT('',(10.3979717287564,-8.16155374778996,0.582655385165799));
#12587=CARTESIAN_POINT('',(10.3979717287564,-8.16155374778996,0.709529046836035));
#12588=CARTESIAN_POINT('',(10.3789674461011,-8.16155374778996,0.500481937628326));
#12589=CARTESIAN_POINT('',(10.3789674461011,-8.86155374778996,0.500481937628326));
#12590=CARTESIAN_POINT('',(10.3789674461011,-8.86155374778996,0.500481937628326));
#12591=CARTESIAN_POINT('',(10.3789674461011,-8.86155374778996,0.500481937628326));
#12592=CARTESIAN_POINT('',(10.3979717287564,-8.86155374778996,0.582655385165799));
#12593=CARTESIAN_POINT('',(10.3979717287564,-8.86155374778996,0.709529046836035));
#12594=CARTESIAN_POINT('',(10.3018796516686,-8.86155374778996,0.377355599298561));
#12595=CARTESIAN_POINT('',(10.3018796516686,-8.16155374778996,0.377355599298561));
#12596=CARTESIAN_POINT('',(10.3406019928534,-8.86155374778996,0.404657526493422));
#12597=CARTESIAN_POINT('',(10.3406019928534,-8.16155374778996,0.404657526493422));
#12598=CARTESIAN_POINT('',(10.3662979243309,-8.86155374778996,0.44569963927001));
#12599=CARTESIAN_POINT('',(10.3662979243309,-8.16155374778996,0.44569963927001));
#12600=CARTESIAN_POINT('',(10.3789674461011,-8.86155374778996,0.500481937628326));
#12601=CARTESIAN_POINT('',(10.3789674461011,-8.16155374778996,0.500481937628326));
#12602=CARTESIAN_POINT('',(10.3018796516686,-8.16155374778996,0.377355599298561));
#12603=CARTESIAN_POINT('',(10.3599631634459,-8.16155374778996,0.418308490090852));
#12604=CARTESIAN_POINT('',(10.3789674461011,-8.16155374778996,0.500481937628326));
#12605=CARTESIAN_POINT('',(10.3018796516686,-8.16155374778996,0.377355599298561));
#12606=CARTESIAN_POINT('',(10.3018796516686,-8.86155374778996,0.377355599298561));
#12607=CARTESIAN_POINT('',(10.3018796516686,-8.86155374778996,0.377355599298561));
#12608=CARTESIAN_POINT('',(10.3018796516686,-8.86155374778996,0.377355599298561));
#12609=CARTESIAN_POINT('',(10.3599631634459,-8.86155374778996,0.418308490090852));
#12610=CARTESIAN_POINT('',(10.3789674461011,-8.86155374778996,0.500481937628326));
#12611=CARTESIAN_POINT('',(9.31178329192553,-8.86155374778996,0.116916627135821));
#12612=CARTESIAN_POINT('',(9.31178329192553,-8.86155374778996,-1.27066367265005));
#12613=CARTESIAN_POINT('',(9.31178329192553,-8.86155374778996,-1.27066367265005));
#12614=CARTESIAN_POINT('',(9.31178329192553,-8.86155374778996,0.116916627135821));
#12615=CARTESIAN_POINT('',(9.31178329192553,-8.86155374778996,1.50449692692169));
#12616=CARTESIAN_POINT('',(9.31178329192553,-8.86155374778996,1.50449692692169));
#12617=CARTESIAN_POINT('',(9.31178329192553,-7.95705682086828,1.50449692692169));
#12618=CARTESIAN_POINT('',(9.31178329192553,-7.46155374778996,2.));
#12619=CARTESIAN_POINT('',(9.61852847393838,-8.86155374778996,-1.27066367265005));
#12620=CARTESIAN_POINT('',(9.92527365595123,-8.86155374778996,-1.27066367265005));
#12621=CARTESIAN_POINT('',(9.92527365595123,-8.86155374778996,-1.27066367265005));
#12622=CARTESIAN_POINT('',(9.61852847393838,-8.86155374778996,-1.27066367265005));
#12623=CARTESIAN_POINT('',(9.92527365595123,-8.86155374778996,-0.681263244384522));
#12624=CARTESIAN_POINT('',(9.92527365595123,-8.86155374778996,-0.0918628161189974));
#12625=CARTESIAN_POINT('',(9.92527365595123,-8.86155374778996,-0.0918628161189974));
#12626=CARTESIAN_POINT('',(9.92527365595123,-8.86155374778996,-0.681263244384522));
#12627=CARTESIAN_POINT('',(10.048399994281,-8.86155374778996,-0.0918628161189974));
#12628=CARTESIAN_POINT('',(10.1715263326108,-8.86155374778996,-0.0918628161189974));
#12629=CARTESIAN_POINT('',(10.1715263326108,-8.86155374778996,-0.0918628161189974));
#12630=CARTESIAN_POINT('',(10.048399994281,-8.86155374778996,-0.0918628161189974));
#12631=CARTESIAN_POINT('',(10.5794492448163,-8.86155374778996,-0.0268199895665349));
#12632=CARTESIAN_POINT('',(10.5794492448163,-8.16155374778996,-0.0268199895665349));
#12633=CARTESIAN_POINT('',(10.4584642341097,-8.86155374778996,-0.0701818739348433));
#12634=CARTESIAN_POINT('',(10.4584642341097,-8.16155374778996,-0.0701818739348433));
#12635=CARTESIAN_POINT('',(10.3224899300412,-8.86155374778996,-0.0918628161189974));
#12636=CARTESIAN_POINT('',(10.3224899300412,-8.16155374778996,-0.0918628161189974));
#12637=CARTESIAN_POINT('',(10.1715263326108,-8.86155374778996,-0.0918628161189974));
#12638=CARTESIAN_POINT('',(10.1715263326108,-8.16155374778996,-0.0918628161189974));
#12639=CARTESIAN_POINT('',(10.5794492448163,-8.86155374778996,-0.0268199895665349));
#12640=CARTESIAN_POINT('',(10.5794492448163,-8.86155374778996,-0.0268199895665349));
#12641=CARTESIAN_POINT('',(10.5794492448163,-8.86155374778996,-0.0268199895665349));
#12642=CARTESIAN_POINT('',(10.3979717287564,-8.86155374778996,-0.0918628161189974));
#12643=CARTESIAN_POINT('',(10.1715263326108,-8.86155374778996,-0.0918628161189974));
#12644=CARTESIAN_POINT('',(10.8671901441739,-8.86155374778996,0.207655385165799));
#12645=CARTESIAN_POINT('',(10.8671901441739,-8.16155374778996,0.207655385165799));
#12646=CARTESIAN_POINT('',(10.7963478886422,-8.86155374778996,0.0947003530458847));
#12647=CARTESIAN_POINT('',(10.7963478886422,-8.16155374778996,0.0947003530458847));
#12648=CARTESIAN_POINT('',(10.700434255523,-8.86155374778996,0.0165418948017734));
#12649=CARTESIAN_POINT('',(10.700434255523,-8.16155374778996,0.0165418948017734));
#12650=CARTESIAN_POINT('',(10.5794492448163,-8.86155374778996,-0.0268199895665349));
#12651=CARTESIAN_POINT('',(10.5794492448163,-8.16155374778996,-0.0268199895665349));
#12652=CARTESIAN_POINT('',(10.8671901441739,-8.86155374778996,0.207655385165799));
#12653=CARTESIAN_POINT('',(10.8671901441739,-8.86155374778996,0.207655385165799));
#12654=CARTESIAN_POINT('',(10.8671901441739,-8.86155374778996,0.207655385165799));
#12655=CARTESIAN_POINT('',(10.7609267608763,-8.86155374778996,0.0382228369859276));
#12656=CARTESIAN_POINT('',(10.5794492448163,-8.86155374778996,-0.0268199895665349));
#12657=CARTESIAN_POINT('',(10.9734535274716,-8.86155374778996,0.699357740626184));
#12658=CARTESIAN_POINT('',(10.9734535274716,-8.16155374778996,0.699357740626184));
#12659=CARTESIAN_POINT('',(10.9734535274716,-8.86155374778996,0.484511202439175));
#12660=CARTESIAN_POINT('',(10.9734535274716,-8.16155374778996,0.484511202439175));
#12661=CARTESIAN_POINT('',(10.9380323997057,-8.86155374778996,0.320610417285714));
#12662=CARTESIAN_POINT('',(10.9380323997057,-8.16155374778996,0.320610417285714));
#12663=CARTESIAN_POINT('',(10.8671901441739,-8.86155374778996,0.207655385165799));
#12664=CARTESIAN_POINT('',(10.8671901441739,-8.16155374778996,0.207655385165799));
#12665=CARTESIAN_POINT('',(10.9734535274716,-8.86155374778996,0.699357740626184));
#12666=CARTESIAN_POINT('',(10.9734535274716,-8.86155374778996,0.699357740626184));
#12667=CARTESIAN_POINT('',(10.9734535274716,-8.86155374778996,0.699357740626184));
#12668=CARTESIAN_POINT('',(10.9734535274716,-8.86155374778996,0.377087933345671));
#12669=CARTESIAN_POINT('',(10.8671901441739,-8.86155374778996,0.207655385165799));
#12670=CARTESIAN_POINT('',(10.8947597373217,-8.86155374778996,1.13618857574396));
#12671=CARTESIAN_POINT('',(10.8947597373217,-8.16155374778996,1.13618857574396));
#12672=CARTESIAN_POINT('',(10.9472222640883,-8.86155374778996,1.01627422884888));
#12673=CARTESIAN_POINT('',(10.9472222640883,-8.16155374778996,1.01627422884888));
#12674=CARTESIAN_POINT('',(10.9734535274716,-8.86155374778996,0.870663950476291));
#12675=CARTESIAN_POINT('',(10.9734535274716,-8.16155374778996,0.870663950476291));
#12676=CARTESIAN_POINT('',(10.9734535274716,-8.86155374778996,0.699357740626184));
#12677=CARTESIAN_POINT('',(10.9734535274716,-8.16155374778996,0.699357740626184));
#12678=CARTESIAN_POINT('',(10.8947597373217,-8.86155374778996,1.13618857574396));
#12679=CARTESIAN_POINT('',(10.8947597373217,-8.86155374778996,1.13618857574396));
#12680=CARTESIAN_POINT('',(10.8947597373217,-8.86155374778996,1.13618857574396));
#12681=CARTESIAN_POINT('',(10.9734535274716,-8.86155374778996,0.956317055401345));
#12682=CARTESIAN_POINT('',(10.9734535274716,-8.86155374778996,0.699357740626184));
#12683=CARTESIAN_POINT('',(10.6549310435315,-8.86155374778996,1.41027851150413));
#12684=CARTESIAN_POINT('',(10.6549310435315,-8.04641356521681,1.41027851150413));
#12685=CARTESIAN_POINT('',(10.762354312625,-8.86155374778996,1.34746623455909));
#12686=CARTESIAN_POINT('',(10.762354312625,-8.04641356521681,1.34746623455909));
#12687=CARTESIAN_POINT('',(10.8422972105551,-8.86155374778996,1.25610292263903));
#12688=CARTESIAN_POINT('',(10.8422972105551,-8.04641356521681,1.25610292263903));
#12689=CARTESIAN_POINT('',(10.8947597373217,-8.86155374778996,1.13618857574396));
#12690=CARTESIAN_POINT('',(10.8947597373217,-8.04641356521681,1.13618857574396));
#12691=CARTESIAN_POINT('',(10.7907108564774,-8.16155374778996,1.3));
#12692=CARTESIAN_POINT('',(10.753343730236,-8.11993525355983,1.34161849423013));
#12693=CARTESIAN_POINT('',(10.7087679031261,-8.08275459604878,1.37879915174119));
#12694=CARTESIAN_POINT('',(10.6549310435315,-8.05127523628584,1.41027851150413));
#12695=CARTESIAN_POINT('',(10.6549310435315,-8.05127523628584,1.41027851150413));
#12696=CARTESIAN_POINT('',(10.6549310435315,-8.86155374778996,1.41027851150413));
#12697=CARTESIAN_POINT('',(10.6549310435315,-8.86155374778996,1.41027851150413));
#12698=CARTESIAN_POINT('',(10.6549310435315,-8.86155374778996,1.41027851150413));
#12699=CARTESIAN_POINT('',(10.8160659471718,-8.86155374778996,1.31606009608657));
#12700=CARTESIAN_POINT('',(10.8947597373217,-8.86155374778996,1.13618857574396));
#12701=CARTESIAN_POINT('',(10.2437961398913,-8.86155374778996,1.50449692692169));
#12702=CARTESIAN_POINT('',(10.2437961398913,-7.95162983930674,1.50449692692169));
#12703=CARTESIAN_POINT('',(10.4104628065579,-8.86155374778996,1.50449692692169));
#12704=CARTESIAN_POINT('',(10.4104628065579,-7.95162983930674,1.50449692692169));
#12705=CARTESIAN_POINT('',(10.547507774438,-8.86155374778996,1.47309078844917));
#12706=CARTESIAN_POINT('',(10.547507774438,-7.95162983930674,1.47309078844917));
#12707=CARTESIAN_POINT('',(10.6549310435315,-8.86155374778996,1.41027851150413));
#12708=CARTESIAN_POINT('',(10.6549310435315,-7.95162983930674,1.41027851150413));
#12709=CARTESIAN_POINT('',(10.6549310435315,-8.05127523628584,1.41027851150413));
#12710=CARTESIAN_POINT('',(10.5978671497818,-8.01790897283087,1.4436447749591));
#12711=CARTESIAN_POINT('',(10.4652007962035,-7.96924508275567,1.49230866503428));
#12712=CARTESIAN_POINT('',(10.3176270315334,-7.95705682086828,1.50449692692169));
#12713=CARTESIAN_POINT('',(10.2437961398913,-7.95705682086828,1.50449692692169));
#12714=CARTESIAN_POINT('',(10.2437961398913,-7.95705682086828,1.50449692692169));
#12715=CARTESIAN_POINT('',(10.2437961398913,-8.86155374778996,1.50449692692169));
#12716=CARTESIAN_POINT('',(10.2437961398913,-8.86155374778996,1.50449692692169));
#12717=CARTESIAN_POINT('',(10.2437961398913,-8.86155374778996,1.50449692692169));
#12718=CARTESIAN_POINT('',(10.4937961398913,-8.86155374778996,1.50449692692169));
#12719=CARTESIAN_POINT('',(10.6549310435315,-8.86155374778996,1.41027851150413));
#12720=CARTESIAN_POINT('',(9.7777897159084,-8.86155374778996,1.50449692692169));
#12721=CARTESIAN_POINT('',(3.15662759542465,-7.95705682086828,1.50449692692169));
#12722=CARTESIAN_POINT('',(9.7777897159084,-8.86155374778996,1.50449692692169));
#12723=CARTESIAN_POINT('',(10.1308411077714,-8.86155374778996,0.33640270850627));
#12724=CARTESIAN_POINT('',(10.1308411077714,-8.16155374778996,0.33640270850627));
#12725=CARTESIAN_POINT('',(10.206144462518,-8.86155374778996,0.33640270850627));
#12726=CARTESIAN_POINT('',(10.206144462518,-8.16155374778996,0.33640270850627));
#12727=CARTESIAN_POINT('',(10.2631573104837,-8.86155374778996,0.3500536721037));
#12728=CARTESIAN_POINT('',(10.2631573104837,-8.16155374778996,0.3500536721037));
#12729=CARTESIAN_POINT('',(10.3018796516686,-8.86155374778996,0.377355599298561));
#12730=CARTESIAN_POINT('',(10.3018796516686,-8.16155374778996,0.377355599298561));
#12731=CARTESIAN_POINT('',(10.1308411077714,-8.16155374778996,0.33640270850627));
#12732=CARTESIAN_POINT('',(10.2437961398913,-8.16155374778996,0.33640270850627));
#12733=CARTESIAN_POINT('',(10.3018796516686,-8.16155374778996,0.377355599298561));
#12734=CARTESIAN_POINT('',(10.1308411077714,-8.86155374778996,0.33640270850627));
#12735=CARTESIAN_POINT('',(10.2437961398913,-8.86155374778996,0.33640270850627));
#12736=CARTESIAN_POINT('',(10.3018796516686,-8.86155374778996,0.377355599298561));
#12737=CARTESIAN_POINT('',(3.15662759542465,-8.86155374778996,0.));
#12738=CARTESIAN_POINT('',(4.26520941612253,-8.86155374778996,0.116916627135821));
#12739=CARTESIAN_POINT('',(4.26520941612253,-8.86155374778996,-1.27066367265005));
#12740=CARTESIAN_POINT('',(4.26520941612253,-8.86155374778996,-1.27066367265005));
#12741=CARTESIAN_POINT('',(4.26520941612253,-8.86155374778996,0.116916627135821));
#12742=CARTESIAN_POINT('',(4.26520941612253,-8.86155374778996,1.50449692692169));
#12743=CARTESIAN_POINT('',(4.26520941612253,-8.86155374778996,1.50449692692169));
#12744=CARTESIAN_POINT('',(4.26520941612253,-7.95705682086828,1.50449692692169));
#12745=CARTESIAN_POINT('',(4.26520941612253,-7.46155374778996,2.));
#12746=CARTESIAN_POINT('',(4.89208307779277,-8.86155374778996,-1.27066367265005));
#12747=CARTESIAN_POINT('',(5.51895673946301,-8.86155374778996,-1.27066367265005));
#12748=CARTESIAN_POINT('',(5.51895673946301,-8.86155374778996,-1.27066367265005));
#12749=CARTESIAN_POINT('',(4.89208307779277,-8.86155374778996,-1.27066367265005));
#12750=CARTESIAN_POINT('',(5.51895673946301,-8.86155374778996,-1.06349022511257));
#12751=CARTESIAN_POINT('',(5.51895673946301,-8.86155374778996,-0.8563167775751));
#12752=CARTESIAN_POINT('',(5.51895673946301,-8.86155374778996,-0.8563167775751));
#12753=CARTESIAN_POINT('',(5.51895673946301,-8.86155374778996,-1.06349022511257));
#12754=CARTESIAN_POINT('',(5.19882825980562,-8.86155374778996,-0.8563167775751));
#12755=CARTESIAN_POINT('',(4.87869978014823,-8.86155374778996,-0.8563167775751));
#12756=CARTESIAN_POINT('',(4.87869978014823,-8.86155374778996,-0.8563167775751));
#12757=CARTESIAN_POINT('',(5.19882825980562,-8.86155374778996,-0.8563167775751));
#12758=CARTESIAN_POINT('',(4.87869978014823,-8.86155374778996,-0.441702216547263));
#12759=CARTESIAN_POINT('',(4.87869978014823,-8.86155374778996,-0.0270876555194256));
#12760=CARTESIAN_POINT('',(4.87869978014823,-8.86155374778996,-0.0270876555194256));
#12761=CARTESIAN_POINT('',(4.87869978014823,-8.86155374778996,-0.441702216547263));
#12762=CARTESIAN_POINT('',(5.12013446965572,-8.86155374778996,-0.0270876555194256));
#12763=CARTESIAN_POINT('',(5.36156915916322,-8.86155374778996,-0.0270876555194256));
#12764=CARTESIAN_POINT('',(5.36156915916322,-8.86155374778996,-0.0270876555194256));
#12765=CARTESIAN_POINT('',(5.12013446965572,-8.86155374778996,-0.0270876555194256));
#12766=CARTESIAN_POINT('',(5.36156915916322,-8.86155374778996,0.185439111075863));
#12767=CARTESIAN_POINT('',(5.36156915916322,-8.86155374778996,0.397965877671153));
#12768=CARTESIAN_POINT('',(5.36156915916322,-8.86155374778996,0.397965877671153));
#12769=CARTESIAN_POINT('',(5.36156915916322,-8.86155374778996,0.185439111075863));
#12770=CARTESIAN_POINT('',(5.12013446965572,-8.86155374778996,0.397965877671153));
#12771=CARTESIAN_POINT('',(4.87869978014823,-8.86155374778996,0.397965877671153));
#12772=CARTESIAN_POINT('',(4.87869978014823,-8.86155374778996,0.397965877671153));
#12773=CARTESIAN_POINT('',(5.12013446965572,-8.86155374778996,0.397965877671153));
#12774=CARTESIAN_POINT('',(4.87869978014823,-8.86155374778996,0.742184293088711));
#12775=CARTESIAN_POINT('',(4.87869978014823,-8.86155374778996,1.08640270850627));
#12776=CARTESIAN_POINT('',(4.87869978014823,-8.86155374778996,1.08640270850627));
#12777=CARTESIAN_POINT('',(4.87869978014823,-8.86155374778996,0.742184293088711));
#12778=CARTESIAN_POINT('',(5.19561626837093,-8.86155374778996,1.08640270850627));
#12779=CARTESIAN_POINT('',(5.51253275659362,-8.86155374778996,1.08640270850627));
#12780=CARTESIAN_POINT('',(5.51253275659362,-8.86155374778996,1.08640270850627));
#12781=CARTESIAN_POINT('',(5.19561626837093,-8.86155374778996,1.08640270850627));
#12782=CARTESIAN_POINT('',(5.51253275659362,-8.86155374778996,1.29544981771398));
#12783=CARTESIAN_POINT('',(5.51253275659362,-7.46155374778996,2.));
#12784=CARTESIAN_POINT('',(5.51253275659362,-7.95705682086828,1.50449692692169));
#12785=CARTESIAN_POINT('',(5.51253275659362,-8.86155374778996,1.50449692692169));
#12786=CARTESIAN_POINT('',(5.51253275659362,-8.86155374778996,1.50449692692169));
#12787=CARTESIAN_POINT('',(5.51253275659362,-8.86155374778996,1.29544981771398));
#12788=CARTESIAN_POINT('',(4.88887108635808,-8.86155374778996,1.50449692692169));
#12789=CARTESIAN_POINT('',(3.15662759542465,-7.95705682086828,1.50449692692169));
#12790=CARTESIAN_POINT('',(4.88887108635808,-8.86155374778996,1.50449692692169));
#12791=CARTESIAN_POINT('',(3.15662759542465,-8.86155374778996,0.));
#12792=CARTESIAN_POINT('',(1.29144067950583,-8.86155374778996,-1.31188422939523));
#12793=CARTESIAN_POINT('',(1.29144067950583,-8.16155374778996,-1.31188422939523));
#12794=CARTESIAN_POINT('',(1.07873546894195,-8.86155374778996,-1.31188422939523));
#12795=CARTESIAN_POINT('',(1.07873546894195,-8.16155374778996,-1.31188422939523));
#12796=CARTESIAN_POINT('',(0.912425690212467,-8.86155374778996,-1.27699843353513));
#12797=CARTESIAN_POINT('',(0.912425690212467,-8.16155374778996,-1.27699843353513));
#12798=CARTESIAN_POINT('',(0.792511343317393,-8.86155374778996,-1.20722684181493));
#12799=CARTESIAN_POINT('',(0.792511343317393,-8.16155374778996,-1.20722684181493));
#12800=CARTESIAN_POINT('',(1.29144067950583,-8.86155374778996,-1.31188422939523));
#12801=CARTESIAN_POINT('',(1.29144067950583,-8.86155374778996,-1.31188422939523));
#12802=CARTESIAN_POINT('',(1.29144067950583,-8.86155374778996,-1.31188422939523));
#12803=CARTESIAN_POINT('',(0.972382863660004,-8.86155374778996,-1.31188422939523));
#12804=CARTESIAN_POINT('',(0.792511343317393,-8.86155374778996,-1.20722684181493));
#12805=CARTESIAN_POINT('',(0.792511343317393,-8.86155374778996,-1.20722684181493));
#12806=CARTESIAN_POINT('',(0.792511343317393,-8.86155374778996,-1.20722684181493));
#12807=CARTESIAN_POINT('',(1.78796102211825,-8.86155374778996,-1.20722684181493));
#12808=CARTESIAN_POINT('',(1.78796102211825,-8.16155374778996,-1.20722684181493));
#12809=CARTESIAN_POINT('',(1.66929578300333,-8.86155374778996,-1.27699843353513));
#12810=CARTESIAN_POINT('',(1.66929578300333,-8.16155374778996,-1.27699843353513));
#12811=CARTESIAN_POINT('',(1.50378900213253,-8.86155374778996,-1.31188422939523));
#12812=CARTESIAN_POINT('',(1.50378900213253,-8.16155374778996,-1.31188422939523));
#12813=CARTESIAN_POINT('',(1.29144067950583,-8.86155374778996,-1.31188422939523));
#12814=CARTESIAN_POINT('',(1.29144067950583,-8.16155374778996,-1.31188422939523));
#12815=CARTESIAN_POINT('',(1.78796102211825,-8.86155374778996,-1.20722684181493));
#12816=CARTESIAN_POINT('',(1.78796102211825,-8.86155374778996,-1.20722684181493));
#12817=CARTESIAN_POINT('',(1.78796102211825,-8.86155374778996,-1.20722684181493));
#12818=CARTESIAN_POINT('',(1.60996316344587,-8.86155374778996,-1.31188422939523));
#12819=CARTESIAN_POINT('',(1.29144067950583,-8.86155374778996,-1.31188422939523));
#12820=CARTESIAN_POINT('',(2.03983468378848,-8.86155374778996,-0.902355321472317));
#12821=CARTESIAN_POINT('',(2.03983468378848,-8.16155374778996,-0.902355321472317));
#12822=CARTESIAN_POINT('',(1.99058414845658,-8.86155374778996,-1.03583140998053));
#12823=CARTESIAN_POINT('',(1.99058414845658,-8.16155374778996,-1.03583140998053));
#12824=CARTESIAN_POINT('',(1.90662626123317,-8.86155374778996,-1.13745525009473));
#12825=CARTESIAN_POINT('',(1.90662626123317,-8.16155374778996,-1.13745525009473));
#12826=CARTESIAN_POINT('',(1.78796102211825,-8.86155374778996,-1.20722684181493));
#12827=CARTESIAN_POINT('',(1.78796102211825,-8.16155374778996,-1.20722684181493));
#12828=CARTESIAN_POINT('',(2.03983468378848,-8.86155374778996,-0.902355321472317));
#12829=CARTESIAN_POINT('',(2.03983468378848,-8.86155374778996,-0.902355321472317));
#12830=CARTESIAN_POINT('',(2.03983468378848,-8.86155374778996,-0.902355321472317));
#12831=CARTESIAN_POINT('',(1.96595888079063,-8.86155374778996,-1.10256945423463));
#12832=CARTESIAN_POINT('',(1.78796102211825,-8.86155374778996,-1.20722684181493));
#12833=CARTESIAN_POINT('',(2.11371048678634,-8.86155374778996,-0.410920631964822));
#12834=CARTESIAN_POINT('',(2.11371048678634,-8.16155374778996,-0.410920631964822));
#12835=CARTESIAN_POINT('',(2.11371048678634,-8.86155374778996,-0.605067669794943));
#12836=CARTESIAN_POINT('',(2.11371048678634,-8.16155374778996,-0.605067669794943));
#12837=CARTESIAN_POINT('',(2.08908521912039,-8.86155374778996,-0.768879232964108));
#12838=CARTESIAN_POINT('',(2.08908521912039,-8.16155374778996,-0.768879232964108));
#12839=CARTESIAN_POINT('',(2.03983468378848,-8.86155374778996,-0.902355321472317));
#12840=CARTESIAN_POINT('',(2.03983468378848,-8.16155374778996,-0.902355321472317));
#12841=CARTESIAN_POINT('',(2.11371048678634,-8.86155374778996,-0.410920631964822));
#12842=CARTESIAN_POINT('',(2.11371048678634,-8.86155374778996,-0.410920631964822));
#12843=CARTESIAN_POINT('',(2.11371048678634,-8.86155374778996,-0.410920631964822));
#12844=CARTESIAN_POINT('',(2.11371048678634,-8.86155374778996,-0.702141188710004));
#12845=CARTESIAN_POINT('',(2.03983468378848,-8.86155374778996,-0.902355321472317));
#12846=CARTESIAN_POINT('',(2.11371048678634,-8.86155374778996,0.546788147478433));
#12847=CARTESIAN_POINT('',(2.11371048678634,-7.46155374778996,2.));
#12848=CARTESIAN_POINT('',(2.11371048678634,-7.95705682086828,1.50449692692169));
#12849=CARTESIAN_POINT('',(2.11371048678634,-8.86155374778996,1.50449692692169));
#12850=CARTESIAN_POINT('',(2.11371048678634,-8.86155374778996,1.50449692692169));
#12851=CARTESIAN_POINT('',(2.11371048678634,-8.86155374778996,0.546788147478433));
#12852=CARTESIAN_POINT('',(1.80857130049084,-8.86155374778996,1.50449692692169));
#12853=CARTESIAN_POINT('',(3.15662759542465,-7.95705682086828,1.50449692692169));
#12854=CARTESIAN_POINT('',(1.50343211419534,-7.95705682086828,1.50449692692169));
#12855=CARTESIAN_POINT('',(1.50343211419534,-8.86155374778996,1.50449692692169));
#12856=CARTESIAN_POINT('',(1.50343211419534,-8.86155374778996,1.50449692692169));
#12857=CARTESIAN_POINT('',(1.80857130049084,-8.86155374778996,1.50449692692169));
#12858=CARTESIAN_POINT('',(1.50343211419534,-8.86155374778996,0.500749603581217));
#12859=CARTESIAN_POINT('',(1.50343211419534,-8.86155374778996,-0.502997719759254));
#12860=CARTESIAN_POINT('',(1.50343417853532,-8.86155374778996,-0.502997720361876));
#12861=CARTESIAN_POINT('',(1.50343211419534,-8.86155374778996,0.500749603581217));
#12862=CARTESIAN_POINT('',(1.50343211419534,-7.46155374778996,2.));
#12863=CARTESIAN_POINT('',(0.247344939008138,-8.86155374778996,-0.50263104296182));
#12864=CARTESIAN_POINT('',(1.49165481226814,-8.86155374778996,-0.674303929609362));
#12865=CARTESIAN_POINT('',(1.49165481226814,-8.86155374778996,-0.674303929609362));
#12866=CARTESIAN_POINT('',(0.247344939008138,-8.86155374778996,-0.50263104296182));
#12867=CARTESIAN_POINT('',(1.43517729620818,-8.86155374778996,-0.814828554877027));
#12868=CARTESIAN_POINT('',(1.43517729620818,-8.16155374778996,-0.814828554877027));
#12869=CARTESIAN_POINT('',(1.46497743896336,-8.86155374778996,-0.778247541315286));
#12870=CARTESIAN_POINT('',(1.46497743896336,-8.16155374778996,-0.778247541315286));
#12871=CARTESIAN_POINT('',(1.48380327765001,-8.86155374778996,-0.731405999559397));
#12872=CARTESIAN_POINT('',(1.48380327765001,-8.16155374778996,-0.731405999559397));
#12873=CARTESIAN_POINT('',(1.49165481226814,-8.86155374778996,-0.674303929609362));
#12874=CARTESIAN_POINT('',(1.49165481226814,-8.16155374778996,-0.674303929609362));
#12875=CARTESIAN_POINT('',(1.43517729620818,-8.86155374778996,-0.814828554877027));
#12876=CARTESIAN_POINT('',(1.43517729620818,-8.86155374778996,-0.814828554877027));
#12877=CARTESIAN_POINT('',(1.43517729620818,-8.86155374778996,-0.814828554877027));
#12878=CARTESIAN_POINT('',(1.47987751034095,-8.86155374778996,-0.759957034534415));
#12879=CARTESIAN_POINT('',(1.49165481226814,-8.86155374778996,-0.674303929609362));
#12880=CARTESIAN_POINT('',(1.29144067950583,-8.86155374778996,-0.86970007521964));
#12881=CARTESIAN_POINT('',(1.29144067950583,-8.16155374778996,-0.86970007521964));
#12882=CARTESIAN_POINT('',(1.35746494788556,-8.86155374778996,-0.86970007521964));
#12883=CARTESIAN_POINT('',(1.35746494788556,-8.16155374778996,-0.86970007521964));
#12884=CARTESIAN_POINT('',(1.40537715345301,-8.86155374778996,-0.851409568438769));
#12885=CARTESIAN_POINT('',(1.40537715345301,-8.16155374778996,-0.851409568438769));
#12886=CARTESIAN_POINT('',(1.43517729620818,-8.86155374778996,-0.814828554877027));
#12887=CARTESIAN_POINT('',(1.43517729620818,-8.16155374778996,-0.814828554877027));
#12888=CARTESIAN_POINT('',(1.29144067950583,-8.86155374778996,-0.86970007521964));
#12889=CARTESIAN_POINT('',(1.29144067950583,-8.86155374778996,-0.86970007521964));
#12890=CARTESIAN_POINT('',(1.29144067950583,-8.86155374778996,-0.86970007521964));
#12891=CARTESIAN_POINT('',(1.39047708207542,-8.86155374778996,-0.86970007521964));
#12892=CARTESIAN_POINT('',(1.43517729620818,-8.86155374778996,-0.814828554877027));
#12893=CARTESIAN_POINT('',(1.14904239256793,-8.86155374778996,-0.814828554877027));
#12894=CARTESIAN_POINT('',(1.14904239256793,-8.16155374778996,-0.814828554877027));
#12895=CARTESIAN_POINT('',(1.17973475516607,-8.86155374778996,-0.851409568438769));
#12896=CARTESIAN_POINT('',(1.17973475516607,-8.16155374778996,-0.851409568438769));
#12897=CARTESIAN_POINT('',(1.22720085081204,-8.86155374778996,-0.86970007521964));
#12898=CARTESIAN_POINT('',(1.22720085081204,-8.16155374778996,-0.86970007521964));
#12899=CARTESIAN_POINT('',(1.29144067950583,-8.86155374778996,-0.86970007521964));
#12900=CARTESIAN_POINT('',(1.29144067950583,-8.16155374778996,-0.86970007521964));
#12901=CARTESIAN_POINT('',(1.14904239256793,-8.86155374778996,-0.814828554877027));
#12902=CARTESIAN_POINT('',(1.14904239256793,-8.86155374778996,-0.814828554877027));
#12903=CARTESIAN_POINT('',(1.14904239256793,-8.86155374778996,-0.814828554877027));
#12904=CARTESIAN_POINT('',(1.19508093646515,-8.86155374778996,-0.86970007521964));
#12905=CARTESIAN_POINT('',(1.29144067950583,-8.86155374778996,-0.86970007521964));
#12906=CARTESIAN_POINT('',(1.08908521912039,-8.86155374778996,-0.674303929609362));
#12907=CARTESIAN_POINT('',(1.08908521912039,-8.16155374778996,-0.674303929609362));
#12908=CARTESIAN_POINT('',(1.09836430548727,-8.86155374778996,-0.731405999559397));
#12909=CARTESIAN_POINT('',(1.09836430548727,-8.16155374778996,-0.731405999559397));
#12910=CARTESIAN_POINT('',(1.11835002996978,-8.86155374778996,-0.778247541315286));
#12911=CARTESIAN_POINT('',(1.11835002996978,-8.16155374778996,-0.778247541315286));
#12912=CARTESIAN_POINT('',(1.14904239256793,-8.86155374778996,-0.814828554877027));
#12913=CARTESIAN_POINT('',(1.14904239256793,-8.16155374778996,-0.814828554877027));
#12914=CARTESIAN_POINT('',(1.08908521912039,-8.86155374778996,-0.674303929609362));
#12915=CARTESIAN_POINT('',(1.08908521912039,-8.86155374778996,-0.674303929609362));
#12916=CARTESIAN_POINT('',(1.08908521912039,-8.86155374778996,-0.674303929609362));
#12917=CARTESIAN_POINT('',(1.10300384867071,-8.86155374778996,-0.759957034534415));
#12918=CARTESIAN_POINT('',(1.14904239256793,-8.86155374778996,-0.814828554877027));
#12919=CARTESIAN_POINT('',(2.14144499092384,-8.86155374778996,-0.502485289041647));
#12920=CARTESIAN_POINT('',(1.07516658957007,-8.86155374778996,-0.502997719759254));
#12921=CARTESIAN_POINT('',(1.07516318932263,-8.86155372278996,-0.502997721393341));
#12922=CARTESIAN_POINT('',(2.14144499092384,-8.86155374778996,-0.502485289041647));
#12923=CARTESIAN_POINT('',(1.07516658957007,-8.86155374778996,0.500749603581217));
#12924=CARTESIAN_POINT('',(1.07516658957007,-7.46155374778996,2.));
#12925=CARTESIAN_POINT('',(1.07516658957007,-7.95705682086828,1.50449692692169));
#12926=CARTESIAN_POINT('',(1.07516658957007,-8.86155374778996,1.50449692692169));
#12927=CARTESIAN_POINT('',(1.07516658957007,-8.86155374778996,1.50449692692169));
#12928=CARTESIAN_POINT('',(1.07516658957007,-8.86155374778996,0.500749603581217));
#12929=CARTESIAN_POINT('',(0.772168730897693,-8.86155374778996,1.50449692692169));
#12930=CARTESIAN_POINT('',(3.15662759542465,-7.95705682086828,1.50449692692169));
#12931=CARTESIAN_POINT('',(0.469170872225316,-7.95705682086828,1.50449692692169));
#12932=CARTESIAN_POINT('',(0.469170872225316,-8.86155374778996,1.50449692692169));
#12933=CARTESIAN_POINT('',(0.469170872225316,-8.86155374778996,1.50449692692169));
#12934=CARTESIAN_POINT('',(0.772168730897693,-8.86155374778996,1.50449692692169));
#12935=CARTESIAN_POINT('',(0.469170872225316,-8.86155374778996,0.546788147478433));
#12936=CARTESIAN_POINT('',(0.469170872225316,-8.86155374778996,-0.410920631964822));
#12937=CARTESIAN_POINT('',(0.469170872225316,-8.86155374778996,-0.410920631964822));
#12938=CARTESIAN_POINT('',(0.469170872225316,-8.86155374778996,0.546788147478433));
#12939=CARTESIAN_POINT('',(0.469170872225316,-7.46155374778996,2.));
#12940=CARTESIAN_POINT('',(0.540905347600049,-8.86155374778996,-0.902355321472317));
#12941=CARTESIAN_POINT('',(0.540905347600049,-8.16155374778996,-0.902355321472317));
#12942=CARTESIAN_POINT('',(0.493082364016894,-8.86155374778996,-0.768879232964108));
#12943=CARTESIAN_POINT('',(0.493082364016894,-8.16155374778996,-0.768879232964108));
#12944=CARTESIAN_POINT('',(0.469170872225316,-8.86155374778996,-0.605067669794943));
#12945=CARTESIAN_POINT('',(0.469170872225316,-8.16155374778996,-0.605067669794943));
#12946=CARTESIAN_POINT('',(0.469170872225316,-8.86155374778996,-0.410920631964822));
#12947=CARTESIAN_POINT('',(0.469170872225316,-8.16155374778996,-0.410920631964822));
#12948=CARTESIAN_POINT('',(0.540905347600049,-8.86155374778996,-0.902355321472317));
#12949=CARTESIAN_POINT('',(0.540905347600049,-8.86155374778996,-0.902355321472317));
#12950=CARTESIAN_POINT('',(0.540905347600049,-8.86155374778996,-0.902355321472317));
#12951=CARTESIAN_POINT('',(0.469170872225316,-8.86155374778996,-0.702141188710004));
#12952=CARTESIAN_POINT('',(0.469170872225316,-8.86155374778996,-0.410920631964822));
#12953=CARTESIAN_POINT('',(0.792511343317393,-8.86155374778996,-1.20722684181493));
#12954=CARTESIAN_POINT('',(0.792511343317393,-8.16155374778996,-1.20722684181493));
#12955=CARTESIAN_POINT('',(0.672596996422318,-8.86155374778996,-1.13745525009473));
#12956=CARTESIAN_POINT('',(0.672596996422318,-8.16155374778996,-1.13745525009473));
#12957=CARTESIAN_POINT('',(0.588728331183204,-8.86155374778996,-1.03583140998053));
#12958=CARTESIAN_POINT('',(0.588728331183204,-8.16155374778996,-1.03583140998053));
#12959=CARTESIAN_POINT('',(0.540905347600049,-8.86155374778996,-0.902355321472317));
#12960=CARTESIAN_POINT('',(0.540905347600049,-8.16155374778996,-0.902355321472317));
#12961=CARTESIAN_POINT('',(0.792511343317393,-8.86155374778996,-1.20722684181493));
#12962=CARTESIAN_POINT('',(0.612639822974781,-8.86155374778996,-1.10256945423463));
#12963=CARTESIAN_POINT('',(0.540905347600049,-8.86155374778996,-0.902355321472317));
#12964=CARTESIAN_POINT('',(3.15662759542465,-8.86155374778996,0.));
#12965=CARTESIAN_POINT('',(-2.30920171878111,-8.86155374778996,0.116916627135821));
#12966=CARTESIAN_POINT('',(-2.30920171878111,-8.86155374778996,-1.27066367265005));
#12967=CARTESIAN_POINT('',(-2.30920171878111,-8.86155374778996,-1.27066367265005));
#12968=CARTESIAN_POINT('',(-2.30920171878111,-8.86155374778996,0.116916627135821));
#12969=CARTESIAN_POINT('',(-2.30920171878111,-8.86155374778996,1.50449692692169));
#12970=CARTESIAN_POINT('',(-2.30920171878111,-8.86155374778996,1.50449692692169));
#12971=CARTESIAN_POINT('',(-2.30920171878111,-7.95705682086828,1.50449692692169));
#12972=CARTESIAN_POINT('',(-2.30920171878111,-7.46155374778996,2.));
#12973=CARTESIAN_POINT('',(-2.04715675090103,-8.86155374778996,-1.27066367265005));
#12974=CARTESIAN_POINT('',(-1.78511178302093,-8.86155374778996,-1.27066367265005));
#12975=CARTESIAN_POINT('',(-1.78511178302093,-8.86155374778996,-1.27066367265005));
#12976=CARTESIAN_POINT('',(-2.04715675090103,-8.86155374778996,-1.27066367265005));
#12977=CARTESIAN_POINT('',(-1.78511178302093,-8.86155374778996,-0.551177591279597));
#12978=CARTESIAN_POINT('',(-1.78511178302093,-8.86155374778996,0.168308490090852));
#12979=CARTESIAN_POINT('',(-1.78511178302093,-8.86155374778996,0.168308490090852));
#12980=CARTESIAN_POINT('',(-1.78511178302093,-8.86155374778996,-0.551177591279597));
#12981=CARTESIAN_POINT('',(-1.50058287509803,-8.86155374778996,-0.551177591279597));
#12982=CARTESIAN_POINT('',(-1.21605396717511,-8.86155374778996,-1.27066367265005));
#12983=CARTESIAN_POINT('',(-1.21605396717511,-8.86155374778996,-1.27066367265005));
#12984=CARTESIAN_POINT('',(-1.50058287509803,-8.86155374778996,-0.551177591279597));
#12985=CARTESIAN_POINT('',(-1.00888051963764,-8.86155374778996,-1.27066367265005));
#12986=CARTESIAN_POINT('',(-0.801707072100166,-8.86155374778996,-1.27066367265005));
#12987=CARTESIAN_POINT('',(-0.801707072100166,-8.86155374778996,-1.27066367265005));
#12988=CARTESIAN_POINT('',(-1.00888051963764,-8.86155374778996,-1.27066367265005));
#12989=CARTESIAN_POINT('',(-0.801707072100166,-8.86155374778996,0.116916627135821));
#12990=CARTESIAN_POINT('',(-0.801707072100166,-7.46155374778996,2.));
#12991=CARTESIAN_POINT('',(-0.801707072100166,-7.95705682086828,1.50449692692169));
#12992=CARTESIAN_POINT('',(-0.801707072100166,-8.86155374778996,1.50449692692169));
#12993=CARTESIAN_POINT('',(-0.801707072100166,-8.86155374778996,1.50449692692169));
#12994=CARTESIAN_POINT('',(-0.801707072100166,-8.86155374778996,0.116916627135821));
#12995=CARTESIAN_POINT('',(-1.05518672948775,-8.86155374778996,1.50449692692169));
#12996=CARTESIAN_POINT('',(3.15662759542465,-7.95705682086828,1.50449692692169));
#12997=CARTESIAN_POINT('',(-1.30866638687533,-7.95705682086828,1.50449692692169));
#12998=CARTESIAN_POINT('',(-1.30866638687533,-8.86155374778996,1.50449692692169));
#12999=CARTESIAN_POINT('',(-1.30866638687533,-8.86155374778996,1.50449692692169));
#13000=CARTESIAN_POINT('',(-1.05518672948775,-8.86155374778996,1.50449692692169));
#13001=CARTESIAN_POINT('',(-1.30866638687533,-8.86155374778996,0.83640270850627));
#13002=CARTESIAN_POINT('',(-1.30866638687533,-8.86155374778996,0.168308490090852));
#13003=CARTESIAN_POINT('',(-1.30866638687533,-8.86155374778996,0.168308490090852));
#13004=CARTESIAN_POINT('',(-1.30866638687533,-8.86155374778996,0.83640270850627));
#13005=CARTESIAN_POINT('',(-1.30866638687533,-7.46155374778996,2.));
#13006=CARTESIAN_POINT('',(-1.59319529479824,-8.86155374778996,0.83640270850627));
#13007=CARTESIAN_POINT('',(-1.65261190201409,-8.48563659750498,0.975917150284982));
#13008=CARTESIAN_POINT('',(-1.87772420272115,-7.95705682086828,1.50449692692169));
#13009=CARTESIAN_POINT('',(-1.87772420272115,-8.86155374778996,1.50449692692169));
#13010=CARTESIAN_POINT('',(-1.87772420272115,-8.86155374778996,1.50449692692169));
#13011=CARTESIAN_POINT('',(-1.59319529479824,-8.86155374778996,0.83640270850627));
#13012=CARTESIAN_POINT('',(-2.09346296075113,-8.86155374778996,1.50449692692169));
#13013=CARTESIAN_POINT('',(3.15662759542465,-7.95705682086828,1.50449692692169));
#13014=CARTESIAN_POINT('',(-2.09346296075113,-8.86155374778996,1.50449692692169));
#13015=CARTESIAN_POINT('',(3.15662759542465,-8.86155374778996,0.));
#13016=CARTESIAN_POINT('',(-3.84078630122222,-8.86155374778996,0.116916627135821));
#13017=CARTESIAN_POINT('',(-3.84078630122222,-8.86155374778996,-1.27066367265005));
#13018=CARTESIAN_POINT('',(-3.84078630122222,-8.86155374778996,-1.27066367265005));
#13019=CARTESIAN_POINT('',(-3.84078630122222,-8.86155374778996,0.116916627135821));
#13020=CARTESIAN_POINT('',(-3.84078630122222,-8.86155374778996,1.50449692692169));
#13021=CARTESIAN_POINT('',(-3.84078630122222,-8.86155374778996,1.50449692692169));
#13022=CARTESIAN_POINT('',(-3.84078630122222,-7.95705682086828,1.50449692692169));
#13023=CARTESIAN_POINT('',(-3.84078630122222,-7.46155374778996,2.));
#13024=CARTESIAN_POINT('',(-3.21391263955198,-8.86155374778996,-1.27066367265005));
#13025=CARTESIAN_POINT('',(-2.58703897788175,-8.86155374778996,-1.27066367265005));
#13026=CARTESIAN_POINT('',(-2.58703897788175,-8.86155374778996,-1.27066367265005));
#13027=CARTESIAN_POINT('',(-3.21391263955198,-8.86155374778996,-1.27066367265005));
#13028=CARTESIAN_POINT('',(-2.58703897788175,-8.86155374778996,-1.06349022511257));
#13029=CARTESIAN_POINT('',(-2.58703897788175,-8.86155374778996,-0.8563167775751));
#13030=CARTESIAN_POINT('',(-2.58703897788175,-8.86155374778996,-0.8563167775751));
#13031=CARTESIAN_POINT('',(-2.58703897788175,-8.86155374778996,-1.06349022511257));
#13032=CARTESIAN_POINT('',(-2.90716745753914,-8.86155374778996,-0.8563167775751));
#13033=CARTESIAN_POINT('',(-3.22729593719653,-8.86155374778996,-0.8563167775751));
#13034=CARTESIAN_POINT('',(-3.22729593719653,-8.86155374778996,-0.8563167775751));
#13035=CARTESIAN_POINT('',(-2.90716745753914,-8.86155374778996,-0.8563167775751));
#13036=CARTESIAN_POINT('',(-3.22729593719653,-8.86155374778996,-0.441702216547263));
#13037=CARTESIAN_POINT('',(-3.22729593719653,-8.86155374778996,-0.0270876555194256));
#13038=CARTESIAN_POINT('',(-3.22729593719653,-8.86155374778996,-0.0270876555194256));
#13039=CARTESIAN_POINT('',(-3.22729593719653,-8.86155374778996,-0.441702216547263));
#13040=CARTESIAN_POINT('',(-2.98586124768903,-8.86155374778996,-0.0270876555194256));
#13041=CARTESIAN_POINT('',(-2.74442655818154,-8.86155374778996,-0.0270876555194256));
#13042=CARTESIAN_POINT('',(-2.74442655818154,-8.86155374778996,-0.0270876555194256));
#13043=CARTESIAN_POINT('',(-2.98586124768903,-8.86155374778996,-0.0270876555194256));
#13044=CARTESIAN_POINT('',(-2.74442655818154,-8.86155374778996,0.185439111075863));
#13045=CARTESIAN_POINT('',(-2.74442655818154,-8.86155374778996,0.397965877671153));
#13046=CARTESIAN_POINT('',(-2.74442655818154,-8.86155374778996,0.397965877671153));
#13047=CARTESIAN_POINT('',(-2.74442655818154,-8.86155374778996,0.185439111075863));
#13048=CARTESIAN_POINT('',(-2.98586124768903,-8.86155374778996,0.397965877671153));
#13049=CARTESIAN_POINT('',(-3.22729593719653,-8.86155374778996,0.397965877671153));
#13050=CARTESIAN_POINT('',(-3.22729593719653,-8.86155374778996,0.397965877671153));
#13051=CARTESIAN_POINT('',(-2.98586124768903,-8.86155374778996,0.397965877671153));
#13052=CARTESIAN_POINT('',(-3.22729593719653,-8.86155374778996,0.742184293088711));
#13053=CARTESIAN_POINT('',(-3.22729593719653,-8.86155374778996,1.08640270850627));
#13054=CARTESIAN_POINT('',(-3.22729593719653,-8.86155374778996,1.08640270850627));
#13055=CARTESIAN_POINT('',(-3.22729593719653,-8.86155374778996,0.742184293088711));
#13056=CARTESIAN_POINT('',(-2.91037944897383,-8.86155374778996,1.08640270850627));
#13057=CARTESIAN_POINT('',(-2.59346296075113,-8.86155374778996,1.08640270850627));
#13058=CARTESIAN_POINT('',(-2.59346296075113,-8.86155374778996,1.08640270850627));
#13059=CARTESIAN_POINT('',(-2.91037944897383,-8.86155374778996,1.08640270850627));
#13060=CARTESIAN_POINT('',(-2.59346296075113,-8.86155374778996,1.29544981771398));
#13061=CARTESIAN_POINT('',(-2.59346296075113,-7.46155374778996,2.));
#13062=CARTESIAN_POINT('',(-2.59346296075113,-7.95705682086828,1.50449692692169));
#13063=CARTESIAN_POINT('',(-2.59346296075113,-8.86155374778996,1.50449692692169));
#13064=CARTESIAN_POINT('',(-2.59346296075113,-8.86155374778996,1.50449692692169));
#13065=CARTESIAN_POINT('',(-2.59346296075113,-8.86155374778996,1.29544981771398));
#13066=CARTESIAN_POINT('',(-3.21712463098668,-8.86155374778996,1.50449692692169));
#13067=CARTESIAN_POINT('',(3.15662759542465,-7.95705682086828,1.50449692692169));
#13068=CARTESIAN_POINT('',(-3.21712463098668,-8.86155374778996,1.50449692692169));
#13069=CARTESIAN_POINT('',(3.15662759542465,-8.86155374778996,0.));
#13070=CARTESIAN_POINT('',(-6.23934090507661,-8.86155374778996,0.116916627135821));
#13071=CARTESIAN_POINT('',(-6.26316317488389,-8.86155374778996,-1.27066367265005));
#13072=CARTESIAN_POINT('',(-6.26316317488389,-8.86155374778996,-1.27066367265005));
#13073=CARTESIAN_POINT('',(-6.23934090507661,-8.86155374778996,0.116916627135821));
#13074=CARTESIAN_POINT('',(-6.21551863526933,-8.86155374778996,1.50449692692169));
#13075=CARTESIAN_POINT('',(-6.21551863526933,-8.86155374778996,1.50449692692169));
#13076=CARTESIAN_POINT('',(-6.21551863526933,-7.95705682086828,1.50449692692169));
#13077=CARTESIAN_POINT('',(-6.2056319835396,-7.38118712910479,2.08036661868517));
#13078=CARTESIAN_POINT('',(-6.04233876374899,-8.86155374778996,-1.27066367265005));
#13079=CARTESIAN_POINT('',(-5.82151435261409,-8.86155374778996,-1.27066367265005));
#13080=CARTESIAN_POINT('',(-5.82151435261409,-8.86155374778996,-1.27066367265005));
#13081=CARTESIAN_POINT('',(-6.04233876374899,-8.86155374778996,-1.27066367265005));
#13082=CARTESIAN_POINT('',(-5.8009040742415,-8.86155374778996,-0.340524486354544));
#13083=CARTESIAN_POINT('',(-5.7802937958689,-8.86155374778996,0.58961469994096));
#13084=CARTESIAN_POINT('',(-5.7802937958689,-8.86155374778996,0.58961469994096));
#13085=CARTESIAN_POINT('',(-5.8009040742415,-8.86155374778996,-0.340524486354544));
#13086=CARTESIAN_POINT('',(-5.6089875860188,-8.86155374778996,-0.340524486354544));
#13087=CARTESIAN_POINT('',(-5.43768137616869,-8.86155374778996,-1.27066367265005));
#13088=CARTESIAN_POINT('',(-5.43768137616869,-8.86155374778996,-1.27066367265005));
#13089=CARTESIAN_POINT('',(-5.6089875860188,-8.86155374778996,-0.340524486354544));
#13090=CARTESIAN_POINT('',(-5.24415889222865,-8.86155374778996,-1.27066367265005));
#13091=CARTESIAN_POINT('',(-5.0506364082886,-8.86155374778996,-1.27066367265005));
#13092=CARTESIAN_POINT('',(-5.0506364082886,-8.86155374778996,-1.27066367265005));
#13093=CARTESIAN_POINT('',(-5.24415889222865,-8.86155374778996,-1.27066367265005));
#13094=CARTESIAN_POINT('',(-4.88950150464835,-8.86155374778996,-0.347216135176813));
#13095=CARTESIAN_POINT('',(-4.72836660100809,-8.86155374778996,0.57623140229642));
#13096=CARTESIAN_POINT('',(-4.72836660100809,-8.86155374778996,0.57623140229642));
#13097=CARTESIAN_POINT('',(-4.88950150464835,-8.86155374778996,-0.347216135176813));
#13098=CARTESIAN_POINT('',(-4.70267066953057,-8.86155374778996,-0.347216135176813));
#13099=CARTESIAN_POINT('',(-4.67697473805306,-8.86155374778996,-1.27066367265005));
#13100=CARTESIAN_POINT('',(-4.67697473805306,-8.86155374778996,-1.27066367265005));
#13101=CARTESIAN_POINT('',(-4.70267066953057,-8.86155374778996,-0.347216135176813));
#13102=CARTESIAN_POINT('',(-4.45936231835285,-8.86155374778996,-1.27066367265005));
#13103=CARTESIAN_POINT('',(-4.24174989865263,-8.86155374778996,-1.27066367265005));
#13104=CARTESIAN_POINT('',(-4.24174989865263,-8.86155374778996,-1.27066367265005));
#13105=CARTESIAN_POINT('',(-4.45936231835285,-8.86155374778996,-1.27066367265005));
#13106=CARTESIAN_POINT('',(-4.2658398344128,-8.86155374778996,0.116916627135821));
#13107=CARTESIAN_POINT('',(-4.29740890029735,-7.52625892570422,1.93529482208574));
#13108=CARTESIAN_POINT('',(-4.28992977017297,-7.95705682086828,1.50449692692169));
#13109=CARTESIAN_POINT('',(-4.28992977017297,-8.86155374778996,1.50449692692169));
#13110=CARTESIAN_POINT('',(-4.28992977017297,-8.86155374778996,1.50449692692169));
#13111=CARTESIAN_POINT('',(-4.2658398344128,-8.86155374778996,0.116916627135821));
#13112=CARTESIAN_POINT('',(-4.60684625839567,-8.86155374778996,1.50449692692169));
#13113=CARTESIAN_POINT('',(3.15662759542465,-7.95705682086828,1.50449692692169));
#13114=CARTESIAN_POINT('',(-4.92376274661837,-7.95705682086828,1.50449692692169));
#13115=CARTESIAN_POINT('',(-4.92376274661837,-8.86155374778996,1.50449692692169));
#13116=CARTESIAN_POINT('',(-4.92376274661837,-8.86155374778996,1.50449692692169));
#13117=CARTESIAN_POINT('',(-4.60684625839567,-8.86155374778996,1.50449692692169));
#13118=CARTESIAN_POINT('',(-5.08810964169331,-8.86155374778996,0.69775174490884));
#13119=CARTESIAN_POINT('',(-5.25245653676826,-8.86155374778996,-0.108993437104008));
#13120=CARTESIAN_POINT('',(-5.25245653676826,-8.86155374778996,-0.108993437104008));
#13121=CARTESIAN_POINT('',(-5.08810964169331,-8.86155374778996,0.69775174490884));
#13122=CARTESIAN_POINT('',(-4.66061231550085,-6.66530535606663,2.79624839172333));
#13123=CARTESIAN_POINT('',(-5.40502612991601,-8.86155374778996,0.69775174490884));
#13124=CARTESIAN_POINT('',(-5.49656156985823,-8.27978829062527,1.18176545716469));
#13125=CARTESIAN_POINT('',(-5.55759572306377,-7.95705682086828,1.50449692692169));
#13126=CARTESIAN_POINT('',(-5.55759572306377,-8.86155374778996,1.50449692692169));
#13127=CARTESIAN_POINT('',(-5.55759572306377,-8.86155374778996,1.50449692692169));
#13128=CARTESIAN_POINT('',(-5.40502612991601,-8.86155374778996,0.69775174490884));
#13129=CARTESIAN_POINT('',(-5.88655717916655,-8.86155374778996,1.50449692692169));
#13130=CARTESIAN_POINT('',(3.15662759542465,-7.95705682086828,1.50449692692169));
#13131=CARTESIAN_POINT('',(-5.88655717916655,-8.86155374778996,1.50449692692169));
#13132=CARTESIAN_POINT('',(3.15662759542465,-8.86155374778996,0.));
#13133=CARTESIAN_POINT('',(-8.64753148323507,-8.86155374778996,0.116916627135821));
#13134=CARTESIAN_POINT('',(-8.64753148323507,-8.86155374778996,-1.27066367265005));
#13135=CARTESIAN_POINT('',(-8.64753148323507,-8.86155374778996,-1.27066367265005));
#13136=CARTESIAN_POINT('',(-8.64753148323507,-8.86155374778996,0.116916627135821));
#13137=CARTESIAN_POINT('',(-8.64753148323507,-8.86155374778996,1.50449692692169));
#13138=CARTESIAN_POINT('',(-8.64753148323507,-8.86155374778996,1.50449692692169));
#13139=CARTESIAN_POINT('',(-8.64753148323507,-7.95705682086828,1.50449692692169));
#13140=CARTESIAN_POINT('',(-8.64753148323507,-7.46155374778996,2.));
#13141=CARTESIAN_POINT('',(-8.02226381728218,-8.86155374778996,-1.27066367265005));
#13142=CARTESIAN_POINT('',(-7.39699615132929,-8.86155374778996,-1.27066367265005));
#13143=CARTESIAN_POINT('',(-7.39699615132929,-8.86155374778996,-1.27066367265005));
#13144=CARTESIAN_POINT('',(-8.02226381728218,-8.86155374778996,-1.27066367265005));
#13145=CARTESIAN_POINT('',(-7.39699615132929,-8.86155374778996,-1.06349022511257));
#13146=CARTESIAN_POINT('',(-7.39699615132929,-8.86155374778996,-0.8563167775751));
#13147=CARTESIAN_POINT('',(-7.39699615132929,-8.86155374778996,-0.8563167775751));
#13148=CARTESIAN_POINT('',(-7.39699615132929,-8.86155374778996,-1.06349022511257));
#13149=CARTESIAN_POINT('',(-7.71551863526933,-8.86155374778996,-0.8563167775751));
#13150=CARTESIAN_POINT('',(-8.03404111920937,-8.86155374778996,-0.8563167775751));
#13151=CARTESIAN_POINT('',(-8.03404111920937,-8.86155374778996,-0.8563167775751));
#13152=CARTESIAN_POINT('',(-7.71551863526933,-8.86155374778996,-0.8563167775751));
#13153=CARTESIAN_POINT('',(-8.03404111920937,-8.86155374778996,0.324090074673294));
#13154=CARTESIAN_POINT('',(-8.03404111920937,-7.46155374778996,2.));
#13155=CARTESIAN_POINT('',(-8.03404111920937,-7.95705682086828,1.50449692692169));
#13156=CARTESIAN_POINT('',(-8.03404111920937,-8.86155374778996,1.50449692692169));
#13157=CARTESIAN_POINT('',(-8.03404111920937,-8.86155374778996,1.50449692692169));
#13158=CARTESIAN_POINT('',(-8.03404111920937,-8.86155374778996,0.324090074673294));
#13159=CARTESIAN_POINT('',(-8.34078630122222,-8.86155374778996,1.50449692692169));
#13160=CARTESIAN_POINT('',(3.15662759542465,-7.95705682086828,1.50449692692169));
#13161=CARTESIAN_POINT('',(-8.34078630122222,-8.86155374778996,1.50449692692169));
#13162=CARTESIAN_POINT('',(3.15662759542465,-8.86155374778996,0.));
#13163=CARTESIAN_POINT('',(-9.79153576589032,-8.86155374778996,-0.318308212264608));
#13164=CARTESIAN_POINT('',(-9.79153576589032,-8.16155374778996,-0.318308212264608));
#13165=CARTESIAN_POINT('',(-9.93875203998025,-8.16155374778996,-0.318308212264607));
#13166=CARTESIAN_POINT('',(-9.64431949180038,-8.16155374778996,-0.318308212264608));
#13167=CARTESIAN_POINT('',(-9.93875203998025,-8.86155374778996,-0.318308212264607));
#13168=CARTESIAN_POINT('',(-9.93875203998025,-8.86155374778996,-0.318308212264607));
#13169=CARTESIAN_POINT('',(-9.79153576589032,-8.86155374778996,-0.318308212264608));
#13170=CARTESIAN_POINT('',(-9.64431949180038,-8.86155374778996,-0.318308212264608));
#13171=CARTESIAN_POINT('',(-9.64431949180038,-8.86155374778996,-0.318308212264608));
#13172=CARTESIAN_POINT('',(-9.86514390293528,-8.86155374778996,0.223180010433465));
#13173=CARTESIAN_POINT('',(-9.86514390293528,-8.16155374778996,0.223180010433465));
#13174=CARTESIAN_POINT('',(-9.79153576589032,-8.16155374778996,0.764668233131538));
#13175=CARTESIAN_POINT('',(-9.79153576589032,-8.86155374778996,0.764668233131538));
#13176=CARTESIAN_POINT('',(-9.79153576589032,-8.86155374778996,0.764668233131538));
#13177=CARTESIAN_POINT('',(-9.86514390293528,-8.86155374778996,0.223180010433465));
#13178=CARTESIAN_POINT('',(-10.4066321256334,-8.86155374778996,0.116916627135821));
#13179=CARTESIAN_POINT('',(-10.6689447594663,-8.86155374778996,-1.27066367265005));
#13180=CARTESIAN_POINT('',(-10.6689447594663,-8.86155374778996,-1.27066367265005));
#13181=CARTESIAN_POINT('',(-10.4066321256334,-8.86155374778996,0.116916627135821));
#13182=CARTESIAN_POINT('',(-10.1443194918004,-8.86155374778996,1.50449692692169));
#13183=CARTESIAN_POINT('',(-10.1443194918004,-8.86155374778996,1.50449692692169));
#13184=CARTESIAN_POINT('',(-10.1443194918004,-7.95705682086828,1.50449692692169));
#13185=CARTESIAN_POINT('',(-9.81879449603717,-6.23509602695348,3.22645772083648));
#13186=CARTESIAN_POINT('',(-10.3793301984385,-8.86155374778996,-1.27066367265005));
#13187=CARTESIAN_POINT('',(-10.0897156374107,-8.86155374778996,-1.27066367265005));
#13188=CARTESIAN_POINT('',(-10.0897156374107,-8.86155374778996,-1.27066367265005));
#13189=CARTESIAN_POINT('',(-10.3793301984385,-8.86155374778996,-1.27066367265005));
#13190=CARTESIAN_POINT('',(-10.0418034318432,-8.86155374778996,-0.97783712018752));
#13191=CARTESIAN_POINT('',(-9.99389122627576,-8.86155374778996,-0.685010567724993));
#13192=CARTESIAN_POINT('',(-9.99389122627576,-8.86155374778996,-0.685010567724993));
#13193=CARTESIAN_POINT('',(-10.0418034318432,-8.86155374778996,-0.97783712018752));
#13194=CARTESIAN_POINT('',(-9.78992977017297,-8.86155374778996,-0.685010567724993));
#13195=CARTESIAN_POINT('',(-9.58596831407019,-8.86155374778996,-0.685010567724993));
#13196=CARTESIAN_POINT('',(-9.58596831407019,-8.86155374778996,-0.685010567724993));
#13197=CARTESIAN_POINT('',(-9.78992977017297,-8.86155374778996,-0.685010567724993));
#13198=CARTESIAN_POINT('',(-9.53966210422008,-8.86155374778996,-0.97783712018752));
#13199=CARTESIAN_POINT('',(-9.49335589436997,-8.86155374778996,-1.27066367265005));
#13200=CARTESIAN_POINT('',(-9.49335589436997,-8.86155374778996,-1.27066367265005));
#13201=CARTESIAN_POINT('',(-9.53966210422008,-8.86155374778996,-0.97783712018752));
#13202=CARTESIAN_POINT('',(-9.2107006481173,-8.86155374778996,-1.27066367265005));
#13203=CARTESIAN_POINT('',(-8.92804540186462,-8.86155374778996,-1.27066367265005));
#13204=CARTESIAN_POINT('',(-8.92804540186462,-8.86155374778996,-1.27066367265005));
#13205=CARTESIAN_POINT('',(-9.2107006481173,-8.86155374778996,-1.27066367265005));
#13206=CARTESIAN_POINT('',(-9.18687837831002,-8.86155374778996,0.116916627135821));
#13207=CARTESIAN_POINT('',(-9.32105669289301,-8.62531924806033,0.836234499729637));
#13208=CARTESIAN_POINT('',(-9.44571135475541,-7.95705682086828,1.50449692692169));
#13209=CARTESIAN_POINT('',(-9.44571135475541,-8.86155374778996,1.50449692692169));
#13210=CARTESIAN_POINT('',(-9.44571135475541,-8.86155374778996,1.50449692692169));
#13211=CARTESIAN_POINT('',(-9.18687837831002,-8.86155374778996,0.116916627135821));
#13212=CARTESIAN_POINT('',(-9.7950154232779,-8.86155374778996,1.50449692692169));
#13213=CARTESIAN_POINT('',(3.15662759542465,-7.95705682086828,1.50449692692169));
#13214=CARTESIAN_POINT('',(-9.7950154232779,-8.86155374778996,1.50449692692169));
#13215=CARTESIAN_POINT('',(-9.71792762884535,-8.86155374778996,0.223180010433465));
#13216=CARTESIAN_POINT('',(-9.71792762884535,-8.16155374778996,0.223180010433465));
#13217=CARTESIAN_POINT('',(-9.71792762884535,-8.86155374778996,0.223180010433465));
#13218=CARTESIAN_POINT('',(3.15662759542465,-8.86155374778996,0.));
#13219=CARTESIAN_POINT('',(-12.066696365462,-8.86155374778996,0.116916627135821));
#13220=CARTESIAN_POINT('',(-12.066696365462,-8.86155374778996,-1.27066367265005));
#13221=CARTESIAN_POINT('',(-12.066696365462,-8.86155374778996,-1.27066367265005));
#13222=CARTESIAN_POINT('',(-12.066696365462,-8.86155374778996,0.116916627135821));
#13223=CARTESIAN_POINT('',(-12.066696365462,-8.86155374778996,1.50449692692169));
#13224=CARTESIAN_POINT('',(-12.066696365462,-8.86155374778996,1.50449692692169));
#13225=CARTESIAN_POINT('',(-12.066696365462,-7.95705682086828,1.50449692692169));
#13226=CARTESIAN_POINT('',(-12.066696365462,-7.46155374778996,2.));
#13227=CARTESIAN_POINT('',(-11.4398227037918,-8.86155374778996,-1.27066367265005));
#13228=CARTESIAN_POINT('',(-10.8129490421216,-8.86155374778996,-1.27066367265005));
#13229=CARTESIAN_POINT('',(-10.8129490421216,-8.86155374778996,-1.27066367265005));
#13230=CARTESIAN_POINT('',(-11.4398227037918,-8.86155374778996,-1.27066367265005));
#13231=CARTESIAN_POINT('',(-10.8129490421216,-8.86155374778996,-1.06349022511257));
#13232=CARTESIAN_POINT('',(-10.8129490421216,-8.86155374778996,-0.8563167775751));
#13233=CARTESIAN_POINT('',(-10.8129490421216,-8.86155374778996,-0.8563167775751));
#13234=CARTESIAN_POINT('',(-10.8129490421216,-8.86155374778996,-1.06349022511257));
#13235=CARTESIAN_POINT('',(-11.133077521779,-8.86155374778996,-0.8563167775751));
#13236=CARTESIAN_POINT('',(-11.4532060014364,-8.86155374778996,-0.8563167775751));
#13237=CARTESIAN_POINT('',(-11.4532060014364,-8.86155374778996,-0.8563167775751));
#13238=CARTESIAN_POINT('',(-11.133077521779,-8.86155374778996,-0.8563167775751));
#13239=CARTESIAN_POINT('',(-11.4532060014364,-8.86155374778996,-0.441702216547263));
#13240=CARTESIAN_POINT('',(-11.4532060014364,-8.86155374778996,-0.0270876555194256));
#13241=CARTESIAN_POINT('',(-11.4532060014364,-8.86155374778996,-0.0270876555194256));
#13242=CARTESIAN_POINT('',(-11.4532060014364,-8.86155374778996,-0.441702216547263));
#13243=CARTESIAN_POINT('',(-11.2117713119289,-8.86155374778996,-0.0270876555194256));
#13244=CARTESIAN_POINT('',(-10.9703366224214,-8.86155374778996,-0.0270876555194256));
#13245=CARTESIAN_POINT('',(-10.9703366224214,-8.86155374778996,-0.0270876555194256));
#13246=CARTESIAN_POINT('',(-11.2117713119289,-8.86155374778996,-0.0270876555194256));
#13247=CARTESIAN_POINT('',(-10.9703366224214,-8.86155374778996,0.185439111075863));
#13248=CARTESIAN_POINT('',(-10.9703366224214,-8.86155374778996,0.397965877671153));
#13249=CARTESIAN_POINT('',(-10.9703366224214,-8.86155374778996,0.397965877671153));
#13250=CARTESIAN_POINT('',(-10.9703366224214,-8.86155374778996,0.185439111075863));
#13251=CARTESIAN_POINT('',(-11.2117713119289,-8.86155374778996,0.397965877671153));
#13252=CARTESIAN_POINT('',(-11.4532060014364,-8.86155374778996,0.397965877671153));
#13253=CARTESIAN_POINT('',(-11.4532060014364,-8.86155374778996,0.397965877671153));
#13254=CARTESIAN_POINT('',(-11.2117713119289,-8.86155374778996,0.397965877671153));
#13255=CARTESIAN_POINT('',(-11.4532060014364,-8.86155374778996,0.742184293088711));
#13256=CARTESIAN_POINT('',(-11.4532060014364,-8.86155374778996,1.08640270850627));
#13257=CARTESIAN_POINT('',(-11.4532060014364,-8.86155374778996,1.08640270850627));
#13258=CARTESIAN_POINT('',(-11.4532060014364,-8.86155374778996,0.742184293088711));
#13259=CARTESIAN_POINT('',(-11.1362895132137,-8.86155374778996,1.08640270850627));
#13260=CARTESIAN_POINT('',(-10.819373024991,-8.86155374778996,1.08640270850627));
#13261=CARTESIAN_POINT('',(-10.819373024991,-8.86155374778996,1.08640270850627));
#13262=CARTESIAN_POINT('',(-11.1362895132137,-8.86155374778996,1.08640270850627));
#13263=CARTESIAN_POINT('',(-10.819373024991,-8.86155374778996,1.29544981771398));
#13264=CARTESIAN_POINT('',(-10.819373024991,-7.46155374778996,2.));
#13265=CARTESIAN_POINT('',(-10.819373024991,-7.95705682086828,1.50449692692169));
#13266=CARTESIAN_POINT('',(-10.819373024991,-8.86155374778996,1.50449692692169));
#13267=CARTESIAN_POINT('',(-10.819373024991,-8.86155374778996,1.50449692692169));
#13268=CARTESIAN_POINT('',(-10.819373024991,-8.86155374778996,1.29544981771398));
#13269=CARTESIAN_POINT('',(-11.4430346952265,-8.86155374778996,1.50449692692169));
#13270=CARTESIAN_POINT('',(3.15662759542465,-7.95705682086828,1.50449692692169));
#13271=CARTESIAN_POINT('',(-11.4430346952265,-8.86155374778996,1.50449692692169));
#13272=CARTESIAN_POINT('',(3.15662759542465,-8.86155374778996,0.));
#13273=CARTESIAN_POINT('',(-13.4232274147126,-8.86155374778996,0.325696070390639));
#13274=CARTESIAN_POINT('',(-13.4232274147126,-8.16155374778996,0.325696070390639));
#13275=CARTESIAN_POINT('',(-13.5088805196376,-8.16155374778996,0.325696070390639));
#13276=CARTESIAN_POINT('',(-13.3375743097875,-8.16155374778996,0.325696070390639));
#13277=CARTESIAN_POINT('',(-13.5088805196376,-8.86155374778996,0.325696070390639));
#13278=CARTESIAN_POINT('',(-13.5088805196376,-8.86155374778996,0.325696070390639));
#13279=CARTESIAN_POINT('',(-13.4232274147126,-8.86155374778996,0.325696070390639));
#13280=CARTESIAN_POINT('',(-13.3375743097875,-8.86155374778996,0.325696070390639));
#13281=CARTESIAN_POINT('',(-13.3375743097875,-8.86155374778996,0.325696070390639));
#13282=CARTESIAN_POINT('',(-13.5088805196376,-8.86155374778996,0.709529046836035));
#13283=CARTESIAN_POINT('',(-13.5088805196376,-8.16155374778996,0.709529046836035));
#13284=CARTESIAN_POINT('',(-13.5088805196376,-8.16155374778996,1.09336202328143));
#13285=CARTESIAN_POINT('',(-13.5088805196376,-8.86155374778996,1.09336202328143));
#13286=CARTESIAN_POINT('',(-13.5088805196376,-8.86155374778996,1.09336202328143));
#13287=CARTESIAN_POINT('',(-13.5088805196376,-8.86155374778996,0.709529046836035));
#13288=CARTESIAN_POINT('',(-13.4095764511152,-8.86155374778996,1.09336202328143));
#13289=CARTESIAN_POINT('',(-13.4095764511152,-8.16155374778996,1.09336202328143));
#13290=CARTESIAN_POINT('',(-13.3102723825927,-8.16155374778996,1.09336202328143));
#13291=CARTESIAN_POINT('',(-13.3102723825927,-8.86155374778996,1.09336202328143));
#13292=CARTESIAN_POINT('',(-13.3102723825927,-8.86155374778996,1.09336202328143));
#13293=CARTESIAN_POINT('',(-13.4095764511152,-8.86155374778996,1.09336202328143));
#13294=CARTESIAN_POINT('',(-13.0707113547554,-8.86155374778996,0.994057954758947));
#13295=CARTESIAN_POINT('',(-13.0707113547554,-8.16155374778996,0.994057954758947));
#13296=CARTESIAN_POINT('',(-13.1140732391237,-8.86155374778996,1.06026066710727));
#13297=CARTESIAN_POINT('',(-13.1140732391237,-8.16155374778996,1.06026066710727));
#13298=CARTESIAN_POINT('',(-13.1939269150695,-8.86155374778996,1.09336202328143));
#13299=CARTESIAN_POINT('',(-13.1939269150695,-8.16155374778996,1.09336202328143));
#13300=CARTESIAN_POINT('',(-13.3102723825927,-8.86155374778996,1.09336202328143));
#13301=CARTESIAN_POINT('',(-13.3102723825927,-8.16155374778996,1.09336202328143));
#13302=CARTESIAN_POINT('',(-13.0707113547554,-8.16155374778996,0.994057954758947));
#13303=CARTESIAN_POINT('',(-13.1357541813079,-8.16155374778996,1.09336202328143));
#13304=CARTESIAN_POINT('',(-13.3102723825927,-8.16155374778996,1.09336202328143));
#13305=CARTESIAN_POINT('',(-13.0707113547554,-8.16155374778996,0.994057954758947));
#13306=CARTESIAN_POINT('',(-13.0707113547554,-8.86155374778996,0.994057954758947));
#13307=CARTESIAN_POINT('',(-13.0707113547554,-8.86155374778996,0.994057954758947));
#13308=CARTESIAN_POINT('',(-13.0707113547554,-8.86155374778996,0.994057954758947));
#13309=CARTESIAN_POINT('',(-13.1357541813079,-8.86155374778996,1.09336202328143));
#13310=CARTESIAN_POINT('',(-13.3102723825927,-8.86155374778996,1.09336202328143));
#13311=CARTESIAN_POINT('',(-13.0056685282029,-8.86155374778996,0.716488361611195));
#13312=CARTESIAN_POINT('',(-13.0056685282029,-8.16155374778996,0.716488361611195));
#13313=CARTESIAN_POINT('',(-13.0056685282029,-8.86155374778996,0.835332044694707));
#13314=CARTESIAN_POINT('',(-13.0056685282029,-8.16155374778996,0.835332044694707));
#13315=CARTESIAN_POINT('',(-13.0273494703871,-8.86155374778996,0.927855242410624));
#13316=CARTESIAN_POINT('',(-13.0273494703871,-8.16155374778996,0.927855242410624));
#13317=CARTESIAN_POINT('',(-13.0707113547554,-8.86155374778996,0.994057954758947));
#13318=CARTESIAN_POINT('',(-13.0707113547554,-8.16155374778996,0.994057954758947));
#13319=CARTESIAN_POINT('',(-13.0056685282029,-8.16155374778996,0.716488361611195));
#13320=CARTESIAN_POINT('',(-13.0056685282029,-8.16155374778996,0.894753886236463));
#13321=CARTESIAN_POINT('',(-13.0707113547554,-8.16155374778996,0.994057954758947));
#13322=CARTESIAN_POINT('',(-13.0056685282029,-8.16155374778996,0.716488361611195));
#13323=CARTESIAN_POINT('',(-13.0056685282029,-8.86155374778996,0.716488361611195));
#13324=CARTESIAN_POINT('',(-13.0056685282029,-8.86155374778996,0.716488361611195));
#13325=CARTESIAN_POINT('',(-13.0056685282029,-8.86155374778996,0.716488361611195));
#13326=CARTESIAN_POINT('',(-13.0056685282029,-8.86155374778996,0.894753886236463));
#13327=CARTESIAN_POINT('',(-13.0707113547554,-8.86155374778996,0.994057954758947));
#13328=CARTESIAN_POINT('',(-13.0345764511152,-8.86155374778996,0.505835256686142));
#13329=CARTESIAN_POINT('',(-13.0345764511152,-8.16155374778996,0.505835256686142));
#13330=CARTESIAN_POINT('',(-13.015304502507,-8.86155374778996,0.564186434416335));
#13331=CARTESIAN_POINT('',(-13.015304502507,-8.16155374778996,0.564186434416335));
#13332=CARTESIAN_POINT('',(-13.0056685282029,-8.86155374778996,0.634404136058019));
#13333=CARTESIAN_POINT('',(-13.0056685282029,-8.16155374778996,0.634404136058019));
#13334=CARTESIAN_POINT('',(-13.0056685282029,-8.86155374778996,0.716488361611195));
#13335=CARTESIAN_POINT('',(-13.0056685282029,-8.16155374778996,0.716488361611195));
#13336=CARTESIAN_POINT('',(-13.0345764511152,-8.16155374778996,0.505835256686142));
#13337=CARTESIAN_POINT('',(-13.0056685282029,-8.16155374778996,0.593362023281431));
#13338=CARTESIAN_POINT('',(-13.0056685282029,-8.16155374778996,0.716488361611195));
#13339=CARTESIAN_POINT('',(-13.0345764511152,-8.16155374778996,0.505835256686142));
#13340=CARTESIAN_POINT('',(-13.0345764511152,-8.86155374778996,0.505835256686142));
#13341=CARTESIAN_POINT('',(-13.0345764511152,-8.86155374778996,0.505835256686142));
#13342=CARTESIAN_POINT('',(-13.0345764511152,-8.86155374778996,0.505835256686142));
#13343=CARTESIAN_POINT('',(-13.0056685282029,-8.86155374778996,0.593362023281431));
#13344=CARTESIAN_POINT('',(-13.0056685282029,-8.86155374778996,0.716488361611195));
#13345=CARTESIAN_POINT('',(-13.135486515355,-8.86155374778996,0.372002280240745));
#13346=CARTESIAN_POINT('',(-13.135486515355,-8.16155374778996,0.372002280240745));
#13347=CARTESIAN_POINT('',(-13.0874850878032,-8.86155374778996,0.402873086807484));
#13348=CARTESIAN_POINT('',(-13.0874850878032,-8.16155374778996,0.402873086807484));
#13349=CARTESIAN_POINT('',(-13.0538483997233,-8.86155374778996,0.447484078955949));
#13350=CARTESIAN_POINT('',(-13.0538483997233,-8.16155374778996,0.447484078955949));
#13351=CARTESIAN_POINT('',(-13.0345764511152,-8.86155374778996,0.505835256686142));
#13352=CARTESIAN_POINT('',(-13.0345764511152,-8.16155374778996,0.505835256686142));
#13353=CARTESIAN_POINT('',(-13.135486515355,-8.16155374778996,0.372002280240745));
#13354=CARTESIAN_POINT('',(-13.0634843740274,-8.16155374778996,0.418308490090852));
#13355=CARTESIAN_POINT('',(-13.0345764511152,-8.16155374778996,0.505835256686142));
#13356=CARTESIAN_POINT('',(-13.135486515355,-8.16155374778996,0.372002280240745));
#13357=CARTESIAN_POINT('',(-13.135486515355,-8.86155374778996,0.372002280240745));
#13358=CARTESIAN_POINT('',(-13.135486515355,-8.86155374778996,0.372002280240745));
#13359=CARTESIAN_POINT('',(-13.135486515355,-8.86155374778996,0.372002280240745));
#13360=CARTESIAN_POINT('',(-13.0634843740274,-8.86155374778996,0.418308490090852));
#13361=CARTESIAN_POINT('',(-13.0345764511152,-8.86155374778996,0.505835256686142));
#13362=CARTESIAN_POINT('',(-14.1223708836633,-8.86155374778996,0.116916627135821));
#13363=CARTESIAN_POINT('',(-14.1223708836633,-8.86155374778996,-1.27066367265005));
#13364=CARTESIAN_POINT('',(-14.1223708836633,-8.86155374778996,-1.27066367265005));
#13365=CARTESIAN_POINT('',(-14.1223708836633,-8.86155374778996,0.116916627135821));
#13366=CARTESIAN_POINT('',(-14.1223708836633,-8.86155374778996,1.50449692692169));
#13367=CARTESIAN_POINT('',(-14.1223708836633,-8.86155374778996,1.50449692692169));
#13368=CARTESIAN_POINT('',(-14.1223708836633,-7.95705682086828,1.50449692692169));
#13369=CARTESIAN_POINT('',(-14.1223708836633,-7.46155374778996,2.));
#13370=CARTESIAN_POINT('',(-13.8156257016505,-8.86155374778996,-1.27066367265005));
#13371=CARTESIAN_POINT('',(-13.5088805196376,-8.86155374778996,-1.27066367265005));
#13372=CARTESIAN_POINT('',(-13.5088805196376,-8.86155374778996,-1.27066367265005));
#13373=CARTESIAN_POINT('',(-13.8156257016505,-8.86155374778996,-1.27066367265005));
#13374=CARTESIAN_POINT('',(-13.5088805196376,-8.86155374778996,-0.648875664084736));
#13375=CARTESIAN_POINT('',(-13.5088805196376,-8.86155374778996,-0.0270876555194256));
#13376=CARTESIAN_POINT('',(-13.5088805196376,-8.86155374778996,-0.0270876555194256));
#13377=CARTESIAN_POINT('',(-13.5088805196376,-8.86155374778996,-0.648875664084736));
#13378=CARTESIAN_POINT('',(-13.4216214189952,-8.86155374778996,-0.0270876555194256));
#13379=CARTESIAN_POINT('',(-13.3343623183528,-8.86155374778996,-0.0270876555194256));
#13380=CARTESIAN_POINT('',(-13.3343623183528,-8.86155374778996,-0.0270876555194256));
#13381=CARTESIAN_POINT('',(-13.4216214189952,-8.86155374778996,-0.0270876555194256));
#13382=CARTESIAN_POINT('',(-13.1817927252051,-8.86155374778996,-0.648875664084736));
#13383=CARTESIAN_POINT('',(-13.0292231320573,-8.86155374778996,-1.27066367265005));
#13384=CARTESIAN_POINT('',(-13.0292231320573,-8.86155374778996,-1.27066367265005));
#13385=CARTESIAN_POINT('',(-13.1817927252051,-8.86155374778996,-0.648875664084736));
#13386=CARTESIAN_POINT('',(-12.7123066438346,-8.86155374778996,-1.27066367265005));
#13387=CARTESIAN_POINT('',(-12.3953901556119,-8.86155374778996,-1.27066367265005));
#13388=CARTESIAN_POINT('',(-12.3953901556119,-8.86155374778996,-1.27066367265005));
#13389=CARTESIAN_POINT('',(-12.7123066438346,-8.86155374778996,-1.27066367265005));
#13390=CARTESIAN_POINT('',(-12.5857006481173,-8.86155374778996,-0.599089796847049));
#13391=CARTESIAN_POINT('',(-12.7760111406226,-8.86155374778996,0.0724840789559482));
#13392=CARTESIAN_POINT('',(-12.7760111406226,-8.86155374778996,0.0724840789559482));
#13393=CARTESIAN_POINT('',(-12.5857006481173,-8.86155374778996,-0.599089796847049));
#13394=CARTESIAN_POINT('',(-12.5653580356976,-8.86155374778996,0.23495731236066));
#13395=CARTESIAN_POINT('',(-12.5653580356976,-8.16155374778996,0.23495731236066));
#13396=CARTESIAN_POINT('',(-12.6144301270609,-8.86155374778996,0.1698252638239));
#13397=CARTESIAN_POINT('',(-12.6144301270609,-8.16155374778996,0.1698252638239));
#13398=CARTESIAN_POINT('',(-12.6846478287026,-8.86155374778996,0.115667519355663));
#13399=CARTESIAN_POINT('',(-12.6846478287026,-8.16155374778996,0.115667519355663));
#13400=CARTESIAN_POINT('',(-12.7760111406226,-8.86155374778996,0.072484078955949));
#13401=CARTESIAN_POINT('',(-12.7760111406226,-8.16155374778996,0.072484078955949));
#13402=CARTESIAN_POINT('',(-12.5653580356976,-8.86155374778996,0.23495731236066));
#13403=CARTESIAN_POINT('',(-12.5653580356976,-8.86155374778996,0.23495731236066));
#13404=CARTESIAN_POINT('',(-12.5653580356976,-8.86155374778996,0.23495731236066));
#13405=CARTESIAN_POINT('',(-12.6389661727426,-8.86155374778996,0.137259239555521));
#13406=CARTESIAN_POINT('',(-12.7760111406226,-8.86155374778996,0.072484078955949));
#13407=CARTESIAN_POINT('',(-12.4641803055049,-8.86155374778996,0.466220695658304));
#13408=CARTESIAN_POINT('',(-12.4641803055049,-8.16155374778996,0.466220695658304));
#13409=CARTESIAN_POINT('',(-12.48256003427,-8.86155374778996,0.377177155329967));
#13410=CARTESIAN_POINT('',(-12.48256003427,-8.16155374778996,0.377177155329967));
#13411=CARTESIAN_POINT('',(-12.5162859443343,-8.86155374778996,0.300089360897419));
#13412=CARTESIAN_POINT('',(-12.5162859443343,-8.16155374778996,0.300089360897419));
#13413=CARTESIAN_POINT('',(-12.5653580356976,-8.86155374778996,0.23495731236066));
#13414=CARTESIAN_POINT('',(-12.5653580356976,-8.16155374778996,0.23495731236066));
#13415=CARTESIAN_POINT('',(-12.4641803055049,-8.86155374778996,0.466220695658304));
#13416=CARTESIAN_POINT('',(-12.4641803055049,-8.86155374778996,0.466220695658304));
#13417=CARTESIAN_POINT('',(-12.4641803055049,-8.86155374778996,0.466220695658304));
#13418=CARTESIAN_POINT('',(-12.4917498986526,-8.86155374778996,0.332655385165799));
#13419=CARTESIAN_POINT('',(-12.5653580356976,-8.86155374778996,0.23495731236066));
#13420=CARTESIAN_POINT('',(-12.4366107123571,-8.86155374778996,0.771092216000917));
#13421=CARTESIAN_POINT('',(-12.4366107123571,-8.16155374778996,0.771092216000917));
#13422=CARTESIAN_POINT('',(-12.4366107123571,-8.86155374778996,0.656888076100846));
#13423=CARTESIAN_POINT('',(-12.4366107123571,-8.16155374778996,0.656888076100846));
#13424=CARTESIAN_POINT('',(-12.4458005767397,-8.86155374778996,0.555264235986641));
#13425=CARTESIAN_POINT('',(-12.4458005767397,-8.16155374778996,0.555264235986641));
#13426=CARTESIAN_POINT('',(-12.4641803055049,-8.86155374778996,0.466220695658304));
#13427=CARTESIAN_POINT('',(-12.4641803055049,-8.16155374778996,0.466220695658304));
#13428=CARTESIAN_POINT('',(-12.4366107123571,-8.86155374778996,0.771092216000917));
#13429=CARTESIAN_POINT('',(-12.4366107123571,-8.86155374778996,0.771092216000917));
#13430=CARTESIAN_POINT('',(-12.4366107123571,-8.86155374778996,0.771092216000917));
#13431=CARTESIAN_POINT('',(-12.4366107123571,-8.86155374778996,0.59978600615081));
#13432=CARTESIAN_POINT('',(-12.4641803055049,-8.86155374778996,0.466220695658304));
#13433=CARTESIAN_POINT('',(-12.5514394061473,-8.86155374778996,1.22184168066901));
#13434=CARTESIAN_POINT('',(-12.5514394061473,-8.16155374778996,1.22184168066901));
#13435=CARTESIAN_POINT('',(-12.4748869436205,-8.86155374778996,1.11548907538707));
#13436=CARTESIAN_POINT('',(-12.4748869436205,-8.16155374778996,1.11548907538707));
#13437=CARTESIAN_POINT('',(-12.4366107123571,-8.86155374778996,0.965239253831039));
#13438=CARTESIAN_POINT('',(-12.4366107123571,-8.16155374778996,0.965239253831039));
#13439=CARTESIAN_POINT('',(-12.4366107123571,-8.86155374778996,0.771092216000917));
#13440=CARTESIAN_POINT('',(-12.4366107123571,-8.16155374778996,0.771092216000917));
#13441=CARTESIAN_POINT('',(-12.5514394061473,-8.86155374778996,1.22184168066901));
#13442=CARTESIAN_POINT('',(-12.5514394061473,-8.86155374778996,1.22184168066901));
#13443=CARTESIAN_POINT('',(-12.5514394061473,-8.86155374778996,1.22184168066901));
#13444=CARTESIAN_POINT('',(-12.4366107123571,-8.86155374778996,1.0623127727461));
#13445=CARTESIAN_POINT('',(-12.4366107123571,-8.86155374778996,0.771092216000917));
#13446=CARTESIAN_POINT('',(-12.8718355517576,-8.86155374778996,1.44293375775681));
#13447=CARTESIAN_POINT('',(-12.8718355517576,-8.01356238748661,1.44293375775681));
#13448=CARTESIAN_POINT('',(-12.7347905838775,-8.86155374778996,1.40189164498022));
#13449=CARTESIAN_POINT('',(-12.7347905838775,-8.01356238748661,1.40189164498022));
#13450=CARTESIAN_POINT('',(-12.627991868674,-8.86155374778996,1.32819428595095));
#13451=CARTESIAN_POINT('',(-12.627991868674,-8.01356238748661,1.32819428595095));
#13452=CARTESIAN_POINT('',(-12.5514394061473,-8.86155374778996,1.22184168066901));
#13453=CARTESIAN_POINT('',(-12.5514394061473,-8.01356238748661,1.22184168066901));
#13454=CARTESIAN_POINT('',(-12.6191784011971,-8.16155374778996,1.3));
#13455=CARTESIAN_POINT('',(-12.6843852568443,-8.0989971725651,1.36255657522486));
#13456=CARTESIAN_POINT('',(-12.770442721074,-8.04898503047226,1.41256871731771));
#13457=CARTESIAN_POINT('',(-12.8718355517576,-8.01861999003316,1.4429337577568));
#13458=CARTESIAN_POINT('',(-12.8718355517576,-8.01861999003316,1.44293375775681));
#13459=CARTESIAN_POINT('',(-12.8718355517576,-8.86155374778996,1.44293375775681));
#13460=CARTESIAN_POINT('',(-12.8718355517576,-8.86155374778996,1.44293375775681));
#13461=CARTESIAN_POINT('',(-12.8718355517576,-8.86155374778996,1.44293375775681));
#13462=CARTESIAN_POINT('',(-12.6662680999374,-8.86155374778996,1.38137058859192));
#13463=CARTESIAN_POINT('',(-12.5514394061473,-8.86155374778996,1.22184168066901));
#13464=CARTESIAN_POINT('',(-13.358452254113,-8.86155374778996,1.50449692692169));
#13465=CARTESIAN_POINT('',(-13.358452254113,-7.95162983930674,1.50449692692169));
#13466=CARTESIAN_POINT('',(-13.1710860870895,-8.86155374778996,1.50449692692169));
#13467=CARTESIAN_POINT('',(-13.1710860870895,-7.95162983930674,1.50449692692169));
#13468=CARTESIAN_POINT('',(-13.0088805196377,-8.86155374778996,1.4839758705334));
#13469=CARTESIAN_POINT('',(-13.0088805196377,-7.95162983930674,1.4839758705334));
#13470=CARTESIAN_POINT('',(-12.8718355517576,-8.86155374778996,1.44293375775681));
#13471=CARTESIAN_POINT('',(-12.8718355517576,-7.95162983930674,1.44293375775681));
#13472=CARTESIAN_POINT('',(-12.8718355517576,-8.01861999003316,1.4429337577568));
#13473=CARTESIAN_POINT('',(-13.0248950648433,-7.97278185460385,1.48877189318611));
#13474=CARTESIAN_POINT('',(-13.1924047893735,-7.95705682086828,1.50449692692169));
#13475=CARTESIAN_POINT('',(-13.358452254113,-7.95705682086828,1.50449692692169));
#13476=CARTESIAN_POINT('',(-13.358452254113,-7.95705682086828,1.50449692692169));
#13477=CARTESIAN_POINT('',(-13.358452254113,-8.86155374778996,1.50449692692169));
#13478=CARTESIAN_POINT('',(-13.358452254113,-8.86155374778996,1.50449692692169));
#13479=CARTESIAN_POINT('',(-13.358452254113,-8.86155374778996,1.50449692692169));
#13480=CARTESIAN_POINT('',(-13.0774030035777,-8.86155374778996,1.50449692692169));
#13481=CARTESIAN_POINT('',(-12.8718355517576,-8.86155374778996,1.44293375775681));
#13482=CARTESIAN_POINT('',(-13.7404115688882,-8.86155374778996,1.50449692692169));
#13483=CARTESIAN_POINT('',(3.15662759542465,-7.95705682086828,1.50449692692169));
#13484=CARTESIAN_POINT('',(-13.7404115688882,-8.86155374778996,1.50449692692169));
#13485=CARTESIAN_POINT('',(-13.3375743097875,-8.86155374778996,0.325696070390639));
#13486=CARTESIAN_POINT('',(-13.3375743097875,-8.16155374778996,0.325696070390639));
#13487=CARTESIAN_POINT('',(-13.2508505410509,-8.86155374778996,0.325696070390639));
#13488=CARTESIAN_POINT('',(-13.2508505410509,-8.16155374778996,0.325696070390639));
#13489=CARTESIAN_POINT('',(-13.1834879429067,-8.86155374778996,0.341131473674008));
#13490=CARTESIAN_POINT('',(-13.1834879429067,-8.16155374778996,0.341131473674008));
#13491=CARTESIAN_POINT('',(-13.135486515355,-8.86155374778996,0.372002280240745));
#13492=CARTESIAN_POINT('',(-13.135486515355,-8.16155374778996,0.372002280240745));
#13493=CARTESIAN_POINT('',(-13.3375743097875,-8.16155374778996,0.325696070390639));
#13494=CARTESIAN_POINT('',(-13.2074886566826,-8.16155374778996,0.325696070390639));
#13495=CARTESIAN_POINT('',(-13.135486515355,-8.16155374778996,0.372002280240745));
#13496=CARTESIAN_POINT('',(-13.3375743097875,-8.86155374778996,0.325696070390639));
#13497=CARTESIAN_POINT('',(-13.2074886566826,-8.86155374778996,0.325696070390639));
#13498=CARTESIAN_POINT('',(-13.135486515355,-8.86155374778996,0.372002280240745));
#13499=CARTESIAN_POINT('',(3.15662759542465,-8.86155374778996,0.));
#13500=CARTESIAN_POINT('',(3.15662759542465,-8.16155374778996,2.));
#13501=CARTESIAN_POINT('',(3.15662759542465,-8.16155374778996,2.));
#13502=CARTESIAN_POINT('',(3.15662759542465,-8.16155374778996,2.));
#13503=CARTESIAN_POINT('',(3.15662759542465,-8.16155374778996,2.));
#13504=CARTESIAN_POINT('',(3.15662759542465,-8.16155374778996,2.));
#13505=CARTESIAN_POINT('',(-14.1433724045753,6.83844625221003,2.));
#13506=CARTESIAN_POINT('',(-8.37670573790869,-1.69488708112329,7.76666666666666));
#13507=CARTESIAN_POINT('',(-9.37670573790868,16.3717795855434,6.76666666666666));
#13508=CARTESIAN_POINT('',(3.15662759542464,21.8384462522101,1.3));
#13509=CARTESIAN_POINT('',(15.1566275954246,15.83844625221,7.3));
#13510=CARTESIAN_POINT('',(3.15662759542465,-7.46155374778996,2.));
#13511=CARTESIAN_POINT('',(14.689960928758,-1.69488708112329,7.76666666666666));
#13512=CARTESIAN_POINT('',(21.1566275954246,6.83844625221003,1.3));
#13513=MECHANICAL_DESIGN_GEOMETRIC_PRESENTATION_REPRESENTATION('',(#7854),
#13517);
#13514=MECHANICAL_DESIGN_GEOMETRIC_PRESENTATION_REPRESENTATION('',(#7855),
#13518);
#13515=MECHANICAL_DESIGN_GEOMETRIC_PRESENTATION_REPRESENTATION('',(#7856),
#13519);
#13516=MECHANICAL_DESIGN_GEOMETRIC_PRESENTATION_REPRESENTATION('',(#7857),
#13520);
#13517=(
GEOMETRIC_REPRESENTATION_CONTEXT(3)
GLOBAL_UNCERTAINTY_ASSIGNED_CONTEXT((#13521))
GLOBAL_UNIT_ASSIGNED_CONTEXT((#13533,#13529,#13525))
REPRESENTATION_CONTEXT('Part 4','TOP_LEVEL_ASSEMBLY_PART')
);
#13518=(
GEOMETRIC_REPRESENTATION_CONTEXT(3)
GLOBAL_UNCERTAINTY_ASSIGNED_CONTEXT((#13522))
GLOBAL_UNIT_ASSIGNED_CONTEXT((#13534,#13530,#13526))
REPRESENTATION_CONTEXT('Part 3','TOP_LEVEL_ASSEMBLY_PART')
);
#13519=(
GEOMETRIC_REPRESENTATION_CONTEXT(3)
GLOBAL_UNCERTAINTY_ASSIGNED_CONTEXT((#13523))
GLOBAL_UNIT_ASSIGNED_CONTEXT((#13535,#13531,#13527))
REPRESENTATION_CONTEXT('Part 2','TOP_LEVEL_ASSEMBLY_PART')
);
#13520=(
GEOMETRIC_REPRESENTATION_CONTEXT(3)
GLOBAL_UNCERTAINTY_ASSIGNED_CONTEXT((#13524))
GLOBAL_UNIT_ASSIGNED_CONTEXT((#13536,#13532,#13528))
REPRESENTATION_CONTEXT('Part 1','TOP_LEVEL_ASSEMBLY_PART')
);
#13521=UNCERTAINTY_MEASURE_WITH_UNIT(LENGTH_MEASURE(1.E-6),#13533,
'DISTANCE_ACCURACY_VALUE','Maximum Tolerance applied to model');
#13522=UNCERTAINTY_MEASURE_WITH_UNIT(LENGTH_MEASURE(1.E-6),#13534,
'DISTANCE_ACCURACY_VALUE','Maximum Tolerance applied to model');
#13523=UNCERTAINTY_MEASURE_WITH_UNIT(LENGTH_MEASURE(1.E-6),#13535,
'DISTANCE_ACCURACY_VALUE','Maximum Tolerance applied to model');
#13524=UNCERTAINTY_MEASURE_WITH_UNIT(LENGTH_MEASURE(0.002),#13536,
'DISTANCE_ACCURACY_VALUE','Maximum Tolerance applied to model');
#13525=(
NAMED_UNIT(*)
SI_UNIT($,.STERADIAN.)
SOLID_ANGLE_UNIT()
);
#13526=(
NAMED_UNIT(*)
SI_UNIT($,.STERADIAN.)
SOLID_ANGLE_UNIT()
);
#13527=(
NAMED_UNIT(*)
SI_UNIT($,.STERADIAN.)
SOLID_ANGLE_UNIT()
);
#13528=(
NAMED_UNIT(*)
SI_UNIT($,.STERADIAN.)
SOLID_ANGLE_UNIT()
);
#13529=(
NAMED_UNIT(*)
PLANE_ANGLE_UNIT()
SI_UNIT($,.RADIAN.)
);
#13530=(
NAMED_UNIT(*)
PLANE_ANGLE_UNIT()
SI_UNIT($,.RADIAN.)
);
#13531=(
NAMED_UNIT(*)
PLANE_ANGLE_UNIT()
SI_UNIT($,.RADIAN.)
);
#13532=(
NAMED_UNIT(*)
PLANE_ANGLE_UNIT()
SI_UNIT($,.RADIAN.)
);
#13533=(
LENGTH_UNIT()
NAMED_UNIT(*)
SI_UNIT(.CENTI.,.METRE.)
);
#13534=(
LENGTH_UNIT()
NAMED_UNIT(*)
SI_UNIT(.CENTI.,.METRE.)
);
#13535=(
LENGTH_UNIT()
NAMED_UNIT(*)
SI_UNIT(.CENTI.,.METRE.)
);
#13536=(
LENGTH_UNIT()
NAMED_UNIT(*)
SI_UNIT(.CENTI.,.METRE.)
);
#13537=PRODUCT_DEFINITION_SHAPE('','',#13541);
#13538=PRODUCT_DEFINITION_SHAPE('','',#13542);
#13539=PRODUCT_DEFINITION_SHAPE('','',#13543);
#13540=PRODUCT_DEFINITION_SHAPE('','',#13544);
#13541=PRODUCT_DEFINITION('','',#13549,#13545);
#13542=PRODUCT_DEFINITION('','',#13550,#13546);
#13543=PRODUCT_DEFINITION('','',#13551,#13547);
#13544=PRODUCT_DEFINITION('','',#13552,#13548);
#13545=PRODUCT_DEFINITION_CONTEXT('',#13573,'design');
#13546=PRODUCT_DEFINITION_CONTEXT('',#13574,'design');
#13547=PRODUCT_DEFINITION_CONTEXT('',#13575,'design');
#13548=PRODUCT_DEFINITION_CONTEXT('',#13576,'design');
#13549=PRODUCT_DEFINITION_FORMATION_WITH_SPECIFIED_SOURCE('','',#13557,
 .NOT_KNOWN.);
#13550=PRODUCT_DEFINITION_FORMATION_WITH_SPECIFIED_SOURCE('','',#13558,
 .NOT_KNOWN.);
#13551=PRODUCT_DEFINITION_FORMATION_WITH_SPECIFIED_SOURCE('','',#13559,
 .NOT_KNOWN.);
#13552=PRODUCT_DEFINITION_FORMATION_WITH_SPECIFIED_SOURCE('','',#13560,
 .NOT_KNOWN.);
#13553=PRODUCT_RELATED_PRODUCT_CATEGORY('','',(#13557));
#13554=PRODUCT_RELATED_PRODUCT_CATEGORY('','',(#13558));
#13555=PRODUCT_RELATED_PRODUCT_CATEGORY('','',(#13559));
#13556=PRODUCT_RELATED_PRODUCT_CATEGORY('','',(#13560));
#13557=PRODUCT('Part 4','Part 4','Part 4',(#13565));
#13558=PRODUCT('Part 3','Part 3','Part 3',(#13566));
#13559=PRODUCT('Part 2','Part 2','Part 2',(#13567));
#13560=PRODUCT('Part 1','Part 1','Part 1',(#13568));
#13561=PRODUCT_CATEGORY('','');
#13562=PRODUCT_CATEGORY('','');
#13563=PRODUCT_CATEGORY('','');
#13564=PRODUCT_CATEGORY('','');
#13565=PRODUCT_CONTEXT('',#13573,'mechanical');
#13566=PRODUCT_CONTEXT('',#13574,'mechanical');
#13567=PRODUCT_CONTEXT('',#13575,'mechanical');
#13568=PRODUCT_CONTEXT('',#13576,'mechanical');
#13569=APPLICATION_PROTOCOL_DEFINITION('international standard',
'ap242_managed_model_based_3d_engineering',2020,#13573);
#13570=APPLICATION_PROTOCOL_DEFINITION('international standard',
'ap242_managed_model_based_3d_engineering',2020,#13574);
#13571=APPLICATION_PROTOCOL_DEFINITION('international standard',
'ap242_managed_model_based_3d_engineering',2020,#13575);
#13572=APPLICATION_PROTOCOL_DEFINITION('international standard',
'ap242_managed_model_based_3d_engineering',2020,#13576);
#13573=APPLICATION_CONTEXT('managed model based 3d engineering');
#13574=APPLICATION_CONTEXT('managed model based 3d engineering');
#13575=APPLICATION_CONTEXT('managed model based 3d engineering');
#13576=APPLICATION_CONTEXT('managed model based 3d engineering');
ENDSEC;
END-ISO-10303-21;
